original_model_order	feature	feature_type	available_in_batch0100	included_in_formal_sets	included_in_combined_all	analysis_role
1	PRO6-PRO7	residue_residue	True	True	True	formal_classifier_candidate
2	PRO6-PRO8	residue_residue	True	True	True	formal_classifier_candidate
3	PRO6-PRO9	residue_residue	True	True	True	formal_classifier_candidate
4	PRO6-PRO16	residue_residue	True	True	True	formal_classifier_candidate
5	PRO6-PRO19	residue_residue	True	True	True	formal_classifier_candidate
6	PRO6-PRO20	residue_residue	True	True	True	formal_classifier_candidate
7	PRO6-PRO23	residue_residue	True	True	True	formal_classifier_candidate
8	PRO6-PRO24	residue_residue	True	True	True	formal_classifier_candidate
9	PRO6-PRO37	residue_residue	True	True	True	formal_classifier_candidate
10	PRO6-PRO38	residue_residue	True	True	True	formal_classifier_candidate
11	PRO6-PRO39	residue_residue	True	True	True	formal_classifier_candidate
12	PRO6-PRO40	residue_residue	True	True	True	formal_classifier_candidate
13	PRO6-PRO55	residue_residue	True	True	True	formal_classifier_candidate
14	PRO6-PRO56	residue_residue	True	True	True	formal_classifier_candidate
15	PRO6-PRO57	residue_residue	True	True	True	formal_classifier_candidate
16	PRO6-PRO58	residue_residue	True	True	True	formal_classifier_candidate
17	PRO6-PRO70	residue_residue	True	True	True	formal_classifier_candidate
18	PRO6-PRO71	residue_residue	True	True	True	formal_classifier_candidate
19	PRO6-PRO72	residue_residue	True	True	True	formal_classifier_candidate
20	PRO6-PRO73	residue_residue	True	True	True	formal_classifier_candidate
21	PRO6-PRO74	residue_residue	True	True	True	formal_classifier_candidate
22	PRO6-PRO75	residue_residue	True	True	True	formal_classifier_candidate
23	PRO6-PRO76	residue_residue	True	True	True	formal_classifier_candidate
24	PRO6-PRO77	residue_residue	True	True	True	formal_classifier_candidate
25	PRO6-PRO78	residue_residue	True	True	True	formal_classifier_candidate
26	PRO6-PRO79	residue_residue	True	True	True	formal_classifier_candidate
27	PRO6-PRO80	residue_residue	True	True	True	formal_classifier_candidate
28	PRO6-PRO81	residue_residue	True	True	True	formal_classifier_candidate
29	PRO6-PRO100	residue_residue	True	True	True	formal_classifier_candidate
30	PRO6-PRO104	residue_residue	True	True	True	formal_classifier_candidate
31	PRO6-PRO109	residue_residue	True	True	True	formal_classifier_candidate
32	PRO6-PRO110	residue_residue	True	True	True	formal_classifier_candidate
33	PRO6-PRO111	residue_residue	True	True	True	formal_classifier_candidate
34	PRO6-PRO112	residue_residue	True	True	True	formal_classifier_candidate
35	PRO6-PRO114	residue_residue	True	True	True	formal_classifier_candidate
36	PRO6-PRO152	residue_residue	True	True	True	formal_classifier_candidate
37	PRO6-PRO153	residue_residue	True	True	True	formal_classifier_candidate
38	PRO6-PRO154	residue_residue	True	True	True	formal_classifier_candidate
39	PRO6-PRO155	residue_residue	True	True	True	formal_classifier_candidate
40	PRO6-PRO156	residue_residue	True	True	True	formal_classifier_candidate
41	PRO6-PRO159	residue_residue	True	True	True	formal_classifier_candidate
42	PRO7-PRO8	residue_residue	True	True	True	formal_classifier_candidate
43	PRO7-PRO9	residue_residue	True	True	True	formal_classifier_candidate
44	PRO7-PRO10	residue_residue	True	True	True	formal_classifier_candidate
45	PRO7-PRO16	residue_residue	True	True	True	formal_classifier_candidate
46	PRO7-PRO17	residue_residue	True	True	True	formal_classifier_candidate
47	PRO7-PRO19	residue_residue	True	True	True	formal_classifier_candidate
48	PRO7-PRO20	residue_residue	True	True	True	formal_classifier_candidate
49	PRO7-PRO24	residue_residue	True	True	True	formal_classifier_candidate
50	PRO7-PRO35	residue_residue	True	True	True	formal_classifier_candidate
51	PRO7-PRO36	residue_residue	True	True	True	formal_classifier_candidate
52	PRO7-PRO37	residue_residue	True	True	True	formal_classifier_candidate
53	PRO7-PRO38	residue_residue	True	True	True	formal_classifier_candidate
54	PRO7-PRO39	residue_residue	True	True	True	formal_classifier_candidate
55	PRO7-PRO40	residue_residue	True	True	True	formal_classifier_candidate
56	PRO7-PRO55	residue_residue	True	True	True	formal_classifier_candidate
57	PRO7-PRO56	residue_residue	True	True	True	formal_classifier_candidate
58	PRO7-PRO57	residue_residue	True	True	True	formal_classifier_candidate
59	PRO7-PRO58	residue_residue	True	True	True	formal_classifier_candidate
60	PRO7-PRO59	residue_residue	True	True	True	formal_classifier_candidate
61	PRO7-PRO60	residue_residue	True	True	True	formal_classifier_candidate
62	PRO7-PRO67	residue_residue	True	True	True	formal_classifier_candidate
63	PRO7-PRO68	residue_residue	True	True	True	formal_classifier_candidate
64	PRO7-PRO69	residue_residue	True	True	True	formal_classifier_candidate
65	PRO7-PRO70	residue_residue	True	True	True	formal_classifier_candidate
66	PRO7-PRO71	residue_residue	True	True	True	formal_classifier_candidate
67	PRO7-PRO72	residue_residue	True	True	True	formal_classifier_candidate
68	PRO7-PRO73	residue_residue	True	True	True	formal_classifier_candidate
69	PRO7-PRO74	residue_residue	True	True	True	formal_classifier_candidate
70	PRO7-PRO75	residue_residue	True	True	True	formal_classifier_candidate
71	PRO7-PRO76	residue_residue	True	True	True	formal_classifier_candidate
72	PRO7-PRO77	residue_residue	True	True	True	formal_classifier_candidate
73	PRO7-PRO78	residue_residue	True	True	True	formal_classifier_candidate
74	PRO7-PRO79	residue_residue	True	True	True	formal_classifier_candidate
75	PRO7-PRO80	residue_residue	True	True	True	formal_classifier_candidate
76	PRO7-PRO81	residue_residue	True	True	True	formal_classifier_candidate
77	PRO7-PRO96	residue_residue	True	True	True	formal_classifier_candidate
78	PRO7-PRO100	residue_residue	True	True	True	formal_classifier_candidate
79	PRO7-PRO103	residue_residue	True	True	True	formal_classifier_candidate
80	PRO7-PRO104	residue_residue	True	True	True	formal_classifier_candidate
81	PRO7-PRO109	residue_residue	True	True	True	formal_classifier_candidate
82	PRO7-PRO110	residue_residue	True	True	True	formal_classifier_candidate
83	PRO7-PRO111	residue_residue	True	True	True	formal_classifier_candidate
84	PRO7-PRO112	residue_residue	True	True	True	formal_classifier_candidate
85	PRO7-PRO113	residue_residue	True	True	True	formal_classifier_candidate
86	PRO7-PRO114	residue_residue	True	True	True	formal_classifier_candidate
87	PRO7-PRO155	residue_residue	True	True	True	formal_classifier_candidate
88	PRO7-PRO156	residue_residue	True	True	True	formal_classifier_candidate
89	PRO7-PRO159	residue_residue	True	True	True	formal_classifier_candidate
90	PRO8-PRO9	residue_residue	True	True	True	formal_classifier_candidate
91	PRO8-PRO10	residue_residue	True	True	True	formal_classifier_candidate
92	PRO8-PRO11	residue_residue	True	True	True	formal_classifier_candidate
93	PRO8-PRO12	residue_residue	True	True	True	formal_classifier_candidate
94	PRO8-PRO13	residue_residue	True	True	True	formal_classifier_candidate
95	PRO8-PRO14	residue_residue	True	True	True	formal_classifier_candidate
96	PRO8-PRO15	residue_residue	True	True	True	formal_classifier_candidate
97	PRO8-PRO16	residue_residue	True	True	True	formal_classifier_candidate
98	PRO8-PRO17	residue_residue	True	True	True	formal_classifier_candidate
99	PRO8-PRO18	residue_residue	True	True	True	formal_classifier_candidate
100	PRO8-PRO19	residue_residue	True	True	True	formal_classifier_candidate
101	PRO8-PRO20	residue_residue	True	True	True	formal_classifier_candidate
102	PRO8-PRO21	residue_residue	True	True	True	formal_classifier_candidate
103	PRO8-PRO22	residue_residue	True	True	True	formal_classifier_candidate
104	PRO8-PRO23	residue_residue	True	True	True	formal_classifier_candidate
105	PRO8-PRO24	residue_residue	True	True	True	formal_classifier_candidate
106	PRO8-PRO35	residue_residue	True	True	True	formal_classifier_candidate
107	PRO8-PRO37	residue_residue	True	True	True	formal_classifier_candidate
108	PRO8-PRO38	residue_residue	True	True	True	formal_classifier_candidate
109	PRO8-PRO39	residue_residue	True	True	True	formal_classifier_candidate
110	PRO8-PRO40	residue_residue	True	True	True	formal_classifier_candidate
111	PRO8-PRO55	residue_residue	True	True	True	formal_classifier_candidate
112	PRO8-PRO56	residue_residue	True	True	True	formal_classifier_candidate
113	PRO8-PRO57	residue_residue	True	True	True	formal_classifier_candidate
114	PRO8-PRO58	residue_residue	True	True	True	formal_classifier_candidate
115	PRO8-PRO59	residue_residue	True	True	True	formal_classifier_candidate
116	PRO8-PRO60	residue_residue	True	True	True	formal_classifier_candidate
117	PRO8-PRO61	residue_residue	True	True	True	formal_classifier_candidate
118	PRO8-PRO68	residue_residue	True	True	True	formal_classifier_candidate
119	PRO8-PRO71	residue_residue	True	True	True	formal_classifier_candidate
120	PRO8-PRO72	residue_residue	True	True	True	formal_classifier_candidate
121	PRO8-PRO74	residue_residue	True	True	True	formal_classifier_candidate
122	PRO8-PRO75	residue_residue	True	True	True	formal_classifier_candidate
123	PRO8-PRO76	residue_residue	True	True	True	formal_classifier_candidate
124	PRO8-PRO77	residue_residue	True	True	True	formal_classifier_candidate
125	PRO8-PRO78	residue_residue	True	True	True	formal_classifier_candidate
126	PRO8-PRO79	residue_residue	True	True	True	formal_classifier_candidate
127	PRO8-PRO80	residue_residue	True	True	True	formal_classifier_candidate
128	PRO8-PRO81	residue_residue	True	True	True	formal_classifier_candidate
129	PRO8-PRO82	residue_residue	True	True	True	formal_classifier_candidate
130	PRO8-PRO83	residue_residue	True	True	True	formal_classifier_candidate
131	PRO8-PRO89	residue_residue	True	True	True	formal_classifier_candidate
132	PRO8-PRO93	residue_residue	True	True	True	formal_classifier_candidate
133	PRO8-PRO96	residue_residue	True	True	True	formal_classifier_candidate
134	PRO8-PRO100	residue_residue	True	True	True	formal_classifier_candidate
135	PRO8-PRO110	residue_residue	True	True	True	formal_classifier_candidate
136	PRO8-PRO111	residue_residue	True	True	True	formal_classifier_candidate
137	PRO8-PRO112	residue_residue	True	True	True	formal_classifier_candidate
138	PRO8-PRO113	residue_residue	True	True	True	formal_classifier_candidate
139	PRO8-PRO114	residue_residue	True	True	True	formal_classifier_candidate
140	PRO8-PRO115	residue_residue	True	True	True	formal_classifier_candidate
141	PRO8-PRO116	residue_residue	True	True	True	formal_classifier_candidate
142	PRO8-PRO142	residue_residue	True	True	True	formal_classifier_candidate
143	PRO8-PRO144	residue_residue	True	True	True	formal_classifier_candidate
144	PRO8-PRO146	residue_residue	True	True	True	formal_classifier_candidate
145	PRO8-PRO152	residue_residue	True	True	True	formal_classifier_candidate
146	PRO8-PRO155	residue_residue	True	True	True	formal_classifier_candidate
147	PRO8-PRO156	residue_residue	True	True	True	formal_classifier_candidate
148	PRO8-PRO159	residue_residue	True	True	True	formal_classifier_candidate
149	PRO8-GTP	residue_cofactor	True	True	True	formal_classifier_candidate
150	PRO9-PRO10	residue_residue	True	True	True	formal_classifier_candidate
151	PRO9-PRO11	residue_residue	True	True	True	formal_classifier_candidate
152	PRO9-PRO12	residue_residue	True	True	True	formal_classifier_candidate
153	PRO9-PRO13	residue_residue	True	True	True	formal_classifier_candidate
154	PRO9-PRO14	residue_residue	True	True	True	formal_classifier_candidate
155	PRO9-PRO15	residue_residue	True	True	True	formal_classifier_candidate
156	PRO9-PRO16	residue_residue	True	True	True	formal_classifier_candidate
157	PRO9-PRO17	residue_residue	True	True	True	formal_classifier_candidate
158	PRO9-PRO19	residue_residue	True	True	True	formal_classifier_candidate
159	PRO9-PRO20	residue_residue	True	True	True	formal_classifier_candidate
160	PRO9-PRO35	residue_residue	True	True	True	formal_classifier_candidate
161	PRO9-PRO37	residue_residue	True	True	True	formal_classifier_candidate
162	PRO9-PRO55	residue_residue	True	True	True	formal_classifier_candidate
163	PRO9-PRO56	residue_residue	True	True	True	formal_classifier_candidate
164	PRO9-PRO57	residue_residue	True	True	True	formal_classifier_candidate
165	PRO9-PRO58	residue_residue	True	True	True	formal_classifier_candidate
166	PRO9-PRO59	residue_residue	True	True	True	formal_classifier_candidate
167	PRO9-PRO60	residue_residue	True	True	True	formal_classifier_candidate
168	PRO9-PRO61	residue_residue	True	True	True	formal_classifier_candidate
169	PRO9-PRO64	residue_residue	True	True	True	formal_classifier_candidate
170	PRO9-PRO65	residue_residue	True	True	True	formal_classifier_candidate
171	PRO9-PRO67	residue_residue	True	True	True	formal_classifier_candidate
172	PRO9-PRO68	residue_residue	True	True	True	formal_classifier_candidate
173	PRO9-PRO69	residue_residue	True	True	True	formal_classifier_candidate
174	PRO9-PRO70	residue_residue	True	True	True	formal_classifier_candidate
175	PRO9-PRO71	residue_residue	True	True	True	formal_classifier_candidate
176	PRO9-PRO72	residue_residue	True	True	True	formal_classifier_candidate
177	PRO9-PRO73	residue_residue	True	True	True	formal_classifier_candidate
178	PRO9-PRO74	residue_residue	True	True	True	formal_classifier_candidate
179	PRO9-PRO75	residue_residue	True	True	True	formal_classifier_candidate
180	PRO9-PRO76	residue_residue	True	True	True	formal_classifier_candidate
181	PRO9-PRO77	residue_residue	True	True	True	formal_classifier_candidate
182	PRO9-PRO78	residue_residue	True	True	True	formal_classifier_candidate
183	PRO9-PRO79	residue_residue	True	True	True	formal_classifier_candidate
184	PRO9-PRO80	residue_residue	True	True	True	formal_classifier_candidate
185	PRO9-PRO81	residue_residue	True	True	True	formal_classifier_candidate
186	PRO9-PRO82	residue_residue	True	True	True	formal_classifier_candidate
187	PRO9-PRO83	residue_residue	True	True	True	formal_classifier_candidate
188	PRO9-PRO89	residue_residue	True	True	True	formal_classifier_candidate
189	PRO9-PRO90	residue_residue	True	True	True	formal_classifier_candidate
190	PRO9-PRO92	residue_residue	True	True	True	formal_classifier_candidate
191	PRO9-PRO93	residue_residue	True	True	True	formal_classifier_candidate
192	PRO9-PRO94	residue_residue	True	True	True	formal_classifier_candidate
193	PRO9-PRO95	residue_residue	True	True	True	formal_classifier_candidate
194	PRO9-PRO96	residue_residue	True	True	True	formal_classifier_candidate
195	PRO9-PRO97	residue_residue	True	True	True	formal_classifier_candidate
196	PRO9-PRO98	residue_residue	True	True	True	formal_classifier_candidate
197	PRO9-PRO99	residue_residue	True	True	True	formal_classifier_candidate
198	PRO9-PRO100	residue_residue	True	True	True	formal_classifier_candidate
199	PRO9-PRO101	residue_residue	True	True	True	formal_classifier_candidate
200	PRO9-PRO103	residue_residue	True	True	True	formal_classifier_candidate
201	PRO9-PRO104	residue_residue	True	True	True	formal_classifier_candidate
202	PRO9-PRO109	residue_residue	True	True	True	formal_classifier_candidate
203	PRO9-PRO110	residue_residue	True	True	True	formal_classifier_candidate
204	PRO9-PRO111	residue_residue	True	True	True	formal_classifier_candidate
205	PRO9-PRO112	residue_residue	True	True	True	formal_classifier_candidate
206	PRO9-PRO113	residue_residue	True	True	True	formal_classifier_candidate
207	PRO9-PRO114	residue_residue	True	True	True	formal_classifier_candidate
208	PRO9-PRO115	residue_residue	True	True	True	formal_classifier_candidate
209	PRO9-PRO116	residue_residue	True	True	True	formal_classifier_candidate
210	PRO9-PRO139	residue_residue	True	True	True	formal_classifier_candidate
211	PRO9-PRO155	residue_residue	True	True	True	formal_classifier_candidate
212	PRO9-PRO156	residue_residue	True	True	True	formal_classifier_candidate
213	PRO9-PRO159	residue_residue	True	True	True	formal_classifier_candidate
214	PRO9-GTP	residue_cofactor	True	True	True	formal_classifier_candidate
215	PRO10-PRO11	residue_residue	True	True	True	formal_classifier_candidate
216	PRO10-PRO12	residue_residue	True	True	True	formal_classifier_candidate
217	PRO10-PRO13	residue_residue	True	True	True	formal_classifier_candidate
218	PRO10-PRO14	residue_residue	True	True	True	formal_classifier_candidate
219	PRO10-PRO15	residue_residue	True	True	True	formal_classifier_candidate
220	PRO10-PRO16	residue_residue	True	True	True	formal_classifier_candidate
221	PRO10-PRO17	residue_residue	True	True	True	formal_classifier_candidate
222	PRO10-PRO19	residue_residue	True	True	True	formal_classifier_candidate
223	PRO10-PRO20	residue_residue	True	True	True	formal_classifier_candidate
224	PRO10-PRO35	residue_residue	True	True	True	formal_classifier_candidate
225	PRO10-PRO56	residue_residue	True	True	True	formal_classifier_candidate
226	PRO10-PRO57	residue_residue	True	True	True	formal_classifier_candidate
227	PRO10-PRO58	residue_residue	True	True	True	formal_classifier_candidate
228	PRO10-PRO59	residue_residue	True	True	True	formal_classifier_candidate
229	PRO10-PRO60	residue_residue	True	True	True	formal_classifier_candidate
230	PRO10-PRO61	residue_residue	True	True	True	formal_classifier_candidate
231	PRO10-PRO62	residue_residue	True	True	True	formal_classifier_candidate
232	PRO10-PRO64	residue_residue	True	True	True	formal_classifier_candidate
233	PRO10-PRO65	residue_residue	True	True	True	formal_classifier_candidate
234	PRO10-PRO68	residue_residue	True	True	True	formal_classifier_candidate
235	PRO10-PRO71	residue_residue	True	True	True	formal_classifier_candidate
236	PRO10-PRO72	residue_residue	True	True	True	formal_classifier_candidate
237	PRO10-PRO78	residue_residue	True	True	True	formal_classifier_candidate
238	PRO10-PRO79	residue_residue	True	True	True	formal_classifier_candidate
239	PRO10-PRO80	residue_residue	True	True	True	formal_classifier_candidate
240	PRO10-PRO81	residue_residue	True	True	True	formal_classifier_candidate
241	PRO10-PRO82	residue_residue	True	True	True	formal_classifier_candidate
242	PRO10-PRO83	residue_residue	True	True	True	formal_classifier_candidate
243	PRO10-PRO86	residue_residue	True	True	True	formal_classifier_candidate
244	PRO10-PRO88	residue_residue	True	True	True	formal_classifier_candidate
245	PRO10-PRO89	residue_residue	True	True	True	formal_classifier_candidate
246	PRO10-PRO90	residue_residue	True	True	True	formal_classifier_candidate
247	PRO10-PRO91	residue_residue	True	True	True	formal_classifier_candidate
248	PRO10-PRO92	residue_residue	True	True	True	formal_classifier_candidate
249	PRO10-PRO93	residue_residue	True	True	True	formal_classifier_candidate
250	PRO10-PRO94	residue_residue	True	True	True	formal_classifier_candidate
251	PRO10-PRO95	residue_residue	True	True	True	formal_classifier_candidate
252	PRO10-PRO96	residue_residue	True	True	True	formal_classifier_candidate
253	PRO10-PRO97	residue_residue	True	True	True	formal_classifier_candidate
254	PRO10-PRO99	residue_residue	True	True	True	formal_classifier_candidate
255	PRO10-PRO100	residue_residue	True	True	True	formal_classifier_candidate
256	PRO10-PRO112	residue_residue	True	True	True	formal_classifier_candidate
257	PRO10-PRO113	residue_residue	True	True	True	formal_classifier_candidate
258	PRO10-PRO114	residue_residue	True	True	True	formal_classifier_candidate
259	PRO10-PRO115	residue_residue	True	True	True	formal_classifier_candidate
260	PRO10-PRO116	residue_residue	True	True	True	formal_classifier_candidate
261	PRO10-PRO117	residue_residue	True	True	True	formal_classifier_candidate
262	PRO10-PRO1276	residue_residue	True	True	True	formal_classifier_candidate
263	PRO10-PRO1277	residue_residue	True	True	True	formal_classifier_candidate
264	PRO10-PRO1278	residue_residue	True	True	True	formal_classifier_candidate
265	PRO10-GTP	residue_cofactor	True	True	True	formal_classifier_candidate
266	PRO11-PRO12	residue_residue	True	True	True	formal_classifier_candidate
267	PRO11-PRO13	residue_residue	True	True	True	formal_classifier_candidate
268	PRO11-PRO14	residue_residue	True	True	True	formal_classifier_candidate
269	PRO11-PRO15	residue_residue	True	True	True	formal_classifier_candidate
270	PRO11-PRO16	residue_residue	True	True	True	formal_classifier_candidate
271	PRO11-PRO17	residue_residue	True	True	True	formal_classifier_candidate
272	PRO11-PRO18	residue_residue	True	True	True	formal_classifier_candidate
273	PRO11-PRO19	residue_residue	True	True	True	formal_classifier_candidate
274	PRO11-PRO35	residue_residue	True	True	True	formal_classifier_candidate
275	PRO11-PRO57	residue_residue	True	True	True	formal_classifier_candidate
276	PRO11-PRO58	residue_residue	True	True	True	formal_classifier_candidate
277	PRO11-PRO59	residue_residue	True	True	True	formal_classifier_candidate
278	PRO11-PRO60	residue_residue	True	True	True	formal_classifier_candidate
279	PRO11-PRO61	residue_residue	True	True	True	formal_classifier_candidate
280	PRO11-PRO62	residue_residue	True	True	True	formal_classifier_candidate
281	PRO11-PRO63	residue_residue	True	True	True	formal_classifier_candidate
282	PRO11-PRO64	residue_residue	True	True	True	formal_classifier_candidate
283	PRO11-PRO65	residue_residue	True	True	True	formal_classifier_candidate
284	PRO11-PRO68	residue_residue	True	True	True	formal_classifier_candidate
285	PRO11-PRO72	residue_residue	True	True	True	formal_classifier_candidate
286	PRO11-PRO79	residue_residue	True	True	True	formal_classifier_candidate
287	PRO11-PRO80	residue_residue	True	True	True	formal_classifier_candidate
288	PRO11-PRO81	residue_residue	True	True	True	formal_classifier_candidate
289	PRO11-PRO82	residue_residue	True	True	True	formal_classifier_candidate
290	PRO11-PRO83	residue_residue	True	True	True	formal_classifier_candidate
291	PRO11-PRO84	residue_residue	True	True	True	formal_classifier_candidate
292	PRO11-PRO85	residue_residue	True	True	True	formal_classifier_candidate
293	PRO11-PRO86	residue_residue	True	True	True	formal_classifier_candidate
294	PRO11-PRO87	residue_residue	True	True	True	formal_classifier_candidate
295	PRO11-PRO88	residue_residue	True	True	True	formal_classifier_candidate
296	PRO11-PRO89	residue_residue	True	True	True	formal_classifier_candidate
297	PRO11-PRO90	residue_residue	True	True	True	formal_classifier_candidate
298	PRO11-PRO91	residue_residue	True	True	True	formal_classifier_candidate
299	PRO11-PRO92	residue_residue	True	True	True	formal_classifier_candidate
300	PRO11-PRO93	residue_residue	True	True	True	formal_classifier_candidate
301	PRO11-PRO94	residue_residue	True	True	True	formal_classifier_candidate
302	PRO11-PRO95	residue_residue	True	True	True	formal_classifier_candidate
303	PRO11-PRO96	residue_residue	True	True	True	formal_classifier_candidate
304	PRO11-PRO113	residue_residue	True	True	True	formal_classifier_candidate
305	PRO11-PRO114	residue_residue	True	True	True	formal_classifier_candidate
306	PRO11-PRO115	residue_residue	True	True	True	formal_classifier_candidate
307	PRO11-PRO116	residue_residue	True	True	True	formal_classifier_candidate
308	PRO11-PRO117	residue_residue	True	True	True	formal_classifier_candidate
309	PRO11-PRO125	residue_residue	True	True	True	formal_classifier_candidate
310	PRO11-PRO1233	residue_residue	True	True	True	formal_classifier_candidate
311	PRO11-PRO1234	residue_residue	True	True	True	formal_classifier_candidate
312	PRO11-PRO1275	residue_residue	True	True	True	formal_classifier_candidate
313	PRO11-PRO1276	residue_residue	True	True	True	formal_classifier_candidate
314	PRO11-PRO1277	residue_residue	True	True	True	formal_classifier_candidate
315	PRO11-PRO1278	residue_residue	True	True	True	formal_classifier_candidate
316	PRO11-PRO1279	residue_residue	True	True	True	formal_classifier_candidate
317	PRO11-PRO1282	residue_residue	True	True	True	formal_classifier_candidate
318	PRO11-PRO1283	residue_residue	True	True	True	formal_classifier_candidate
319	PRO11-GTP	residue_cofactor	True	True	True	formal_classifier_candidate
320	PRO12-PRO13	residue_residue	True	True	True	formal_classifier_candidate
321	PRO12-PRO14	residue_residue	True	True	True	formal_classifier_candidate
322	PRO12-PRO15	residue_residue	True	True	True	formal_classifier_candidate
323	PRO12-PRO16	residue_residue	True	True	True	formal_classifier_candidate
324	PRO12-PRO17	residue_residue	True	True	True	formal_classifier_candidate
325	PRO12-PRO18	residue_residue	True	True	True	formal_classifier_candidate
326	PRO12-PRO32	residue_residue	True	True	True	formal_classifier_candidate
327	PRO12-PRO33	residue_residue	True	True	True	formal_classifier_candidate
328	PRO12-PRO34	residue_residue	True	True	True	formal_classifier_candidate
329	PRO12-PRO35	residue_residue	True	True	True	formal_classifier_candidate
330	PRO12-PRO36	residue_residue	True	True	True	formal_classifier_candidate
331	PRO12-PRO57	residue_residue	True	True	True	formal_classifier_candidate
332	PRO12-PRO58	residue_residue	True	True	True	formal_classifier_candidate
333	PRO12-PRO59	residue_residue	True	True	True	formal_classifier_candidate
334	PRO12-PRO60	residue_residue	True	True	True	formal_classifier_candidate
335	PRO12-PRO61	residue_residue	True	True	True	formal_classifier_candidate
336	PRO12-PRO62	residue_residue	True	True	True	formal_classifier_candidate
337	PRO12-PRO63	residue_residue	True	True	True	formal_classifier_candidate
338	PRO12-PRO64	residue_residue	True	True	True	formal_classifier_candidate
339	PRO12-PRO65	residue_residue	True	True	True	formal_classifier_candidate
340	PRO12-PRO68	residue_residue	True	True	True	formal_classifier_candidate
341	PRO12-PRO81	residue_residue	True	True	True	formal_classifier_candidate
342	PRO12-PRO82	residue_residue	True	True	True	formal_classifier_candidate
343	PRO12-PRO83	residue_residue	True	True	True	formal_classifier_candidate
344	PRO12-PRO84	residue_residue	True	True	True	formal_classifier_candidate
345	PRO12-PRO85	residue_residue	True	True	True	formal_classifier_candidate
346	PRO12-PRO86	residue_residue	True	True	True	formal_classifier_candidate
347	PRO12-PRO87	residue_residue	True	True	True	formal_classifier_candidate
348	PRO12-PRO88	residue_residue	True	True	True	formal_classifier_candidate
349	PRO12-PRO89	residue_residue	True	True	True	formal_classifier_candidate
350	PRO12-PRO90	residue_residue	True	True	True	formal_classifier_candidate
351	PRO12-PRO92	residue_residue	True	True	True	formal_classifier_candidate
352	PRO12-PRO93	residue_residue	True	True	True	formal_classifier_candidate
353	PRO12-PRO96	residue_residue	True	True	True	formal_classifier_candidate
354	PRO12-PRO116	residue_residue	True	True	True	formal_classifier_candidate
355	PRO12-PRO117	residue_residue	True	True	True	formal_classifier_candidate
356	PRO12-PRO1233	residue_residue	True	True	True	formal_classifier_candidate
357	PRO12-PRO1236	residue_residue	True	True	True	formal_classifier_candidate
358	PRO12-PRO1272	residue_residue	True	True	True	formal_classifier_candidate
359	PRO12-PRO1273	residue_residue	True	True	True	formal_classifier_candidate
360	PRO12-PRO1274	residue_residue	True	True	True	formal_classifier_candidate
361	PRO12-PRO1275	residue_residue	True	True	True	formal_classifier_candidate
362	PRO12-PRO1276	residue_residue	True	True	True	formal_classifier_candidate
363	PRO12-PRO1277	residue_residue	True	True	True	formal_classifier_candidate
364	PRO12-PRO1278	residue_residue	True	True	True	formal_classifier_candidate
365	PRO12-PRO1279	residue_residue	True	True	True	formal_classifier_candidate
366	PRO12-PRO1280	residue_residue	True	True	True	formal_classifier_candidate
367	PRO12-PRO1282	residue_residue	True	True	True	formal_classifier_candidate
368	PRO12-PRO1283	residue_residue	True	True	True	formal_classifier_candidate
369	PRO12-PRO1285	residue_residue	True	True	True	formal_classifier_candidate
370	PRO12-PRO1286	residue_residue	True	True	True	formal_classifier_candidate
371	PRO12-PRO1390	residue_residue	True	True	True	formal_classifier_candidate
372	PRO12-PRO1391	residue_residue	True	True	True	formal_classifier_candidate
373	PRO12-GTP	residue_cofactor	True	True	True	formal_classifier_candidate
374	PRO13-PRO14	residue_residue	True	True	True	formal_classifier_candidate
375	PRO13-PRO15	residue_residue	True	True	True	formal_classifier_candidate
376	PRO13-PRO16	residue_residue	True	True	True	formal_classifier_candidate
377	PRO13-PRO17	residue_residue	True	True	True	formal_classifier_candidate
378	PRO13-PRO18	residue_residue	True	True	True	formal_classifier_candidate
379	PRO13-PRO19	residue_residue	True	True	True	formal_classifier_candidate
380	PRO13-PRO28	residue_residue	True	True	True	formal_classifier_candidate
381	PRO13-PRO29	residue_residue	True	True	True	formal_classifier_candidate
382	PRO13-PRO30	residue_residue	True	True	True	formal_classifier_candidate
383	PRO13-PRO31	residue_residue	True	True	True	formal_classifier_candidate
384	PRO13-PRO32	residue_residue	True	True	True	formal_classifier_candidate
385	PRO13-PRO33	residue_residue	True	True	True	formal_classifier_candidate
386	PRO13-PRO34	residue_residue	True	True	True	formal_classifier_candidate
387	PRO13-PRO35	residue_residue	True	True	True	formal_classifier_candidate
388	PRO13-PRO57	residue_residue	True	True	True	formal_classifier_candidate
389	PRO13-PRO58	residue_residue	True	True	True	formal_classifier_candidate
390	PRO13-PRO59	residue_residue	True	True	True	formal_classifier_candidate
391	PRO13-PRO60	residue_residue	True	True	True	formal_classifier_candidate
392	PRO13-PRO61	residue_residue	True	True	True	formal_classifier_candidate
393	PRO13-PRO62	residue_residue	True	True	True	formal_classifier_candidate
394	PRO13-PRO64	residue_residue	True	True	True	formal_classifier_candidate
395	PRO13-PRO68	residue_residue	True	True	True	formal_classifier_candidate
396	PRO13-PRO81	residue_residue	True	True	True	formal_classifier_candidate
397	PRO13-PRO82	residue_residue	True	True	True	formal_classifier_candidate
398	PRO13-PRO83	residue_residue	True	True	True	formal_classifier_candidate
399	PRO13-PRO84	residue_residue	True	True	True	formal_classifier_candidate
400	PRO13-PRO85	residue_residue	True	True	True	formal_classifier_candidate
401	PRO13-PRO86	residue_residue	True	True	True	formal_classifier_candidate
402	PRO13-PRO87	residue_residue	True	True	True	formal_classifier_candidate
403	PRO13-PRO88	residue_residue	True	True	True	formal_classifier_candidate
404	PRO13-PRO89	residue_residue	True	True	True	formal_classifier_candidate
405	PRO13-PRO92	residue_residue	True	True	True	formal_classifier_candidate
406	PRO13-PRO96	residue_residue	True	True	True	formal_classifier_candidate
407	PRO13-PRO116	residue_residue	True	True	True	formal_classifier_candidate
408	PRO13-PRO117	residue_residue	True	True	True	formal_classifier_candidate
409	PRO13-PRO120	residue_residue	True	True	True	formal_classifier_candidate
410	PRO13-PRO146	residue_residue	True	True	True	formal_classifier_candidate
411	PRO13-PRO1272	residue_residue	True	True	True	formal_classifier_candidate
412	PRO13-PRO1273	residue_residue	True	True	True	formal_classifier_candidate
413	PRO13-PRO1274	residue_residue	True	True	True	formal_classifier_candidate
414	PRO13-PRO1275	residue_residue	True	True	True	formal_classifier_candidate
415	PRO13-PRO1276	residue_residue	True	True	True	formal_classifier_candidate
416	PRO13-PRO1277	residue_residue	True	True	True	formal_classifier_candidate
417	PRO13-PRO1278	residue_residue	True	True	True	formal_classifier_candidate
418	PRO13-PRO1279	residue_residue	True	True	True	formal_classifier_candidate
419	PRO13-PRO1390	residue_residue	True	True	True	formal_classifier_candidate
420	PRO13-PRO1391	residue_residue	True	True	True	formal_classifier_candidate
421	PRO13-GTP	residue_cofactor	True	True	True	formal_classifier_candidate
422	PRO14-PRO15	residue_residue	True	True	True	formal_classifier_candidate
423	PRO14-PRO16	residue_residue	True	True	True	formal_classifier_candidate
424	PRO14-PRO17	residue_residue	True	True	True	formal_classifier_candidate
425	PRO14-PRO18	residue_residue	True	True	True	formal_classifier_candidate
426	PRO14-PRO19	residue_residue	True	True	True	formal_classifier_candidate
427	PRO14-PRO20	residue_residue	True	True	True	formal_classifier_candidate
428	PRO14-PRO28	residue_residue	True	True	True	formal_classifier_candidate
429	PRO14-PRO35	residue_residue	True	True	True	formal_classifier_candidate
430	PRO14-PRO57	residue_residue	True	True	True	formal_classifier_candidate
431	PRO14-PRO58	residue_residue	True	True	True	formal_classifier_candidate
432	PRO14-PRO59	residue_residue	True	True	True	formal_classifier_candidate
433	PRO14-PRO60	residue_residue	True	True	True	formal_classifier_candidate
434	PRO14-PRO61	residue_residue	True	True	True	formal_classifier_candidate
435	PRO14-PRO62	residue_residue	True	True	True	formal_classifier_candidate
436	PRO14-PRO68	residue_residue	True	True	True	formal_classifier_candidate
437	PRO14-PRO79	residue_residue	True	True	True	formal_classifier_candidate
438	PRO14-PRO80	residue_residue	True	True	True	formal_classifier_candidate
439	PRO14-PRO81	residue_residue	True	True	True	formal_classifier_candidate
440	PRO14-PRO82	residue_residue	True	True	True	formal_classifier_candidate
441	PRO14-PRO83	residue_residue	True	True	True	formal_classifier_candidate
442	PRO14-PRO84	residue_residue	True	True	True	formal_classifier_candidate
443	PRO14-PRO85	residue_residue	True	True	True	formal_classifier_candidate
444	PRO14-PRO86	residue_residue	True	True	True	formal_classifier_candidate
445	PRO14-PRO87	residue_residue	True	True	True	formal_classifier_candidate
446	PRO14-PRO88	residue_residue	True	True	True	formal_classifier_candidate
447	PRO14-PRO89	residue_residue	True	True	True	formal_classifier_candidate
448	PRO14-PRO90	residue_residue	True	True	True	formal_classifier_candidate
449	PRO14-PRO91	residue_residue	True	True	True	formal_classifier_candidate
450	PRO14-PRO92	residue_residue	True	True	True	formal_classifier_candidate
451	PRO14-PRO93	residue_residue	True	True	True	formal_classifier_candidate
452	PRO14-PRO96	residue_residue	True	True	True	formal_classifier_candidate
453	PRO14-PRO112	residue_residue	True	True	True	formal_classifier_candidate
454	PRO14-PRO113	residue_residue	True	True	True	formal_classifier_candidate
455	PRO14-PRO114	residue_residue	True	True	True	formal_classifier_candidate
456	PRO14-PRO115	residue_residue	True	True	True	formal_classifier_candidate
457	PRO14-PRO116	residue_residue	True	True	True	formal_classifier_candidate
458	PRO14-PRO117	residue_residue	True	True	True	formal_classifier_candidate
459	PRO14-PRO118	residue_residue	True	True	True	formal_classifier_candidate
460	PRO14-PRO119	residue_residue	True	True	True	formal_classifier_candidate
461	PRO14-PRO120	residue_residue	True	True	True	formal_classifier_candidate
462	PRO14-PRO124	residue_residue	True	True	True	formal_classifier_candidate
463	PRO14-PRO125	residue_residue	True	True	True	formal_classifier_candidate
464	PRO14-PRO141	residue_residue	True	True	True	formal_classifier_candidate
465	PRO14-PRO142	residue_residue	True	True	True	formal_classifier_candidate
466	PRO14-PRO143	residue_residue	True	True	True	formal_classifier_candidate
467	PRO14-PRO144	residue_residue	True	True	True	formal_classifier_candidate
468	PRO14-PRO145	residue_residue	True	True	True	formal_classifier_candidate
469	PRO14-PRO146	residue_residue	True	True	True	formal_classifier_candidate
470	PRO14-PRO147	residue_residue	True	True	True	formal_classifier_candidate
471	PRO14-PRO152	residue_residue	True	True	True	formal_classifier_candidate
472	PRO14-PRO156	residue_residue	True	True	True	formal_classifier_candidate
473	PRO14-PRO1273	residue_residue	True	True	True	formal_classifier_candidate
474	PRO14-PRO1275	residue_residue	True	True	True	formal_classifier_candidate
475	PRO14-PRO1276	residue_residue	True	True	True	formal_classifier_candidate
476	PRO14-PRO1277	residue_residue	True	True	True	formal_classifier_candidate
477	PRO14-PRO1278	residue_residue	True	True	True	formal_classifier_candidate
478	PRO14-GTP	residue_cofactor	True	True	True	formal_classifier_candidate
479	PRO15-PRO16	residue_residue	True	True	True	formal_classifier_candidate
480	PRO15-PRO17	residue_residue	True	True	True	formal_classifier_candidate
481	PRO15-PRO18	residue_residue	True	True	True	formal_classifier_candidate
482	PRO15-PRO19	residue_residue	True	True	True	formal_classifier_candidate
483	PRO15-PRO20	residue_residue	True	True	True	formal_classifier_candidate
484	PRO15-PRO21	residue_residue	True	True	True	formal_classifier_candidate
485	PRO15-PRO22	residue_residue	True	True	True	formal_classifier_candidate
486	PRO15-PRO23	residue_residue	True	True	True	formal_classifier_candidate
487	PRO15-PRO24	residue_residue	True	True	True	formal_classifier_candidate
488	PRO15-PRO27	residue_residue	True	True	True	formal_classifier_candidate
489	PRO15-PRO28	residue_residue	True	True	True	formal_classifier_candidate
490	PRO15-PRO29	residue_residue	True	True	True	formal_classifier_candidate
491	PRO15-PRO30	residue_residue	True	True	True	formal_classifier_candidate
492	PRO15-PRO31	residue_residue	True	True	True	formal_classifier_candidate
493	PRO15-PRO32	residue_residue	True	True	True	formal_classifier_candidate
494	PRO15-PRO33	residue_residue	True	True	True	formal_classifier_candidate
495	PRO15-PRO34	residue_residue	True	True	True	formal_classifier_candidate
496	PRO15-PRO35	residue_residue	True	True	True	formal_classifier_candidate
497	PRO15-PRO40	residue_residue	True	True	True	formal_classifier_candidate
498	PRO15-PRO55	residue_residue	True	True	True	formal_classifier_candidate
499	PRO15-PRO57	residue_residue	True	True	True	formal_classifier_candidate
500	PRO15-PRO58	residue_residue	True	True	True	formal_classifier_candidate
501	PRO15-PRO59	residue_residue	True	True	True	formal_classifier_candidate
502	PRO15-PRO60	residue_residue	True	True	True	formal_classifier_candidate
503	PRO15-PRO61	residue_residue	True	True	True	formal_classifier_candidate
504	PRO15-PRO79	residue_residue	True	True	True	formal_classifier_candidate
505	PRO15-PRO81	residue_residue	True	True	True	formal_classifier_candidate
506	PRO15-PRO82	residue_residue	True	True	True	formal_classifier_candidate
507	PRO15-PRO83	residue_residue	True	True	True	formal_classifier_candidate
508	PRO15-PRO84	residue_residue	True	True	True	formal_classifier_candidate
509	PRO15-PRO85	residue_residue	True	True	True	formal_classifier_candidate
510	PRO15-PRO86	residue_residue	True	True	True	formal_classifier_candidate
511	PRO15-PRO89	residue_residue	True	True	True	formal_classifier_candidate
512	PRO15-PRO114	residue_residue	True	True	True	formal_classifier_candidate
513	PRO15-PRO115	residue_residue	True	True	True	formal_classifier_candidate
514	PRO15-PRO116	residue_residue	True	True	True	formal_classifier_candidate
515	PRO15-PRO117	residue_residue	True	True	True	formal_classifier_candidate
516	PRO15-PRO118	residue_residue	True	True	True	formal_classifier_candidate
517	PRO15-PRO119	residue_residue	True	True	True	formal_classifier_candidate
518	PRO15-PRO120	residue_residue	True	True	True	formal_classifier_candidate
519	PRO15-PRO144	residue_residue	True	True	True	formal_classifier_candidate
520	PRO15-PRO145	residue_residue	True	True	True	formal_classifier_candidate
521	PRO15-PRO146	residue_residue	True	True	True	formal_classifier_candidate
522	PRO15-PRO147	residue_residue	True	True	True	formal_classifier_candidate
523	PRO15-PRO148	residue_residue	True	True	True	formal_classifier_candidate
524	PRO15-PRO152	residue_residue	True	True	True	formal_classifier_candidate
525	PRO15-PRO156	residue_residue	True	True	True	formal_classifier_candidate
526	PRO15-PRO1273	residue_residue	True	True	True	formal_classifier_candidate
527	PRO15-PRO1276	residue_residue	True	True	True	formal_classifier_candidate
528	PRO15-PRO1277	residue_residue	True	True	True	formal_classifier_candidate
529	PRO15-PRO1436	residue_residue	True	True	True	formal_classifier_candidate
530	PRO15-GTP	residue_cofactor	True	True	True	formal_classifier_candidate
531	PRO16-PRO17	residue_residue	True	True	True	formal_classifier_candidate
532	PRO16-PRO18	residue_residue	True	True	True	formal_classifier_candidate
533	PRO16-PRO19	residue_residue	True	True	True	formal_classifier_candidate
534	PRO16-PRO20	residue_residue	True	True	True	formal_classifier_candidate
535	PRO16-PRO21	residue_residue	True	True	True	formal_classifier_candidate
536	PRO16-PRO22	residue_residue	True	True	True	formal_classifier_candidate
537	PRO16-PRO23	residue_residue	True	True	True	formal_classifier_candidate
538	PRO16-PRO24	residue_residue	True	True	True	formal_classifier_candidate
539	PRO16-PRO25	residue_residue	True	True	True	formal_classifier_candidate
540	PRO16-PRO27	residue_residue	True	True	True	formal_classifier_candidate
541	PRO16-PRO28	residue_residue	True	True	True	formal_classifier_candidate
542	PRO16-PRO29	residue_residue	True	True	True	formal_classifier_candidate
543	PRO16-PRO33	residue_residue	True	True	True	formal_classifier_candidate
544	PRO16-PRO34	residue_residue	True	True	True	formal_classifier_candidate
545	PRO16-PRO35	residue_residue	True	True	True	formal_classifier_candidate
546	PRO16-PRO36	residue_residue	True	True	True	formal_classifier_candidate
547	PRO16-PRO37	residue_residue	True	True	True	formal_classifier_candidate
548	PRO16-PRO38	residue_residue	True	True	True	formal_classifier_candidate
549	PRO16-PRO39	residue_residue	True	True	True	formal_classifier_candidate
550	PRO16-PRO40	residue_residue	True	True	True	formal_classifier_candidate
551	PRO16-PRO55	residue_residue	True	True	True	formal_classifier_candidate
552	PRO16-PRO56	residue_residue	True	True	True	formal_classifier_candidate
553	PRO16-PRO57	residue_residue	True	True	True	formal_classifier_candidate
554	PRO16-PRO58	residue_residue	True	True	True	formal_classifier_candidate
555	PRO16-PRO59	residue_residue	True	True	True	formal_classifier_candidate
556	PRO16-PRO60	residue_residue	True	True	True	formal_classifier_candidate
557	PRO16-PRO61	residue_residue	True	True	True	formal_classifier_candidate
558	PRO16-PRO62	residue_residue	True	True	True	formal_classifier_candidate
559	PRO16-PRO64	residue_residue	True	True	True	formal_classifier_candidate
560	PRO16-PRO68	residue_residue	True	True	True	formal_classifier_candidate
561	PRO16-PRO71	residue_residue	True	True	True	formal_classifier_candidate
562	PRO16-PRO72	residue_residue	True	True	True	formal_classifier_candidate
563	PRO16-PRO78	residue_residue	True	True	True	formal_classifier_candidate
564	PRO16-PRO79	residue_residue	True	True	True	formal_classifier_candidate
565	PRO16-PRO80	residue_residue	True	True	True	formal_classifier_candidate
566	PRO16-PRO81	residue_residue	True	True	True	formal_classifier_candidate
567	PRO16-PRO82	residue_residue	True	True	True	formal_classifier_candidate
568	PRO16-PRO83	residue_residue	True	True	True	formal_classifier_candidate
569	PRO16-PRO84	residue_residue	True	True	True	formal_classifier_candidate
570	PRO16-PRO86	residue_residue	True	True	True	formal_classifier_candidate
571	PRO16-PRO88	residue_residue	True	True	True	formal_classifier_candidate
572	PRO16-PRO89	residue_residue	True	True	True	formal_classifier_candidate
573	PRO16-PRO92	residue_residue	True	True	True	formal_classifier_candidate
574	PRO16-PRO93	residue_residue	True	True	True	formal_classifier_candidate
575	PRO16-PRO96	residue_residue	True	True	True	formal_classifier_candidate
576	PRO16-PRO112	residue_residue	True	True	True	formal_classifier_candidate
577	PRO16-PRO113	residue_residue	True	True	True	formal_classifier_candidate
578	PRO16-PRO114	residue_residue	True	True	True	formal_classifier_candidate
579	PRO16-PRO115	residue_residue	True	True	True	formal_classifier_candidate
580	PRO16-PRO116	residue_residue	True	True	True	formal_classifier_candidate
581	PRO16-PRO117	residue_residue	True	True	True	formal_classifier_candidate
582	PRO16-PRO144	residue_residue	True	True	True	formal_classifier_candidate
583	PRO16-PRO145	residue_residue	True	True	True	formal_classifier_candidate
584	PRO16-PRO146	residue_residue	True	True	True	formal_classifier_candidate
585	PRO16-PRO147	residue_residue	True	True	True	formal_classifier_candidate
586	PRO16-PRO152	residue_residue	True	True	True	formal_classifier_candidate
587	PRO16-PRO155	residue_residue	True	True	True	formal_classifier_candidate
588	PRO16-PRO156	residue_residue	True	True	True	formal_classifier_candidate
589	PRO16-PRO1275	residue_residue	True	True	True	formal_classifier_candidate
590	PRO16-PRO1276	residue_residue	True	True	True	formal_classifier_candidate
591	PRO16-PRO1277	residue_residue	True	True	True	formal_classifier_candidate
592	PRO16-PRO1278	residue_residue	True	True	True	formal_classifier_candidate
593	PRO16-PRO1390	residue_residue	True	True	True	formal_classifier_candidate
594	PRO16-PRO1436	residue_residue	True	True	True	formal_classifier_candidate
595	PRO16-GTP	residue_cofactor	True	True	True	formal_classifier_candidate
596	PRO17-PRO18	residue_residue	True	True	True	formal_classifier_candidate
597	PRO17-PRO19	residue_residue	True	True	True	formal_classifier_candidate
598	PRO17-PRO20	residue_residue	True	True	True	formal_classifier_candidate
599	PRO17-PRO21	residue_residue	True	True	True	formal_classifier_candidate
600	PRO17-PRO22	residue_residue	True	True	True	formal_classifier_candidate
601	PRO17-PRO23	residue_residue	True	True	True	formal_classifier_candidate
602	PRO17-PRO24	residue_residue	True	True	True	formal_classifier_candidate
603	PRO17-PRO25	residue_residue	True	True	True	formal_classifier_candidate
604	PRO17-PRO26	residue_residue	True	True	True	formal_classifier_candidate
605	PRO17-PRO27	residue_residue	True	True	True	formal_classifier_candidate
606	PRO17-PRO28	residue_residue	True	True	True	formal_classifier_candidate
607	PRO17-PRO29	residue_residue	True	True	True	formal_classifier_candidate
608	PRO17-PRO30	residue_residue	True	True	True	formal_classifier_candidate
609	PRO17-PRO31	residue_residue	True	True	True	formal_classifier_candidate
610	PRO17-PRO32	residue_residue	True	True	True	formal_classifier_candidate
611	PRO17-PRO33	residue_residue	True	True	True	formal_classifier_candidate
612	PRO17-PRO34	residue_residue	True	True	True	formal_classifier_candidate
613	PRO17-PRO35	residue_residue	True	True	True	formal_classifier_candidate
614	PRO17-PRO36	residue_residue	True	True	True	formal_classifier_candidate
615	PRO17-PRO37	residue_residue	True	True	True	formal_classifier_candidate
616	PRO17-PRO38	residue_residue	True	True	True	formal_classifier_candidate
617	PRO17-PRO39	residue_residue	True	True	True	formal_classifier_candidate
618	PRO17-PRO40	residue_residue	True	True	True	formal_classifier_candidate
619	PRO17-PRO55	residue_residue	True	True	True	formal_classifier_candidate
620	PRO17-PRO56	residue_residue	True	True	True	formal_classifier_candidate
621	PRO17-PRO57	residue_residue	True	True	True	formal_classifier_candidate
622	PRO17-PRO58	residue_residue	True	True	True	formal_classifier_candidate
623	PRO17-PRO59	residue_residue	True	True	True	formal_classifier_candidate
624	PRO17-PRO60	residue_residue	True	True	True	formal_classifier_candidate
625	PRO17-PRO61	residue_residue	True	True	True	formal_classifier_candidate
626	PRO17-PRO79	residue_residue	True	True	True	formal_classifier_candidate
627	PRO17-PRO81	residue_residue	True	True	True	formal_classifier_candidate
628	PRO17-PRO83	residue_residue	True	True	True	formal_classifier_candidate
629	PRO17-PRO114	residue_residue	True	True	True	formal_classifier_candidate
630	PRO17-PRO116	residue_residue	True	True	True	formal_classifier_candidate
631	PRO17-PRO117	residue_residue	True	True	True	formal_classifier_candidate
632	PRO17-PRO144	residue_residue	True	True	True	formal_classifier_candidate
633	PRO17-PRO146	residue_residue	True	True	True	formal_classifier_candidate
634	PRO17-PRO147	residue_residue	True	True	True	formal_classifier_candidate
635	PRO17-PRO152	residue_residue	True	True	True	formal_classifier_candidate
636	PRO17-PRO156	residue_residue	True	True	True	formal_classifier_candidate
637	PRO17-PRO1276	residue_residue	True	True	True	formal_classifier_candidate
638	PRO17-PRO1390	residue_residue	True	True	True	formal_classifier_candidate
639	PRO17-PRO1423	residue_residue	True	True	True	formal_classifier_candidate
640	PRO17-PRO1436	residue_residue	True	True	True	formal_classifier_candidate
641	PRO17-PRO1437	residue_residue	True	True	True	formal_classifier_candidate
642	PRO17-GTP	residue_cofactor	True	True	True	formal_classifier_candidate
643	PRO18-PRO19	residue_residue	True	True	True	formal_classifier_candidate
644	PRO18-PRO20	residue_residue	True	True	True	formal_classifier_candidate
645	PRO18-PRO21	residue_residue	True	True	True	formal_classifier_candidate
646	PRO18-PRO22	residue_residue	True	True	True	formal_classifier_candidate
647	PRO18-PRO23	residue_residue	True	True	True	formal_classifier_candidate
648	PRO18-PRO24	residue_residue	True	True	True	formal_classifier_candidate
649	PRO18-PRO25	residue_residue	True	True	True	formal_classifier_candidate
650	PRO18-PRO26	residue_residue	True	True	True	formal_classifier_candidate
651	PRO18-PRO27	residue_residue	True	True	True	formal_classifier_candidate
652	PRO18-PRO28	residue_residue	True	True	True	formal_classifier_candidate
653	PRO18-PRO29	residue_residue	True	True	True	formal_classifier_candidate
654	PRO18-PRO30	residue_residue	True	True	True	formal_classifier_candidate
655	PRO18-PRO31	residue_residue	True	True	True	formal_classifier_candidate
656	PRO18-PRO32	residue_residue	True	True	True	formal_classifier_candidate
657	PRO18-PRO33	residue_residue	True	True	True	formal_classifier_candidate
658	PRO18-PRO34	residue_residue	True	True	True	formal_classifier_candidate
659	PRO18-PRO35	residue_residue	True	True	True	formal_classifier_candidate
660	PRO18-PRO38	residue_residue	True	True	True	formal_classifier_candidate
661	PRO18-PRO40	residue_residue	True	True	True	formal_classifier_candidate
662	PRO18-PRO55	residue_residue	True	True	True	formal_classifier_candidate
663	PRO18-PRO57	residue_residue	True	True	True	formal_classifier_candidate
664	PRO18-PRO58	residue_residue	True	True	True	formal_classifier_candidate
665	PRO18-PRO60	residue_residue	True	True	True	formal_classifier_candidate
666	PRO18-PRO79	residue_residue	True	True	True	formal_classifier_candidate
667	PRO18-PRO81	residue_residue	True	True	True	formal_classifier_candidate
668	PRO18-PRO83	residue_residue	True	True	True	formal_classifier_candidate
669	PRO18-PRO114	residue_residue	True	True	True	formal_classifier_candidate
670	PRO18-PRO116	residue_residue	True	True	True	formal_classifier_candidate
671	PRO18-PRO117	residue_residue	True	True	True	formal_classifier_candidate
672	PRO18-PRO118	residue_residue	True	True	True	formal_classifier_candidate
673	PRO18-PRO119	residue_residue	True	True	True	formal_classifier_candidate
674	PRO18-PRO120	residue_residue	True	True	True	formal_classifier_candidate
675	PRO18-PRO144	residue_residue	True	True	True	formal_classifier_candidate
676	PRO18-PRO145	residue_residue	True	True	True	formal_classifier_candidate
677	PRO18-PRO146	residue_residue	True	True	True	formal_classifier_candidate
678	PRO18-PRO147	residue_residue	True	True	True	formal_classifier_candidate
679	PRO18-PRO148	residue_residue	True	True	True	formal_classifier_candidate
680	PRO18-PRO149	residue_residue	True	True	True	formal_classifier_candidate
681	PRO18-PRO150	residue_residue	True	True	True	formal_classifier_candidate
682	PRO18-PRO152	residue_residue	True	True	True	formal_classifier_candidate
683	PRO18-PRO153	residue_residue	True	True	True	formal_classifier_candidate
684	PRO18-PRO156	residue_residue	True	True	True	formal_classifier_candidate
685	PRO18-PRO1276	residue_residue	True	True	True	formal_classifier_candidate
686	PRO18-PRO1436	residue_residue	True	True	True	formal_classifier_candidate
687	PRO18-GTP	residue_cofactor	True	True	True	formal_classifier_candidate
688	PRO19-PRO20	residue_residue	True	True	True	formal_classifier_candidate
689	PRO19-PRO21	residue_residue	True	True	True	formal_classifier_candidate
690	PRO19-PRO22	residue_residue	True	True	True	formal_classifier_candidate
691	PRO19-PRO23	residue_residue	True	True	True	formal_classifier_candidate
692	PRO19-PRO24	residue_residue	True	True	True	formal_classifier_candidate
693	PRO19-PRO25	residue_residue	True	True	True	formal_classifier_candidate
694	PRO19-PRO26	residue_residue	True	True	True	formal_classifier_candidate
695	PRO19-PRO27	residue_residue	True	True	True	formal_classifier_candidate
696	PRO19-PRO28	residue_residue	True	True	True	formal_classifier_candidate
697	PRO19-PRO29	residue_residue	True	True	True	formal_classifier_candidate
698	PRO19-PRO30	residue_residue	True	True	True	formal_classifier_candidate
699	PRO19-PRO33	residue_residue	True	True	True	formal_classifier_candidate
700	PRO19-PRO35	residue_residue	True	True	True	formal_classifier_candidate
701	PRO19-PRO38	residue_residue	True	True	True	formal_classifier_candidate
702	PRO19-PRO40	residue_residue	True	True	True	formal_classifier_candidate
703	PRO19-PRO55	residue_residue	True	True	True	formal_classifier_candidate
704	PRO19-PRO56	residue_residue	True	True	True	formal_classifier_candidate
705	PRO19-PRO57	residue_residue	True	True	True	formal_classifier_candidate
706	PRO19-PRO58	residue_residue	True	True	True	formal_classifier_candidate
707	PRO19-PRO78	residue_residue	True	True	True	formal_classifier_candidate
708	PRO19-PRO79	residue_residue	True	True	True	formal_classifier_candidate
709	PRO19-PRO80	residue_residue	True	True	True	formal_classifier_candidate
710	PRO19-PRO81	residue_residue	True	True	True	formal_classifier_candidate
711	PRO19-PRO82	residue_residue	True	True	True	formal_classifier_candidate
712	PRO19-PRO83	residue_residue	True	True	True	formal_classifier_candidate
713	PRO19-PRO84	residue_residue	True	True	True	formal_classifier_candidate
714	PRO19-PRO93	residue_residue	True	True	True	formal_classifier_candidate
715	PRO19-PRO112	residue_residue	True	True	True	formal_classifier_candidate
716	PRO19-PRO113	residue_residue	True	True	True	formal_classifier_candidate
717	PRO19-PRO114	residue_residue	True	True	True	formal_classifier_candidate
718	PRO19-PRO115	residue_residue	True	True	True	formal_classifier_candidate
719	PRO19-PRO116	residue_residue	True	True	True	formal_classifier_candidate
720	PRO19-PRO117	residue_residue	True	True	True	formal_classifier_candidate
721	PRO19-PRO118	residue_residue	True	True	True	formal_classifier_candidate
722	PRO19-PRO119	residue_residue	True	True	True	formal_classifier_candidate
723	PRO19-PRO142	residue_residue	True	True	True	formal_classifier_candidate
724	PRO19-PRO143	residue_residue	True	True	True	formal_classifier_candidate
725	PRO19-PRO144	residue_residue	True	True	True	formal_classifier_candidate
726	PRO19-PRO145	residue_residue	True	True	True	formal_classifier_candidate
727	PRO19-PRO146	residue_residue	True	True	True	formal_classifier_candidate
728	PRO19-PRO147	residue_residue	True	True	True	formal_classifier_candidate
729	PRO19-PRO148	residue_residue	True	True	True	formal_classifier_candidate
730	PRO19-PRO149	residue_residue	True	True	True	formal_classifier_candidate
731	PRO19-PRO150	residue_residue	True	True	True	formal_classifier_candidate
732	PRO19-PRO151	residue_residue	True	True	True	formal_classifier_candidate
733	PRO19-PRO152	residue_residue	True	True	True	formal_classifier_candidate
734	PRO19-PRO153	residue_residue	True	True	True	formal_classifier_candidate
735	PRO19-PRO154	residue_residue	True	True	True	formal_classifier_candidate
736	PRO19-PRO155	residue_residue	True	True	True	formal_classifier_candidate
737	PRO19-PRO156	residue_residue	True	True	True	formal_classifier_candidate
738	PRO19-PRO159	residue_residue	True	True	True	formal_classifier_candidate
739	PRO19-PRO1276	residue_residue	True	True	True	formal_classifier_candidate
740	PRO19-PRO1436	residue_residue	True	True	True	formal_classifier_candidate
741	PRO19-GTP	residue_cofactor	True	True	True	formal_classifier_candidate
742	PRO20-PRO21	residue_residue	True	True	True	formal_classifier_candidate
743	PRO20-PRO22	residue_residue	True	True	True	formal_classifier_candidate
744	PRO20-PRO23	residue_residue	True	True	True	formal_classifier_candidate
745	PRO20-PRO24	residue_residue	True	True	True	formal_classifier_candidate
746	PRO20-PRO25	residue_residue	True	True	True	formal_classifier_candidate
747	PRO20-PRO26	residue_residue	True	True	True	formal_classifier_candidate
748	PRO20-PRO27	residue_residue	True	True	True	formal_classifier_candidate
749	PRO20-PRO28	residue_residue	True	True	True	formal_classifier_candidate
750	PRO20-PRO29	residue_residue	True	True	True	formal_classifier_candidate
751	PRO20-PRO33	residue_residue	True	True	True	formal_classifier_candidate
752	PRO20-PRO35	residue_residue	True	True	True	formal_classifier_candidate
753	PRO20-PRO37	residue_residue	True	True	True	formal_classifier_candidate
754	PRO20-PRO38	residue_residue	True	True	True	formal_classifier_candidate
755	PRO20-PRO39	residue_residue	True	True	True	formal_classifier_candidate
756	PRO20-PRO40	residue_residue	True	True	True	formal_classifier_candidate
757	PRO20-PRO55	residue_residue	True	True	True	formal_classifier_candidate
758	PRO20-PRO56	residue_residue	True	True	True	formal_classifier_candidate
759	PRO20-PRO57	residue_residue	True	True	True	formal_classifier_candidate
760	PRO20-PRO58	residue_residue	True	True	True	formal_classifier_candidate
761	PRO20-PRO60	residue_residue	True	True	True	formal_classifier_candidate
762	PRO20-PRO79	residue_residue	True	True	True	formal_classifier_candidate
763	PRO20-PRO81	residue_residue	True	True	True	formal_classifier_candidate
764	PRO20-PRO114	residue_residue	True	True	True	formal_classifier_candidate
765	PRO20-PRO116	residue_residue	True	True	True	formal_classifier_candidate
766	PRO20-PRO117	residue_residue	True	True	True	formal_classifier_candidate
767	PRO20-PRO144	residue_residue	True	True	True	formal_classifier_candidate
768	PRO20-PRO145	residue_residue	True	True	True	formal_classifier_candidate
769	PRO20-PRO146	residue_residue	True	True	True	formal_classifier_candidate
770	PRO20-PRO147	residue_residue	True	True	True	formal_classifier_candidate
771	PRO20-PRO149	residue_residue	True	True	True	formal_classifier_candidate
772	PRO20-PRO151	residue_residue	True	True	True	formal_classifier_candidate
773	PRO20-PRO152	residue_residue	True	True	True	formal_classifier_candidate
774	PRO20-PRO153	residue_residue	True	True	True	formal_classifier_candidate
775	PRO20-PRO155	residue_residue	True	True	True	formal_classifier_candidate
776	PRO20-PRO156	residue_residue	True	True	True	formal_classifier_candidate
777	PRO20-PRO159	residue_residue	True	True	True	formal_classifier_candidate
778	PRO20-PRO1423	residue_residue	True	True	True	formal_classifier_candidate
779	PRO20-PRO1436	residue_residue	True	True	True	formal_classifier_candidate
780	PRO20-PRO1437	residue_residue	True	True	True	formal_classifier_candidate
781	PRO20-GTP	residue_cofactor	True	True	True	formal_classifier_candidate
782	PRO21-PRO22	residue_residue	True	True	True	formal_classifier_candidate
783	PRO21-PRO23	residue_residue	True	True	True	formal_classifier_candidate
784	PRO21-PRO24	residue_residue	True	True	True	formal_classifier_candidate
785	PRO21-PRO25	residue_residue	True	True	True	formal_classifier_candidate
786	PRO21-PRO26	residue_residue	True	True	True	formal_classifier_candidate
787	PRO21-PRO27	residue_residue	True	True	True	formal_classifier_candidate
788	PRO21-PRO28	residue_residue	True	True	True	formal_classifier_candidate
789	PRO21-PRO29	residue_residue	True	True	True	formal_classifier_candidate
790	PRO21-PRO30	residue_residue	True	True	True	formal_classifier_candidate
791	PRO21-PRO31	residue_residue	True	True	True	formal_classifier_candidate
792	PRO21-PRO32	residue_residue	True	True	True	formal_classifier_candidate
793	PRO21-PRO33	residue_residue	True	True	True	formal_classifier_candidate
794	PRO21-PRO35	residue_residue	True	True	True	formal_classifier_candidate
795	PRO21-PRO38	residue_residue	True	True	True	formal_classifier_candidate
796	PRO21-PRO39	residue_residue	True	True	True	formal_classifier_candidate
797	PRO21-PRO40	residue_residue	True	True	True	formal_classifier_candidate
798	PRO21-PRO55	residue_residue	True	True	True	formal_classifier_candidate
799	PRO21-PRO56	residue_residue	True	True	True	formal_classifier_candidate
800	PRO21-PRO57	residue_residue	True	True	True	formal_classifier_candidate
801	PRO21-PRO58	residue_residue	True	True	True	formal_classifier_candidate
802	PRO21-PRO79	residue_residue	True	True	True	formal_classifier_candidate
803	PRO21-PRO81	residue_residue	True	True	True	formal_classifier_candidate
804	PRO21-PRO116	residue_residue	True	True	True	formal_classifier_candidate
805	PRO21-PRO145	residue_residue	True	True	True	formal_classifier_candidate
806	PRO21-PRO146	residue_residue	True	True	True	formal_classifier_candidate
807	PRO21-PRO147	residue_residue	True	True	True	formal_classifier_candidate
808	PRO21-PRO149	residue_residue	True	True	True	formal_classifier_candidate
809	PRO21-PRO152	residue_residue	True	True	True	formal_classifier_candidate
810	PRO21-PRO153	residue_residue	True	True	True	formal_classifier_candidate
811	PRO21-PRO156	residue_residue	True	True	True	formal_classifier_candidate
812	PRO21-PRO1276	residue_residue	True	True	True	formal_classifier_candidate
813	PRO21-PRO1423	residue_residue	True	True	True	formal_classifier_candidate
814	PRO21-PRO1435	residue_residue	True	True	True	formal_classifier_candidate
815	PRO21-PRO1436	residue_residue	True	True	True	formal_classifier_candidate
816	PRO21-PRO1437	residue_residue	True	True	True	formal_classifier_candidate
817	PRO21-GTP	residue_cofactor	True	True	True	formal_classifier_candidate
818	PRO22-PRO23	residue_residue	True	True	True	formal_classifier_candidate
819	PRO22-PRO24	residue_residue	True	True	True	formal_classifier_candidate
820	PRO22-PRO25	residue_residue	True	True	True	formal_classifier_candidate
821	PRO22-PRO26	residue_residue	True	True	True	formal_classifier_candidate
822	PRO22-PRO27	residue_residue	True	True	True	formal_classifier_candidate
823	PRO22-PRO28	residue_residue	True	True	True	formal_classifier_candidate
824	PRO22-PRO29	residue_residue	True	True	True	formal_classifier_candidate
825	PRO22-PRO30	residue_residue	True	True	True	formal_classifier_candidate
826	PRO22-PRO38	residue_residue	True	True	True	formal_classifier_candidate
827	PRO22-PRO40	residue_residue	True	True	True	formal_classifier_candidate
828	PRO22-PRO55	residue_residue	True	True	True	formal_classifier_candidate
829	PRO22-PRO57	residue_residue	True	True	True	formal_classifier_candidate
830	PRO22-PRO79	residue_residue	True	True	True	formal_classifier_candidate
831	PRO22-PRO81	residue_residue	True	True	True	formal_classifier_candidate
832	PRO22-PRO114	residue_residue	True	True	True	formal_classifier_candidate
833	PRO22-PRO116	residue_residue	True	True	True	formal_classifier_candidate
834	PRO22-PRO117	residue_residue	True	True	True	formal_classifier_candidate
835	PRO22-PRO119	residue_residue	True	True	True	formal_classifier_candidate
836	PRO22-PRO144	residue_residue	True	True	True	formal_classifier_candidate
837	PRO22-PRO145	residue_residue	True	True	True	formal_classifier_candidate
838	PRO22-PRO146	residue_residue	True	True	True	formal_classifier_candidate
839	PRO22-PRO147	residue_residue	True	True	True	formal_classifier_candidate
840	PRO22-PRO148	residue_residue	True	True	True	formal_classifier_candidate
841	PRO22-PRO149	residue_residue	True	True	True	formal_classifier_candidate
842	PRO22-PRO150	residue_residue	True	True	True	formal_classifier_candidate
843	PRO22-PRO151	residue_residue	True	True	True	formal_classifier_candidate
844	PRO22-PRO152	residue_residue	True	True	True	formal_classifier_candidate
845	PRO22-PRO153	residue_residue	True	True	True	formal_classifier_candidate
846	PRO22-PRO154	residue_residue	True	True	True	formal_classifier_candidate
847	PRO22-PRO155	residue_residue	True	True	True	formal_classifier_candidate
848	PRO22-PRO156	residue_residue	True	True	True	formal_classifier_candidate
849	PRO22-PRO1436	residue_residue	True	True	True	formal_classifier_candidate
850	PRO22-GTP	residue_cofactor	True	True	True	formal_classifier_candidate
851	PRO23-PRO24	residue_residue	True	True	True	formal_classifier_candidate
852	PRO23-PRO25	residue_residue	True	True	True	formal_classifier_candidate
853	PRO23-PRO26	residue_residue	True	True	True	formal_classifier_candidate
854	PRO23-PRO27	residue_residue	True	True	True	formal_classifier_candidate
855	PRO23-PRO28	residue_residue	True	True	True	formal_classifier_candidate
856	PRO23-PRO29	residue_residue	True	True	True	formal_classifier_candidate
857	PRO23-PRO39	residue_residue	True	True	True	formal_classifier_candidate
858	PRO23-PRO40	residue_residue	True	True	True	formal_classifier_candidate
859	PRO23-PRO55	residue_residue	True	True	True	formal_classifier_candidate
860	PRO23-PRO56	residue_residue	True	True	True	formal_classifier_candidate
861	PRO23-PRO57	residue_residue	True	True	True	formal_classifier_candidate
862	PRO23-PRO79	residue_residue	True	True	True	formal_classifier_candidate
863	PRO23-PRO81	residue_residue	True	True	True	formal_classifier_candidate
864	PRO23-PRO114	residue_residue	True	True	True	formal_classifier_candidate
865	PRO23-PRO116	residue_residue	True	True	True	formal_classifier_candidate
866	PRO23-PRO142	residue_residue	True	True	True	formal_classifier_candidate
867	PRO23-PRO144	residue_residue	True	True	True	formal_classifier_candidate
868	PRO23-PRO145	residue_residue	True	True	True	formal_classifier_candidate
869	PRO23-PRO146	residue_residue	True	True	True	formal_classifier_candidate
870	PRO23-PRO147	residue_residue	True	True	True	formal_classifier_candidate
871	PRO23-PRO149	residue_residue	True	True	True	formal_classifier_candidate
872	PRO23-PRO150	residue_residue	True	True	True	formal_classifier_candidate
873	PRO23-PRO151	residue_residue	True	True	True	formal_classifier_candidate
874	PRO23-PRO152	residue_residue	True	True	True	formal_classifier_candidate
875	PRO23-PRO153	residue_residue	True	True	True	formal_classifier_candidate
876	PRO23-PRO154	residue_residue	True	True	True	formal_classifier_candidate
877	PRO23-PRO155	residue_residue	True	True	True	formal_classifier_candidate
878	PRO23-PRO156	residue_residue	True	True	True	formal_classifier_candidate
879	PRO23-PRO159	residue_residue	True	True	True	formal_classifier_candidate
880	PRO23-PRO1436	residue_residue	True	True	True	formal_classifier_candidate
881	PRO23-GTP	residue_cofactor	True	True	True	formal_classifier_candidate
882	PRO24-PRO25	residue_residue	True	True	True	formal_classifier_candidate
883	PRO24-PRO26	residue_residue	True	True	True	formal_classifier_candidate
884	PRO24-PRO27	residue_residue	True	True	True	formal_classifier_candidate
885	PRO24-PRO28	residue_residue	True	True	True	formal_classifier_candidate
886	PRO24-PRO29	residue_residue	True	True	True	formal_classifier_candidate
887	PRO24-PRO38	residue_residue	True	True	True	formal_classifier_candidate
888	PRO24-PRO39	residue_residue	True	True	True	formal_classifier_candidate
889	PRO24-PRO40	residue_residue	True	True	True	formal_classifier_candidate
890	PRO24-PRO55	residue_residue	True	True	True	formal_classifier_candidate
891	PRO24-PRO56	residue_residue	True	True	True	formal_classifier_candidate
892	PRO24-PRO57	residue_residue	True	True	True	formal_classifier_candidate
893	PRO24-PRO79	residue_residue	True	True	True	formal_classifier_candidate
894	PRO24-PRO146	residue_residue	True	True	True	formal_classifier_candidate
895	PRO24-PRO152	residue_residue	True	True	True	formal_classifier_candidate
896	PRO24-PRO153	residue_residue	True	True	True	formal_classifier_candidate
897	PRO24-PRO156	residue_residue	True	True	True	formal_classifier_candidate
898	PRO24-PRO1435	residue_residue	True	True	True	formal_classifier_candidate
899	PRO24-PRO1436	residue_residue	True	True	True	formal_classifier_candidate
900	PRO24-PRO1437	residue_residue	True	True	True	formal_classifier_candidate
901	PRO25-PRO26	residue_residue	True	True	True	formal_classifier_candidate
902	PRO25-PRO27	residue_residue	True	True	True	formal_classifier_candidate
903	PRO25-PRO28	residue_residue	True	True	True	formal_classifier_candidate
904	PRO25-PRO29	residue_residue	True	True	True	formal_classifier_candidate
905	PRO25-PRO30	residue_residue	True	True	True	formal_classifier_candidate
906	PRO25-PRO33	residue_residue	True	True	True	formal_classifier_candidate
907	PRO25-PRO38	residue_residue	True	True	True	formal_classifier_candidate
908	PRO25-PRO39	residue_residue	True	True	True	formal_classifier_candidate
909	PRO25-PRO40	residue_residue	True	True	True	formal_classifier_candidate
910	PRO25-PRO55	residue_residue	True	True	True	formal_classifier_candidate
911	PRO25-PRO146	residue_residue	True	True	True	formal_classifier_candidate
912	PRO25-PRO149	residue_residue	True	True	True	formal_classifier_candidate
913	PRO25-PRO152	residue_residue	True	True	True	formal_classifier_candidate
914	PRO25-PRO153	residue_residue	True	True	True	formal_classifier_candidate
915	PRO25-PRO156	residue_residue	True	True	True	formal_classifier_candidate
916	PRO25-PRO1434	residue_residue	True	True	True	formal_classifier_candidate
917	PRO25-PRO1435	residue_residue	True	True	True	formal_classifier_candidate
918	PRO25-PRO1436	residue_residue	True	True	True	formal_classifier_candidate
919	PRO25-PRO1437	residue_residue	True	True	True	formal_classifier_candidate
920	PRO26-PRO27	residue_residue	True	True	True	formal_classifier_candidate
921	PRO26-PRO28	residue_residue	True	True	True	formal_classifier_candidate
922	PRO26-PRO29	residue_residue	True	True	True	formal_classifier_candidate
923	PRO26-PRO40	residue_residue	True	True	True	formal_classifier_candidate
924	PRO26-PRO55	residue_residue	True	True	True	formal_classifier_candidate
925	PRO26-PRO145	residue_residue	True	True	True	formal_classifier_candidate
926	PRO26-PRO146	residue_residue	True	True	True	formal_classifier_candidate
927	PRO26-PRO147	residue_residue	True	True	True	formal_classifier_candidate
928	PRO26-PRO148	residue_residue	True	True	True	formal_classifier_candidate
929	PRO26-PRO149	residue_residue	True	True	True	formal_classifier_candidate
930	PRO26-PRO150	residue_residue	True	True	True	formal_classifier_candidate
931	PRO26-PRO151	residue_residue	True	True	True	formal_classifier_candidate
932	PRO26-PRO152	residue_residue	True	True	True	formal_classifier_candidate
933	PRO26-PRO153	residue_residue	True	True	True	formal_classifier_candidate
934	PRO26-PRO154	residue_residue	True	True	True	formal_classifier_candidate
935	PRO26-PRO156	residue_residue	True	True	True	formal_classifier_candidate
936	PRO26-PRO1436	residue_residue	True	True	True	formal_classifier_candidate
937	PRO27-PRO28	residue_residue	True	True	True	formal_classifier_candidate
938	PRO27-PRO29	residue_residue	True	True	True	formal_classifier_candidate
939	PRO27-PRO30	residue_residue	True	True	True	formal_classifier_candidate
940	PRO27-PRO31	residue_residue	True	True	True	formal_classifier_candidate
941	PRO27-PRO32	residue_residue	True	True	True	formal_classifier_candidate
942	PRO27-PRO33	residue_residue	True	True	True	formal_classifier_candidate
943	PRO27-PRO40	residue_residue	True	True	True	formal_classifier_candidate
944	PRO27-PRO145	residue_residue	True	True	True	formal_classifier_candidate
945	PRO27-PRO146	residue_residue	True	True	True	formal_classifier_candidate
946	PRO27-PRO147	residue_residue	True	True	True	formal_classifier_candidate
947	PRO27-PRO148	residue_residue	True	True	True	formal_classifier_candidate
948	PRO27-PRO149	residue_residue	True	True	True	formal_classifier_candidate
949	PRO27-PRO150	residue_residue	True	True	True	formal_classifier_candidate
950	PRO27-PRO152	residue_residue	True	True	True	formal_classifier_candidate
951	PRO27-PRO156	residue_residue	True	True	True	formal_classifier_candidate
952	PRO27-PRO1433	residue_residue	True	True	True	formal_classifier_candidate
953	PRO27-PRO1434	residue_residue	True	True	True	formal_classifier_candidate
954	PRO27-PRO1435	residue_residue	True	True	True	formal_classifier_candidate
955	PRO27-PRO1436	residue_residue	True	True	True	formal_classifier_candidate
956	PRO27-PRO1437	residue_residue	True	True	True	formal_classifier_candidate
957	PRO27-GTP	residue_cofactor	True	True	True	formal_classifier_candidate
958	PRO28-PRO29	residue_residue	True	True	True	formal_classifier_candidate
959	PRO28-PRO30	residue_residue	True	True	True	formal_classifier_candidate
960	PRO28-PRO31	residue_residue	True	True	True	formal_classifier_candidate
961	PRO28-PRO32	residue_residue	True	True	True	formal_classifier_candidate
962	PRO28-PRO33	residue_residue	True	True	True	formal_classifier_candidate
963	PRO28-PRO81	residue_residue	True	True	True	formal_classifier_candidate
964	PRO28-PRO83	residue_residue	True	True	True	formal_classifier_candidate
965	PRO28-PRO85	residue_residue	True	True	True	formal_classifier_candidate
966	PRO28-PRO116	residue_residue	True	True	True	formal_classifier_candidate
967	PRO28-PRO117	residue_residue	True	True	True	formal_classifier_candidate
968	PRO28-PRO118	residue_residue	True	True	True	formal_classifier_candidate
969	PRO28-PRO119	residue_residue	True	True	True	formal_classifier_candidate
970	PRO28-PRO120	residue_residue	True	True	True	formal_classifier_candidate
971	PRO28-PRO144	residue_residue	True	True	True	formal_classifier_candidate
972	PRO28-PRO145	residue_residue	True	True	True	formal_classifier_candidate
973	PRO28-PRO146	residue_residue	True	True	True	formal_classifier_candidate
974	PRO28-PRO147	residue_residue	True	True	True	formal_classifier_candidate
975	PRO28-PRO148	residue_residue	True	True	True	formal_classifier_candidate
976	PRO28-PRO149	residue_residue	True	True	True	formal_classifier_candidate
977	PRO28-PRO150	residue_residue	True	True	True	formal_classifier_candidate
978	PRO28-PRO152	residue_residue	True	True	True	formal_classifier_candidate
979	PRO28-PRO156	residue_residue	True	True	True	formal_classifier_candidate
980	PRO28-PRO1273	residue_residue	True	True	True	formal_classifier_candidate
981	PRO28-PRO1276	residue_residue	True	True	True	formal_classifier_candidate
982	PRO28-PRO1435	residue_residue	True	True	True	formal_classifier_candidate
983	PRO28-PRO1436	residue_residue	True	True	True	formal_classifier_candidate
984	PRO28-GTP	residue_cofactor	True	True	True	formal_classifier_candidate
985	PRO29-PRO30	residue_residue	True	True	True	formal_classifier_candidate
986	PRO29-PRO31	residue_residue	True	True	True	formal_classifier_candidate
987	PRO29-PRO32	residue_residue	True	True	True	formal_classifier_candidate
988	PRO29-PRO33	residue_residue	True	True	True	formal_classifier_candidate
989	PRO29-PRO34	residue_residue	True	True	True	formal_classifier_candidate
990	PRO29-PRO35	residue_residue	True	True	True	formal_classifier_candidate
991	PRO29-PRO38	residue_residue	True	True	True	formal_classifier_candidate
992	PRO29-PRO40	residue_residue	True	True	True	formal_classifier_candidate
993	PRO29-PRO57	residue_residue	True	True	True	formal_classifier_candidate
994	PRO29-PRO116	residue_residue	True	True	True	formal_classifier_candidate
995	PRO29-PRO117	residue_residue	True	True	True	formal_classifier_candidate
996	PRO29-PRO145	residue_residue	True	True	True	formal_classifier_candidate
997	PRO29-PRO146	residue_residue	True	True	True	formal_classifier_candidate
998	PRO29-PRO147	residue_residue	True	True	True	formal_classifier_candidate
999	PRO29-PRO148	residue_residue	True	True	True	formal_classifier_candidate
1000	PRO29-PRO149	residue_residue	True	True	True	formal_classifier_candidate
1001	PRO29-PRO152	residue_residue	True	True	True	formal_classifier_candidate
1002	PRO29-PRO1272	residue_residue	True	True	True	formal_classifier_candidate
1003	PRO29-PRO1273	residue_residue	True	True	True	formal_classifier_candidate
1004	PRO29-PRO1276	residue_residue	True	True	True	formal_classifier_candidate
1005	PRO29-PRO1430	residue_residue	True	True	True	formal_classifier_candidate
1006	PRO29-PRO1432	residue_residue	True	True	True	formal_classifier_candidate
1007	PRO29-PRO1433	residue_residue	True	True	True	formal_classifier_candidate
1008	PRO29-PRO1434	residue_residue	True	True	True	formal_classifier_candidate
1009	PRO29-PRO1435	residue_residue	True	True	True	formal_classifier_candidate
1010	PRO29-PRO1436	residue_residue	True	True	True	formal_classifier_candidate
1011	PRO29-PRO1437	residue_residue	True	True	True	formal_classifier_candidate
1012	PRO29-GTP	residue_cofactor	True	True	True	formal_classifier_candidate
1013	PRO30-PRO31	residue_residue	True	True	True	formal_classifier_candidate
1014	PRO30-PRO32	residue_residue	True	True	True	formal_classifier_candidate
1015	PRO30-PRO33	residue_residue	True	True	True	formal_classifier_candidate
1016	PRO30-PRO34	residue_residue	True	True	True	formal_classifier_candidate
1017	PRO30-PRO116	residue_residue	True	True	True	formal_classifier_candidate
1018	PRO30-PRO117	residue_residue	True	True	True	formal_classifier_candidate
1019	PRO30-PRO119	residue_residue	True	True	True	formal_classifier_candidate
1020	PRO30-PRO120	residue_residue	True	True	True	formal_classifier_candidate
1021	PRO30-PRO146	residue_residue	True	True	True	formal_classifier_candidate
1022	PRO30-PRO147	residue_residue	True	True	True	formal_classifier_candidate
1023	PRO30-PRO1270	residue_residue	True	True	True	formal_classifier_candidate
1024	PRO30-PRO1272	residue_residue	True	True	True	formal_classifier_candidate
1025	PRO30-PRO1273	residue_residue	True	True	True	formal_classifier_candidate
1026	PRO30-PRO1276	residue_residue	True	True	True	formal_classifier_candidate
1027	PRO30-PRO1430	residue_residue	True	True	True	formal_classifier_candidate
1028	PRO30-PRO1432	residue_residue	True	True	True	formal_classifier_candidate
1029	PRO30-PRO1435	residue_residue	True	True	True	formal_classifier_candidate
1030	PRO30-PRO1436	residue_residue	True	True	True	formal_classifier_candidate
1031	PRO30-GTP	residue_cofactor	True	True	True	formal_classifier_candidate
1032	PRO31-PRO32	residue_residue	True	True	True	formal_classifier_candidate
1033	PRO31-PRO33	residue_residue	True	True	True	formal_classifier_candidate
1034	PRO31-PRO34	residue_residue	True	True	True	formal_classifier_candidate
1035	PRO31-PRO35	residue_residue	True	True	True	formal_classifier_candidate
1036	PRO31-PRO117	residue_residue	True	True	True	formal_classifier_candidate
1037	PRO31-PRO147	residue_residue	True	True	True	formal_classifier_candidate
1038	PRO31-PRO1270	residue_residue	True	True	True	formal_classifier_candidate
1039	PRO31-PRO1272	residue_residue	True	True	True	formal_classifier_candidate
1040	PRO31-PRO1273	residue_residue	True	True	True	formal_classifier_candidate
1041	PRO31-PRO1276	residue_residue	True	True	True	formal_classifier_candidate
1042	PRO31-PRO1379	residue_residue	True	True	True	formal_classifier_candidate
1043	PRO31-PRO1427	residue_residue	True	True	True	formal_classifier_candidate
1044	PRO31-PRO1430	residue_residue	True	True	True	formal_classifier_candidate
1045	PRO31-PRO1431	residue_residue	True	True	True	formal_classifier_candidate
1046	PRO31-PRO1432	residue_residue	True	True	True	formal_classifier_candidate
1047	PRO31-PRO1433	residue_residue	True	True	True	formal_classifier_candidate
1048	PRO31-PRO1434	residue_residue	True	True	True	formal_classifier_candidate
1049	PRO31-PRO1435	residue_residue	True	True	True	formal_classifier_candidate
1050	PRO31-PRO1436	residue_residue	True	True	True	formal_classifier_candidate
1051	PRO31-GTP	residue_cofactor	True	True	True	formal_classifier_candidate
1052	PRO32-PRO33	residue_residue	True	True	True	formal_classifier_candidate
1053	PRO32-PRO34	residue_residue	True	True	True	formal_classifier_candidate
1054	PRO32-PRO35	residue_residue	True	True	True	formal_classifier_candidate
1055	PRO32-PRO36	residue_residue	True	True	True	formal_classifier_candidate
1056	PRO32-PRO38	residue_residue	True	True	True	formal_classifier_candidate
1057	PRO32-PRO59	residue_residue	True	True	True	formal_classifier_candidate
1058	PRO32-PRO61	residue_residue	True	True	True	formal_classifier_candidate
1059	PRO32-PRO64	residue_residue	True	True	True	formal_classifier_candidate
1060	PRO32-PRO117	residue_residue	True	True	True	formal_classifier_candidate
1061	PRO32-PRO1270	residue_residue	True	True	True	formal_classifier_candidate
1062	PRO32-PRO1271	residue_residue	True	True	True	formal_classifier_candidate
1063	PRO32-PRO1272	residue_residue	True	True	True	formal_classifier_candidate
1064	PRO32-PRO1273	residue_residue	True	True	True	formal_classifier_candidate
1065	PRO32-PRO1274	residue_residue	True	True	True	formal_classifier_candidate
1066	PRO32-PRO1275	residue_residue	True	True	True	formal_classifier_candidate
1067	PRO32-PRO1276	residue_residue	True	True	True	formal_classifier_candidate
1068	PRO32-PRO1277	residue_residue	True	True	True	formal_classifier_candidate
1069	PRO32-PRO1282	residue_residue	True	True	True	formal_classifier_candidate
1070	PRO32-PRO1285	residue_residue	True	True	True	formal_classifier_candidate
1071	PRO32-PRO1289	residue_residue	True	True	True	formal_classifier_candidate
1072	PRO32-PRO1368	residue_residue	True	True	True	formal_classifier_candidate
1073	PRO32-PRO1379	residue_residue	True	True	True	formal_classifier_candidate
1074	PRO32-PRO1382	residue_residue	True	True	True	formal_classifier_candidate
1075	PRO32-PRO1383	residue_residue	True	True	True	formal_classifier_candidate
1076	PRO32-PRO1384	residue_residue	True	True	True	formal_classifier_candidate
1077	PRO32-PRO1385	residue_residue	True	True	True	formal_classifier_candidate
1078	PRO32-PRO1386	residue_residue	True	True	True	formal_classifier_candidate
1079	PRO32-PRO1387	residue_residue	True	True	True	formal_classifier_candidate
1080	PRO32-PRO1388	residue_residue	True	True	True	formal_classifier_candidate
1081	PRO32-PRO1389	residue_residue	True	True	True	formal_classifier_candidate
1082	PRO32-PRO1390	residue_residue	True	True	True	formal_classifier_candidate
1083	PRO32-PRO1391	residue_residue	True	True	True	formal_classifier_candidate
1084	PRO32-PRO1392	residue_residue	True	True	True	formal_classifier_candidate
1085	PRO32-PRO1394	residue_residue	True	True	True	formal_classifier_candidate
1086	PRO32-PRO1423	residue_residue	True	True	True	formal_classifier_candidate
1087	PRO32-PRO1426	residue_residue	True	True	True	formal_classifier_candidate
1088	PRO32-PRO1427	residue_residue	True	True	True	formal_classifier_candidate
1089	PRO32-PRO1429	residue_residue	True	True	True	formal_classifier_candidate
1090	PRO32-PRO1430	residue_residue	True	True	True	formal_classifier_candidate
1091	PRO32-PRO1431	residue_residue	True	True	True	formal_classifier_candidate
1092	PRO32-PRO1432	residue_residue	True	True	True	formal_classifier_candidate
1093	PRO32-PRO1433	residue_residue	True	True	True	formal_classifier_candidate
1094	PRO32-PRO1434	residue_residue	True	True	True	formal_classifier_candidate
1095	PRO32-PRO1435	residue_residue	True	True	True	formal_classifier_candidate
1096	PRO32-PRO1436	residue_residue	True	True	True	formal_classifier_candidate
1097	PRO32-GTP	residue_cofactor	True	True	True	formal_classifier_candidate
1098	PRO33-PRO34	residue_residue	True	True	True	formal_classifier_candidate
1099	PRO33-PRO35	residue_residue	True	True	True	formal_classifier_candidate
1100	PRO33-PRO36	residue_residue	True	True	True	formal_classifier_candidate
1101	PRO33-PRO37	residue_residue	True	True	True	formal_classifier_candidate
1102	PRO33-PRO38	residue_residue	True	True	True	formal_classifier_candidate
1103	PRO33-PRO39	residue_residue	True	True	True	formal_classifier_candidate
1104	PRO33-PRO40	residue_residue	True	True	True	formal_classifier_candidate
1105	PRO33-PRO57	residue_residue	True	True	True	formal_classifier_candidate
1106	PRO33-PRO58	residue_residue	True	True	True	formal_classifier_candidate
1107	PRO33-PRO59	residue_residue	True	True	True	formal_classifier_candidate
1108	PRO33-PRO60	residue_residue	True	True	True	formal_classifier_candidate
1109	PRO33-PRO61	residue_residue	True	True	True	formal_classifier_candidate
1110	PRO33-PRO1272	residue_residue	True	True	True	formal_classifier_candidate
1111	PRO33-PRO1273	residue_residue	True	True	True	formal_classifier_candidate
1112	PRO33-PRO1276	residue_residue	True	True	True	formal_classifier_candidate
1113	PRO33-PRO1386	residue_residue	True	True	True	formal_classifier_candidate
1114	PRO33-PRO1390	residue_residue	True	True	True	formal_classifier_candidate
1115	PRO33-PRO1394	residue_residue	True	True	True	formal_classifier_candidate
1116	PRO33-PRO1422	residue_residue	True	True	True	formal_classifier_candidate
1117	PRO33-PRO1423	residue_residue	True	True	True	formal_classifier_candidate
1118	PRO33-PRO1424	residue_residue	True	True	True	formal_classifier_candidate
1119	PRO33-PRO1426	residue_residue	True	True	True	formal_classifier_candidate
1120	PRO33-PRO1427	residue_residue	True	True	True	formal_classifier_candidate
1121	PRO33-PRO1429	residue_residue	True	True	True	formal_classifier_candidate
1122	PRO33-PRO1430	residue_residue	True	True	True	formal_classifier_candidate
1123	PRO33-PRO1431	residue_residue	True	True	True	formal_classifier_candidate
1124	PRO33-PRO1432	residue_residue	True	True	True	formal_classifier_candidate
1125	PRO33-PRO1433	residue_residue	True	True	True	formal_classifier_candidate
1126	PRO33-PRO1434	residue_residue	True	True	True	formal_classifier_candidate
1127	PRO33-PRO1435	residue_residue	True	True	True	formal_classifier_candidate
1128	PRO33-PRO1436	residue_residue	True	True	True	formal_classifier_candidate
1129	PRO33-PRO1437	residue_residue	True	True	True	formal_classifier_candidate
1130	PRO33-GTP	residue_cofactor	True	True	True	formal_classifier_candidate
1131	PRO34-PRO35	residue_residue	True	True	True	formal_classifier_candidate
1132	PRO34-PRO36	residue_residue	True	True	True	formal_classifier_candidate
1133	PRO34-PRO37	residue_residue	True	True	True	formal_classifier_candidate
1134	PRO34-PRO38	residue_residue	True	True	True	formal_classifier_candidate
1135	PRO34-PRO40	residue_residue	True	True	True	formal_classifier_candidate
1136	PRO34-PRO57	residue_residue	True	True	True	formal_classifier_candidate
1137	PRO34-PRO58	residue_residue	True	True	True	formal_classifier_candidate
1138	PRO34-PRO59	residue_residue	True	True	True	formal_classifier_candidate
1139	PRO34-PRO60	residue_residue	True	True	True	formal_classifier_candidate
1140	PRO34-PRO61	residue_residue	True	True	True	formal_classifier_candidate
1141	PRO34-PRO63	residue_residue	True	True	True	formal_classifier_candidate
1142	PRO34-PRO64	residue_residue	True	True	True	formal_classifier_candidate
1143	PRO34-PRO1271	residue_residue	True	True	True	formal_classifier_candidate
1144	PRO34-PRO1272	residue_residue	True	True	True	formal_classifier_candidate
1145	PRO34-PRO1273	residue_residue	True	True	True	formal_classifier_candidate
1146	PRO34-PRO1274	residue_residue	True	True	True	formal_classifier_candidate
1147	PRO34-PRO1275	residue_residue	True	True	True	formal_classifier_candidate
1148	PRO34-PRO1276	residue_residue	True	True	True	formal_classifier_candidate
1149	PRO34-PRO1277	residue_residue	True	True	True	formal_classifier_candidate
1150	PRO34-PRO1382	residue_residue	True	True	True	formal_classifier_candidate
1151	PRO34-PRO1383	residue_residue	True	True	True	formal_classifier_candidate
1152	PRO34-PRO1384	residue_residue	True	True	True	formal_classifier_candidate
1153	PRO34-PRO1385	residue_residue	True	True	True	formal_classifier_candidate
1154	PRO34-PRO1386	residue_residue	True	True	True	formal_classifier_candidate
1155	PRO34-PRO1387	residue_residue	True	True	True	formal_classifier_candidate
1156	PRO34-PRO1388	residue_residue	True	True	True	formal_classifier_candidate
1157	PRO34-PRO1389	residue_residue	True	True	True	formal_classifier_candidate
1158	PRO34-PRO1390	residue_residue	True	True	True	formal_classifier_candidate
1159	PRO34-PRO1391	residue_residue	True	True	True	formal_classifier_candidate
1160	PRO34-PRO1392	residue_residue	True	True	True	formal_classifier_candidate
1161	PRO34-PRO1394	residue_residue	True	True	True	formal_classifier_candidate
1162	PRO34-PRO1395	residue_residue	True	True	True	formal_classifier_candidate
1163	PRO34-PRO1398	residue_residue	True	True	True	formal_classifier_candidate
1164	PRO34-PRO1419	residue_residue	True	True	True	formal_classifier_candidate
1165	PRO34-PRO1420	residue_residue	True	True	True	formal_classifier_candidate
1166	PRO34-PRO1422	residue_residue	True	True	True	formal_classifier_candidate
1167	PRO34-PRO1423	residue_residue	True	True	True	formal_classifier_candidate
1168	PRO34-PRO1424	residue_residue	True	True	True	formal_classifier_candidate
1169	PRO34-PRO1425	residue_residue	True	True	True	formal_classifier_candidate
1170	PRO34-PRO1426	residue_residue	True	True	True	formal_classifier_candidate
1171	PRO34-PRO1427	residue_residue	True	True	True	formal_classifier_candidate
1172	PRO34-PRO1429	residue_residue	True	True	True	formal_classifier_candidate
1173	PRO34-PRO1430	residue_residue	True	True	True	formal_classifier_candidate
1174	PRO34-PRO1431	residue_residue	True	True	True	formal_classifier_candidate
1175	PRO34-PRO1432	residue_residue	True	True	True	formal_classifier_candidate
1176	PRO34-PRO1433	residue_residue	True	True	True	formal_classifier_candidate
1177	PRO34-PRO1434	residue_residue	True	True	True	formal_classifier_candidate
1178	PRO34-PRO1436	residue_residue	True	True	True	formal_classifier_candidate
1179	PRO34-PRO1437	residue_residue	True	True	True	formal_classifier_candidate
1180	PRO34-GTP	residue_cofactor	True	True	True	formal_classifier_candidate
1181	PRO35-PRO36	residue_residue	True	True	True	formal_classifier_candidate
1182	PRO35-PRO37	residue_residue	True	True	True	formal_classifier_candidate
1183	PRO35-PRO38	residue_residue	True	True	True	formal_classifier_candidate
1184	PRO35-PRO39	residue_residue	True	True	True	formal_classifier_candidate
1185	PRO35-PRO40	residue_residue	True	True	True	formal_classifier_candidate
1186	PRO35-PRO55	residue_residue	True	True	True	formal_classifier_candidate
1187	PRO35-PRO56	residue_residue	True	True	True	formal_classifier_candidate
1188	PRO35-PRO57	residue_residue	True	True	True	formal_classifier_candidate
1189	PRO35-PRO58	residue_residue	True	True	True	formal_classifier_candidate
1190	PRO35-PRO59	residue_residue	True	True	True	formal_classifier_candidate
1191	PRO35-PRO60	residue_residue	True	True	True	formal_classifier_candidate
1192	PRO35-PRO61	residue_residue	True	True	True	formal_classifier_candidate
1193	PRO35-PRO62	residue_residue	True	True	True	formal_classifier_candidate
1194	PRO35-PRO63	residue_residue	True	True	True	formal_classifier_candidate
1195	PRO35-PRO64	residue_residue	True	True	True	formal_classifier_candidate
1196	PRO35-PRO67	residue_residue	True	True	True	formal_classifier_candidate
1197	PRO35-PRO68	residue_residue	True	True	True	formal_classifier_candidate
1198	PRO35-PRO71	residue_residue	True	True	True	formal_classifier_candidate
1199	PRO35-PRO1276	residue_residue	True	True	True	formal_classifier_candidate
1200	PRO35-PRO1386	residue_residue	True	True	True	formal_classifier_candidate
1201	PRO35-PRO1389	residue_residue	True	True	True	formal_classifier_candidate
1202	PRO35-PRO1390	residue_residue	True	True	True	formal_classifier_candidate
1203	PRO35-PRO1391	residue_residue	True	True	True	formal_classifier_candidate
1204	PRO35-PRO1394	residue_residue	True	True	True	formal_classifier_candidate
1205	PRO35-PRO1395	residue_residue	True	True	True	formal_classifier_candidate
1206	PRO35-PRO1398	residue_residue	True	True	True	formal_classifier_candidate
1207	PRO35-PRO1416	residue_residue	True	True	True	formal_classifier_candidate
1208	PRO35-PRO1419	residue_residue	True	True	True	formal_classifier_candidate
1209	PRO35-PRO1420	residue_residue	True	True	True	formal_classifier_candidate
1210	PRO35-PRO1422	residue_residue	True	True	True	formal_classifier_candidate
1211	PRO35-PRO1423	residue_residue	True	True	True	formal_classifier_candidate
1212	PRO35-PRO1424	residue_residue	True	True	True	formal_classifier_candidate
1213	PRO35-PRO1426	residue_residue	True	True	True	formal_classifier_candidate
1214	PRO35-PRO1427	residue_residue	True	True	True	formal_classifier_candidate
1215	PRO35-PRO1430	residue_residue	True	True	True	formal_classifier_candidate
1216	PRO35-PRO1432	residue_residue	True	True	True	formal_classifier_candidate
1217	PRO35-PRO1434	residue_residue	True	True	True	formal_classifier_candidate
1218	PRO35-PRO1436	residue_residue	True	True	True	formal_classifier_candidate
1219	PRO35-PRO1437	residue_residue	True	True	True	formal_classifier_candidate
1220	PRO35-GTP	residue_cofactor	True	True	True	formal_classifier_candidate
1221	PRO36-PRO37	residue_residue	True	True	True	formal_classifier_candidate
1222	PRO36-PRO38	residue_residue	True	True	True	formal_classifier_candidate
1223	PRO36-PRO39	residue_residue	True	True	True	formal_classifier_candidate
1224	PRO36-PRO40	residue_residue	True	True	True	formal_classifier_candidate
1225	PRO36-PRO56	residue_residue	True	True	True	formal_classifier_candidate
1226	PRO36-PRO57	residue_residue	True	True	True	formal_classifier_candidate
1227	PRO36-PRO58	residue_residue	True	True	True	formal_classifier_candidate
1228	PRO36-PRO59	residue_residue	True	True	True	formal_classifier_candidate
1229	PRO36-PRO60	residue_residue	True	True	True	formal_classifier_candidate
1230	PRO36-PRO61	residue_residue	True	True	True	formal_classifier_candidate
1231	PRO36-PRO63	residue_residue	True	True	True	formal_classifier_candidate
1232	PRO36-PRO64	residue_residue	True	True	True	formal_classifier_candidate
1233	PRO36-PRO67	residue_residue	True	True	True	formal_classifier_candidate
1234	PRO36-PRO68	residue_residue	True	True	True	formal_classifier_candidate
1235	PRO36-PRO70	residue_residue	True	True	True	formal_classifier_candidate
1236	PRO36-PRO71	residue_residue	True	True	True	formal_classifier_candidate
1237	PRO36-PRO1276	residue_residue	True	True	True	formal_classifier_candidate
1238	PRO36-PRO1385	residue_residue	True	True	True	formal_classifier_candidate
1239	PRO36-PRO1386	residue_residue	True	True	True	formal_classifier_candidate
1240	PRO36-PRO1387	residue_residue	True	True	True	formal_classifier_candidate
1241	PRO36-PRO1388	residue_residue	True	True	True	formal_classifier_candidate
1242	PRO36-PRO1389	residue_residue	True	True	True	formal_classifier_candidate
1243	PRO36-PRO1390	residue_residue	True	True	True	formal_classifier_candidate
1244	PRO36-PRO1391	residue_residue	True	True	True	formal_classifier_candidate
1245	PRO36-PRO1392	residue_residue	True	True	True	formal_classifier_candidate
1246	PRO36-PRO1393	residue_residue	True	True	True	formal_classifier_candidate
1247	PRO36-PRO1394	residue_residue	True	True	True	formal_classifier_candidate
1248	PRO36-PRO1395	residue_residue	True	True	True	formal_classifier_candidate
1249	PRO36-PRO1398	residue_residue	True	True	True	formal_classifier_candidate
1250	PRO36-PRO1399	residue_residue	True	True	True	formal_classifier_candidate
1251	PRO36-PRO1416	residue_residue	True	True	True	formal_classifier_candidate
1252	PRO36-PRO1419	residue_residue	True	True	True	formal_classifier_candidate
1253	PRO36-PRO1420	residue_residue	True	True	True	formal_classifier_candidate
1254	PRO36-PRO1422	residue_residue	True	True	True	formal_classifier_candidate
1255	PRO36-PRO1423	residue_residue	True	True	True	formal_classifier_candidate
1256	PRO36-PRO1424	residue_residue	True	True	True	formal_classifier_candidate
1257	PRO36-PRO1425	residue_residue	True	True	True	formal_classifier_candidate
1258	PRO36-PRO1426	residue_residue	True	True	True	formal_classifier_candidate
1259	PRO36-PRO1427	residue_residue	True	True	True	formal_classifier_candidate
1260	PRO36-PRO1429	residue_residue	True	True	True	formal_classifier_candidate
1261	PRO36-PRO1430	residue_residue	True	True	True	formal_classifier_candidate
1262	PRO36-PRO1432	residue_residue	True	True	True	formal_classifier_candidate
1263	PRO36-PRO1434	residue_residue	True	True	True	formal_classifier_candidate
1264	PRO36-PRO1436	residue_residue	True	True	True	formal_classifier_candidate
1265	PRO36-PRO1437	residue_residue	True	True	True	formal_classifier_candidate
1266	PRO36-GTP	residue_cofactor	True	True	True	formal_classifier_candidate
1267	PRO37-PRO38	residue_residue	True	True	True	formal_classifier_candidate
1268	PRO37-PRO39	residue_residue	True	True	True	formal_classifier_candidate
1269	PRO37-PRO40	residue_residue	True	True	True	formal_classifier_candidate
1270	PRO37-PRO55	residue_residue	True	True	True	formal_classifier_candidate
1271	PRO37-PRO56	residue_residue	True	True	True	formal_classifier_candidate
1272	PRO37-PRO57	residue_residue	True	True	True	formal_classifier_candidate
1273	PRO37-PRO58	residue_residue	True	True	True	formal_classifier_candidate
1274	PRO37-PRO59	residue_residue	True	True	True	formal_classifier_candidate
1275	PRO37-PRO60	residue_residue	True	True	True	formal_classifier_candidate
1276	PRO37-PRO61	residue_residue	True	True	True	formal_classifier_candidate
1277	PRO37-PRO64	residue_residue	True	True	True	formal_classifier_candidate
1278	PRO37-PRO67	residue_residue	True	True	True	formal_classifier_candidate
1279	PRO37-PRO68	residue_residue	True	True	True	formal_classifier_candidate
1280	PRO37-PRO70	residue_residue	True	True	True	formal_classifier_candidate
1281	PRO37-PRO71	residue_residue	True	True	True	formal_classifier_candidate
1282	PRO37-PRO72	residue_residue	True	True	True	formal_classifier_candidate
1283	PRO37-PRO74	residue_residue	True	True	True	formal_classifier_candidate
1284	PRO37-PRO1390	residue_residue	True	True	True	formal_classifier_candidate
1285	PRO37-PRO1394	residue_residue	True	True	True	formal_classifier_candidate
1286	PRO37-PRO1395	residue_residue	True	True	True	formal_classifier_candidate
1287	PRO37-PRO1398	residue_residue	True	True	True	formal_classifier_candidate
1288	PRO37-PRO1399	residue_residue	True	True	True	formal_classifier_candidate
1289	PRO37-PRO1409	residue_residue	True	True	True	formal_classifier_candidate
1290	PRO37-PRO1416	residue_residue	True	True	True	formal_classifier_candidate
1291	PRO37-PRO1419	residue_residue	True	True	True	formal_classifier_candidate
1292	PRO37-PRO1420	residue_residue	True	True	True	formal_classifier_candidate
1293	PRO37-PRO1422	residue_residue	True	True	True	formal_classifier_candidate
1294	PRO37-PRO1423	residue_residue	True	True	True	formal_classifier_candidate
1295	PRO37-PRO1424	residue_residue	True	True	True	formal_classifier_candidate
1296	PRO37-PRO1426	residue_residue	True	True	True	formal_classifier_candidate
1297	PRO37-PRO1427	residue_residue	True	True	True	formal_classifier_candidate
1298	PRO37-PRO1434	residue_residue	True	True	True	formal_classifier_candidate
1299	PRO37-PRO1436	residue_residue	True	True	True	formal_classifier_candidate
1300	PRO37-PRO1437	residue_residue	True	True	True	formal_classifier_candidate
1301	PRO37-GTP	residue_cofactor	True	True	True	formal_classifier_candidate
1302	PRO38-PRO39	residue_residue	True	True	True	formal_classifier_candidate
1303	PRO38-PRO40	residue_residue	True	True	True	formal_classifier_candidate
1304	PRO38-PRO55	residue_residue	True	True	True	formal_classifier_candidate
1305	PRO38-PRO56	residue_residue	True	True	True	formal_classifier_candidate
1306	PRO38-PRO57	residue_residue	True	True	True	formal_classifier_candidate
1307	PRO38-PRO58	residue_residue	True	True	True	formal_classifier_candidate
1308	PRO38-PRO59	residue_residue	True	True	True	formal_classifier_candidate
1309	PRO38-PRO60	residue_residue	True	True	True	formal_classifier_candidate
1310	PRO38-PRO64	residue_residue	True	True	True	formal_classifier_candidate
1311	PRO38-PRO71	residue_residue	True	True	True	formal_classifier_candidate
1312	PRO38-PRO74	residue_residue	True	True	True	formal_classifier_candidate
1313	PRO38-PRO156	residue_residue	True	True	True	formal_classifier_candidate
1314	PRO38-PRO1276	residue_residue	True	True	True	formal_classifier_candidate
1315	PRO38-PRO1398	residue_residue	True	True	True	formal_classifier_candidate
1316	PRO38-PRO1416	residue_residue	True	True	True	formal_classifier_candidate
1317	PRO38-PRO1419	residue_residue	True	True	True	formal_classifier_candidate
1318	PRO38-PRO1420	residue_residue	True	True	True	formal_classifier_candidate
1319	PRO38-PRO1422	residue_residue	True	True	True	formal_classifier_candidate
1320	PRO38-PRO1423	residue_residue	True	True	True	formal_classifier_candidate
1321	PRO38-PRO1424	residue_residue	True	True	True	formal_classifier_candidate
1322	PRO38-PRO1426	residue_residue	True	True	True	formal_classifier_candidate
1323	PRO38-PRO1427	residue_residue	True	True	True	formal_classifier_candidate
1324	PRO38-PRO1434	residue_residue	True	True	True	formal_classifier_candidate
1325	PRO38-PRO1435	residue_residue	True	True	True	formal_classifier_candidate
1326	PRO38-PRO1436	residue_residue	True	True	True	formal_classifier_candidate
1327	PRO38-PRO1437	residue_residue	True	True	True	formal_classifier_candidate
1328	PRO38-GTP	residue_cofactor	True	True	True	formal_classifier_candidate
1329	PRO39-PRO40	residue_residue	True	True	True	formal_classifier_candidate
1330	PRO39-PRO55	residue_residue	True	True	True	formal_classifier_candidate
1331	PRO39-PRO56	residue_residue	True	True	True	formal_classifier_candidate
1332	PRO39-PRO57	residue_residue	True	True	True	formal_classifier_candidate
1333	PRO39-PRO58	residue_residue	True	True	True	formal_classifier_candidate
1334	PRO39-PRO59	residue_residue	True	True	True	formal_classifier_candidate
1335	PRO39-PRO71	residue_residue	True	True	True	formal_classifier_candidate
1336	PRO39-PRO74	residue_residue	True	True	True	formal_classifier_candidate
1337	PRO39-PRO75	residue_residue	True	True	True	formal_classifier_candidate
1338	PRO39-PRO156	residue_residue	True	True	True	formal_classifier_candidate
1339	PRO39-PRO1416	residue_residue	True	True	True	formal_classifier_candidate
1340	PRO39-PRO1419	residue_residue	True	True	True	formal_classifier_candidate
1341	PRO39-PRO1420	residue_residue	True	True	True	formal_classifier_candidate
1342	PRO39-PRO1423	residue_residue	True	True	True	formal_classifier_candidate
1343	PRO39-PRO1436	residue_residue	True	True	True	formal_classifier_candidate
1344	PRO39-PRO1437	residue_residue	True	True	True	formal_classifier_candidate
1345	PRO40-PRO55	residue_residue	True	True	True	formal_classifier_candidate
1346	PRO40-PRO56	residue_residue	True	True	True	formal_classifier_candidate
1347	PRO40-PRO57	residue_residue	True	True	True	formal_classifier_candidate
1348	PRO40-PRO58	residue_residue	True	True	True	formal_classifier_candidate
1349	PRO40-PRO59	residue_residue	True	True	True	formal_classifier_candidate
1350	PRO40-PRO71	residue_residue	True	True	True	formal_classifier_candidate
1351	PRO40-PRO74	residue_residue	True	True	True	formal_classifier_candidate
1352	PRO40-PRO79	residue_residue	True	True	True	formal_classifier_candidate
1353	PRO40-PRO156	residue_residue	True	True	True	formal_classifier_candidate
1354	PRO40-PRO1416	residue_residue	True	True	True	formal_classifier_candidate
1355	PRO40-PRO1423	residue_residue	True	True	True	formal_classifier_candidate
1356	PRO40-PRO1434	residue_residue	True	True	True	formal_classifier_candidate
1357	PRO40-PRO1435	residue_residue	True	True	True	formal_classifier_candidate
1358	PRO40-PRO1436	residue_residue	True	True	True	formal_classifier_candidate
1359	PRO40-PRO1437	residue_residue	True	True	True	formal_classifier_candidate
1360	PRO40-GTP	residue_cofactor	True	True	True	formal_classifier_candidate
1361	PRO55-PRO56	residue_residue	True	True	True	formal_classifier_candidate
1362	PRO55-PRO57	residue_residue	True	True	True	formal_classifier_candidate
1363	PRO55-PRO58	residue_residue	True	True	True	formal_classifier_candidate
1364	PRO55-PRO71	residue_residue	True	True	True	formal_classifier_candidate
1365	PRO55-PRO74	residue_residue	True	True	True	formal_classifier_candidate
1366	PRO55-PRO75	residue_residue	True	True	True	formal_classifier_candidate
1367	PRO55-PRO76	residue_residue	True	True	True	formal_classifier_candidate
1368	PRO55-PRO77	residue_residue	True	True	True	formal_classifier_candidate
1369	PRO55-PRO78	residue_residue	True	True	True	formal_classifier_candidate
1370	PRO55-PRO79	residue_residue	True	True	True	formal_classifier_candidate
1371	PRO55-PRO80	residue_residue	True	True	True	formal_classifier_candidate
1372	PRO55-PRO81	residue_residue	True	True	True	formal_classifier_candidate
1373	PRO55-PRO112	residue_residue	True	True	True	formal_classifier_candidate
1374	PRO55-PRO114	residue_residue	True	True	True	formal_classifier_candidate
1375	PRO55-PRO152	residue_residue	True	True	True	formal_classifier_candidate
1376	PRO55-PRO153	residue_residue	True	True	True	formal_classifier_candidate
1377	PRO55-PRO155	residue_residue	True	True	True	formal_classifier_candidate
1378	PRO55-PRO156	residue_residue	True	True	True	formal_classifier_candidate
1379	PRO55-PRO159	residue_residue	True	True	True	formal_classifier_candidate
1380	PRO55-PRO1416	residue_residue	True	True	True	formal_classifier_candidate
1381	PRO55-PRO1423	residue_residue	True	True	True	formal_classifier_candidate
1382	PRO55-PRO1436	residue_residue	True	True	True	formal_classifier_candidate
1383	PRO55-PRO1437	residue_residue	True	True	True	formal_classifier_candidate
1384	PRO56-PRO57	residue_residue	True	True	True	formal_classifier_candidate
1385	PRO56-PRO58	residue_residue	True	True	True	formal_classifier_candidate
1386	PRO56-PRO59	residue_residue	True	True	True	formal_classifier_candidate
1387	PRO56-PRO60	residue_residue	True	True	True	formal_classifier_candidate
1388	PRO56-PRO64	residue_residue	True	True	True	formal_classifier_candidate
1389	PRO56-PRO67	residue_residue	True	True	True	formal_classifier_candidate
1390	PRO56-PRO68	residue_residue	True	True	True	formal_classifier_candidate
1391	PRO56-PRO69	residue_residue	True	True	True	formal_classifier_candidate
1392	PRO56-PRO70	residue_residue	True	True	True	formal_classifier_candidate
1393	PRO56-PRO71	residue_residue	True	True	True	formal_classifier_candidate
1394	PRO56-PRO72	residue_residue	True	True	True	formal_classifier_candidate
1395	PRO56-PRO73	residue_residue	True	True	True	formal_classifier_candidate
1396	PRO56-PRO74	residue_residue	True	True	True	formal_classifier_candidate
1397	PRO56-PRO75	residue_residue	True	True	True	formal_classifier_candidate
1398	PRO56-PRO76	residue_residue	True	True	True	formal_classifier_candidate
1399	PRO56-PRO77	residue_residue	True	True	True	formal_classifier_candidate
1400	PRO56-PRO78	residue_residue	True	True	True	formal_classifier_candidate
1401	PRO56-PRO79	residue_residue	True	True	True	formal_classifier_candidate
1402	PRO56-PRO80	residue_residue	True	True	True	formal_classifier_candidate
1403	PRO56-PRO81	residue_residue	True	True	True	formal_classifier_candidate
1404	PRO56-PRO96	residue_residue	True	True	True	formal_classifier_candidate
1405	PRO56-PRO104	residue_residue	True	True	True	formal_classifier_candidate
1406	PRO56-PRO156	residue_residue	True	True	True	formal_classifier_candidate
1407	PRO56-PRO159	residue_residue	True	True	True	formal_classifier_candidate
1408	PRO56-PRO1398	residue_residue	True	True	True	formal_classifier_candidate
1409	PRO56-PRO1416	residue_residue	True	True	True	formal_classifier_candidate
1410	PRO56-PRO1419	residue_residue	True	True	True	formal_classifier_candidate
1411	PRO56-PRO1423	residue_residue	True	True	True	formal_classifier_candidate
1412	PRO56-PRO1436	residue_residue	True	True	True	formal_classifier_candidate
1413	PRO56-PRO1437	residue_residue	True	True	True	formal_classifier_candidate
1414	PRO56-GTP	residue_cofactor	True	True	True	formal_classifier_candidate
1415	PRO57-PRO58	residue_residue	True	True	True	formal_classifier_candidate
1416	PRO57-PRO59	residue_residue	True	True	True	formal_classifier_candidate
1417	PRO57-PRO60	residue_residue	True	True	True	formal_classifier_candidate
1418	PRO57-PRO61	residue_residue	True	True	True	formal_classifier_candidate
1419	PRO57-PRO64	residue_residue	True	True	True	formal_classifier_candidate
1420	PRO57-PRO67	residue_residue	True	True	True	formal_classifier_candidate
1421	PRO57-PRO68	residue_residue	True	True	True	formal_classifier_candidate
1422	PRO57-PRO71	residue_residue	True	True	True	formal_classifier_candidate
1423	PRO57-PRO74	residue_residue	True	True	True	formal_classifier_candidate
1424	PRO57-PRO75	residue_residue	True	True	True	formal_classifier_candidate
1425	PRO57-PRO77	residue_residue	True	True	True	formal_classifier_candidate
1426	PRO57-PRO78	residue_residue	True	True	True	formal_classifier_candidate
1427	PRO57-PRO79	residue_residue	True	True	True	formal_classifier_candidate
1428	PRO57-PRO80	residue_residue	True	True	True	formal_classifier_candidate
1429	PRO57-PRO81	residue_residue	True	True	True	formal_classifier_candidate
1430	PRO57-PRO96	residue_residue	True	True	True	formal_classifier_candidate
1431	PRO57-PRO156	residue_residue	True	True	True	formal_classifier_candidate
1432	PRO57-PRO1276	residue_residue	True	True	True	formal_classifier_candidate
1433	PRO57-PRO1398	residue_residue	True	True	True	formal_classifier_candidate
1434	PRO57-PRO1416	residue_residue	True	True	True	formal_classifier_candidate
1435	PRO57-PRO1419	residue_residue	True	True	True	formal_classifier_candidate
1436	PRO57-PRO1423	residue_residue	True	True	True	formal_classifier_candidate
1437	PRO57-PRO1436	residue_residue	True	True	True	formal_classifier_candidate
1438	PRO57-PRO1437	residue_residue	True	True	True	formal_classifier_candidate
1439	PRO57-GTP	residue_cofactor	True	True	True	formal_classifier_candidate
1440	PRO58-PRO59	residue_residue	True	True	True	formal_classifier_candidate
1441	PRO58-PRO60	residue_residue	True	True	True	formal_classifier_candidate
1442	PRO58-PRO61	residue_residue	True	True	True	formal_classifier_candidate
1443	PRO58-PRO62	residue_residue	True	True	True	formal_classifier_candidate
1444	PRO58-PRO63	residue_residue	True	True	True	formal_classifier_candidate
1445	PRO58-PRO64	residue_residue	True	True	True	formal_classifier_candidate
1446	PRO58-PRO65	residue_residue	True	True	True	formal_classifier_candidate
1447	PRO58-PRO66	residue_residue	True	True	True	formal_classifier_candidate
1448	PRO58-PRO67	residue_residue	True	True	True	formal_classifier_candidate
1449	PRO58-PRO68	residue_residue	True	True	True	formal_classifier_candidate
1450	PRO58-PRO69	residue_residue	True	True	True	formal_classifier_candidate
1451	PRO58-PRO70	residue_residue	True	True	True	formal_classifier_candidate
1452	PRO58-PRO71	residue_residue	True	True	True	formal_classifier_candidate
1453	PRO58-PRO72	residue_residue	True	True	True	formal_classifier_candidate
1454	PRO58-PRO73	residue_residue	True	True	True	formal_classifier_candidate
1455	PRO58-PRO74	residue_residue	True	True	True	formal_classifier_candidate
1456	PRO58-PRO75	residue_residue	True	True	True	formal_classifier_candidate
1457	PRO58-PRO78	residue_residue	True	True	True	formal_classifier_candidate
1458	PRO58-PRO79	residue_residue	True	True	True	formal_classifier_candidate
1459	PRO58-PRO80	residue_residue	True	True	True	formal_classifier_candidate
1460	PRO58-PRO81	residue_residue	True	True	True	formal_classifier_candidate
1461	PRO58-PRO96	residue_residue	True	True	True	formal_classifier_candidate
1462	PRO58-PRO156	residue_residue	True	True	True	formal_classifier_candidate
1463	PRO58-PRO1276	residue_residue	True	True	True	formal_classifier_candidate
1464	PRO58-PRO1390	residue_residue	True	True	True	formal_classifier_candidate
1465	PRO58-PRO1394	residue_residue	True	True	True	formal_classifier_candidate
1466	PRO58-PRO1395	residue_residue	True	True	True	formal_classifier_candidate
1467	PRO58-PRO1398	residue_residue	True	True	True	formal_classifier_candidate
1468	PRO58-PRO1399	residue_residue	True	True	True	formal_classifier_candidate
1469	PRO58-PRO1416	residue_residue	True	True	True	formal_classifier_candidate
1470	PRO58-PRO1419	residue_residue	True	True	True	formal_classifier_candidate
1471	PRO58-PRO1422	residue_residue	True	True	True	formal_classifier_candidate
1472	PRO58-PRO1423	residue_residue	True	True	True	formal_classifier_candidate
1473	PRO58-PRO1436	residue_residue	True	True	True	formal_classifier_candidate
1474	PRO58-GTP	residue_cofactor	True	True	True	formal_classifier_candidate
1475	PRO59-PRO60	residue_residue	True	True	True	formal_classifier_candidate
1476	PRO59-PRO61	residue_residue	True	True	True	formal_classifier_candidate
1477	PRO59-PRO62	residue_residue	True	True	True	formal_classifier_candidate
1478	PRO59-PRO63	residue_residue	True	True	True	formal_classifier_candidate
1479	PRO59-PRO64	residue_residue	True	True	True	formal_classifier_candidate
1480	PRO59-PRO65	residue_residue	True	True	True	formal_classifier_candidate
1481	PRO59-PRO66	residue_residue	True	True	True	formal_classifier_candidate
1482	PRO59-PRO67	residue_residue	True	True	True	formal_classifier_candidate
1483	PRO59-PRO68	residue_residue	True	True	True	formal_classifier_candidate
1484	PRO59-PRO71	residue_residue	True	True	True	formal_classifier_candidate
1485	PRO59-PRO72	residue_residue	True	True	True	formal_classifier_candidate
1486	PRO59-PRO88	residue_residue	True	True	True	formal_classifier_candidate
1487	PRO59-PRO92	residue_residue	True	True	True	formal_classifier_candidate
1488	PRO59-PRO96	residue_residue	True	True	True	formal_classifier_candidate
1489	PRO59-PRO1276	residue_residue	True	True	True	formal_classifier_candidate
1490	PRO59-PRO1389	residue_residue	True	True	True	formal_classifier_candidate
1491	PRO59-PRO1390	residue_residue	True	True	True	formal_classifier_candidate
1492	PRO59-PRO1391	residue_residue	True	True	True	formal_classifier_candidate
1493	PRO59-PRO1392	residue_residue	True	True	True	formal_classifier_candidate
1494	PRO59-PRO1394	residue_residue	True	True	True	formal_classifier_candidate
1495	PRO59-PRO1395	residue_residue	True	True	True	formal_classifier_candidate
1496	PRO59-PRO1398	residue_residue	True	True	True	formal_classifier_candidate
1497	PRO59-PRO1399	residue_residue	True	True	True	formal_classifier_candidate
1498	PRO59-PRO1419	residue_residue	True	True	True	formal_classifier_candidate
1499	PRO59-PRO1422	residue_residue	True	True	True	formal_classifier_candidate
1500	PRO59-PRO1423	residue_residue	True	True	True	formal_classifier_candidate
1501	PRO59-PRO1426	residue_residue	True	True	True	formal_classifier_candidate
1502	PRO59-PRO1436	residue_residue	True	True	True	formal_classifier_candidate
1503	PRO59-GTP	residue_cofactor	True	True	True	formal_classifier_candidate
1504	PRO60-PRO61	residue_residue	True	True	True	formal_classifier_candidate
1505	PRO60-PRO62	residue_residue	True	True	True	formal_classifier_candidate
1506	PRO60-PRO63	residue_residue	True	True	True	formal_classifier_candidate
1507	PRO60-PRO64	residue_residue	True	True	True	formal_classifier_candidate
1508	PRO60-PRO65	residue_residue	True	True	True	formal_classifier_candidate
1509	PRO60-PRO66	residue_residue	True	True	True	formal_classifier_candidate
1510	PRO60-PRO67	residue_residue	True	True	True	formal_classifier_candidate
1511	PRO60-PRO68	residue_residue	True	True	True	formal_classifier_candidate
1512	PRO60-PRO71	residue_residue	True	True	True	formal_classifier_candidate
1513	PRO60-PRO72	residue_residue	True	True	True	formal_classifier_candidate
1514	PRO60-PRO80	residue_residue	True	True	True	formal_classifier_candidate
1515	PRO60-PRO81	residue_residue	True	True	True	formal_classifier_candidate
1516	PRO60-PRO82	residue_residue	True	True	True	formal_classifier_candidate
1517	PRO60-PRO86	residue_residue	True	True	True	formal_classifier_candidate
1518	PRO60-PRO88	residue_residue	True	True	True	formal_classifier_candidate
1519	PRO60-PRO89	residue_residue	True	True	True	formal_classifier_candidate
1520	PRO60-PRO92	residue_residue	True	True	True	formal_classifier_candidate
1521	PRO60-PRO96	residue_residue	True	True	True	formal_classifier_candidate
1522	PRO60-PRO1275	residue_residue	True	True	True	formal_classifier_candidate
1523	PRO60-PRO1276	residue_residue	True	True	True	formal_classifier_candidate
1524	PRO60-PRO1277	residue_residue	True	True	True	formal_classifier_candidate
1525	PRO60-PRO1278	residue_residue	True	True	True	formal_classifier_candidate
1526	PRO60-PRO1282	residue_residue	True	True	True	formal_classifier_candidate
1527	PRO60-PRO1283	residue_residue	True	True	True	formal_classifier_candidate
1528	PRO60-PRO1390	residue_residue	True	True	True	formal_classifier_candidate
1529	PRO60-PRO1391	residue_residue	True	True	True	formal_classifier_candidate
1530	PRO60-PRO1395	residue_residue	True	True	True	formal_classifier_candidate
1531	PRO60-PRO1398	residue_residue	True	True	True	formal_classifier_candidate
1532	PRO60-GTP	residue_cofactor	True	True	True	formal_classifier_candidate
1533	PRO60-LIG	residue_ligand	True	True	True	formal_classifier_candidate
1534	PRO61-PRO62	residue_residue	True	True	True	formal_classifier_candidate
1535	PRO61-PRO63	residue_residue	True	True	True	formal_classifier_candidate
1536	PRO61-PRO64	residue_residue	True	True	True	formal_classifier_candidate
1537	PRO61-PRO65	residue_residue	True	True	True	formal_classifier_candidate
1538	PRO61-PRO66	residue_residue	True	True	True	formal_classifier_candidate
1539	PRO61-PRO67	residue_residue	True	True	True	formal_classifier_candidate
1540	PRO61-PRO68	residue_residue	True	True	True	formal_classifier_candidate
1541	PRO61-PRO71	residue_residue	True	True	True	formal_classifier_candidate
1542	PRO61-PRO86	residue_residue	True	True	True	formal_classifier_candidate
1543	PRO61-PRO88	residue_residue	True	True	True	formal_classifier_candidate
1544	PRO61-PRO89	residue_residue	True	True	True	formal_classifier_candidate
1545	PRO61-PRO92	residue_residue	True	True	True	formal_classifier_candidate
1546	PRO61-PRO96	residue_residue	True	True	True	formal_classifier_candidate
1547	PRO61-PRO1237	residue_residue	True	True	True	formal_classifier_candidate
1548	PRO61-PRO1272	residue_residue	True	True	True	formal_classifier_candidate
1549	PRO61-PRO1273	residue_residue	True	True	True	formal_classifier_candidate
1550	PRO61-PRO1274	residue_residue	True	True	True	formal_classifier_candidate
1551	PRO61-PRO1275	residue_residue	True	True	True	formal_classifier_candidate
1552	PRO61-PRO1276	residue_residue	True	True	True	formal_classifier_candidate
1553	PRO61-PRO1277	residue_residue	True	True	True	formal_classifier_candidate
1554	PRO61-PRO1278	residue_residue	True	True	True	formal_classifier_candidate
1555	PRO61-PRO1279	residue_residue	True	True	True	formal_classifier_candidate
1556	PRO61-PRO1282	residue_residue	True	True	True	formal_classifier_candidate
1557	PRO61-PRO1283	residue_residue	True	True	True	formal_classifier_candidate
1558	PRO61-PRO1285	residue_residue	True	True	True	formal_classifier_candidate
1559	PRO61-PRO1286	residue_residue	True	True	True	formal_classifier_candidate
1560	PRO61-PRO1289	residue_residue	True	True	True	formal_classifier_candidate
1561	PRO61-PRO1290	residue_residue	True	True	True	formal_classifier_candidate
1562	PRO61-PRO1386	residue_residue	True	True	True	formal_classifier_candidate
1563	PRO61-PRO1387	residue_residue	True	True	True	formal_classifier_candidate
1564	PRO61-PRO1388	residue_residue	True	True	True	formal_classifier_candidate
1565	PRO61-PRO1389	residue_residue	True	True	True	formal_classifier_candidate
1566	PRO61-PRO1390	residue_residue	True	True	True	formal_classifier_candidate
1567	PRO61-PRO1391	residue_residue	True	True	True	formal_classifier_candidate
1568	PRO61-PRO1392	residue_residue	True	True	True	formal_classifier_candidate
1569	PRO61-PRO1394	residue_residue	True	True	True	formal_classifier_candidate
1570	PRO61-PRO1395	residue_residue	True	True	True	formal_classifier_candidate
1571	PRO61-PRO1398	residue_residue	True	True	True	formal_classifier_candidate
1572	PRO61-PRO1426	residue_residue	True	True	True	formal_classifier_candidate
1573	PRO61-GTP	residue_cofactor	True	True	True	formal_classifier_candidate
1574	PRO61-LIG	residue_ligand	True	True	True	formal_classifier_candidate
1575	PRO62-PRO63	residue_residue	True	True	True	formal_classifier_candidate
1576	PRO62-PRO64	residue_residue	True	True	True	formal_classifier_candidate
1577	PRO62-PRO65	residue_residue	True	True	True	formal_classifier_candidate
1578	PRO62-PRO66	residue_residue	True	True	True	formal_classifier_candidate
1579	PRO62-PRO67	residue_residue	True	True	True	formal_classifier_candidate
1580	PRO62-PRO68	residue_residue	True	True	True	formal_classifier_candidate
1581	PRO62-PRO71	residue_residue	True	True	True	formal_classifier_candidate
1582	PRO62-PRO86	residue_residue	True	True	True	formal_classifier_candidate
1583	PRO62-PRO88	residue_residue	True	True	True	formal_classifier_candidate
1584	PRO62-PRO89	residue_residue	True	True	True	formal_classifier_candidate
1585	PRO62-PRO91	residue_residue	True	True	True	formal_classifier_candidate
1586	PRO62-PRO92	residue_residue	True	True	True	formal_classifier_candidate
1587	PRO62-PRO95	residue_residue	True	True	True	formal_classifier_candidate
1588	PRO62-PRO96	residue_residue	True	True	True	formal_classifier_candidate
1589	PRO62-PRO1233	residue_residue	True	True	True	formal_classifier_candidate
1590	PRO62-PRO1234	residue_residue	True	True	True	formal_classifier_candidate
1591	PRO62-PRO1235	residue_residue	True	True	True	formal_classifier_candidate
1592	PRO62-PRO1236	residue_residue	True	True	True	formal_classifier_candidate
1593	PRO62-PRO1237	residue_residue	True	True	True	formal_classifier_candidate
1594	PRO62-PRO1238	residue_residue	True	True	True	formal_classifier_candidate
1595	PRO62-PRO1240	residue_residue	True	True	True	formal_classifier_candidate
1596	PRO62-PRO1241	residue_residue	True	True	True	formal_classifier_candidate
1597	PRO62-PRO1275	residue_residue	True	True	True	formal_classifier_candidate
1598	PRO62-PRO1276	residue_residue	True	True	True	formal_classifier_candidate
1599	PRO62-PRO1277	residue_residue	True	True	True	formal_classifier_candidate
1600	PRO62-PRO1278	residue_residue	True	True	True	formal_classifier_candidate
1601	PRO62-PRO1279	residue_residue	True	True	True	formal_classifier_candidate
1602	PRO62-PRO1280	residue_residue	True	True	True	formal_classifier_candidate
1603	PRO62-PRO1282	residue_residue	True	True	True	formal_classifier_candidate
1604	PRO62-PRO1283	residue_residue	True	True	True	formal_classifier_candidate
1605	PRO62-PRO1285	residue_residue	True	True	True	formal_classifier_candidate
1606	PRO62-PRO1286	residue_residue	True	True	True	formal_classifier_candidate
1607	PRO62-PRO1287	residue_residue	True	True	True	formal_classifier_candidate
1608	PRO62-PRO1290	residue_residue	True	True	True	formal_classifier_candidate
1609	PRO62-PRO1390	residue_residue	True	True	True	formal_classifier_candidate
1610	PRO62-PRO1391	residue_residue	True	True	True	formal_classifier_candidate
1611	PRO62-PRO1392	residue_residue	True	True	True	formal_classifier_candidate
1612	PRO62-PRO1395	residue_residue	True	True	True	formal_classifier_candidate
1613	PRO62-PRO1402	residue_residue	True	True	True	formal_classifier_candidate
1614	PRO62-GTP	residue_cofactor	True	True	True	formal_classifier_candidate
1615	PRO62-LIG	residue_ligand	True	True	True	formal_classifier_candidate
1616	PRO63-PRO64	residue_residue	True	True	True	formal_classifier_candidate
1617	PRO63-PRO65	residue_residue	True	True	True	formal_classifier_candidate
1618	PRO63-PRO66	residue_residue	True	True	True	formal_classifier_candidate
1619	PRO63-PRO67	residue_residue	True	True	True	formal_classifier_candidate
1620	PRO63-PRO68	residue_residue	True	True	True	formal_classifier_candidate
1621	PRO63-PRO71	residue_residue	True	True	True	formal_classifier_candidate
1622	PRO63-PRO88	residue_residue	True	True	True	formal_classifier_candidate
1623	PRO63-PRO96	residue_residue	True	True	True	formal_classifier_candidate
1624	PRO63-PRO1237	residue_residue	True	True	True	formal_classifier_candidate
1625	PRO63-PRO1240	residue_residue	True	True	True	formal_classifier_candidate
1626	PRO63-PRO1241	residue_residue	True	True	True	formal_classifier_candidate
1627	PRO63-PRO1275	residue_residue	True	True	True	formal_classifier_candidate
1628	PRO63-PRO1277	residue_residue	True	True	True	formal_classifier_candidate
1629	PRO63-PRO1278	residue_residue	True	True	True	formal_classifier_candidate
1630	PRO63-PRO1279	residue_residue	True	True	True	formal_classifier_candidate
1631	PRO63-PRO1280	residue_residue	True	True	True	formal_classifier_candidate
1632	PRO63-PRO1281	residue_residue	True	True	True	formal_classifier_candidate
1633	PRO63-PRO1282	residue_residue	True	True	True	formal_classifier_candidate
1634	PRO63-PRO1283	residue_residue	True	True	True	formal_classifier_candidate
1635	PRO63-PRO1284	residue_residue	True	True	True	formal_classifier_candidate
1636	PRO63-PRO1285	residue_residue	True	True	True	formal_classifier_candidate
1637	PRO63-PRO1286	residue_residue	True	True	True	formal_classifier_candidate
1638	PRO63-PRO1287	residue_residue	True	True	True	formal_classifier_candidate
1639	PRO63-PRO1289	residue_residue	True	True	True	formal_classifier_candidate
1640	PRO63-PRO1290	residue_residue	True	True	True	formal_classifier_candidate
1641	PRO63-PRO1386	residue_residue	True	True	True	formal_classifier_candidate
1642	PRO63-PRO1387	residue_residue	True	True	True	formal_classifier_candidate
1643	PRO63-PRO1388	residue_residue	True	True	True	formal_classifier_candidate
1644	PRO63-PRO1389	residue_residue	True	True	True	formal_classifier_candidate
1645	PRO63-PRO1390	residue_residue	True	True	True	formal_classifier_candidate
1646	PRO63-PRO1391	residue_residue	True	True	True	formal_classifier_candidate
1647	PRO63-PRO1392	residue_residue	True	True	True	formal_classifier_candidate
1648	PRO63-PRO1393	residue_residue	True	True	True	formal_classifier_candidate
1649	PRO63-PRO1394	residue_residue	True	True	True	formal_classifier_candidate
1650	PRO63-PRO1395	residue_residue	True	True	True	formal_classifier_candidate
1651	PRO63-PRO1398	residue_residue	True	True	True	formal_classifier_candidate
1652	PRO63-PRO1399	residue_residue	True	True	True	formal_classifier_candidate
1653	PRO63-PRO1402	residue_residue	True	True	True	formal_classifier_candidate
1654	PRO63-GTP	residue_cofactor	True	True	True	formal_classifier_candidate
1655	PRO63-LIG	residue_ligand	True	True	True	formal_classifier_candidate
1656	PRO64-PRO65	residue_residue	True	True	True	formal_classifier_candidate
1657	PRO64-PRO66	residue_residue	True	True	True	formal_classifier_candidate
1658	PRO64-PRO67	residue_residue	True	True	True	formal_classifier_candidate
1659	PRO64-PRO68	residue_residue	True	True	True	formal_classifier_candidate
1660	PRO64-PRO69	residue_residue	True	True	True	formal_classifier_candidate
1661	PRO64-PRO70	residue_residue	True	True	True	formal_classifier_candidate
1662	PRO64-PRO71	residue_residue	True	True	True	formal_classifier_candidate
1663	PRO64-PRO72	residue_residue	True	True	True	formal_classifier_candidate
1664	PRO64-PRO88	residue_residue	True	True	True	formal_classifier_candidate
1665	PRO64-PRO96	residue_residue	True	True	True	formal_classifier_candidate
1666	PRO64-PRO1275	residue_residue	True	True	True	formal_classifier_candidate
1667	PRO64-PRO1276	residue_residue	True	True	True	formal_classifier_candidate
1668	PRO64-PRO1282	residue_residue	True	True	True	formal_classifier_candidate
1669	PRO64-PRO1283	residue_residue	True	True	True	formal_classifier_candidate
1670	PRO64-PRO1285	residue_residue	True	True	True	formal_classifier_candidate
1671	PRO64-PRO1286	residue_residue	True	True	True	formal_classifier_candidate
1672	PRO64-PRO1289	residue_residue	True	True	True	formal_classifier_candidate
1673	PRO64-PRO1290	residue_residue	True	True	True	formal_classifier_candidate
1674	PRO64-PRO1385	residue_residue	True	True	True	formal_classifier_candidate
1675	PRO64-PRO1386	residue_residue	True	True	True	formal_classifier_candidate
1676	PRO64-PRO1387	residue_residue	True	True	True	formal_classifier_candidate
1677	PRO64-PRO1388	residue_residue	True	True	True	formal_classifier_candidate
1678	PRO64-PRO1389	residue_residue	True	True	True	formal_classifier_candidate
1679	PRO64-PRO1390	residue_residue	True	True	True	formal_classifier_candidate
1680	PRO64-PRO1391	residue_residue	True	True	True	formal_classifier_candidate
1681	PRO64-PRO1392	residue_residue	True	True	True	formal_classifier_candidate
1682	PRO64-PRO1393	residue_residue	True	True	True	formal_classifier_candidate
1683	PRO64-PRO1394	residue_residue	True	True	True	formal_classifier_candidate
1684	PRO64-PRO1395	residue_residue	True	True	True	formal_classifier_candidate
1685	PRO64-PRO1398	residue_residue	True	True	True	formal_classifier_candidate
1686	PRO64-PRO1399	residue_residue	True	True	True	formal_classifier_candidate
1687	PRO64-PRO1402	residue_residue	True	True	True	formal_classifier_candidate
1688	PRO64-PRO1409	residue_residue	True	True	True	formal_classifier_candidate
1689	PRO64-PRO1419	residue_residue	True	True	True	formal_classifier_candidate
1690	PRO64-PRO1422	residue_residue	True	True	True	formal_classifier_candidate
1691	PRO64-PRO1423	residue_residue	True	True	True	formal_classifier_candidate
1692	PRO64-PRO1425	residue_residue	True	True	True	formal_classifier_candidate
1693	PRO64-PRO1426	residue_residue	True	True	True	formal_classifier_candidate
1694	PRO64-GTP	residue_cofactor	True	True	True	formal_classifier_candidate
1695	PRO64-LIG	residue_ligand	True	True	True	formal_classifier_candidate
1696	PRO65-PRO66	residue_residue	True	True	True	formal_classifier_candidate
1697	PRO65-PRO67	residue_residue	True	True	True	formal_classifier_candidate
1698	PRO65-PRO68	residue_residue	True	True	True	formal_classifier_candidate
1699	PRO65-PRO69	residue_residue	True	True	True	formal_classifier_candidate
1700	PRO65-PRO70	residue_residue	True	True	True	formal_classifier_candidate
1701	PRO65-PRO71	residue_residue	True	True	True	formal_classifier_candidate
1702	PRO65-PRO72	residue_residue	True	True	True	formal_classifier_candidate
1703	PRO65-PRO88	residue_residue	True	True	True	formal_classifier_candidate
1704	PRO65-PRO92	residue_residue	True	True	True	formal_classifier_candidate
1705	PRO65-PRO95	residue_residue	True	True	True	formal_classifier_candidate
1706	PRO65-PRO96	residue_residue	True	True	True	formal_classifier_candidate
1707	PRO65-PRO99	residue_residue	True	True	True	formal_classifier_candidate
1708	PRO65-PRO103	residue_residue	True	True	True	formal_classifier_candidate
1709	PRO65-PRO1237	residue_residue	True	True	True	formal_classifier_candidate
1710	PRO65-PRO1241	residue_residue	True	True	True	formal_classifier_candidate
1711	PRO65-PRO1283	residue_residue	True	True	True	formal_classifier_candidate
1712	PRO65-PRO1286	residue_residue	True	True	True	formal_classifier_candidate
1713	PRO65-PRO1290	residue_residue	True	True	True	formal_classifier_candidate
1714	PRO65-PRO1390	residue_residue	True	True	True	formal_classifier_candidate
1715	PRO65-PRO1391	residue_residue	True	True	True	formal_classifier_candidate
1716	PRO65-PRO1395	residue_residue	True	True	True	formal_classifier_candidate
1717	PRO65-PRO1398	residue_residue	True	True	True	formal_classifier_candidate
1718	PRO65-PRO1399	residue_residue	True	True	True	formal_classifier_candidate
1719	PRO65-PRO1402	residue_residue	True	True	True	formal_classifier_candidate
1720	PRO65-PRO1409	residue_residue	True	True	True	formal_classifier_candidate
1721	PRO65-LIG	residue_ligand	True	True	True	formal_classifier_candidate
1722	PRO66-PRO67	residue_residue	True	True	True	formal_classifier_candidate
1723	PRO66-PRO68	residue_residue	True	True	True	formal_classifier_candidate
1724	PRO66-PRO69	residue_residue	True	True	True	formal_classifier_candidate
1725	PRO66-PRO70	residue_residue	True	True	True	formal_classifier_candidate
1726	PRO66-PRO71	residue_residue	True	True	True	formal_classifier_candidate
1727	PRO66-PRO72	residue_residue	True	True	True	formal_classifier_candidate
1728	PRO66-PRO73	residue_residue	True	True	True	formal_classifier_candidate
1729	PRO66-PRO96	residue_residue	True	True	True	formal_classifier_candidate
1730	PRO66-PRO99	residue_residue	True	True	True	formal_classifier_candidate
1731	PRO66-PRO103	residue_residue	True	True	True	formal_classifier_candidate
1732	PRO66-PRO1290	residue_residue	True	True	True	formal_classifier_candidate
1733	PRO66-PRO1395	residue_residue	True	True	True	formal_classifier_candidate
1734	PRO66-PRO1398	residue_residue	True	True	True	formal_classifier_candidate
1735	PRO66-PRO1399	residue_residue	True	True	True	formal_classifier_candidate
1736	PRO66-PRO1401	residue_residue	True	True	True	formal_classifier_candidate
1737	PRO66-PRO1402	residue_residue	True	True	True	formal_classifier_candidate
1738	PRO66-PRO1409	residue_residue	True	True	True	formal_classifier_candidate
1739	PRO66-PRO1419	residue_residue	True	True	True	formal_classifier_candidate
1740	PRO66-LIG	residue_ligand	True	True	True	formal_classifier_candidate
1741	PRO67-PRO68	residue_residue	True	True	True	formal_classifier_candidate
1742	PRO67-PRO69	residue_residue	True	True	True	formal_classifier_candidate
1743	PRO67-PRO70	residue_residue	True	True	True	formal_classifier_candidate
1744	PRO67-PRO71	residue_residue	True	True	True	formal_classifier_candidate
1745	PRO67-PRO72	residue_residue	True	True	True	formal_classifier_candidate
1746	PRO67-PRO73	residue_residue	True	True	True	formal_classifier_candidate
1747	PRO67-PRO74	residue_residue	True	True	True	formal_classifier_candidate
1748	PRO67-PRO75	residue_residue	True	True	True	formal_classifier_candidate
1749	PRO67-PRO78	residue_residue	True	True	True	formal_classifier_candidate
1750	PRO67-PRO96	residue_residue	True	True	True	formal_classifier_candidate
1751	PRO67-PRO99	residue_residue	True	True	True	formal_classifier_candidate
1752	PRO67-PRO103	residue_residue	True	True	True	formal_classifier_candidate
1753	PRO67-PRO1290	residue_residue	True	True	True	formal_classifier_candidate
1754	PRO67-PRO1389	residue_residue	True	True	True	formal_classifier_candidate
1755	PRO67-PRO1390	residue_residue	True	True	True	formal_classifier_candidate
1756	PRO67-PRO1391	residue_residue	True	True	True	formal_classifier_candidate
1757	PRO67-PRO1392	residue_residue	True	True	True	formal_classifier_candidate
1758	PRO67-PRO1393	residue_residue	True	True	True	formal_classifier_candidate
1759	PRO67-PRO1394	residue_residue	True	True	True	formal_classifier_candidate
1760	PRO67-PRO1395	residue_residue	True	True	True	formal_classifier_candidate
1761	PRO67-PRO1398	residue_residue	True	True	True	formal_classifier_candidate
1762	PRO67-PRO1399	residue_residue	True	True	True	formal_classifier_candidate
1763	PRO67-PRO1401	residue_residue	True	True	True	formal_classifier_candidate
1764	PRO67-PRO1402	residue_residue	True	True	True	formal_classifier_candidate
1765	PRO67-PRO1409	residue_residue	True	True	True	formal_classifier_candidate
1766	PRO67-PRO1419	residue_residue	True	True	True	formal_classifier_candidate
1767	PRO67-PRO1422	residue_residue	True	True	True	formal_classifier_candidate
1768	PRO67-LIG	residue_ligand	True	True	True	formal_classifier_candidate
1769	PRO68-PRO69	residue_residue	True	True	True	formal_classifier_candidate
1770	PRO68-PRO70	residue_residue	True	True	True	formal_classifier_candidate
1771	PRO68-PRO71	residue_residue	True	True	True	formal_classifier_candidate
1772	PRO68-PRO72	residue_residue	True	True	True	formal_classifier_candidate
1773	PRO68-PRO73	residue_residue	True	True	True	formal_classifier_candidate
1774	PRO68-PRO74	residue_residue	True	True	True	formal_classifier_candidate
1775	PRO68-PRO75	residue_residue	True	True	True	formal_classifier_candidate
1776	PRO68-PRO78	residue_residue	True	True	True	formal_classifier_candidate
1777	PRO68-PRO81	residue_residue	True	True	True	formal_classifier_candidate
1778	PRO68-PRO86	residue_residue	True	True	True	formal_classifier_candidate
1779	PRO68-PRO88	residue_residue	True	True	True	formal_classifier_candidate
1780	PRO68-PRO89	residue_residue	True	True	True	formal_classifier_candidate
1781	PRO68-PRO91	residue_residue	True	True	True	formal_classifier_candidate
1782	PRO68-PRO92	residue_residue	True	True	True	formal_classifier_candidate
1783	PRO68-PRO93	residue_residue	True	True	True	formal_classifier_candidate
1784	PRO68-PRO95	residue_residue	True	True	True	formal_classifier_candidate
1785	PRO68-PRO96	residue_residue	True	True	True	formal_classifier_candidate
1786	PRO68-PRO97	residue_residue	True	True	True	formal_classifier_candidate
1787	PRO68-PRO98	residue_residue	True	True	True	formal_classifier_candidate
1788	PRO68-PRO99	residue_residue	True	True	True	formal_classifier_candidate
1789	PRO68-PRO100	residue_residue	True	True	True	formal_classifier_candidate
1790	PRO68-PRO102	residue_residue	True	True	True	formal_classifier_candidate
1791	PRO68-PRO103	residue_residue	True	True	True	formal_classifier_candidate
1792	PRO68-PRO104	residue_residue	True	True	True	formal_classifier_candidate
1793	PRO68-PRO1234	residue_residue	True	True	True	formal_classifier_candidate
1794	PRO68-PRO1278	residue_residue	True	True	True	formal_classifier_candidate
1795	PRO68-PRO1283	residue_residue	True	True	True	formal_classifier_candidate
1796	PRO68-PRO1391	residue_residue	True	True	True	formal_classifier_candidate
1797	PRO68-PRO1395	residue_residue	True	True	True	formal_classifier_candidate
1798	PRO68-PRO1398	residue_residue	True	True	True	formal_classifier_candidate
1799	PRO68-PRO1399	residue_residue	True	True	True	formal_classifier_candidate
1800	PRO68-PRO1402	residue_residue	True	True	True	formal_classifier_candidate
1801	PRO68-PRO1409	residue_residue	True	True	True	formal_classifier_candidate
1802	PRO68-PRO1419	residue_residue	True	True	True	formal_classifier_candidate
1803	PRO68-GTP	residue_cofactor	True	True	True	formal_classifier_candidate
1804	PRO68-LIG	residue_ligand	True	True	True	formal_classifier_candidate
1805	PRO69-PRO70	residue_residue	True	True	True	formal_classifier_candidate
1806	PRO69-PRO71	residue_residue	True	True	True	formal_classifier_candidate
1807	PRO69-PRO72	residue_residue	True	True	True	formal_classifier_candidate
1808	PRO69-PRO73	residue_residue	True	True	True	formal_classifier_candidate
1809	PRO69-PRO74	residue_residue	True	True	True	formal_classifier_candidate
1810	PRO69-PRO75	residue_residue	True	True	True	formal_classifier_candidate
1811	PRO69-PRO76	residue_residue	True	True	True	formal_classifier_candidate
1812	PRO69-PRO78	residue_residue	True	True	True	formal_classifier_candidate
1813	PRO69-PRO96	residue_residue	True	True	True	formal_classifier_candidate
1814	PRO69-PRO98	residue_residue	True	True	True	formal_classifier_candidate
1815	PRO69-PRO99	residue_residue	True	True	True	formal_classifier_candidate
1816	PRO69-PRO100	residue_residue	True	True	True	formal_classifier_candidate
1817	PRO69-PRO101	residue_residue	True	True	True	formal_classifier_candidate
1818	PRO69-PRO102	residue_residue	True	True	True	formal_classifier_candidate
1819	PRO69-PRO103	residue_residue	True	True	True	formal_classifier_candidate
1820	PRO69-PRO104	residue_residue	True	True	True	formal_classifier_candidate
1821	PRO69-PRO1398	residue_residue	True	True	True	formal_classifier_candidate
1822	PRO69-PRO1399	residue_residue	True	True	True	formal_classifier_candidate
1823	PRO69-PRO1402	residue_residue	True	True	True	formal_classifier_candidate
1824	PRO69-PRO1409	residue_residue	True	True	True	formal_classifier_candidate
1825	PRO69-LIG	residue_ligand	True	True	True	formal_classifier_candidate
1826	PRO70-PRO71	residue_residue	True	True	True	formal_classifier_candidate
1827	PRO70-PRO72	residue_residue	True	True	True	formal_classifier_candidate
1828	PRO70-PRO73	residue_residue	True	True	True	formal_classifier_candidate
1829	PRO70-PRO74	residue_residue	True	True	True	formal_classifier_candidate
1830	PRO70-PRO75	residue_residue	True	True	True	formal_classifier_candidate
1831	PRO70-PRO76	residue_residue	True	True	True	formal_classifier_candidate
1832	PRO70-PRO78	residue_residue	True	True	True	formal_classifier_candidate
1833	PRO70-PRO99	residue_residue	True	True	True	formal_classifier_candidate
1834	PRO70-PRO100	residue_residue	True	True	True	formal_classifier_candidate
1835	PRO70-PRO103	residue_residue	True	True	True	formal_classifier_candidate
1836	PRO70-PRO104	residue_residue	True	True	True	formal_classifier_candidate
1837	PRO70-PRO1398	residue_residue	True	True	True	formal_classifier_candidate
1838	PRO70-PRO1399	residue_residue	True	True	True	formal_classifier_candidate
1839	PRO70-PRO1401	residue_residue	True	True	True	formal_classifier_candidate
1840	PRO70-PRO1402	residue_residue	True	True	True	formal_classifier_candidate
1841	PRO70-PRO1409	residue_residue	True	True	True	formal_classifier_candidate
1842	PRO70-PRO1419	residue_residue	True	True	True	formal_classifier_candidate
1843	PRO71-PRO72	residue_residue	True	True	True	formal_classifier_candidate
1844	PRO71-PRO73	residue_residue	True	True	True	formal_classifier_candidate
1845	PRO71-PRO74	residue_residue	True	True	True	formal_classifier_candidate
1846	PRO71-PRO75	residue_residue	True	True	True	formal_classifier_candidate
1847	PRO71-PRO76	residue_residue	True	True	True	formal_classifier_candidate
1848	PRO71-PRO77	residue_residue	True	True	True	formal_classifier_candidate
1849	PRO71-PRO78	residue_residue	True	True	True	formal_classifier_candidate
1850	PRO71-PRO79	residue_residue	True	True	True	formal_classifier_candidate
1851	PRO71-PRO96	residue_residue	True	True	True	formal_classifier_candidate
1852	PRO71-PRO99	residue_residue	True	True	True	formal_classifier_candidate
1853	PRO71-PRO100	residue_residue	True	True	True	formal_classifier_candidate
1854	PRO71-PRO103	residue_residue	True	True	True	formal_classifier_candidate
1855	PRO71-PRO104	residue_residue	True	True	True	formal_classifier_candidate
1856	PRO71-PRO109	residue_residue	True	True	True	formal_classifier_candidate
1857	PRO71-PRO1394	residue_residue	True	True	True	formal_classifier_candidate
1858	PRO71-PRO1395	residue_residue	True	True	True	formal_classifier_candidate
1859	PRO71-PRO1398	residue_residue	True	True	True	formal_classifier_candidate
1860	PRO71-PRO1399	residue_residue	True	True	True	formal_classifier_candidate
1861	PRO71-PRO1402	residue_residue	True	True	True	formal_classifier_candidate
1862	PRO71-PRO1409	residue_residue	True	True	True	formal_classifier_candidate
1863	PRO71-PRO1416	residue_residue	True	True	True	formal_classifier_candidate
1864	PRO71-PRO1419	residue_residue	True	True	True	formal_classifier_candidate
1865	PRO71-PRO1420	residue_residue	True	True	True	formal_classifier_candidate
1866	PRO71-PRO1422	residue_residue	True	True	True	formal_classifier_candidate
1867	PRO71-PRO1423	residue_residue	True	True	True	formal_classifier_candidate
1868	PRO72-PRO73	residue_residue	True	True	True	formal_classifier_candidate
1869	PRO72-PRO74	residue_residue	True	True	True	formal_classifier_candidate
1870	PRO72-PRO75	residue_residue	True	True	True	formal_classifier_candidate
1871	PRO72-PRO76	residue_residue	True	True	True	formal_classifier_candidate
1872	PRO72-PRO77	residue_residue	True	True	True	formal_classifier_candidate
1873	PRO72-PRO78	residue_residue	True	True	True	formal_classifier_candidate
1874	PRO72-PRO79	residue_residue	True	True	True	formal_classifier_candidate
1875	PRO72-PRO80	residue_residue	True	True	True	formal_classifier_candidate
1876	PRO72-PRO81	residue_residue	True	True	True	formal_classifier_candidate
1877	PRO72-PRO92	residue_residue	True	True	True	formal_classifier_candidate
1878	PRO72-PRO93	residue_residue	True	True	True	formal_classifier_candidate
1879	PRO72-PRO94	residue_residue	True	True	True	formal_classifier_candidate
1880	PRO72-PRO95	residue_residue	True	True	True	formal_classifier_candidate
1881	PRO72-PRO96	residue_residue	True	True	True	formal_classifier_candidate
1882	PRO72-PRO97	residue_residue	True	True	True	formal_classifier_candidate
1883	PRO72-PRO98	residue_residue	True	True	True	formal_classifier_candidate
1884	PRO72-PRO99	residue_residue	True	True	True	formal_classifier_candidate
1885	PRO72-PRO100	residue_residue	True	True	True	formal_classifier_candidate
1886	PRO72-PRO101	residue_residue	True	True	True	formal_classifier_candidate
1887	PRO72-PRO102	residue_residue	True	True	True	formal_classifier_candidate
1888	PRO72-PRO103	residue_residue	True	True	True	formal_classifier_candidate
1889	PRO72-PRO104	residue_residue	True	True	True	formal_classifier_candidate
1890	PRO72-PRO105	residue_residue	True	True	True	formal_classifier_candidate
1891	PRO72-PRO106	residue_residue	True	True	True	formal_classifier_candidate
1892	PRO72-PRO109	residue_residue	True	True	True	formal_classifier_candidate
1893	PRO72-PRO110	residue_residue	True	True	True	formal_classifier_candidate
1894	PRO72-PRO111	residue_residue	True	True	True	formal_classifier_candidate
1895	PRO72-PRO159	residue_residue	True	True	True	formal_classifier_candidate
1896	PRO73-PRO74	residue_residue	True	True	True	formal_classifier_candidate
1897	PRO73-PRO75	residue_residue	True	True	True	formal_classifier_candidate
1898	PRO73-PRO76	residue_residue	True	True	True	formal_classifier_candidate
1899	PRO73-PRO77	residue_residue	True	True	True	formal_classifier_candidate
1900	PRO73-PRO78	residue_residue	True	True	True	formal_classifier_candidate
1901	PRO73-PRO99	residue_residue	True	True	True	formal_classifier_candidate
1902	PRO73-PRO100	residue_residue	True	True	True	formal_classifier_candidate
1903	PRO73-PRO101	residue_residue	True	True	True	formal_classifier_candidate
1904	PRO73-PRO102	residue_residue	True	True	True	formal_classifier_candidate
1905	PRO73-PRO103	residue_residue	True	True	True	formal_classifier_candidate
1906	PRO73-PRO104	residue_residue	True	True	True	formal_classifier_candidate
1907	PRO73-PRO105	residue_residue	True	True	True	formal_classifier_candidate
1908	PRO73-PRO106	residue_residue	True	True	True	formal_classifier_candidate
1909	PRO73-PRO109	residue_residue	True	True	True	formal_classifier_candidate
1910	PRO73-PRO1409	residue_residue	True	True	True	formal_classifier_candidate
1911	PRO74-PRO75	residue_residue	True	True	True	formal_classifier_candidate
1912	PRO74-PRO76	residue_residue	True	True	True	formal_classifier_candidate
1913	PRO74-PRO77	residue_residue	True	True	True	formal_classifier_candidate
1914	PRO74-PRO78	residue_residue	True	True	True	formal_classifier_candidate
1915	PRO74-PRO79	residue_residue	True	True	True	formal_classifier_candidate
1916	PRO74-PRO100	residue_residue	True	True	True	formal_classifier_candidate
1917	PRO74-PRO103	residue_residue	True	True	True	formal_classifier_candidate
1918	PRO74-PRO104	residue_residue	True	True	True	formal_classifier_candidate
1919	PRO74-PRO109	residue_residue	True	True	True	formal_classifier_candidate
1920	PRO74-PRO110	residue_residue	True	True	True	formal_classifier_candidate
1921	PRO74-PRO1416	residue_residue	True	True	True	formal_classifier_candidate
1922	PRO74-PRO1419	residue_residue	True	True	True	formal_classifier_candidate
1923	PRO75-PRO76	residue_residue	True	True	True	formal_classifier_candidate
1924	PRO75-PRO77	residue_residue	True	True	True	formal_classifier_candidate
1925	PRO75-PRO78	residue_residue	True	True	True	formal_classifier_candidate
1926	PRO75-PRO79	residue_residue	True	True	True	formal_classifier_candidate
1927	PRO75-PRO80	residue_residue	True	True	True	formal_classifier_candidate
1928	PRO75-PRO100	residue_residue	True	True	True	formal_classifier_candidate
1929	PRO75-PRO103	residue_residue	True	True	True	formal_classifier_candidate
1930	PRO75-PRO104	residue_residue	True	True	True	formal_classifier_candidate
1931	PRO75-PRO109	residue_residue	True	True	True	formal_classifier_candidate
1932	PRO75-PRO110	residue_residue	True	True	True	formal_classifier_candidate
1933	PRO75-PRO111	residue_residue	True	True	True	formal_classifier_candidate
1934	PRO75-PRO156	residue_residue	True	True	True	formal_classifier_candidate
1935	PRO75-PRO159	residue_residue	True	True	True	formal_classifier_candidate
1936	PRO76-PRO77	residue_residue	True	True	True	formal_classifier_candidate
1937	PRO76-PRO78	residue_residue	True	True	True	formal_classifier_candidate
1938	PRO76-PRO79	residue_residue	True	True	True	formal_classifier_candidate
1939	PRO76-PRO80	residue_residue	True	True	True	formal_classifier_candidate
1940	PRO76-PRO100	residue_residue	True	True	True	formal_classifier_candidate
1941	PRO76-PRO103	residue_residue	True	True	True	formal_classifier_candidate
1942	PRO76-PRO104	residue_residue	True	True	True	formal_classifier_candidate
1943	PRO76-PRO106	residue_residue	True	True	True	formal_classifier_candidate
1944	PRO76-PRO109	residue_residue	True	True	True	formal_classifier_candidate
1945	PRO76-PRO110	residue_residue	True	True	True	formal_classifier_candidate
1946	PRO76-PRO111	residue_residue	True	True	True	formal_classifier_candidate
1947	PRO76-PRO112	residue_residue	True	True	True	formal_classifier_candidate
1948	PRO76-PRO156	residue_residue	True	True	True	formal_classifier_candidate
1949	PRO76-PRO159	residue_residue	True	True	True	formal_classifier_candidate
1950	PRO77-PRO78	residue_residue	True	True	True	formal_classifier_candidate
1951	PRO77-PRO79	residue_residue	True	True	True	formal_classifier_candidate
1952	PRO77-PRO80	residue_residue	True	True	True	formal_classifier_candidate
1953	PRO77-PRO81	residue_residue	True	True	True	formal_classifier_candidate
1954	PRO77-PRO96	residue_residue	True	True	True	formal_classifier_candidate
1955	PRO77-PRO97	residue_residue	True	True	True	formal_classifier_candidate
1956	PRO77-PRO100	residue_residue	True	True	True	formal_classifier_candidate
1957	PRO77-PRO103	residue_residue	True	True	True	formal_classifier_candidate
1958	PRO77-PRO104	residue_residue	True	True	True	formal_classifier_candidate
1959	PRO77-PRO107	residue_residue	True	True	True	formal_classifier_candidate
1960	PRO77-PRO109	residue_residue	True	True	True	formal_classifier_candidate
1961	PRO77-PRO110	residue_residue	True	True	True	formal_classifier_candidate
1962	PRO77-PRO111	residue_residue	True	True	True	formal_classifier_candidate
1963	PRO77-PRO112	residue_residue	True	True	True	formal_classifier_candidate
1964	PRO77-PRO113	residue_residue	True	True	True	formal_classifier_candidate
1965	PRO77-PRO114	residue_residue	True	True	True	formal_classifier_candidate
1966	PRO77-PRO139	residue_residue	True	True	True	formal_classifier_candidate
1967	PRO77-PRO155	residue_residue	True	True	True	formal_classifier_candidate
1968	PRO77-PRO156	residue_residue	True	True	True	formal_classifier_candidate
1969	PRO77-PRO159	residue_residue	True	True	True	formal_classifier_candidate
1970	PRO78-PRO79	residue_residue	True	True	True	formal_classifier_candidate
1971	PRO78-PRO80	residue_residue	True	True	True	formal_classifier_candidate
1972	PRO78-PRO81	residue_residue	True	True	True	formal_classifier_candidate
1973	PRO78-PRO93	residue_residue	True	True	True	formal_classifier_candidate
1974	PRO78-PRO95	residue_residue	True	True	True	formal_classifier_candidate
1975	PRO78-PRO96	residue_residue	True	True	True	formal_classifier_candidate
1976	PRO78-PRO97	residue_residue	True	True	True	formal_classifier_candidate
1977	PRO78-PRO98	residue_residue	True	True	True	formal_classifier_candidate
1978	PRO78-PRO99	residue_residue	True	True	True	formal_classifier_candidate
1979	PRO78-PRO100	residue_residue	True	True	True	formal_classifier_candidate
1980	PRO78-PRO101	residue_residue	True	True	True	formal_classifier_candidate
1981	PRO78-PRO102	residue_residue	True	True	True	formal_classifier_candidate
1982	PRO78-PRO103	residue_residue	True	True	True	formal_classifier_candidate
1983	PRO78-PRO104	residue_residue	True	True	True	formal_classifier_candidate
1984	PRO78-PRO105	residue_residue	True	True	True	formal_classifier_candidate
1985	PRO78-PRO106	residue_residue	True	True	True	formal_classifier_candidate
1986	PRO78-PRO107	residue_residue	True	True	True	formal_classifier_candidate
1987	PRO78-PRO109	residue_residue	True	True	True	formal_classifier_candidate
1988	PRO78-PRO110	residue_residue	True	True	True	formal_classifier_candidate
1989	PRO78-PRO111	residue_residue	True	True	True	formal_classifier_candidate
1990	PRO78-PRO112	residue_residue	True	True	True	formal_classifier_candidate
1991	PRO78-PRO113	residue_residue	True	True	True	formal_classifier_candidate
1992	PRO78-PRO114	residue_residue	True	True	True	formal_classifier_candidate
1993	PRO78-PRO137	residue_residue	True	True	True	formal_classifier_candidate
1994	PRO78-PRO139	residue_residue	True	True	True	formal_classifier_candidate
1995	PRO78-PRO141	residue_residue	True	True	True	formal_classifier_candidate
1996	PRO78-PRO142	residue_residue	True	True	True	formal_classifier_candidate
1997	PRO78-PRO155	residue_residue	True	True	True	formal_classifier_candidate
1998	PRO78-PRO156	residue_residue	True	True	True	formal_classifier_candidate
1999	PRO78-PRO159	residue_residue	True	True	True	formal_classifier_candidate
2000	PRO79-PRO80	residue_residue	True	True	True	formal_classifier_candidate
2001	PRO79-PRO81	residue_residue	True	True	True	formal_classifier_candidate
2002	PRO79-PRO82	residue_residue	True	True	True	formal_classifier_candidate
2003	PRO79-PRO93	residue_residue	True	True	True	formal_classifier_candidate
2004	PRO79-PRO96	residue_residue	True	True	True	formal_classifier_candidate
2005	PRO79-PRO97	residue_residue	True	True	True	formal_classifier_candidate
2006	PRO79-PRO100	residue_residue	True	True	True	formal_classifier_candidate
2007	PRO79-PRO104	residue_residue	True	True	True	formal_classifier_candidate
2008	PRO79-PRO109	residue_residue	True	True	True	formal_classifier_candidate
2009	PRO79-PRO110	residue_residue	True	True	True	formal_classifier_candidate
2010	PRO79-PRO111	residue_residue	True	True	True	formal_classifier_candidate
2011	PRO79-PRO112	residue_residue	True	True	True	formal_classifier_candidate
2012	PRO79-PRO113	residue_residue	True	True	True	formal_classifier_candidate
2013	PRO79-PRO114	residue_residue	True	True	True	formal_classifier_candidate
2014	PRO79-PRO115	residue_residue	True	True	True	formal_classifier_candidate
2015	PRO79-PRO116	residue_residue	True	True	True	formal_classifier_candidate
2016	PRO79-PRO117	residue_residue	True	True	True	formal_classifier_candidate
2017	PRO79-PRO139	residue_residue	True	True	True	formal_classifier_candidate
2018	PRO79-PRO141	residue_residue	True	True	True	formal_classifier_candidate
2019	PRO79-PRO142	residue_residue	True	True	True	formal_classifier_candidate
2020	PRO79-PRO143	residue_residue	True	True	True	formal_classifier_candidate
2021	PRO79-PRO144	residue_residue	True	True	True	formal_classifier_candidate
2022	PRO79-PRO145	residue_residue	True	True	True	formal_classifier_candidate
2023	PRO79-PRO146	residue_residue	True	True	True	formal_classifier_candidate
2024	PRO79-PRO150	residue_residue	True	True	True	formal_classifier_candidate
2025	PRO79-PRO151	residue_residue	True	True	True	formal_classifier_candidate
2026	PRO79-PRO152	residue_residue	True	True	True	formal_classifier_candidate
2027	PRO79-PRO153	residue_residue	True	True	True	formal_classifier_candidate
2028	PRO79-PRO154	residue_residue	True	True	True	formal_classifier_candidate
2029	PRO79-PRO155	residue_residue	True	True	True	formal_classifier_candidate
2030	PRO79-PRO156	residue_residue	True	True	True	formal_classifier_candidate
2031	PRO79-PRO159	residue_residue	True	True	True	formal_classifier_candidate
2032	PRO79-GTP	residue_cofactor	True	True	True	formal_classifier_candidate
2033	PRO80-PRO81	residue_residue	True	True	True	formal_classifier_candidate
2034	PRO80-PRO82	residue_residue	True	True	True	formal_classifier_candidate
2035	PRO80-PRO83	residue_residue	True	True	True	formal_classifier_candidate
2036	PRO80-PRO84	residue_residue	True	True	True	formal_classifier_candidate
2037	PRO80-PRO89	residue_residue	True	True	True	formal_classifier_candidate
2038	PRO80-PRO90	residue_residue	True	True	True	formal_classifier_candidate
2039	PRO80-PRO91	residue_residue	True	True	True	formal_classifier_candidate
2040	PRO80-PRO92	residue_residue	True	True	True	formal_classifier_candidate
2041	PRO80-PRO93	residue_residue	True	True	True	formal_classifier_candidate
2042	PRO80-PRO94	residue_residue	True	True	True	formal_classifier_candidate
2043	PRO80-PRO95	residue_residue	True	True	True	formal_classifier_candidate
2044	PRO80-PRO96	residue_residue	True	True	True	formal_classifier_candidate
2045	PRO80-PRO97	residue_residue	True	True	True	formal_classifier_candidate
2046	PRO80-PRO98	residue_residue	True	True	True	formal_classifier_candidate
2047	PRO80-PRO99	residue_residue	True	True	True	formal_classifier_candidate
2048	PRO80-PRO100	residue_residue	True	True	True	formal_classifier_candidate
2049	PRO80-PRO101	residue_residue	True	True	True	formal_classifier_candidate
2050	PRO80-PRO104	residue_residue	True	True	True	formal_classifier_candidate
2051	PRO80-PRO109	residue_residue	True	True	True	formal_classifier_candidate
2052	PRO80-PRO110	residue_residue	True	True	True	formal_classifier_candidate
2053	PRO80-PRO111	residue_residue	True	True	True	formal_classifier_candidate
2054	PRO80-PRO112	residue_residue	True	True	True	formal_classifier_candidate
2055	PRO80-PRO113	residue_residue	True	True	True	formal_classifier_candidate
2056	PRO80-PRO114	residue_residue	True	True	True	formal_classifier_candidate
2057	PRO80-PRO115	residue_residue	True	True	True	formal_classifier_candidate
2058	PRO80-PRO116	residue_residue	True	True	True	formal_classifier_candidate
2059	PRO80-PRO125	residue_residue	True	True	True	formal_classifier_candidate
2060	PRO80-PRO130	residue_residue	True	True	True	formal_classifier_candidate
2061	PRO80-PRO133	residue_residue	True	True	True	formal_classifier_candidate
2062	PRO80-PRO134	residue_residue	True	True	True	formal_classifier_candidate
2063	PRO80-PRO137	residue_residue	True	True	True	formal_classifier_candidate
2064	PRO80-PRO139	residue_residue	True	True	True	formal_classifier_candidate
2065	PRO80-PRO141	residue_residue	True	True	True	formal_classifier_candidate
2066	PRO80-PRO142	residue_residue	True	True	True	formal_classifier_candidate
2067	PRO80-PRO143	residue_residue	True	True	True	formal_classifier_candidate
2068	PRO80-PRO144	residue_residue	True	True	True	formal_classifier_candidate
2069	PRO80-PRO155	residue_residue	True	True	True	formal_classifier_candidate
2070	PRO80-PRO156	residue_residue	True	True	True	formal_classifier_candidate
2071	PRO80-PRO159	residue_residue	True	True	True	formal_classifier_candidate
2072	PRO81-PRO82	residue_residue	True	True	True	formal_classifier_candidate
2073	PRO81-PRO83	residue_residue	True	True	True	formal_classifier_candidate
2074	PRO81-PRO84	residue_residue	True	True	True	formal_classifier_candidate
2075	PRO81-PRO85	residue_residue	True	True	True	formal_classifier_candidate
2076	PRO81-PRO86	residue_residue	True	True	True	formal_classifier_candidate
2077	PRO81-PRO87	residue_residue	True	True	True	formal_classifier_candidate
2078	PRO81-PRO88	residue_residue	True	True	True	formal_classifier_candidate
2079	PRO81-PRO89	residue_residue	True	True	True	formal_classifier_candidate
2080	PRO81-PRO90	residue_residue	True	True	True	formal_classifier_candidate
2081	PRO81-PRO91	residue_residue	True	True	True	formal_classifier_candidate
2082	PRO81-PRO92	residue_residue	True	True	True	formal_classifier_candidate
2083	PRO81-PRO93	residue_residue	True	True	True	formal_classifier_candidate
2084	PRO81-PRO94	residue_residue	True	True	True	formal_classifier_candidate
2085	PRO81-PRO95	residue_residue	True	True	True	formal_classifier_candidate
2086	PRO81-PRO96	residue_residue	True	True	True	formal_classifier_candidate
2087	PRO81-PRO97	residue_residue	True	True	True	formal_classifier_candidate
2088	PRO81-PRO100	residue_residue	True	True	True	formal_classifier_candidate
2089	PRO81-PRO111	residue_residue	True	True	True	formal_classifier_candidate
2090	PRO81-PRO112	residue_residue	True	True	True	formal_classifier_candidate
2091	PRO81-PRO113	residue_residue	True	True	True	formal_classifier_candidate
2092	PRO81-PRO114	residue_residue	True	True	True	formal_classifier_candidate
2093	PRO81-PRO115	residue_residue	True	True	True	formal_classifier_candidate
2094	PRO81-PRO116	residue_residue	True	True	True	formal_classifier_candidate
2095	PRO81-PRO117	residue_residue	True	True	True	formal_classifier_candidate
2096	PRO81-PRO118	residue_residue	True	True	True	formal_classifier_candidate
2097	PRO81-PRO125	residue_residue	True	True	True	formal_classifier_candidate
2098	PRO81-PRO130	residue_residue	True	True	True	formal_classifier_candidate
2099	PRO81-PRO133	residue_residue	True	True	True	formal_classifier_candidate
2100	PRO81-PRO139	residue_residue	True	True	True	formal_classifier_candidate
2101	PRO81-PRO141	residue_residue	True	True	True	formal_classifier_candidate
2102	PRO81-PRO142	residue_residue	True	True	True	formal_classifier_candidate
2103	PRO81-PRO143	residue_residue	True	True	True	formal_classifier_candidate
2104	PRO81-PRO144	residue_residue	True	True	True	formal_classifier_candidate
2105	PRO81-PRO145	residue_residue	True	True	True	formal_classifier_candidate
2106	PRO81-PRO146	residue_residue	True	True	True	formal_classifier_candidate
2107	PRO81-PRO150	residue_residue	True	True	True	formal_classifier_candidate
2108	PRO81-PRO151	residue_residue	True	True	True	formal_classifier_candidate
2109	PRO81-PRO152	residue_residue	True	True	True	formal_classifier_candidate
2110	PRO81-PRO155	residue_residue	True	True	True	formal_classifier_candidate
2111	PRO81-PRO156	residue_residue	True	True	True	formal_classifier_candidate
2112	PRO81-PRO159	residue_residue	True	True	True	formal_classifier_candidate
2113	PRO81-GTP	residue_cofactor	True	True	True	formal_classifier_candidate
2114	PRO82-PRO83	residue_residue	True	True	True	formal_classifier_candidate
2115	PRO82-PRO84	residue_residue	True	True	True	formal_classifier_candidate
2116	PRO82-PRO85	residue_residue	True	True	True	formal_classifier_candidate
2117	PRO82-PRO86	residue_residue	True	True	True	formal_classifier_candidate
2118	PRO82-PRO87	residue_residue	True	True	True	formal_classifier_candidate
2119	PRO82-PRO88	residue_residue	True	True	True	formal_classifier_candidate
2120	PRO82-PRO89	residue_residue	True	True	True	formal_classifier_candidate
2121	PRO82-PRO90	residue_residue	True	True	True	formal_classifier_candidate
2122	PRO82-PRO91	residue_residue	True	True	True	formal_classifier_candidate
2123	PRO82-PRO92	residue_residue	True	True	True	formal_classifier_candidate
2124	PRO82-PRO93	residue_residue	True	True	True	formal_classifier_candidate
2125	PRO82-PRO94	residue_residue	True	True	True	formal_classifier_candidate
2126	PRO82-PRO95	residue_residue	True	True	True	formal_classifier_candidate
2127	PRO82-PRO96	residue_residue	True	True	True	formal_classifier_candidate
2128	PRO82-PRO97	residue_residue	True	True	True	formal_classifier_candidate
2129	PRO82-PRO111	residue_residue	True	True	True	formal_classifier_candidate
2130	PRO82-PRO112	residue_residue	True	True	True	formal_classifier_candidate
2131	PRO82-PRO113	residue_residue	True	True	True	formal_classifier_candidate
2132	PRO82-PRO114	residue_residue	True	True	True	formal_classifier_candidate
2133	PRO82-PRO115	residue_residue	True	True	True	formal_classifier_candidate
2134	PRO82-PRO116	residue_residue	True	True	True	formal_classifier_candidate
2135	PRO82-PRO117	residue_residue	True	True	True	formal_classifier_candidate
2136	PRO82-PRO118	residue_residue	True	True	True	formal_classifier_candidate
2137	PRO82-PRO119	residue_residue	True	True	True	formal_classifier_candidate
2138	PRO82-PRO120	residue_residue	True	True	True	formal_classifier_candidate
2139	PRO82-PRO122	residue_residue	True	True	True	formal_classifier_candidate
2140	PRO82-PRO123	residue_residue	True	True	True	formal_classifier_candidate
2141	PRO82-PRO124	residue_residue	True	True	True	formal_classifier_candidate
2142	PRO82-PRO125	residue_residue	True	True	True	formal_classifier_candidate
2143	PRO82-PRO127	residue_residue	True	True	True	formal_classifier_candidate
2144	PRO82-PRO129	residue_residue	True	True	True	formal_classifier_candidate
2145	PRO82-PRO130	residue_residue	True	True	True	formal_classifier_candidate
2146	PRO82-PRO133	residue_residue	True	True	True	formal_classifier_candidate
2147	PRO82-PRO134	residue_residue	True	True	True	formal_classifier_candidate
2148	PRO82-PRO137	residue_residue	True	True	True	formal_classifier_candidate
2149	PRO82-PRO139	residue_residue	True	True	True	formal_classifier_candidate
2150	PRO82-PRO141	residue_residue	True	True	True	formal_classifier_candidate
2151	PRO82-PRO142	residue_residue	True	True	True	formal_classifier_candidate
2152	PRO82-PRO143	residue_residue	True	True	True	formal_classifier_candidate
2153	PRO82-PRO144	residue_residue	True	True	True	formal_classifier_candidate
2154	PRO82-PRO145	residue_residue	True	True	True	formal_classifier_candidate
2155	PRO82-PRO146	residue_residue	True	True	True	formal_classifier_candidate
2156	PRO82-PRO152	residue_residue	True	True	True	formal_classifier_candidate
2157	PRO82-PRO155	residue_residue	True	True	True	formal_classifier_candidate
2158	PRO82-PRO1277	residue_residue	True	True	True	formal_classifier_candidate
2159	PRO82-GTP	residue_cofactor	True	True	True	formal_classifier_candidate
2160	PRO83-PRO84	residue_residue	True	True	True	formal_classifier_candidate
2161	PRO83-PRO85	residue_residue	True	True	True	formal_classifier_candidate
2162	PRO83-PRO86	residue_residue	True	True	True	formal_classifier_candidate
2163	PRO83-PRO87	residue_residue	True	True	True	formal_classifier_candidate
2164	PRO83-PRO88	residue_residue	True	True	True	formal_classifier_candidate
2165	PRO83-PRO89	residue_residue	True	True	True	formal_classifier_candidate
2166	PRO83-PRO90	residue_residue	True	True	True	formal_classifier_candidate
2167	PRO83-PRO91	residue_residue	True	True	True	formal_classifier_candidate
2168	PRO83-PRO92	residue_residue	True	True	True	formal_classifier_candidate
2169	PRO83-PRO93	residue_residue	True	True	True	formal_classifier_candidate
2170	PRO83-PRO96	residue_residue	True	True	True	formal_classifier_candidate
2171	PRO83-PRO113	residue_residue	True	True	True	formal_classifier_candidate
2172	PRO83-PRO114	residue_residue	True	True	True	formal_classifier_candidate
2173	PRO83-PRO115	residue_residue	True	True	True	formal_classifier_candidate
2174	PRO83-PRO116	residue_residue	True	True	True	formal_classifier_candidate
2175	PRO83-PRO117	residue_residue	True	True	True	formal_classifier_candidate
2176	PRO83-PRO118	residue_residue	True	True	True	formal_classifier_candidate
2177	PRO83-PRO119	residue_residue	True	True	True	formal_classifier_candidate
2178	PRO83-PRO120	residue_residue	True	True	True	formal_classifier_candidate
2179	PRO83-PRO122	residue_residue	True	True	True	formal_classifier_candidate
2180	PRO83-PRO123	residue_residue	True	True	True	formal_classifier_candidate
2181	PRO83-PRO124	residue_residue	True	True	True	formal_classifier_candidate
2182	PRO83-PRO125	residue_residue	True	True	True	formal_classifier_candidate
2183	PRO83-PRO127	residue_residue	True	True	True	formal_classifier_candidate
2184	PRO83-PRO129	residue_residue	True	True	True	formal_classifier_candidate
2185	PRO83-PRO130	residue_residue	True	True	True	formal_classifier_candidate
2186	PRO83-PRO133	residue_residue	True	True	True	formal_classifier_candidate
2187	PRO83-PRO141	residue_residue	True	True	True	formal_classifier_candidate
2188	PRO83-PRO142	residue_residue	True	True	True	formal_classifier_candidate
2189	PRO83-PRO143	residue_residue	True	True	True	formal_classifier_candidate
2190	PRO83-PRO144	residue_residue	True	True	True	formal_classifier_candidate
2191	PRO83-PRO145	residue_residue	True	True	True	formal_classifier_candidate
2192	PRO83-PRO146	residue_residue	True	True	True	formal_classifier_candidate
2193	PRO83-PRO1276	residue_residue	True	True	True	formal_classifier_candidate
2194	PRO83-PRO1277	residue_residue	True	True	True	formal_classifier_candidate
2195	PRO83-PRO1278	residue_residue	True	True	True	formal_classifier_candidate
2196	PRO83-GTP	residue_cofactor	True	True	True	formal_classifier_candidate
2197	PRO84-PRO85	residue_residue	True	True	True	formal_classifier_candidate
2198	PRO84-PRO86	residue_residue	True	True	True	formal_classifier_candidate
2199	PRO84-PRO87	residue_residue	True	True	True	formal_classifier_candidate
2200	PRO84-PRO88	residue_residue	True	True	True	formal_classifier_candidate
2201	PRO84-PRO89	residue_residue	True	True	True	formal_classifier_candidate
2202	PRO84-PRO90	residue_residue	True	True	True	formal_classifier_candidate
2203	PRO84-PRO91	residue_residue	True	True	True	formal_classifier_candidate
2204	PRO84-PRO93	residue_residue	True	True	True	formal_classifier_candidate
2205	PRO84-PRO113	residue_residue	True	True	True	formal_classifier_candidate
2206	PRO84-PRO114	residue_residue	True	True	True	formal_classifier_candidate
2207	PRO84-PRO115	residue_residue	True	True	True	formal_classifier_candidate
2208	PRO84-PRO116	residue_residue	True	True	True	formal_classifier_candidate
2209	PRO84-PRO117	residue_residue	True	True	True	formal_classifier_candidate
2210	PRO84-PRO118	residue_residue	True	True	True	formal_classifier_candidate
2211	PRO84-PRO119	residue_residue	True	True	True	formal_classifier_candidate
2212	PRO84-PRO120	residue_residue	True	True	True	formal_classifier_candidate
2213	PRO84-PRO121	residue_residue	True	True	True	formal_classifier_candidate
2214	PRO84-PRO122	residue_residue	True	True	True	formal_classifier_candidate
2215	PRO84-PRO123	residue_residue	True	True	True	formal_classifier_candidate
2216	PRO84-PRO124	residue_residue	True	True	True	formal_classifier_candidate
2217	PRO84-PRO125	residue_residue	True	True	True	formal_classifier_candidate
2218	PRO84-PRO127	residue_residue	True	True	True	formal_classifier_candidate
2219	PRO84-PRO129	residue_residue	True	True	True	formal_classifier_candidate
2220	PRO84-PRO130	residue_residue	True	True	True	formal_classifier_candidate
2221	PRO84-PRO141	residue_residue	True	True	True	formal_classifier_candidate
2222	PRO84-PRO142	residue_residue	True	True	True	formal_classifier_candidate
2223	PRO84-PRO143	residue_residue	True	True	True	formal_classifier_candidate
2224	PRO84-PRO144	residue_residue	True	True	True	formal_classifier_candidate
2225	PRO84-PRO145	residue_residue	True	True	True	formal_classifier_candidate
2226	PRO84-PRO146	residue_residue	True	True	True	formal_classifier_candidate
2227	PRO84-PRO147	residue_residue	True	True	True	formal_classifier_candidate
2228	PRO84-PRO148	residue_residue	True	True	True	formal_classifier_candidate
2229	PRO84-PRO150	residue_residue	True	True	True	formal_classifier_candidate
2230	PRO84-GTP	residue_cofactor	True	True	True	formal_classifier_candidate
2231	PRO85-PRO86	residue_residue	True	True	True	formal_classifier_candidate
2232	PRO85-PRO87	residue_residue	True	True	True	formal_classifier_candidate
2233	PRO85-PRO88	residue_residue	True	True	True	formal_classifier_candidate
2234	PRO85-PRO89	residue_residue	True	True	True	formal_classifier_candidate
2235	PRO85-PRO90	residue_residue	True	True	True	formal_classifier_candidate
2236	PRO85-PRO91	residue_residue	True	True	True	formal_classifier_candidate
2237	PRO85-PRO114	residue_residue	True	True	True	formal_classifier_candidate
2238	PRO85-PRO115	residue_residue	True	True	True	formal_classifier_candidate
2239	PRO85-PRO116	residue_residue	True	True	True	formal_classifier_candidate
2240	PRO85-PRO117	residue_residue	True	True	True	formal_classifier_candidate
2241	PRO85-PRO118	residue_residue	True	True	True	formal_classifier_candidate
2242	PRO85-PRO119	residue_residue	True	True	True	formal_classifier_candidate
2243	PRO85-PRO120	residue_residue	True	True	True	formal_classifier_candidate
2244	PRO85-PRO121	residue_residue	True	True	True	formal_classifier_candidate
2245	PRO85-PRO122	residue_residue	True	True	True	formal_classifier_candidate
2246	PRO85-PRO123	residue_residue	True	True	True	formal_classifier_candidate
2247	PRO85-PRO124	residue_residue	True	True	True	formal_classifier_candidate
2248	PRO85-PRO125	residue_residue	True	True	True	formal_classifier_candidate
2249	PRO85-PRO127	residue_residue	True	True	True	formal_classifier_candidate
2250	PRO85-PRO130	residue_residue	True	True	True	formal_classifier_candidate
2251	PRO85-PRO143	residue_residue	True	True	True	formal_classifier_candidate
2252	PRO85-PRO144	residue_residue	True	True	True	formal_classifier_candidate
2253	PRO85-PRO145	residue_residue	True	True	True	formal_classifier_candidate
2254	PRO85-PRO147	residue_residue	True	True	True	formal_classifier_candidate
2255	PRO85-PRO1233	residue_residue	True	True	True	formal_classifier_candidate
2256	PRO85-PRO1236	residue_residue	True	True	True	formal_classifier_candidate
2257	PRO85-PRO1267	residue_residue	True	True	True	formal_classifier_candidate
2258	PRO85-PRO1269	residue_residue	True	True	True	formal_classifier_candidate
2259	PRO85-PRO1273	residue_residue	True	True	True	formal_classifier_candidate
2260	PRO85-PRO1276	residue_residue	True	True	True	formal_classifier_candidate
2261	PRO85-PRO1277	residue_residue	True	True	True	formal_classifier_candidate
2262	PRO85-PRO1278	residue_residue	True	True	True	formal_classifier_candidate
2263	PRO85-GTP	residue_cofactor	True	True	True	formal_classifier_candidate
2264	PRO86-PRO87	residue_residue	True	True	True	formal_classifier_candidate
2265	PRO86-PRO88	residue_residue	True	True	True	formal_classifier_candidate
2266	PRO86-PRO89	residue_residue	True	True	True	formal_classifier_candidate
2267	PRO86-PRO90	residue_residue	True	True	True	formal_classifier_candidate
2268	PRO86-PRO91	residue_residue	True	True	True	formal_classifier_candidate
2269	PRO86-PRO92	residue_residue	True	True	True	formal_classifier_candidate
2270	PRO86-PRO93	residue_residue	True	True	True	formal_classifier_candidate
2271	PRO86-PRO96	residue_residue	True	True	True	formal_classifier_candidate
2272	PRO86-PRO113	residue_residue	True	True	True	formal_classifier_candidate
2273	PRO86-PRO114	residue_residue	True	True	True	formal_classifier_candidate
2274	PRO86-PRO115	residue_residue	True	True	True	formal_classifier_candidate
2275	PRO86-PRO116	residue_residue	True	True	True	formal_classifier_candidate
2276	PRO86-PRO117	residue_residue	True	True	True	formal_classifier_candidate
2277	PRO86-PRO118	residue_residue	True	True	True	formal_classifier_candidate
2278	PRO86-PRO120	residue_residue	True	True	True	formal_classifier_candidate
2279	PRO86-PRO122	residue_residue	True	True	True	formal_classifier_candidate
2280	PRO86-PRO123	residue_residue	True	True	True	formal_classifier_candidate
2281	PRO86-PRO124	residue_residue	True	True	True	formal_classifier_candidate
2282	PRO86-PRO125	residue_residue	True	True	True	formal_classifier_candidate
2283	PRO86-PRO130	residue_residue	True	True	True	formal_classifier_candidate
2284	PRO86-PRO1233	residue_residue	True	True	True	formal_classifier_candidate
2285	PRO86-PRO1234	residue_residue	True	True	True	formal_classifier_candidate
2286	PRO86-PRO1236	residue_residue	True	True	True	formal_classifier_candidate
2287	PRO86-PRO1273	residue_residue	True	True	True	formal_classifier_candidate
2288	PRO86-PRO1275	residue_residue	True	True	True	formal_classifier_candidate
2289	PRO86-PRO1276	residue_residue	True	True	True	formal_classifier_candidate
2290	PRO86-PRO1277	residue_residue	True	True	True	formal_classifier_candidate
2291	PRO86-PRO1278	residue_residue	True	True	True	formal_classifier_candidate
2292	PRO86-PRO1279	residue_residue	True	True	True	formal_classifier_candidate
2293	PRO86-PRO1282	residue_residue	True	True	True	formal_classifier_candidate
2294	PRO86-PRO1283	residue_residue	True	True	True	formal_classifier_candidate
2295	PRO86-GTP	residue_cofactor	True	True	True	formal_classifier_candidate
2296	PRO87-PRO88	residue_residue	True	True	True	formal_classifier_candidate
2297	PRO87-PRO89	residue_residue	True	True	True	formal_classifier_candidate
2298	PRO87-PRO90	residue_residue	True	True	True	formal_classifier_candidate
2299	PRO87-PRO91	residue_residue	True	True	True	formal_classifier_candidate
2300	PRO87-PRO92	residue_residue	True	True	True	formal_classifier_candidate
2301	PRO87-PRO93	residue_residue	True	True	True	formal_classifier_candidate
2302	PRO87-PRO94	residue_residue	True	True	True	formal_classifier_candidate
2303	PRO87-PRO95	residue_residue	True	True	True	formal_classifier_candidate
2304	PRO87-PRO96	residue_residue	True	True	True	formal_classifier_candidate
2305	PRO87-PRO113	residue_residue	True	True	True	formal_classifier_candidate
2306	PRO87-PRO115	residue_residue	True	True	True	formal_classifier_candidate
2307	PRO87-PRO116	residue_residue	True	True	True	formal_classifier_candidate
2308	PRO87-PRO117	residue_residue	True	True	True	formal_classifier_candidate
2309	PRO87-PRO122	residue_residue	True	True	True	formal_classifier_candidate
2310	PRO87-PRO123	residue_residue	True	True	True	formal_classifier_candidate
2311	PRO87-PRO124	residue_residue	True	True	True	formal_classifier_candidate
2312	PRO87-PRO125	residue_residue	True	True	True	formal_classifier_candidate
2313	PRO87-PRO127	residue_residue	True	True	True	formal_classifier_candidate
2314	PRO87-PRO129	residue_residue	True	True	True	formal_classifier_candidate
2315	PRO87-PRO130	residue_residue	True	True	True	formal_classifier_candidate
2316	PRO87-PRO133	residue_residue	True	True	True	formal_classifier_candidate
2317	PRO87-PRO1231	residue_residue	True	True	True	formal_classifier_candidate
2318	PRO87-PRO1232	residue_residue	True	True	True	formal_classifier_candidate
2319	PRO87-PRO1233	residue_residue	True	True	True	formal_classifier_candidate
2320	PRO87-PRO1234	residue_residue	True	True	True	formal_classifier_candidate
2321	PRO87-PRO1235	residue_residue	True	True	True	formal_classifier_candidate
2322	PRO87-PRO1236	residue_residue	True	True	True	formal_classifier_candidate
2323	PRO87-PRO1277	residue_residue	True	True	True	formal_classifier_candidate
2324	PRO87-PRO1278	residue_residue	True	True	True	formal_classifier_candidate
2325	PRO87-PRO1279	residue_residue	True	True	True	formal_classifier_candidate
2326	PRO88-PRO89	residue_residue	True	True	True	formal_classifier_candidate
2327	PRO88-PRO90	residue_residue	True	True	True	formal_classifier_candidate
2328	PRO88-PRO91	residue_residue	True	True	True	formal_classifier_candidate
2329	PRO88-PRO92	residue_residue	True	True	True	formal_classifier_candidate
2330	PRO88-PRO93	residue_residue	True	True	True	formal_classifier_candidate
2331	PRO88-PRO94	residue_residue	True	True	True	formal_classifier_candidate
2332	PRO88-PRO95	residue_residue	True	True	True	formal_classifier_candidate
2333	PRO88-PRO96	residue_residue	True	True	True	formal_classifier_candidate
2334	PRO88-PRO113	residue_residue	True	True	True	formal_classifier_candidate
2335	PRO88-PRO124	residue_residue	True	True	True	formal_classifier_candidate
2336	PRO88-PRO125	residue_residue	True	True	True	formal_classifier_candidate
2337	PRO88-PRO133	residue_residue	True	True	True	formal_classifier_candidate
2338	PRO88-PRO1231	residue_residue	True	True	True	formal_classifier_candidate
2339	PRO88-PRO1232	residue_residue	True	True	True	formal_classifier_candidate
2340	PRO88-PRO1233	residue_residue	True	True	True	formal_classifier_candidate
2341	PRO88-PRO1234	residue_residue	True	True	True	formal_classifier_candidate
2342	PRO88-PRO1235	residue_residue	True	True	True	formal_classifier_candidate
2343	PRO88-PRO1236	residue_residue	True	True	True	formal_classifier_candidate
2344	PRO88-PRO1237	residue_residue	True	True	True	formal_classifier_candidate
2345	PRO88-PRO1275	residue_residue	True	True	True	formal_classifier_candidate
2346	PRO88-PRO1276	residue_residue	True	True	True	formal_classifier_candidate
2347	PRO88-PRO1277	residue_residue	True	True	True	formal_classifier_candidate
2348	PRO88-PRO1278	residue_residue	True	True	True	formal_classifier_candidate
2349	PRO88-PRO1279	residue_residue	True	True	True	formal_classifier_candidate
2350	PRO88-PRO1280	residue_residue	True	True	True	formal_classifier_candidate
2351	PRO88-PRO1282	residue_residue	True	True	True	formal_classifier_candidate
2352	PRO88-PRO1283	residue_residue	True	True	True	formal_classifier_candidate
2353	PRO88-PRO1286	residue_residue	True	True	True	formal_classifier_candidate
2354	PRO88-PRO1391	residue_residue	True	True	True	formal_classifier_candidate
2355	PRO88-GTP	residue_cofactor	True	True	True	formal_classifier_candidate
2356	PRO88-LIG	residue_ligand	True	True	True	formal_classifier_candidate
2357	PRO89-PRO90	residue_residue	True	True	True	formal_classifier_candidate
2358	PRO89-PRO91	residue_residue	True	True	True	formal_classifier_candidate
2359	PRO89-PRO92	residue_residue	True	True	True	formal_classifier_candidate
2360	PRO89-PRO93	residue_residue	True	True	True	formal_classifier_candidate
2361	PRO89-PRO94	residue_residue	True	True	True	formal_classifier_candidate
2362	PRO89-PRO95	residue_residue	True	True	True	formal_classifier_candidate
2363	PRO89-PRO96	residue_residue	True	True	True	formal_classifier_candidate
2364	PRO89-PRO97	residue_residue	True	True	True	formal_classifier_candidate
2365	PRO89-PRO113	residue_residue	True	True	True	formal_classifier_candidate
2366	PRO89-PRO114	residue_residue	True	True	True	formal_classifier_candidate
2367	PRO89-PRO115	residue_residue	True	True	True	formal_classifier_candidate
2368	PRO89-PRO116	residue_residue	True	True	True	formal_classifier_candidate
2369	PRO89-PRO117	residue_residue	True	True	True	formal_classifier_candidate
2370	PRO89-PRO123	residue_residue	True	True	True	formal_classifier_candidate
2371	PRO89-PRO124	residue_residue	True	True	True	formal_classifier_candidate
2372	PRO89-PRO125	residue_residue	True	True	True	formal_classifier_candidate
2373	PRO89-PRO130	residue_residue	True	True	True	formal_classifier_candidate
2374	PRO89-PRO133	residue_residue	True	True	True	formal_classifier_candidate
2375	PRO89-PRO137	residue_residue	True	True	True	formal_classifier_candidate
2376	PRO89-PRO141	residue_residue	True	True	True	formal_classifier_candidate
2377	PRO89-PRO1233	residue_residue	True	True	True	formal_classifier_candidate
2378	PRO89-PRO1234	residue_residue	True	True	True	formal_classifier_candidate
2379	PRO89-PRO1236	residue_residue	True	True	True	formal_classifier_candidate
2380	PRO89-PRO1276	residue_residue	True	True	True	formal_classifier_candidate
2381	PRO89-PRO1277	residue_residue	True	True	True	formal_classifier_candidate
2382	PRO89-PRO1278	residue_residue	True	True	True	formal_classifier_candidate
2383	PRO89-PRO1279	residue_residue	True	True	True	formal_classifier_candidate
2384	PRO89-GTP	residue_cofactor	True	True	True	formal_classifier_candidate
2385	PRO90-PRO91	residue_residue	True	True	True	formal_classifier_candidate
2386	PRO90-PRO92	residue_residue	True	True	True	formal_classifier_candidate
2387	PRO90-PRO93	residue_residue	True	True	True	formal_classifier_candidate
2388	PRO90-PRO94	residue_residue	True	True	True	formal_classifier_candidate
2389	PRO90-PRO95	residue_residue	True	True	True	formal_classifier_candidate
2390	PRO90-PRO96	residue_residue	True	True	True	formal_classifier_candidate
2391	PRO90-PRO97	residue_residue	True	True	True	formal_classifier_candidate
2392	PRO90-PRO98	residue_residue	True	True	True	formal_classifier_candidate
2393	PRO90-PRO113	residue_residue	True	True	True	formal_classifier_candidate
2394	PRO90-PRO114	residue_residue	True	True	True	formal_classifier_candidate
2395	PRO90-PRO115	residue_residue	True	True	True	formal_classifier_candidate
2396	PRO90-PRO116	residue_residue	True	True	True	formal_classifier_candidate
2397	PRO90-PRO123	residue_residue	True	True	True	formal_classifier_candidate
2398	PRO90-PRO124	residue_residue	True	True	True	formal_classifier_candidate
2399	PRO90-PRO125	residue_residue	True	True	True	formal_classifier_candidate
2400	PRO90-PRO127	residue_residue	True	True	True	formal_classifier_candidate
2401	PRO90-PRO129	residue_residue	True	True	True	formal_classifier_candidate
2402	PRO90-PRO130	residue_residue	True	True	True	formal_classifier_candidate
2403	PRO90-PRO133	residue_residue	True	True	True	formal_classifier_candidate
2404	PRO90-PRO134	residue_residue	True	True	True	formal_classifier_candidate
2405	PRO90-PRO136	residue_residue	True	True	True	formal_classifier_candidate
2406	PRO90-PRO137	residue_residue	True	True	True	formal_classifier_candidate
2407	PRO90-PRO139	residue_residue	True	True	True	formal_classifier_candidate
2408	PRO90-PRO141	residue_residue	True	True	True	formal_classifier_candidate
2409	PRO90-PRO142	residue_residue	True	True	True	formal_classifier_candidate
2410	PRO90-PRO143	residue_residue	True	True	True	formal_classifier_candidate
2411	PRO90-PRO1233	residue_residue	True	True	True	formal_classifier_candidate
2412	PRO90-PRO1234	residue_residue	True	True	True	formal_classifier_candidate
2413	PRO90-PRO1277	residue_residue	True	True	True	formal_classifier_candidate
2414	PRO90-PRO1278	residue_residue	True	True	True	formal_classifier_candidate
2415	PRO91-PRO92	residue_residue	True	True	True	formal_classifier_candidate
2416	PRO91-PRO93	residue_residue	True	True	True	formal_classifier_candidate
2417	PRO91-PRO94	residue_residue	True	True	True	formal_classifier_candidate
2418	PRO91-PRO95	residue_residue	True	True	True	formal_classifier_candidate
2419	PRO91-PRO96	residue_residue	True	True	True	formal_classifier_candidate
2420	PRO91-PRO97	residue_residue	True	True	True	formal_classifier_candidate
2421	PRO91-PRO98	residue_residue	True	True	True	formal_classifier_candidate
2422	PRO91-PRO99	residue_residue	True	True	True	formal_classifier_candidate
2423	PRO91-PRO113	residue_residue	True	True	True	formal_classifier_candidate
2424	PRO91-PRO124	residue_residue	True	True	True	formal_classifier_candidate
2425	PRO91-PRO125	residue_residue	True	True	True	formal_classifier_candidate
2426	PRO91-PRO129	residue_residue	True	True	True	formal_classifier_candidate
2427	PRO91-PRO130	residue_residue	True	True	True	formal_classifier_candidate
2428	PRO91-PRO133	residue_residue	True	True	True	formal_classifier_candidate
2429	PRO91-PRO137	residue_residue	True	True	True	formal_classifier_candidate
2430	PRO91-PRO1231	residue_residue	True	True	True	formal_classifier_candidate
2431	PRO91-PRO1232	residue_residue	True	True	True	formal_classifier_candidate
2432	PRO91-PRO1233	residue_residue	True	True	True	formal_classifier_candidate
2433	PRO91-PRO1234	residue_residue	True	True	True	formal_classifier_candidate
2434	PRO91-PRO1235	residue_residue	True	True	True	formal_classifier_candidate
2435	PRO91-PRO1236	residue_residue	True	True	True	formal_classifier_candidate
2436	PRO91-PRO1278	residue_residue	True	True	True	formal_classifier_candidate
2437	PRO92-PRO93	residue_residue	True	True	True	formal_classifier_candidate
2438	PRO92-PRO94	residue_residue	True	True	True	formal_classifier_candidate
2439	PRO92-PRO95	residue_residue	True	True	True	formal_classifier_candidate
2440	PRO92-PRO96	residue_residue	True	True	True	formal_classifier_candidate
2441	PRO92-PRO97	residue_residue	True	True	True	formal_classifier_candidate
2442	PRO92-PRO98	residue_residue	True	True	True	formal_classifier_candidate
2443	PRO92-PRO99	residue_residue	True	True	True	formal_classifier_candidate
2444	PRO92-PRO100	residue_residue	True	True	True	formal_classifier_candidate
2445	PRO92-PRO111	residue_residue	True	True	True	formal_classifier_candidate
2446	PRO92-PRO113	residue_residue	True	True	True	formal_classifier_candidate
2447	PRO92-PRO114	residue_residue	True	True	True	formal_classifier_candidate
2448	PRO92-PRO125	residue_residue	True	True	True	formal_classifier_candidate
2449	PRO92-PRO133	residue_residue	True	True	True	formal_classifier_candidate
2450	PRO92-PRO137	residue_residue	True	True	True	formal_classifier_candidate
2451	PRO92-PRO139	residue_residue	True	True	True	formal_classifier_candidate
2452	PRO92-PRO1233	residue_residue	True	True	True	formal_classifier_candidate
2453	PRO92-PRO1234	residue_residue	True	True	True	formal_classifier_candidate
2454	PRO92-PRO1235	residue_residue	True	True	True	formal_classifier_candidate
2455	PRO92-PRO1237	residue_residue	True	True	True	formal_classifier_candidate
2456	PRO92-PRO1277	residue_residue	True	True	True	formal_classifier_candidate
2457	PRO92-PRO1278	residue_residue	True	True	True	formal_classifier_candidate
2458	PRO92-PRO1283	residue_residue	True	True	True	formal_classifier_candidate
2459	PRO92-LIG	residue_ligand	True	True	True	formal_classifier_candidate
2460	PRO93-PRO94	residue_residue	True	True	True	formal_classifier_candidate
2461	PRO93-PRO95	residue_residue	True	True	True	formal_classifier_candidate
2462	PRO93-PRO96	residue_residue	True	True	True	formal_classifier_candidate
2463	PRO93-PRO97	residue_residue	True	True	True	formal_classifier_candidate
2464	PRO93-PRO98	residue_residue	True	True	True	formal_classifier_candidate
2465	PRO93-PRO99	residue_residue	True	True	True	formal_classifier_candidate
2466	PRO93-PRO100	residue_residue	True	True	True	formal_classifier_candidate
2467	PRO93-PRO101	residue_residue	True	True	True	formal_classifier_candidate
2468	PRO93-PRO111	residue_residue	True	True	True	formal_classifier_candidate
2469	PRO93-PRO112	residue_residue	True	True	True	formal_classifier_candidate
2470	PRO93-PRO113	residue_residue	True	True	True	formal_classifier_candidate
2471	PRO93-PRO114	residue_residue	True	True	True	formal_classifier_candidate
2472	PRO93-PRO115	residue_residue	True	True	True	formal_classifier_candidate
2473	PRO93-PRO116	residue_residue	True	True	True	formal_classifier_candidate
2474	PRO93-PRO123	residue_residue	True	True	True	formal_classifier_candidate
2475	PRO93-PRO125	residue_residue	True	True	True	formal_classifier_candidate
2476	PRO93-PRO127	residue_residue	True	True	True	formal_classifier_candidate
2477	PRO93-PRO129	residue_residue	True	True	True	formal_classifier_candidate
2478	PRO93-PRO130	residue_residue	True	True	True	formal_classifier_candidate
2479	PRO93-PRO133	residue_residue	True	True	True	formal_classifier_candidate
2480	PRO93-PRO134	residue_residue	True	True	True	formal_classifier_candidate
2481	PRO93-PRO136	residue_residue	True	True	True	formal_classifier_candidate
2482	PRO93-PRO137	residue_residue	True	True	True	formal_classifier_candidate
2483	PRO93-PRO139	residue_residue	True	True	True	formal_classifier_candidate
2484	PRO93-PRO141	residue_residue	True	True	True	formal_classifier_candidate
2485	PRO93-PRO142	residue_residue	True	True	True	formal_classifier_candidate
2486	PRO93-PRO143	residue_residue	True	True	True	formal_classifier_candidate
2487	PRO93-PRO1233	residue_residue	True	True	True	formal_classifier_candidate
2488	PRO93-PRO1234	residue_residue	True	True	True	formal_classifier_candidate
2489	PRO94-PRO95	residue_residue	True	True	True	formal_classifier_candidate
2490	PRO94-PRO96	residue_residue	True	True	True	formal_classifier_candidate
2491	PRO94-PRO97	residue_residue	True	True	True	formal_classifier_candidate
2492	PRO94-PRO98	residue_residue	True	True	True	formal_classifier_candidate
2493	PRO94-PRO99	residue_residue	True	True	True	formal_classifier_candidate
2494	PRO94-PRO100	residue_residue	True	True	True	formal_classifier_candidate
2495	PRO94-PRO101	residue_residue	True	True	True	formal_classifier_candidate
2496	PRO94-PRO102	residue_residue	True	True	True	formal_classifier_candidate
2497	PRO94-PRO107	residue_residue	True	True	True	formal_classifier_candidate
2498	PRO94-PRO111	residue_residue	True	True	True	formal_classifier_candidate
2499	PRO94-PRO113	residue_residue	True	True	True	formal_classifier_candidate
2500	PRO94-PRO125	residue_residue	True	True	True	formal_classifier_candidate
2501	PRO94-PRO129	residue_residue	True	True	True	formal_classifier_candidate
2502	PRO94-PRO130	residue_residue	True	True	True	formal_classifier_candidate
2503	PRO94-PRO133	residue_residue	True	True	True	formal_classifier_candidate
2504	PRO94-PRO134	residue_residue	True	True	True	formal_classifier_candidate
2505	PRO94-PRO136	residue_residue	True	True	True	formal_classifier_candidate
2506	PRO94-PRO137	residue_residue	True	True	True	formal_classifier_candidate
2507	PRO94-PRO139	residue_residue	True	True	True	formal_classifier_candidate
2508	PRO94-PRO1234	residue_residue	True	True	True	formal_classifier_candidate
2509	PRO94-PRO1235	residue_residue	True	True	True	formal_classifier_candidate
2510	PRO95-PRO96	residue_residue	True	True	True	formal_classifier_candidate
2511	PRO95-PRO97	residue_residue	True	True	True	formal_classifier_candidate
2512	PRO95-PRO98	residue_residue	True	True	True	formal_classifier_candidate
2513	PRO95-PRO99	residue_residue	True	True	True	formal_classifier_candidate
2514	PRO95-PRO100	residue_residue	True	True	True	formal_classifier_candidate
2515	PRO95-PRO101	residue_residue	True	True	True	formal_classifier_candidate
2516	PRO95-PRO102	residue_residue	True	True	True	formal_classifier_candidate
2517	PRO95-PRO103	residue_residue	True	True	True	formal_classifier_candidate
2518	PRO95-PRO104	residue_residue	True	True	True	formal_classifier_candidate
2519	PRO95-PRO111	residue_residue	True	True	True	formal_classifier_candidate
2520	PRO95-PRO113	residue_residue	True	True	True	formal_classifier_candidate
2521	PRO95-PRO133	residue_residue	True	True	True	formal_classifier_candidate
2522	PRO95-PRO137	residue_residue	True	True	True	formal_classifier_candidate
2523	PRO95-PRO139	residue_residue	True	True	True	formal_classifier_candidate
2524	PRO95-PRO1234	residue_residue	True	True	True	formal_classifier_candidate
2525	PRO95-PRO1235	residue_residue	True	True	True	formal_classifier_candidate
2526	PRO95-PRO1237	residue_residue	True	True	True	formal_classifier_candidate
2527	PRO95-LIG	residue_ligand	True	True	True	formal_classifier_candidate
2528	PRO96-PRO97	residue_residue	True	True	True	formal_classifier_candidate
2529	PRO96-PRO98	residue_residue	True	True	True	formal_classifier_candidate
2530	PRO96-PRO99	residue_residue	True	True	True	formal_classifier_candidate
2531	PRO96-PRO100	residue_residue	True	True	True	formal_classifier_candidate
2532	PRO96-PRO101	residue_residue	True	True	True	formal_classifier_candidate
2533	PRO96-PRO102	residue_residue	True	True	True	formal_classifier_candidate
2534	PRO96-PRO103	residue_residue	True	True	True	formal_classifier_candidate
2535	PRO96-PRO104	residue_residue	True	True	True	formal_classifier_candidate
2536	PRO96-PRO105	residue_residue	True	True	True	formal_classifier_candidate
2537	PRO96-PRO106	residue_residue	True	True	True	formal_classifier_candidate
2538	PRO96-PRO107	residue_residue	True	True	True	formal_classifier_candidate
2539	PRO96-PRO109	residue_residue	True	True	True	formal_classifier_candidate
2540	PRO96-PRO110	residue_residue	True	True	True	formal_classifier_candidate
2541	PRO96-PRO111	residue_residue	True	True	True	formal_classifier_candidate
2542	PRO96-PRO112	residue_residue	True	True	True	formal_classifier_candidate
2543	PRO96-PRO113	residue_residue	True	True	True	formal_classifier_candidate
2544	PRO96-PRO114	residue_residue	True	True	True	formal_classifier_candidate
2545	PRO96-PRO133	residue_residue	True	True	True	formal_classifier_candidate
2546	PRO96-PRO137	residue_residue	True	True	True	formal_classifier_candidate
2547	PRO96-PRO139	residue_residue	True	True	True	formal_classifier_candidate
2548	PRO96-GTP	residue_cofactor	True	True	True	formal_classifier_candidate
2549	PRO97-PRO98	residue_residue	True	True	True	formal_classifier_candidate
2550	PRO97-PRO99	residue_residue	True	True	True	formal_classifier_candidate
2551	PRO97-PRO100	residue_residue	True	True	True	formal_classifier_candidate
2552	PRO97-PRO101	residue_residue	True	True	True	formal_classifier_candidate
2553	PRO97-PRO102	residue_residue	True	True	True	formal_classifier_candidate
2554	PRO97-PRO103	residue_residue	True	True	True	formal_classifier_candidate
2555	PRO97-PRO104	residue_residue	True	True	True	formal_classifier_candidate
2556	PRO97-PRO105	residue_residue	True	True	True	formal_classifier_candidate
2557	PRO97-PRO106	residue_residue	True	True	True	formal_classifier_candidate
2558	PRO97-PRO107	residue_residue	True	True	True	formal_classifier_candidate
2559	PRO97-PRO109	residue_residue	True	True	True	formal_classifier_candidate
2560	PRO97-PRO110	residue_residue	True	True	True	formal_classifier_candidate
2561	PRO97-PRO111	residue_residue	True	True	True	formal_classifier_candidate
2562	PRO97-PRO112	residue_residue	True	True	True	formal_classifier_candidate
2563	PRO97-PRO113	residue_residue	True	True	True	formal_classifier_candidate
2564	PRO97-PRO114	residue_residue	True	True	True	formal_classifier_candidate
2565	PRO97-PRO133	residue_residue	True	True	True	formal_classifier_candidate
2566	PRO97-PRO134	residue_residue	True	True	True	formal_classifier_candidate
2567	PRO97-PRO136	residue_residue	True	True	True	formal_classifier_candidate
2568	PRO97-PRO137	residue_residue	True	True	True	formal_classifier_candidate
2569	PRO97-PRO139	residue_residue	True	True	True	formal_classifier_candidate
2570	PRO98-PRO99	residue_residue	True	True	True	formal_classifier_candidate
2571	PRO98-PRO100	residue_residue	True	True	True	formal_classifier_candidate
2572	PRO98-PRO101	residue_residue	True	True	True	formal_classifier_candidate
2573	PRO98-PRO102	residue_residue	True	True	True	formal_classifier_candidate
2574	PRO98-PRO103	residue_residue	True	True	True	formal_classifier_candidate
2575	PRO98-PRO104	residue_residue	True	True	True	formal_classifier_candidate
2576	PRO98-PRO105	residue_residue	True	True	True	formal_classifier_candidate
2577	PRO98-PRO106	residue_residue	True	True	True	formal_classifier_candidate
2578	PRO98-PRO107	residue_residue	True	True	True	formal_classifier_candidate
2579	PRO98-PRO109	residue_residue	True	True	True	formal_classifier_candidate
2580	PRO98-PRO111	residue_residue	True	True	True	formal_classifier_candidate
2581	PRO98-PRO113	residue_residue	True	True	True	formal_classifier_candidate
2582	PRO98-PRO133	residue_residue	True	True	True	formal_classifier_candidate
2583	PRO98-PRO136	residue_residue	True	True	True	formal_classifier_candidate
2584	PRO98-PRO137	residue_residue	True	True	True	formal_classifier_candidate
2585	PRO98-PRO139	residue_residue	True	True	True	formal_classifier_candidate
2586	PRO99-PRO100	residue_residue	True	True	True	formal_classifier_candidate
2587	PRO99-PRO101	residue_residue	True	True	True	formal_classifier_candidate
2588	PRO99-PRO102	residue_residue	True	True	True	formal_classifier_candidate
2589	PRO99-PRO103	residue_residue	True	True	True	formal_classifier_candidate
2590	PRO99-PRO104	residue_residue	True	True	True	formal_classifier_candidate
2591	PRO99-PRO105	residue_residue	True	True	True	formal_classifier_candidate
2592	PRO99-PRO106	residue_residue	True	True	True	formal_classifier_candidate
2593	PRO99-PRO107	residue_residue	True	True	True	formal_classifier_candidate
2594	PRO99-PRO109	residue_residue	True	True	True	formal_classifier_candidate
2595	PRO99-PRO111	residue_residue	True	True	True	formal_classifier_candidate
2596	PRO99-PRO137	residue_residue	True	True	True	formal_classifier_candidate
2597	PRO99-LIG	residue_ligand	True	True	True	formal_classifier_candidate
2598	PRO100-PRO101	residue_residue	True	True	True	formal_classifier_candidate
2599	PRO100-PRO102	residue_residue	True	True	True	formal_classifier_candidate
2600	PRO100-PRO103	residue_residue	True	True	True	formal_classifier_candidate
2601	PRO100-PRO104	residue_residue	True	True	True	formal_classifier_candidate
2602	PRO100-PRO105	residue_residue	True	True	True	formal_classifier_candidate
2603	PRO100-PRO106	residue_residue	True	True	True	formal_classifier_candidate
2604	PRO100-PRO107	residue_residue	True	True	True	formal_classifier_candidate
2605	PRO100-PRO109	residue_residue	True	True	True	formal_classifier_candidate
2606	PRO100-PRO110	residue_residue	True	True	True	formal_classifier_candidate
2607	PRO100-PRO111	residue_residue	True	True	True	formal_classifier_candidate
2608	PRO100-PRO112	residue_residue	True	True	True	formal_classifier_candidate
2609	PRO100-PRO113	residue_residue	True	True	True	formal_classifier_candidate
2610	PRO100-PRO114	residue_residue	True	True	True	formal_classifier_candidate
2611	PRO100-PRO133	residue_residue	True	True	True	formal_classifier_candidate
2612	PRO100-PRO137	residue_residue	True	True	True	formal_classifier_candidate
2613	PRO100-PRO139	residue_residue	True	True	True	formal_classifier_candidate
2614	PRO100-PRO159	residue_residue	True	True	True	formal_classifier_candidate
2615	PRO101-PRO102	residue_residue	True	True	True	formal_classifier_candidate
2616	PRO101-PRO103	residue_residue	True	True	True	formal_classifier_candidate
2617	PRO101-PRO104	residue_residue	True	True	True	formal_classifier_candidate
2618	PRO101-PRO105	residue_residue	True	True	True	formal_classifier_candidate
2619	PRO101-PRO106	residue_residue	True	True	True	formal_classifier_candidate
2620	PRO101-PRO107	residue_residue	True	True	True	formal_classifier_candidate
2621	PRO101-PRO109	residue_residue	True	True	True	formal_classifier_candidate
2622	PRO101-PRO110	residue_residue	True	True	True	formal_classifier_candidate
2623	PRO101-PRO111	residue_residue	True	True	True	formal_classifier_candidate
2624	PRO101-PRO133	residue_residue	True	True	True	formal_classifier_candidate
2625	PRO101-PRO136	residue_residue	True	True	True	formal_classifier_candidate
2626	PRO101-PRO137	residue_residue	True	True	True	formal_classifier_candidate
2627	PRO101-PRO139	residue_residue	True	True	True	formal_classifier_candidate
2628	PRO102-PRO103	residue_residue	True	True	True	formal_classifier_candidate
2629	PRO102-PRO104	residue_residue	True	True	True	formal_classifier_candidate
2630	PRO102-PRO105	residue_residue	True	True	True	formal_classifier_candidate
2631	PRO102-PRO106	residue_residue	True	True	True	formal_classifier_candidate
2632	PRO102-PRO107	residue_residue	True	True	True	formal_classifier_candidate
2633	PRO102-PRO109	residue_residue	True	True	True	formal_classifier_candidate
2634	PRO102-PRO111	residue_residue	True	True	True	formal_classifier_candidate
2635	PRO103-PRO104	residue_residue	True	True	True	formal_classifier_candidate
2636	PRO103-PRO105	residue_residue	True	True	True	formal_classifier_candidate
2637	PRO103-PRO106	residue_residue	True	True	True	formal_classifier_candidate
2638	PRO103-PRO107	residue_residue	True	True	True	formal_classifier_candidate
2639	PRO103-PRO109	residue_residue	True	True	True	formal_classifier_candidate
2640	PRO103-PRO110	residue_residue	True	True	True	formal_classifier_candidate
2641	PRO103-PRO111	residue_residue	True	True	True	formal_classifier_candidate
2642	PRO104-PRO105	residue_residue	True	True	True	formal_classifier_candidate
2643	PRO104-PRO106	residue_residue	True	True	True	formal_classifier_candidate
2644	PRO104-PRO107	residue_residue	True	True	True	formal_classifier_candidate
2645	PRO104-PRO109	residue_residue	True	True	True	formal_classifier_candidate
2646	PRO104-PRO110	residue_residue	True	True	True	formal_classifier_candidate
2647	PRO104-PRO111	residue_residue	True	True	True	formal_classifier_candidate
2648	PRO104-PRO159	residue_residue	True	True	True	formal_classifier_candidate
2649	PRO105-PRO106	residue_residue	True	True	True	formal_classifier_candidate
2650	PRO105-PRO107	residue_residue	True	True	True	formal_classifier_candidate
2651	PRO105-PRO109	residue_residue	True	True	True	formal_classifier_candidate
2652	PRO105-PRO110	residue_residue	True	True	True	formal_classifier_candidate
2653	PRO105-PRO111	residue_residue	True	True	True	formal_classifier_candidate
2654	PRO106-PRO107	residue_residue	True	True	True	formal_classifier_candidate
2655	PRO106-PRO109	residue_residue	True	True	True	formal_classifier_candidate
2656	PRO106-PRO110	residue_residue	True	True	True	formal_classifier_candidate
2657	PRO106-PRO111	residue_residue	True	True	True	formal_classifier_candidate
2658	PRO106-PRO137	residue_residue	True	True	True	formal_classifier_candidate
2659	PRO106-PRO139	residue_residue	True	True	True	formal_classifier_candidate
2660	PRO107-PRO109	residue_residue	True	True	True	formal_classifier_candidate
2661	PRO107-PRO110	residue_residue	True	True	True	formal_classifier_candidate
2662	PRO107-PRO111	residue_residue	True	True	True	formal_classifier_candidate
2663	PRO107-PRO112	residue_residue	True	True	True	formal_classifier_candidate
2664	PRO107-PRO136	residue_residue	True	True	True	formal_classifier_candidate
2665	PRO107-PRO137	residue_residue	True	True	True	formal_classifier_candidate
2666	PRO107-PRO139	residue_residue	True	True	True	formal_classifier_candidate
2667	PRO109-PRO110	residue_residue	True	True	True	formal_classifier_candidate
2668	PRO109-PRO111	residue_residue	True	True	True	formal_classifier_candidate
2669	PRO109-PRO112	residue_residue	True	True	True	formal_classifier_candidate
2670	PRO109-PRO113	residue_residue	True	True	True	formal_classifier_candidate
2671	PRO109-PRO137	residue_residue	True	True	True	formal_classifier_candidate
2672	PRO109-PRO139	residue_residue	True	True	True	formal_classifier_candidate
2673	PRO109-PRO159	residue_residue	True	True	True	formal_classifier_candidate
2674	PRO110-PRO111	residue_residue	True	True	True	formal_classifier_candidate
2675	PRO110-PRO112	residue_residue	True	True	True	formal_classifier_candidate
2676	PRO110-PRO113	residue_residue	True	True	True	formal_classifier_candidate
2677	PRO110-PRO114	residue_residue	True	True	True	formal_classifier_candidate
2678	PRO110-PRO137	residue_residue	True	True	True	formal_classifier_candidate
2679	PRO110-PRO139	residue_residue	True	True	True	formal_classifier_candidate
2680	PRO110-PRO155	residue_residue	True	True	True	formal_classifier_candidate
2681	PRO110-PRO156	residue_residue	True	True	True	formal_classifier_candidate
2682	PRO110-PRO159	residue_residue	True	True	True	formal_classifier_candidate
2683	PRO111-PRO112	residue_residue	True	True	True	formal_classifier_candidate
2684	PRO111-PRO113	residue_residue	True	True	True	formal_classifier_candidate
2685	PRO111-PRO114	residue_residue	True	True	True	formal_classifier_candidate
2686	PRO111-PRO133	residue_residue	True	True	True	formal_classifier_candidate
2687	PRO111-PRO134	residue_residue	True	True	True	formal_classifier_candidate
2688	PRO111-PRO136	residue_residue	True	True	True	formal_classifier_candidate
2689	PRO111-PRO137	residue_residue	True	True	True	formal_classifier_candidate
2690	PRO111-PRO139	residue_residue	True	True	True	formal_classifier_candidate
2691	PRO111-PRO141	residue_residue	True	True	True	formal_classifier_candidate
2692	PRO111-PRO142	residue_residue	True	True	True	formal_classifier_candidate
2693	PRO111-PRO155	residue_residue	True	True	True	formal_classifier_candidate
2694	PRO111-PRO156	residue_residue	True	True	True	formal_classifier_candidate
2695	PRO111-PRO159	residue_residue	True	True	True	formal_classifier_candidate
2696	PRO112-PRO113	residue_residue	True	True	True	formal_classifier_candidate
2697	PRO112-PRO114	residue_residue	True	True	True	formal_classifier_candidate
2698	PRO112-PRO115	residue_residue	True	True	True	formal_classifier_candidate
2699	PRO112-PRO116	residue_residue	True	True	True	formal_classifier_candidate
2700	PRO112-PRO130	residue_residue	True	True	True	formal_classifier_candidate
2701	PRO112-PRO133	residue_residue	True	True	True	formal_classifier_candidate
2702	PRO112-PRO134	residue_residue	True	True	True	formal_classifier_candidate
2703	PRO112-PRO137	residue_residue	True	True	True	formal_classifier_candidate
2704	PRO112-PRO139	residue_residue	True	True	True	formal_classifier_candidate
2705	PRO112-PRO141	residue_residue	True	True	True	formal_classifier_candidate
2706	PRO112-PRO142	residue_residue	True	True	True	formal_classifier_candidate
2707	PRO112-PRO143	residue_residue	True	True	True	formal_classifier_candidate
2708	PRO112-PRO144	residue_residue	True	True	True	formal_classifier_candidate
2709	PRO112-PRO151	residue_residue	True	True	True	formal_classifier_candidate
2710	PRO112-PRO152	residue_residue	True	True	True	formal_classifier_candidate
2711	PRO112-PRO153	residue_residue	True	True	True	formal_classifier_candidate
2712	PRO112-PRO154	residue_residue	True	True	True	formal_classifier_candidate
2713	PRO112-PRO155	residue_residue	True	True	True	formal_classifier_candidate
2714	PRO112-PRO156	residue_residue	True	True	True	formal_classifier_candidate
2715	PRO112-PRO159	residue_residue	True	True	True	formal_classifier_candidate
2716	PRO113-PRO114	residue_residue	True	True	True	formal_classifier_candidate
2717	PRO113-PRO115	residue_residue	True	True	True	formal_classifier_candidate
2718	PRO113-PRO116	residue_residue	True	True	True	formal_classifier_candidate
2719	PRO113-PRO118	residue_residue	True	True	True	formal_classifier_candidate
2720	PRO113-PRO123	residue_residue	True	True	True	formal_classifier_candidate
2721	PRO113-PRO125	residue_residue	True	True	True	formal_classifier_candidate
2722	PRO113-PRO127	residue_residue	True	True	True	formal_classifier_candidate
2723	PRO113-PRO129	residue_residue	True	True	True	formal_classifier_candidate
2724	PRO113-PRO130	residue_residue	True	True	True	formal_classifier_candidate
2725	PRO113-PRO133	residue_residue	True	True	True	formal_classifier_candidate
2726	PRO113-PRO134	residue_residue	True	True	True	formal_classifier_candidate
2727	PRO113-PRO136	residue_residue	True	True	True	formal_classifier_candidate
2728	PRO113-PRO137	residue_residue	True	True	True	formal_classifier_candidate
2729	PRO113-PRO139	residue_residue	True	True	True	formal_classifier_candidate
2730	PRO113-PRO141	residue_residue	True	True	True	formal_classifier_candidate
2731	PRO113-PRO142	residue_residue	True	True	True	formal_classifier_candidate
2732	PRO113-PRO143	residue_residue	True	True	True	formal_classifier_candidate
2733	PRO113-PRO144	residue_residue	True	True	True	formal_classifier_candidate
2734	PRO113-PRO151	residue_residue	True	True	True	formal_classifier_candidate
2735	PRO113-PRO152	residue_residue	True	True	True	formal_classifier_candidate
2736	PRO113-PRO154	residue_residue	True	True	True	formal_classifier_candidate
2737	PRO113-PRO155	residue_residue	True	True	True	formal_classifier_candidate
2738	PRO113-PRO156	residue_residue	True	True	True	formal_classifier_candidate
2739	PRO113-PRO159	residue_residue	True	True	True	formal_classifier_candidate
2740	PRO114-PRO115	residue_residue	True	True	True	formal_classifier_candidate
2741	PRO114-PRO116	residue_residue	True	True	True	formal_classifier_candidate
2742	PRO114-PRO117	residue_residue	True	True	True	formal_classifier_candidate
2743	PRO114-PRO118	residue_residue	True	True	True	formal_classifier_candidate
2744	PRO114-PRO119	residue_residue	True	True	True	formal_classifier_candidate
2745	PRO114-PRO123	residue_residue	True	True	True	formal_classifier_candidate
2746	PRO114-PRO125	residue_residue	True	True	True	formal_classifier_candidate
2747	PRO114-PRO127	residue_residue	True	True	True	formal_classifier_candidate
2748	PRO114-PRO130	residue_residue	True	True	True	formal_classifier_candidate
2749	PRO114-PRO133	residue_residue	True	True	True	formal_classifier_candidate
2750	PRO114-PRO134	residue_residue	True	True	True	formal_classifier_candidate
2751	PRO114-PRO137	residue_residue	True	True	True	formal_classifier_candidate
2752	PRO114-PRO139	residue_residue	True	True	True	formal_classifier_candidate
2753	PRO114-PRO141	residue_residue	True	True	True	formal_classifier_candidate
2754	PRO114-PRO142	residue_residue	True	True	True	formal_classifier_candidate
2755	PRO114-PRO143	residue_residue	True	True	True	formal_classifier_candidate
2756	PRO114-PRO144	residue_residue	True	True	True	formal_classifier_candidate
2757	PRO114-PRO145	residue_residue	True	True	True	formal_classifier_candidate
2758	PRO114-PRO146	residue_residue	True	True	True	formal_classifier_candidate
2759	PRO114-PRO147	residue_residue	True	True	True	formal_classifier_candidate
2760	PRO114-PRO150	residue_residue	True	True	True	formal_classifier_candidate
2761	PRO114-PRO151	residue_residue	True	True	True	formal_classifier_candidate
2762	PRO114-PRO152	residue_residue	True	True	True	formal_classifier_candidate
2763	PRO114-PRO153	residue_residue	True	True	True	formal_classifier_candidate
2764	PRO114-PRO154	residue_residue	True	True	True	formal_classifier_candidate
2765	PRO114-PRO155	residue_residue	True	True	True	formal_classifier_candidate
2766	PRO114-PRO156	residue_residue	True	True	True	formal_classifier_candidate
2767	PRO114-PRO159	residue_residue	True	True	True	formal_classifier_candidate
2768	PRO114-GTP	residue_cofactor	True	True	True	formal_classifier_candidate
2769	PRO115-PRO116	residue_residue	True	True	True	formal_classifier_candidate
2770	PRO115-PRO117	residue_residue	True	True	True	formal_classifier_candidate
2771	PRO115-PRO118	residue_residue	True	True	True	formal_classifier_candidate
2772	PRO115-PRO119	residue_residue	True	True	True	formal_classifier_candidate
2773	PRO115-PRO120	residue_residue	True	True	True	formal_classifier_candidate
2774	PRO115-PRO123	residue_residue	True	True	True	formal_classifier_candidate
2775	PRO115-PRO124	residue_residue	True	True	True	formal_classifier_candidate
2776	PRO115-PRO125	residue_residue	True	True	True	formal_classifier_candidate
2777	PRO115-PRO127	residue_residue	True	True	True	formal_classifier_candidate
2778	PRO115-PRO129	residue_residue	True	True	True	formal_classifier_candidate
2779	PRO115-PRO130	residue_residue	True	True	True	formal_classifier_candidate
2780	PRO115-PRO133	residue_residue	True	True	True	formal_classifier_candidate
2781	PRO115-PRO134	residue_residue	True	True	True	formal_classifier_candidate
2782	PRO115-PRO139	residue_residue	True	True	True	formal_classifier_candidate
2783	PRO115-PRO141	residue_residue	True	True	True	formal_classifier_candidate
2784	PRO115-PRO142	residue_residue	True	True	True	formal_classifier_candidate
2785	PRO115-PRO143	residue_residue	True	True	True	formal_classifier_candidate
2786	PRO115-PRO144	residue_residue	True	True	True	formal_classifier_candidate
2787	PRO115-PRO145	residue_residue	True	True	True	formal_classifier_candidate
2788	PRO115-PRO146	residue_residue	True	True	True	formal_classifier_candidate
2789	PRO115-PRO147	residue_residue	True	True	True	formal_classifier_candidate
2790	PRO115-PRO150	residue_residue	True	True	True	formal_classifier_candidate
2791	PRO115-PRO151	residue_residue	True	True	True	formal_classifier_candidate
2792	PRO115-PRO152	residue_residue	True	True	True	formal_classifier_candidate
2793	PRO115-PRO154	residue_residue	True	True	True	formal_classifier_candidate
2794	PRO115-PRO155	residue_residue	True	True	True	formal_classifier_candidate
2795	PRO115-GTP	residue_cofactor	True	True	True	formal_classifier_candidate
2796	PRO116-PRO117	residue_residue	True	True	True	formal_classifier_candidate
2797	PRO116-PRO118	residue_residue	True	True	True	formal_classifier_candidate
2798	PRO116-PRO119	residue_residue	True	True	True	formal_classifier_candidate
2799	PRO116-PRO120	residue_residue	True	True	True	formal_classifier_candidate
2800	PRO116-PRO121	residue_residue	True	True	True	formal_classifier_candidate
2801	PRO116-PRO122	residue_residue	True	True	True	formal_classifier_candidate
2802	PRO116-PRO123	residue_residue	True	True	True	formal_classifier_candidate
2803	PRO116-PRO124	residue_residue	True	True	True	formal_classifier_candidate
2804	PRO116-PRO125	residue_residue	True	True	True	formal_classifier_candidate
2805	PRO116-PRO127	residue_residue	True	True	True	formal_classifier_candidate
2806	PRO116-PRO130	residue_residue	True	True	True	formal_classifier_candidate
2807	PRO116-PRO141	residue_residue	True	True	True	formal_classifier_candidate
2808	PRO116-PRO142	residue_residue	True	True	True	formal_classifier_candidate
2809	PRO116-PRO143	residue_residue	True	True	True	formal_classifier_candidate
2810	PRO116-PRO144	residue_residue	True	True	True	formal_classifier_candidate
2811	PRO116-PRO145	residue_residue	True	True	True	formal_classifier_candidate
2812	PRO116-PRO146	residue_residue	True	True	True	formal_classifier_candidate
2813	PRO116-PRO147	residue_residue	True	True	True	formal_classifier_candidate
2814	PRO116-PRO148	residue_residue	True	True	True	formal_classifier_candidate
2815	PRO116-PRO149	residue_residue	True	True	True	formal_classifier_candidate
2816	PRO116-PRO150	residue_residue	True	True	True	formal_classifier_candidate
2817	PRO116-PRO151	residue_residue	True	True	True	formal_classifier_candidate
2818	PRO116-PRO152	residue_residue	True	True	True	formal_classifier_candidate
2819	PRO116-PRO153	residue_residue	True	True	True	formal_classifier_candidate
2820	PRO116-PRO154	residue_residue	True	True	True	formal_classifier_candidate
2821	PRO116-PRO155	residue_residue	True	True	True	formal_classifier_candidate
2822	PRO116-PRO156	residue_residue	True	True	True	formal_classifier_candidate
2823	PRO116-PRO1276	residue_residue	True	True	True	formal_classifier_candidate
2824	PRO116-GTP	residue_cofactor	True	True	True	formal_classifier_candidate
2825	PRO117-PRO118	residue_residue	True	True	True	formal_classifier_candidate
2826	PRO117-PRO119	residue_residue	True	True	True	formal_classifier_candidate
2827	PRO117-PRO120	residue_residue	True	True	True	formal_classifier_candidate
2828	PRO117-PRO121	residue_residue	True	True	True	formal_classifier_candidate
2829	PRO117-PRO122	residue_residue	True	True	True	formal_classifier_candidate
2830	PRO117-PRO123	residue_residue	True	True	True	formal_classifier_candidate
2831	PRO117-PRO124	residue_residue	True	True	True	formal_classifier_candidate
2832	PRO117-PRO125	residue_residue	True	True	True	formal_classifier_candidate
2833	PRO117-PRO127	residue_residue	True	True	True	formal_classifier_candidate
2834	PRO117-PRO141	residue_residue	True	True	True	formal_classifier_candidate
2835	PRO117-PRO142	residue_residue	True	True	True	formal_classifier_candidate
2836	PRO117-PRO143	residue_residue	True	True	True	formal_classifier_candidate
2837	PRO117-PRO144	residue_residue	True	True	True	formal_classifier_candidate
2838	PRO117-PRO145	residue_residue	True	True	True	formal_classifier_candidate
2839	PRO117-PRO146	residue_residue	True	True	True	formal_classifier_candidate
2840	PRO117-PRO147	residue_residue	True	True	True	formal_classifier_candidate
2841	PRO117-PRO148	residue_residue	True	True	True	formal_classifier_candidate
2842	PRO117-PRO149	residue_residue	True	True	True	formal_classifier_candidate
2843	PRO117-PRO150	residue_residue	True	True	True	formal_classifier_candidate
2844	PRO117-PRO151	residue_residue	True	True	True	formal_classifier_candidate
2845	PRO117-PRO152	residue_residue	True	True	True	formal_classifier_candidate
2846	PRO117-PRO155	residue_residue	True	True	True	formal_classifier_candidate
2847	PRO117-PRO1269	residue_residue	True	True	True	formal_classifier_candidate
2848	PRO117-PRO1270	residue_residue	True	True	True	formal_classifier_candidate
2849	PRO117-PRO1273	residue_residue	True	True	True	formal_classifier_candidate
2850	PRO117-PRO1275	residue_residue	True	True	True	formal_classifier_candidate
2851	PRO117-PRO1276	residue_residue	True	True	True	formal_classifier_candidate
2852	PRO117-PRO1277	residue_residue	True	True	True	formal_classifier_candidate
2853	PRO117-PRO1278	residue_residue	True	True	True	formal_classifier_candidate
2854	PRO117-GTP	residue_cofactor	True	True	True	formal_classifier_candidate
2855	PRO118-PRO119	residue_residue	True	True	True	formal_classifier_candidate
2856	PRO118-PRO120	residue_residue	True	True	True	formal_classifier_candidate
2857	PRO118-PRO121	residue_residue	True	True	True	formal_classifier_candidate
2858	PRO118-PRO122	residue_residue	True	True	True	formal_classifier_candidate
2859	PRO118-PRO123	residue_residue	True	True	True	formal_classifier_candidate
2860	PRO118-PRO124	residue_residue	True	True	True	formal_classifier_candidate
2861	PRO118-PRO125	residue_residue	True	True	True	formal_classifier_candidate
2862	PRO118-PRO127	residue_residue	True	True	True	formal_classifier_candidate
2863	PRO118-PRO130	residue_residue	True	True	True	formal_classifier_candidate
2864	PRO118-PRO141	residue_residue	True	True	True	formal_classifier_candidate
2865	PRO118-PRO142	residue_residue	True	True	True	formal_classifier_candidate
2866	PRO118-PRO143	residue_residue	True	True	True	formal_classifier_candidate
2867	PRO118-PRO144	residue_residue	True	True	True	formal_classifier_candidate
2868	PRO118-PRO145	residue_residue	True	True	True	formal_classifier_candidate
2869	PRO118-PRO146	residue_residue	True	True	True	formal_classifier_candidate
2870	PRO118-PRO147	residue_residue	True	True	True	formal_classifier_candidate
2871	PRO118-PRO148	residue_residue	True	True	True	formal_classifier_candidate
2872	PRO118-PRO149	residue_residue	True	True	True	formal_classifier_candidate
2873	PRO118-PRO150	residue_residue	True	True	True	formal_classifier_candidate
2874	PRO118-PRO151	residue_residue	True	True	True	formal_classifier_candidate
2875	PRO118-PRO152	residue_residue	True	True	True	formal_classifier_candidate
2876	PRO118-PRO154	residue_residue	True	True	True	formal_classifier_candidate
2877	PRO118-PRO155	residue_residue	True	True	True	formal_classifier_candidate
2878	PRO118-GTP	residue_cofactor	True	True	True	formal_classifier_candidate
2879	PRO119-PRO120	residue_residue	True	True	True	formal_classifier_candidate
2880	PRO119-PRO121	residue_residue	True	True	True	formal_classifier_candidate
2881	PRO119-PRO122	residue_residue	True	True	True	formal_classifier_candidate
2882	PRO119-PRO123	residue_residue	True	True	True	formal_classifier_candidate
2883	PRO119-PRO143	residue_residue	True	True	True	formal_classifier_candidate
2884	PRO119-PRO144	residue_residue	True	True	True	formal_classifier_candidate
2885	PRO119-PRO145	residue_residue	True	True	True	formal_classifier_candidate
2886	PRO119-PRO146	residue_residue	True	True	True	formal_classifier_candidate
2887	PRO119-PRO147	residue_residue	True	True	True	formal_classifier_candidate
2888	PRO119-PRO148	residue_residue	True	True	True	formal_classifier_candidate
2889	PRO119-PRO149	residue_residue	True	True	True	formal_classifier_candidate
2890	PRO119-PRO150	residue_residue	True	True	True	formal_classifier_candidate
2891	PRO119-PRO151	residue_residue	True	True	True	formal_classifier_candidate
2892	PRO119-PRO152	residue_residue	True	True	True	formal_classifier_candidate
2893	PRO119-GTP	residue_cofactor	True	True	True	formal_classifier_candidate
2894	PRO120-PRO121	residue_residue	True	True	True	formal_classifier_candidate
2895	PRO120-PRO122	residue_residue	True	True	True	formal_classifier_candidate
2896	PRO120-PRO123	residue_residue	True	True	True	formal_classifier_candidate
2897	PRO120-PRO124	residue_residue	True	True	True	formal_classifier_candidate
2898	PRO120-PRO125	residue_residue	True	True	True	formal_classifier_candidate
2899	PRO120-PRO127	residue_residue	True	True	True	formal_classifier_candidate
2900	PRO120-PRO143	residue_residue	True	True	True	formal_classifier_candidate
2901	PRO120-PRO144	residue_residue	True	True	True	formal_classifier_candidate
2902	PRO120-PRO145	residue_residue	True	True	True	formal_classifier_candidate
2903	PRO120-PRO146	residue_residue	True	True	True	formal_classifier_candidate
2904	PRO120-PRO147	residue_residue	True	True	True	formal_classifier_candidate
2905	PRO120-PRO148	residue_residue	True	True	True	formal_classifier_candidate
2906	PRO120-PRO149	residue_residue	True	True	True	formal_classifier_candidate
2907	PRO120-PRO150	residue_residue	True	True	True	formal_classifier_candidate
2908	PRO120-PRO1269	residue_residue	True	True	True	formal_classifier_candidate
2909	PRO120-PRO1273	residue_residue	True	True	True	formal_classifier_candidate
2910	PRO120-PRO1276	residue_residue	True	True	True	formal_classifier_candidate
2911	PRO120-GTP	residue_cofactor	True	True	True	formal_classifier_candidate
2912	PRO121-PRO122	residue_residue	True	True	True	formal_classifier_candidate
2913	PRO121-PRO123	residue_residue	True	True	True	formal_classifier_candidate
2914	PRO121-PRO124	residue_residue	True	True	True	formal_classifier_candidate
2915	PRO121-PRO125	residue_residue	True	True	True	formal_classifier_candidate
2916	PRO121-PRO145	residue_residue	True	True	True	formal_classifier_candidate
2917	PRO121-PRO147	residue_residue	True	True	True	formal_classifier_candidate
2918	PRO121-PRO148	residue_residue	True	True	True	formal_classifier_candidate
2919	PRO121-GTP	residue_cofactor	True	True	True	formal_classifier_candidate
2920	PRO122-PRO123	residue_residue	True	True	True	formal_classifier_candidate
2921	PRO122-PRO124	residue_residue	True	True	True	formal_classifier_candidate
2922	PRO122-PRO125	residue_residue	True	True	True	formal_classifier_candidate
2923	PRO122-PRO127	residue_residue	True	True	True	formal_classifier_candidate
2924	PRO122-PRO143	residue_residue	True	True	True	formal_classifier_candidate
2925	PRO122-PRO145	residue_residue	True	True	True	formal_classifier_candidate
2926	PRO122-GTP	residue_cofactor	True	True	True	formal_classifier_candidate
2927	PRO123-PRO124	residue_residue	True	True	True	formal_classifier_candidate
2928	PRO123-PRO125	residue_residue	True	True	True	formal_classifier_candidate
2929	PRO123-PRO127	residue_residue	True	True	True	formal_classifier_candidate
2930	PRO123-PRO129	residue_residue	True	True	True	formal_classifier_candidate
2931	PRO123-PRO130	residue_residue	True	True	True	formal_classifier_candidate
2932	PRO123-PRO133	residue_residue	True	True	True	formal_classifier_candidate
2933	PRO123-PRO134	residue_residue	True	True	True	formal_classifier_candidate
2934	PRO123-PRO141	residue_residue	True	True	True	formal_classifier_candidate
2935	PRO123-PRO142	residue_residue	True	True	True	formal_classifier_candidate
2936	PRO123-PRO143	residue_residue	True	True	True	formal_classifier_candidate
2937	PRO123-PRO144	residue_residue	True	True	True	formal_classifier_candidate
2938	PRO123-PRO145	residue_residue	True	True	True	formal_classifier_candidate
2939	PRO124-PRO125	residue_residue	True	True	True	formal_classifier_candidate
2940	PRO124-PRO127	residue_residue	True	True	True	formal_classifier_candidate
2941	PRO124-PRO129	residue_residue	True	True	True	formal_classifier_candidate
2942	PRO124-PRO130	residue_residue	True	True	True	formal_classifier_candidate
2943	PRO124-PRO143	residue_residue	True	True	True	formal_classifier_candidate
2944	PRO124-PRO1233	residue_residue	True	True	True	formal_classifier_candidate
2945	PRO124-PRO1236	residue_residue	True	True	True	formal_classifier_candidate
2946	PRO124-PRO1267	residue_residue	True	True	True	formal_classifier_candidate
2947	PRO124-PRO1277	residue_residue	True	True	True	formal_classifier_candidate
2948	PRO124-PRO1278	residue_residue	True	True	True	formal_classifier_candidate
2949	PRO125-PRO127	residue_residue	True	True	True	formal_classifier_candidate
2950	PRO125-PRO129	residue_residue	True	True	True	formal_classifier_candidate
2951	PRO125-PRO130	residue_residue	True	True	True	formal_classifier_candidate
2952	PRO125-PRO133	residue_residue	True	True	True	formal_classifier_candidate
2953	PRO125-PRO134	residue_residue	True	True	True	formal_classifier_candidate
2954	PRO125-PRO141	residue_residue	True	True	True	formal_classifier_candidate
2955	PRO125-PRO142	residue_residue	True	True	True	formal_classifier_candidate
2956	PRO125-PRO143	residue_residue	True	True	True	formal_classifier_candidate
2957	PRO125-PRO144	residue_residue	True	True	True	formal_classifier_candidate
2958	PRO125-PRO1233	residue_residue	True	True	True	formal_classifier_candidate
2959	PRO127-PRO129	residue_residue	True	True	True	formal_classifier_candidate
2960	PRO127-PRO130	residue_residue	True	True	True	formal_classifier_candidate
2961	PRO127-PRO133	residue_residue	True	True	True	formal_classifier_candidate
2962	PRO127-PRO134	residue_residue	True	True	True	formal_classifier_candidate
2963	PRO127-PRO136	residue_residue	True	True	True	formal_classifier_candidate
2964	PRO127-PRO141	residue_residue	True	True	True	formal_classifier_candidate
2965	PRO127-PRO142	residue_residue	True	True	True	formal_classifier_candidate
2966	PRO127-PRO143	residue_residue	True	True	True	formal_classifier_candidate
2967	PRO127-PRO144	residue_residue	True	True	True	formal_classifier_candidate
2968	PRO129-PRO130	residue_residue	True	True	True	formal_classifier_candidate
2969	PRO129-PRO133	residue_residue	True	True	True	formal_classifier_candidate
2970	PRO129-PRO134	residue_residue	True	True	True	formal_classifier_candidate
2971	PRO129-PRO136	residue_residue	True	True	True	formal_classifier_candidate
2972	PRO129-PRO137	residue_residue	True	True	True	formal_classifier_candidate
2973	PRO129-PRO139	residue_residue	True	True	True	formal_classifier_candidate
2974	PRO129-PRO141	residue_residue	True	True	True	formal_classifier_candidate
2975	PRO129-PRO143	residue_residue	True	True	True	formal_classifier_candidate
2976	PRO130-PRO133	residue_residue	True	True	True	formal_classifier_candidate
2977	PRO130-PRO134	residue_residue	True	True	True	formal_classifier_candidate
2978	PRO130-PRO136	residue_residue	True	True	True	formal_classifier_candidate
2979	PRO130-PRO137	residue_residue	True	True	True	formal_classifier_candidate
2980	PRO130-PRO139	residue_residue	True	True	True	formal_classifier_candidate
2981	PRO130-PRO141	residue_residue	True	True	True	formal_classifier_candidate
2982	PRO130-PRO142	residue_residue	True	True	True	formal_classifier_candidate
2983	PRO130-PRO143	residue_residue	True	True	True	formal_classifier_candidate
2984	PRO130-PRO144	residue_residue	True	True	True	formal_classifier_candidate
2985	PRO133-PRO134	residue_residue	True	True	True	formal_classifier_candidate
2986	PRO133-PRO136	residue_residue	True	True	True	formal_classifier_candidate
2987	PRO133-PRO137	residue_residue	True	True	True	formal_classifier_candidate
2988	PRO133-PRO139	residue_residue	True	True	True	formal_classifier_candidate
2989	PRO133-PRO141	residue_residue	True	True	True	formal_classifier_candidate
2990	PRO133-PRO142	residue_residue	True	True	True	formal_classifier_candidate
2991	PRO133-PRO143	residue_residue	True	True	True	formal_classifier_candidate
2992	PRO134-PRO136	residue_residue	True	True	True	formal_classifier_candidate
2993	PRO134-PRO137	residue_residue	True	True	True	formal_classifier_candidate
2994	PRO134-PRO139	residue_residue	True	True	True	formal_classifier_candidate
2995	PRO134-PRO141	residue_residue	True	True	True	formal_classifier_candidate
2996	PRO134-PRO142	residue_residue	True	True	True	formal_classifier_candidate
2997	PRO134-PRO143	residue_residue	True	True	True	formal_classifier_candidate
2998	PRO136-PRO137	residue_residue	True	True	True	formal_classifier_candidate
2999	PRO136-PRO139	residue_residue	True	True	True	formal_classifier_candidate
3000	PRO136-PRO141	residue_residue	True	True	True	formal_classifier_candidate
3001	PRO137-PRO139	residue_residue	True	True	True	formal_classifier_candidate
3002	PRO137-PRO141	residue_residue	True	True	True	formal_classifier_candidate
3003	PRO139-PRO141	residue_residue	True	True	True	formal_classifier_candidate
3004	PRO139-PRO142	residue_residue	True	True	True	formal_classifier_candidate
3005	PRO139-PRO155	residue_residue	True	True	True	formal_classifier_candidate
3006	PRO139-PRO159	residue_residue	True	True	True	formal_classifier_candidate
3007	PRO141-PRO142	residue_residue	True	True	True	formal_classifier_candidate
3008	PRO141-PRO143	residue_residue	True	True	True	formal_classifier_candidate
3009	PRO141-PRO144	residue_residue	True	True	True	formal_classifier_candidate
3010	PRO141-PRO151	residue_residue	True	True	True	formal_classifier_candidate
3011	PRO141-PRO154	residue_residue	True	True	True	formal_classifier_candidate
3012	PRO141-PRO155	residue_residue	True	True	True	formal_classifier_candidate
3013	PRO141-PRO156	residue_residue	True	True	True	formal_classifier_candidate
3014	PRO141-PRO159	residue_residue	True	True	True	formal_classifier_candidate
3015	PRO142-PRO143	residue_residue	True	True	True	formal_classifier_candidate
3016	PRO142-PRO144	residue_residue	True	True	True	formal_classifier_candidate
3017	PRO142-PRO145	residue_residue	True	True	True	formal_classifier_candidate
3018	PRO142-PRO146	residue_residue	True	True	True	formal_classifier_candidate
3019	PRO142-PRO149	residue_residue	True	True	True	formal_classifier_candidate
3020	PRO142-PRO150	residue_residue	True	True	True	formal_classifier_candidate
3021	PRO142-PRO151	residue_residue	True	True	True	formal_classifier_candidate
3022	PRO142-PRO152	residue_residue	True	True	True	formal_classifier_candidate
3023	PRO142-PRO153	residue_residue	True	True	True	formal_classifier_candidate
3024	PRO142-PRO154	residue_residue	True	True	True	formal_classifier_candidate
3025	PRO142-PRO155	residue_residue	True	True	True	formal_classifier_candidate
3026	PRO142-PRO156	residue_residue	True	True	True	formal_classifier_candidate
3027	PRO142-PRO159	residue_residue	True	True	True	formal_classifier_candidate
3028	PRO143-PRO144	residue_residue	True	True	True	formal_classifier_candidate
3029	PRO143-PRO145	residue_residue	True	True	True	formal_classifier_candidate
3030	PRO143-PRO146	residue_residue	True	True	True	formal_classifier_candidate
3031	PRO143-PRO147	residue_residue	True	True	True	formal_classifier_candidate
3032	PRO143-PRO148	residue_residue	True	True	True	formal_classifier_candidate
3033	PRO143-PRO149	residue_residue	True	True	True	formal_classifier_candidate
3034	PRO143-PRO150	residue_residue	True	True	True	formal_classifier_candidate
3035	PRO143-PRO151	residue_residue	True	True	True	formal_classifier_candidate
3036	PRO143-PRO152	residue_residue	True	True	True	formal_classifier_candidate
3037	PRO143-PRO153	residue_residue	True	True	True	formal_classifier_candidate
3038	PRO143-PRO154	residue_residue	True	True	True	formal_classifier_candidate
3039	PRO143-PRO155	residue_residue	True	True	True	formal_classifier_candidate
3040	PRO143-PRO156	residue_residue	True	True	True	formal_classifier_candidate
3041	PRO143-GTP	residue_cofactor	True	True	True	formal_classifier_candidate
3042	PRO144-PRO145	residue_residue	True	True	True	formal_classifier_candidate
3043	PRO144-PRO146	residue_residue	True	True	True	formal_classifier_candidate
3044	PRO144-PRO147	residue_residue	True	True	True	formal_classifier_candidate
3045	PRO144-PRO148	residue_residue	True	True	True	formal_classifier_candidate
3046	PRO144-PRO149	residue_residue	True	True	True	formal_classifier_candidate
3047	PRO144-PRO150	residue_residue	True	True	True	formal_classifier_candidate
3048	PRO144-PRO151	residue_residue	True	True	True	formal_classifier_candidate
3049	PRO144-PRO152	residue_residue	True	True	True	formal_classifier_candidate
3050	PRO144-PRO153	residue_residue	True	True	True	formal_classifier_candidate
3051	PRO144-PRO154	residue_residue	True	True	True	formal_classifier_candidate
3052	PRO144-PRO155	residue_residue	True	True	True	formal_classifier_candidate
3053	PRO144-PRO156	residue_residue	True	True	True	formal_classifier_candidate
3054	PRO144-PRO159	residue_residue	True	True	True	formal_classifier_candidate
3055	PRO144-GTP	residue_cofactor	True	True	True	formal_classifier_candidate
3056	PRO145-PRO146	residue_residue	True	True	True	formal_classifier_candidate
3057	PRO145-PRO147	residue_residue	True	True	True	formal_classifier_candidate
3058	PRO145-PRO148	residue_residue	True	True	True	formal_classifier_candidate
3059	PRO145-PRO149	residue_residue	True	True	True	formal_classifier_candidate
3060	PRO145-PRO150	residue_residue	True	True	True	formal_classifier_candidate
3061	PRO145-PRO151	residue_residue	True	True	True	formal_classifier_candidate
3062	PRO145-PRO152	residue_residue	True	True	True	formal_classifier_candidate
3063	PRO145-PRO153	residue_residue	True	True	True	formal_classifier_candidate
3064	PRO145-PRO154	residue_residue	True	True	True	formal_classifier_candidate
3065	PRO145-PRO155	residue_residue	True	True	True	formal_classifier_candidate
3066	PRO145-PRO156	residue_residue	True	True	True	formal_classifier_candidate
3067	PRO145-GTP	residue_cofactor	True	True	True	formal_classifier_candidate
3068	PRO146-PRO147	residue_residue	True	True	True	formal_classifier_candidate
3069	PRO146-PRO148	residue_residue	True	True	True	formal_classifier_candidate
3070	PRO146-PRO149	residue_residue	True	True	True	formal_classifier_candidate
3071	PRO146-PRO150	residue_residue	True	True	True	formal_classifier_candidate
3072	PRO146-PRO151	residue_residue	True	True	True	formal_classifier_candidate
3073	PRO146-PRO152	residue_residue	True	True	True	formal_classifier_candidate
3074	PRO146-PRO153	residue_residue	True	True	True	formal_classifier_candidate
3075	PRO146-PRO154	residue_residue	True	True	True	formal_classifier_candidate
3076	PRO146-PRO155	residue_residue	True	True	True	formal_classifier_candidate
3077	PRO146-PRO156	residue_residue	True	True	True	formal_classifier_candidate
3078	PRO146-GTP	residue_cofactor	True	True	True	formal_classifier_candidate
3079	PRO147-PRO148	residue_residue	True	True	True	formal_classifier_candidate
3080	PRO147-PRO149	residue_residue	True	True	True	formal_classifier_candidate
3081	PRO147-PRO150	residue_residue	True	True	True	formal_classifier_candidate
3082	PRO147-PRO151	residue_residue	True	True	True	formal_classifier_candidate
3083	PRO147-PRO152	residue_residue	True	True	True	formal_classifier_candidate
3084	PRO147-PRO153	residue_residue	True	True	True	formal_classifier_candidate
3085	PRO147-GTP	residue_cofactor	True	True	True	formal_classifier_candidate
3086	PRO148-PRO149	residue_residue	True	True	True	formal_classifier_candidate
3087	PRO148-PRO150	residue_residue	True	True	True	formal_classifier_candidate
3088	PRO148-PRO151	residue_residue	True	True	True	formal_classifier_candidate
3089	PRO148-PRO152	residue_residue	True	True	True	formal_classifier_candidate
3090	PRO148-PRO153	residue_residue	True	True	True	formal_classifier_candidate
3091	PRO148-GTP	residue_cofactor	True	True	True	formal_classifier_candidate
3092	PRO149-PRO150	residue_residue	True	True	True	formal_classifier_candidate
3093	PRO149-PRO151	residue_residue	True	True	True	formal_classifier_candidate
3094	PRO149-PRO152	residue_residue	True	True	True	formal_classifier_candidate
3095	PRO149-PRO153	residue_residue	True	True	True	formal_classifier_candidate
3096	PRO149-PRO154	residue_residue	True	True	True	formal_classifier_candidate
3097	PRO149-PRO155	residue_residue	True	True	True	formal_classifier_candidate
3098	PRO149-PRO156	residue_residue	True	True	True	formal_classifier_candidate
3099	PRO149-GTP	residue_cofactor	True	True	True	formal_classifier_candidate
3100	PRO150-PRO151	residue_residue	True	True	True	formal_classifier_candidate
3101	PRO150-PRO152	residue_residue	True	True	True	formal_classifier_candidate
3102	PRO150-PRO153	residue_residue	True	True	True	formal_classifier_candidate
3103	PRO150-PRO154	residue_residue	True	True	True	formal_classifier_candidate
3104	PRO150-PRO155	residue_residue	True	True	True	formal_classifier_candidate
3105	PRO150-PRO156	residue_residue	True	True	True	formal_classifier_candidate
3106	PRO150-GTP	residue_cofactor	True	True	True	formal_classifier_candidate
3107	PRO151-PRO152	residue_residue	True	True	True	formal_classifier_candidate
3108	PRO151-PRO153	residue_residue	True	True	True	formal_classifier_candidate
3109	PRO151-PRO154	residue_residue	True	True	True	formal_classifier_candidate
3110	PRO151-PRO155	residue_residue	True	True	True	formal_classifier_candidate
3111	PRO151-PRO156	residue_residue	True	True	True	formal_classifier_candidate
3112	PRO151-PRO159	residue_residue	True	True	True	formal_classifier_candidate
3113	PRO151-GTP	residue_cofactor	True	True	True	formal_classifier_candidate
3114	PRO152-PRO153	residue_residue	True	True	True	formal_classifier_candidate
3115	PRO152-PRO154	residue_residue	True	True	True	formal_classifier_candidate
3116	PRO152-PRO155	residue_residue	True	True	True	formal_classifier_candidate
3117	PRO152-PRO156	residue_residue	True	True	True	formal_classifier_candidate
3118	PRO152-PRO159	residue_residue	True	True	True	formal_classifier_candidate
3119	PRO152-GTP	residue_cofactor	True	True	True	formal_classifier_candidate
3120	PRO153-PRO154	residue_residue	True	True	True	formal_classifier_candidate
3121	PRO153-PRO155	residue_residue	True	True	True	formal_classifier_candidate
3122	PRO153-PRO156	residue_residue	True	True	True	formal_classifier_candidate
3123	PRO153-PRO159	residue_residue	True	True	True	formal_classifier_candidate
3124	PRO154-PRO155	residue_residue	True	True	True	formal_classifier_candidate
3125	PRO154-PRO156	residue_residue	True	True	True	formal_classifier_candidate
3126	PRO154-PRO159	residue_residue	True	True	True	formal_classifier_candidate
3127	PRO155-PRO156	residue_residue	True	True	True	formal_classifier_candidate
3128	PRO155-PRO159	residue_residue	True	True	True	formal_classifier_candidate
3129	PRO156-PRO159	residue_residue	True	True	True	formal_classifier_candidate
3130	PRO1227-PRO1228	residue_residue	True	True	True	formal_classifier_candidate
3131	PRO1227-PRO1230	residue_residue	True	True	True	formal_classifier_candidate
3132	PRO1227-PRO1231	residue_residue	True	True	True	formal_classifier_candidate
3133	PRO1227-PRO1232	residue_residue	True	True	True	formal_classifier_candidate
3134	PRO1227-PRO1233	residue_residue	True	True	True	formal_classifier_candidate
3135	PRO1227-PRO1234	residue_residue	True	True	True	formal_classifier_candidate
3136	PRO1227-PRO1235	residue_residue	True	True	True	formal_classifier_candidate
3137	PRO1227-PRO1236	residue_residue	True	True	True	formal_classifier_candidate
3138	PRO1227-PRO1237	residue_residue	True	True	True	formal_classifier_candidate
3139	PRO1227-PRO1238	residue_residue	True	True	True	formal_classifier_candidate
3140	PRO1227-PRO1239	residue_residue	True	True	True	formal_classifier_candidate
3141	PRO1227-PRO1240	residue_residue	True	True	True	formal_classifier_candidate
3142	PRO1227-PRO1241	residue_residue	True	True	True	formal_classifier_candidate
3143	PRO1227-PRO1242	residue_residue	True	True	True	formal_classifier_candidate
3144	PRO1227-PRO1243	residue_residue	True	True	True	formal_classifier_candidate
3145	PRO1227-PRO1278	residue_residue	True	True	True	formal_classifier_candidate
3146	PRO1227-PRO1279	residue_residue	True	True	True	formal_classifier_candidate
3147	PRO1227-PRO1280	residue_residue	True	True	True	formal_classifier_candidate
3148	PRO1227-PRO1281	residue_residue	True	True	True	formal_classifier_candidate
3149	PRO1227-PRO1283	residue_residue	True	True	True	formal_classifier_candidate
3150	PRO1227-PRO1284	residue_residue	True	True	True	formal_classifier_candidate
3151	PRO1228-PRO1230	residue_residue	True	True	True	formal_classifier_candidate
3152	PRO1228-PRO1231	residue_residue	True	True	True	formal_classifier_candidate
3153	PRO1228-PRO1232	residue_residue	True	True	True	formal_classifier_candidate
3154	PRO1228-PRO1233	residue_residue	True	True	True	formal_classifier_candidate
3155	PRO1228-PRO1234	residue_residue	True	True	True	formal_classifier_candidate
3156	PRO1228-PRO1235	residue_residue	True	True	True	formal_classifier_candidate
3157	PRO1228-PRO1236	residue_residue	True	True	True	formal_classifier_candidate
3158	PRO1228-PRO1237	residue_residue	True	True	True	formal_classifier_candidate
3159	PRO1228-PRO1238	residue_residue	True	True	True	formal_classifier_candidate
3160	PRO1228-PRO1239	residue_residue	True	True	True	formal_classifier_candidate
3161	PRO1228-PRO1240	residue_residue	True	True	True	formal_classifier_candidate
3162	PRO1228-PRO1243	residue_residue	True	True	True	formal_classifier_candidate
3163	PRO1228-PRO1264	residue_residue	True	True	True	formal_classifier_candidate
3164	PRO1228-PRO1267	residue_residue	True	True	True	formal_classifier_candidate
3165	PRO1228-PRO1278	residue_residue	True	True	True	formal_classifier_candidate
3166	PRO1228-PRO1279	residue_residue	True	True	True	formal_classifier_candidate
3167	PRO1228-PRO1280	residue_residue	True	True	True	formal_classifier_candidate
3168	PRO1228-PRO1281	residue_residue	True	True	True	formal_classifier_candidate
3169	PRO1228-PRO1282	residue_residue	True	True	True	formal_classifier_candidate
3170	PRO1228-PRO1283	residue_residue	True	True	True	formal_classifier_candidate
3171	PRO1228-PRO1284	residue_residue	True	True	True	formal_classifier_candidate
3172	PRO1230-PRO1231	residue_residue	True	True	True	formal_classifier_candidate
3173	PRO1230-PRO1232	residue_residue	True	True	True	formal_classifier_candidate
3174	PRO1230-PRO1233	residue_residue	True	True	True	formal_classifier_candidate
3175	PRO1230-PRO1234	residue_residue	True	True	True	formal_classifier_candidate
3176	PRO1230-PRO1235	residue_residue	True	True	True	formal_classifier_candidate
3177	PRO1230-PRO1236	residue_residue	True	True	True	formal_classifier_candidate
3178	PRO1230-PRO1239	residue_residue	True	True	True	formal_classifier_candidate
3179	PRO1230-PRO1243	residue_residue	True	True	True	formal_classifier_candidate
3180	PRO1230-PRO1280	residue_residue	True	True	True	formal_classifier_candidate
3181	PRO1231-PRO1232	residue_residue	True	True	True	formal_classifier_candidate
3182	PRO1231-PRO1233	residue_residue	True	True	True	formal_classifier_candidate
3183	PRO1231-PRO1234	residue_residue	True	True	True	formal_classifier_candidate
3184	PRO1231-PRO1235	residue_residue	True	True	True	formal_classifier_candidate
3185	PRO1231-PRO1236	residue_residue	True	True	True	formal_classifier_candidate
3186	PRO1231-PRO1237	residue_residue	True	True	True	formal_classifier_candidate
3187	PRO1231-PRO1238	residue_residue	True	True	True	formal_classifier_candidate
3188	PRO1231-PRO1239	residue_residue	True	True	True	formal_classifier_candidate
3189	PRO1231-PRO1240	residue_residue	True	True	True	formal_classifier_candidate
3190	PRO1231-PRO1241	residue_residue	True	True	True	formal_classifier_candidate
3191	PRO1231-PRO1242	residue_residue	True	True	True	formal_classifier_candidate
3192	PRO1231-PRO1243	residue_residue	True	True	True	formal_classifier_candidate
3193	PRO1231-PRO1278	residue_residue	True	True	True	formal_classifier_candidate
3194	PRO1231-PRO1279	residue_residue	True	True	True	formal_classifier_candidate
3195	PRO1231-PRO1280	residue_residue	True	True	True	formal_classifier_candidate
3196	PRO1231-PRO1283	residue_residue	True	True	True	formal_classifier_candidate
3197	PRO1231-PRO1284	residue_residue	True	True	True	formal_classifier_candidate
3198	PRO1232-PRO1233	residue_residue	True	True	True	formal_classifier_candidate
3199	PRO1232-PRO1234	residue_residue	True	True	True	formal_classifier_candidate
3200	PRO1232-PRO1235	residue_residue	True	True	True	formal_classifier_candidate
3201	PRO1232-PRO1236	residue_residue	True	True	True	formal_classifier_candidate
3202	PRO1232-PRO1237	residue_residue	True	True	True	formal_classifier_candidate
3203	PRO1232-PRO1238	residue_residue	True	True	True	formal_classifier_candidate
3204	PRO1232-PRO1239	residue_residue	True	True	True	formal_classifier_candidate
3205	PRO1232-PRO1240	residue_residue	True	True	True	formal_classifier_candidate
3206	PRO1232-PRO1278	residue_residue	True	True	True	formal_classifier_candidate
3207	PRO1232-PRO1279	residue_residue	True	True	True	formal_classifier_candidate
3208	PRO1232-PRO1280	residue_residue	True	True	True	formal_classifier_candidate
3209	PRO1232-PRO1283	residue_residue	True	True	True	formal_classifier_candidate
3210	PRO1233-PRO1234	residue_residue	True	True	True	formal_classifier_candidate
3211	PRO1233-PRO1235	residue_residue	True	True	True	formal_classifier_candidate
3212	PRO1233-PRO1236	residue_residue	True	True	True	formal_classifier_candidate
3213	PRO1233-PRO1237	residue_residue	True	True	True	formal_classifier_candidate
3214	PRO1233-PRO1238	residue_residue	True	True	True	formal_classifier_candidate
3215	PRO1233-PRO1239	residue_residue	True	True	True	formal_classifier_candidate
3216	PRO1233-PRO1240	residue_residue	True	True	True	formal_classifier_candidate
3217	PRO1233-PRO1277	residue_residue	True	True	True	formal_classifier_candidate
3218	PRO1233-PRO1278	residue_residue	True	True	True	formal_classifier_candidate
3219	PRO1233-PRO1279	residue_residue	True	True	True	formal_classifier_candidate
3220	PRO1233-PRO1280	residue_residue	True	True	True	formal_classifier_candidate
3221	PRO1233-PRO1281	residue_residue	True	True	True	formal_classifier_candidate
3222	PRO1233-PRO1282	residue_residue	True	True	True	formal_classifier_candidate
3223	PRO1233-PRO1283	residue_residue	True	True	True	formal_classifier_candidate
3224	PRO1234-PRO1235	residue_residue	True	True	True	formal_classifier_candidate
3225	PRO1234-PRO1236	residue_residue	True	True	True	formal_classifier_candidate
3226	PRO1234-PRO1237	residue_residue	True	True	True	formal_classifier_candidate
3227	PRO1234-PRO1238	residue_residue	True	True	True	formal_classifier_candidate
3228	PRO1234-PRO1239	residue_residue	True	True	True	formal_classifier_candidate
3229	PRO1234-PRO1240	residue_residue	True	True	True	formal_classifier_candidate
3230	PRO1234-PRO1241	residue_residue	True	True	True	formal_classifier_candidate
3231	PRO1234-PRO1278	residue_residue	True	True	True	formal_classifier_candidate
3232	PRO1234-PRO1279	residue_residue	True	True	True	formal_classifier_candidate
3233	PRO1234-PRO1280	residue_residue	True	True	True	formal_classifier_candidate
3234	PRO1234-PRO1283	residue_residue	True	True	True	formal_classifier_candidate
3235	PRO1234-LIG	residue_ligand	True	True	True	formal_classifier_candidate
3236	PRO1235-PRO1236	residue_residue	True	True	True	formal_classifier_candidate
3237	PRO1235-PRO1237	residue_residue	True	True	True	formal_classifier_candidate
3238	PRO1235-PRO1238	residue_residue	True	True	True	formal_classifier_candidate
3239	PRO1235-PRO1239	residue_residue	True	True	True	formal_classifier_candidate
3240	PRO1235-PRO1240	residue_residue	True	True	True	formal_classifier_candidate
3241	PRO1235-PRO1241	residue_residue	True	True	True	formal_classifier_candidate
3242	PRO1235-PRO1242	residue_residue	True	True	True	formal_classifier_candidate
3243	PRO1235-PRO1243	residue_residue	True	True	True	formal_classifier_candidate
3244	PRO1235-PRO1278	residue_residue	True	True	True	formal_classifier_candidate
3245	PRO1235-PRO1279	residue_residue	True	True	True	formal_classifier_candidate
3246	PRO1235-PRO1280	residue_residue	True	True	True	formal_classifier_candidate
3247	PRO1235-PRO1283	residue_residue	True	True	True	formal_classifier_candidate
3248	PRO1235-PRO1284	residue_residue	True	True	True	formal_classifier_candidate
3249	PRO1235-LIG	residue_ligand	True	True	True	formal_classifier_candidate
3250	PRO1236-PRO1237	residue_residue	True	True	True	formal_classifier_candidate
3251	PRO1236-PRO1238	residue_residue	True	True	True	formal_classifier_candidate
3252	PRO1236-PRO1239	residue_residue	True	True	True	formal_classifier_candidate
3253	PRO1236-PRO1240	residue_residue	True	True	True	formal_classifier_candidate
3254	PRO1236-PRO1241	residue_residue	True	True	True	formal_classifier_candidate
3255	PRO1236-PRO1242	residue_residue	True	True	True	formal_classifier_candidate
3256	PRO1236-PRO1243	residue_residue	True	True	True	formal_classifier_candidate
3257	PRO1236-PRO1264	residue_residue	True	True	True	formal_classifier_candidate
3258	PRO1236-PRO1267	residue_residue	True	True	True	formal_classifier_candidate
3259	PRO1236-PRO1274	residue_residue	True	True	True	formal_classifier_candidate
3260	PRO1236-PRO1275	residue_residue	True	True	True	formal_classifier_candidate
3261	PRO1236-PRO1276	residue_residue	True	True	True	formal_classifier_candidate
3262	PRO1236-PRO1277	residue_residue	True	True	True	formal_classifier_candidate
3263	PRO1236-PRO1278	residue_residue	True	True	True	formal_classifier_candidate
3264	PRO1236-PRO1279	residue_residue	True	True	True	formal_classifier_candidate
3265	PRO1236-PRO1280	residue_residue	True	True	True	formal_classifier_candidate
3266	PRO1236-PRO1281	residue_residue	True	True	True	formal_classifier_candidate
3267	PRO1236-PRO1282	residue_residue	True	True	True	formal_classifier_candidate
3268	PRO1236-PRO1283	residue_residue	True	True	True	formal_classifier_candidate
3269	PRO1236-PRO1284	residue_residue	True	True	True	formal_classifier_candidate
3270	PRO1236-PRO1285	residue_residue	True	True	True	formal_classifier_candidate
3271	PRO1236-PRO1286	residue_residue	True	True	True	formal_classifier_candidate
3272	PRO1236-PRO1287	residue_residue	True	True	True	formal_classifier_candidate
3273	PRO1236-PRO1391	residue_residue	True	True	True	formal_classifier_candidate
3274	PRO1237-PRO1238	residue_residue	True	True	True	formal_classifier_candidate
3275	PRO1237-PRO1239	residue_residue	True	True	True	formal_classifier_candidate
3276	PRO1237-PRO1240	residue_residue	True	True	True	formal_classifier_candidate
3277	PRO1237-PRO1241	residue_residue	True	True	True	formal_classifier_candidate
3278	PRO1237-PRO1242	residue_residue	True	True	True	formal_classifier_candidate
3279	PRO1237-PRO1243	residue_residue	True	True	True	formal_classifier_candidate
3280	PRO1237-PRO1278	residue_residue	True	True	True	formal_classifier_candidate
3281	PRO1237-PRO1279	residue_residue	True	True	True	formal_classifier_candidate
3282	PRO1237-PRO1280	residue_residue	True	True	True	formal_classifier_candidate
3283	PRO1237-PRO1281	residue_residue	True	True	True	formal_classifier_candidate
3284	PRO1237-PRO1282	residue_residue	True	True	True	formal_classifier_candidate
3285	PRO1237-PRO1283	residue_residue	True	True	True	formal_classifier_candidate
3286	PRO1237-PRO1284	residue_residue	True	True	True	formal_classifier_candidate
3287	PRO1237-PRO1285	residue_residue	True	True	True	formal_classifier_candidate
3288	PRO1237-PRO1286	residue_residue	True	True	True	formal_classifier_candidate
3289	PRO1237-PRO1287	residue_residue	True	True	True	formal_classifier_candidate
3290	PRO1237-PRO1290	residue_residue	True	True	True	formal_classifier_candidate
3291	PRO1237-PRO1391	residue_residue	True	True	True	formal_classifier_candidate
3292	PRO1237-LIG	residue_ligand	True	True	True	formal_classifier_candidate
3293	PRO1238-PRO1239	residue_residue	True	True	True	formal_classifier_candidate
3294	PRO1238-PRO1240	residue_residue	True	True	True	formal_classifier_candidate
3295	PRO1238-PRO1241	residue_residue	True	True	True	formal_classifier_candidate
3296	PRO1238-PRO1242	residue_residue	True	True	True	formal_classifier_candidate
3297	PRO1238-PRO1243	residue_residue	True	True	True	formal_classifier_candidate
3298	PRO1238-PRO1278	residue_residue	True	True	True	formal_classifier_candidate
3299	PRO1238-PRO1279	residue_residue	True	True	True	formal_classifier_candidate
3300	PRO1238-PRO1280	residue_residue	True	True	True	formal_classifier_candidate
3301	PRO1238-PRO1283	residue_residue	True	True	True	formal_classifier_candidate
3302	PRO1238-PRO1284	residue_residue	True	True	True	formal_classifier_candidate
3303	PRO1238-PRO1286	residue_residue	True	True	True	formal_classifier_candidate
3304	PRO1238-PRO1287	residue_residue	True	True	True	formal_classifier_candidate
3305	PRO1238-PRO1290	residue_residue	True	True	True	formal_classifier_candidate
3306	PRO1239-PRO1240	residue_residue	True	True	True	formal_classifier_candidate
3307	PRO1239-PRO1241	residue_residue	True	True	True	formal_classifier_candidate
3308	PRO1239-PRO1242	residue_residue	True	True	True	formal_classifier_candidate
3309	PRO1239-PRO1243	residue_residue	True	True	True	formal_classifier_candidate
3310	PRO1239-PRO1278	residue_residue	True	True	True	formal_classifier_candidate
3311	PRO1239-PRO1279	residue_residue	True	True	True	formal_classifier_candidate
3312	PRO1239-PRO1280	residue_residue	True	True	True	formal_classifier_candidate
3313	PRO1239-PRO1281	residue_residue	True	True	True	formal_classifier_candidate
3314	PRO1239-PRO1282	residue_residue	True	True	True	formal_classifier_candidate
3315	PRO1239-PRO1283	residue_residue	True	True	True	formal_classifier_candidate
3316	PRO1239-PRO1284	residue_residue	True	True	True	formal_classifier_candidate
3317	PRO1239-PRO1285	residue_residue	True	True	True	formal_classifier_candidate
3318	PRO1239-PRO1286	residue_residue	True	True	True	formal_classifier_candidate
3319	PRO1239-PRO1287	residue_residue	True	True	True	formal_classifier_candidate
3320	PRO1240-PRO1241	residue_residue	True	True	True	formal_classifier_candidate
3321	PRO1240-PRO1242	residue_residue	True	True	True	formal_classifier_candidate
3322	PRO1240-PRO1243	residue_residue	True	True	True	formal_classifier_candidate
3323	PRO1240-PRO1278	residue_residue	True	True	True	formal_classifier_candidate
3324	PRO1240-PRO1279	residue_residue	True	True	True	formal_classifier_candidate
3325	PRO1240-PRO1280	residue_residue	True	True	True	formal_classifier_candidate
3326	PRO1240-PRO1281	residue_residue	True	True	True	formal_classifier_candidate
3327	PRO1240-PRO1282	residue_residue	True	True	True	formal_classifier_candidate
3328	PRO1240-PRO1283	residue_residue	True	True	True	formal_classifier_candidate
3329	PRO1240-PRO1284	residue_residue	True	True	True	formal_classifier_candidate
3330	PRO1240-PRO1285	residue_residue	True	True	True	formal_classifier_candidate
3331	PRO1240-PRO1286	residue_residue	True	True	True	formal_classifier_candidate
3332	PRO1240-PRO1287	residue_residue	True	True	True	formal_classifier_candidate
3333	PRO1240-PRO1289	residue_residue	True	True	True	formal_classifier_candidate
3334	PRO1240-PRO1290	residue_residue	True	True	True	formal_classifier_candidate
3335	PRO1240-PRO1391	residue_residue	True	True	True	formal_classifier_candidate
3336	PRO1241-PRO1242	residue_residue	True	True	True	formal_classifier_candidate
3337	PRO1241-PRO1243	residue_residue	True	True	True	formal_classifier_candidate
3338	PRO1241-PRO1278	residue_residue	True	True	True	formal_classifier_candidate
3339	PRO1241-PRO1280	residue_residue	True	True	True	formal_classifier_candidate
3340	PRO1241-PRO1282	residue_residue	True	True	True	formal_classifier_candidate
3341	PRO1241-PRO1283	residue_residue	True	True	True	formal_classifier_candidate
3342	PRO1241-PRO1284	residue_residue	True	True	True	formal_classifier_candidate
3343	PRO1241-PRO1285	residue_residue	True	True	True	formal_classifier_candidate
3344	PRO1241-PRO1286	residue_residue	True	True	True	formal_classifier_candidate
3345	PRO1241-PRO1287	residue_residue	True	True	True	formal_classifier_candidate
3346	PRO1241-PRO1289	residue_residue	True	True	True	formal_classifier_candidate
3347	PRO1241-PRO1290	residue_residue	True	True	True	formal_classifier_candidate
3348	PRO1241-LIG	residue_ligand	True	True	True	formal_classifier_candidate
3349	PRO1242-PRO1243	residue_residue	True	True	True	formal_classifier_candidate
3350	PRO1242-PRO1280	residue_residue	True	True	True	formal_classifier_candidate
3351	PRO1242-PRO1283	residue_residue	True	True	True	formal_classifier_candidate
3352	PRO1242-PRO1284	residue_residue	True	True	True	formal_classifier_candidate
3353	PRO1242-PRO1287	residue_residue	True	True	True	formal_classifier_candidate
3354	PRO1243-PRO1279	residue_residue	True	True	True	formal_classifier_candidate
3355	PRO1243-PRO1280	residue_residue	True	True	True	formal_classifier_candidate
3356	PRO1243-PRO1281	residue_residue	True	True	True	formal_classifier_candidate
3357	PRO1243-PRO1282	residue_residue	True	True	True	formal_classifier_candidate
3358	PRO1243-PRO1283	residue_residue	True	True	True	formal_classifier_candidate
3359	PRO1243-PRO1284	residue_residue	True	True	True	formal_classifier_candidate
3360	PRO1243-PRO1285	residue_residue	True	True	True	formal_classifier_candidate
3361	PRO1243-PRO1286	residue_residue	True	True	True	formal_classifier_candidate
3362	PRO1243-PRO1287	residue_residue	True	True	True	formal_classifier_candidate
3363	PRO1264-PRO1265	residue_residue	True	True	True	formal_classifier_candidate
3364	PRO1264-PRO1267	residue_residue	True	True	True	formal_classifier_candidate
3365	PRO1264-PRO1268	residue_residue	True	True	True	formal_classifier_candidate
3366	PRO1264-PRO1269	residue_residue	True	True	True	formal_classifier_candidate
3367	PRO1264-PRO1270	residue_residue	True	True	True	formal_classifier_candidate
3368	PRO1264-PRO1271	residue_residue	True	True	True	formal_classifier_candidate
3369	PRO1264-PRO1272	residue_residue	True	True	True	formal_classifier_candidate
3370	PRO1264-PRO1273	residue_residue	True	True	True	formal_classifier_candidate
3371	PRO1264-PRO1274	residue_residue	True	True	True	formal_classifier_candidate
3372	PRO1264-PRO1275	residue_residue	True	True	True	formal_classifier_candidate
3373	PRO1264-PRO1276	residue_residue	True	True	True	formal_classifier_candidate
3374	PRO1264-PRO1277	residue_residue	True	True	True	formal_classifier_candidate
3375	PRO1264-PRO1278	residue_residue	True	True	True	formal_classifier_candidate
3376	PRO1264-PRO1279	residue_residue	True	True	True	formal_classifier_candidate
3377	PRO1264-PRO1280	residue_residue	True	True	True	formal_classifier_candidate
3378	PRO1264-PRO1281	residue_residue	True	True	True	formal_classifier_candidate
3379	PRO1264-PRO1282	residue_residue	True	True	True	formal_classifier_candidate
3380	PRO1264-PRO1283	residue_residue	True	True	True	formal_classifier_candidate
3381	PRO1264-PRO1284	residue_residue	True	True	True	formal_classifier_candidate
3382	PRO1264-PRO1285	residue_residue	True	True	True	formal_classifier_candidate
3383	PRO1264-PRO1286	residue_residue	True	True	True	formal_classifier_candidate
3384	PRO1264-PRO1368	residue_residue	True	True	True	formal_classifier_candidate
3385	PRO1264-PRO1383	residue_residue	True	True	True	formal_classifier_candidate
3386	PRO1264-PRO1391	residue_residue	True	True	True	formal_classifier_candidate
3387	PRO1265-PRO1267	residue_residue	True	True	True	formal_classifier_candidate
3388	PRO1265-PRO1268	residue_residue	True	True	True	formal_classifier_candidate
3389	PRO1265-PRO1269	residue_residue	True	True	True	formal_classifier_candidate
3390	PRO1265-PRO1270	residue_residue	True	True	True	formal_classifier_candidate
3391	PRO1265-PRO1271	residue_residue	True	True	True	formal_classifier_candidate
3392	PRO1265-PRO1272	residue_residue	True	True	True	formal_classifier_candidate
3393	PRO1265-PRO1273	residue_residue	True	True	True	formal_classifier_candidate
3394	PRO1265-PRO1274	residue_residue	True	True	True	formal_classifier_candidate
3395	PRO1265-PRO1275	residue_residue	True	True	True	formal_classifier_candidate
3396	PRO1265-PRO1276	residue_residue	True	True	True	formal_classifier_candidate
3397	PRO1265-PRO1279	residue_residue	True	True	True	formal_classifier_candidate
3398	PRO1265-PRO1281	residue_residue	True	True	True	formal_classifier_candidate
3399	PRO1265-PRO1282	residue_residue	True	True	True	formal_classifier_candidate
3400	PRO1265-PRO1285	residue_residue	True	True	True	formal_classifier_candidate
3401	PRO1265-PRO1368	residue_residue	True	True	True	formal_classifier_candidate
3402	PRO1265-PRO1379	residue_residue	True	True	True	formal_classifier_candidate
3403	PRO1265-PRO1383	residue_residue	True	True	True	formal_classifier_candidate
3404	PRO1265-PRO1384	residue_residue	True	True	True	formal_classifier_candidate
3405	PRO1265-PRO1387	residue_residue	True	True	True	formal_classifier_candidate
3406	PRO1267-PRO1268	residue_residue	True	True	True	formal_classifier_candidate
3407	PRO1267-PRO1269	residue_residue	True	True	True	formal_classifier_candidate
3408	PRO1267-PRO1270	residue_residue	True	True	True	formal_classifier_candidate
3409	PRO1267-PRO1271	residue_residue	True	True	True	formal_classifier_candidate
3410	PRO1267-PRO1273	residue_residue	True	True	True	formal_classifier_candidate
3411	PRO1267-PRO1274	residue_residue	True	True	True	formal_classifier_candidate
3412	PRO1267-PRO1275	residue_residue	True	True	True	formal_classifier_candidate
3413	PRO1267-PRO1276	residue_residue	True	True	True	formal_classifier_candidate
3414	PRO1267-PRO1277	residue_residue	True	True	True	formal_classifier_candidate
3415	PRO1267-PRO1278	residue_residue	True	True	True	formal_classifier_candidate
3416	PRO1267-PRO1279	residue_residue	True	True	True	formal_classifier_candidate
3417	PRO1267-PRO1280	residue_residue	True	True	True	formal_classifier_candidate
3418	PRO1267-PRO1281	residue_residue	True	True	True	formal_classifier_candidate
3419	PRO1267-PRO1282	residue_residue	True	True	True	formal_classifier_candidate
3420	PRO1268-PRO1269	residue_residue	True	True	True	formal_classifier_candidate
3421	PRO1268-PRO1270	residue_residue	True	True	True	formal_classifier_candidate
3422	PRO1268-PRO1271	residue_residue	True	True	True	formal_classifier_candidate
3423	PRO1268-PRO1272	residue_residue	True	True	True	formal_classifier_candidate
3424	PRO1268-PRO1273	residue_residue	True	True	True	formal_classifier_candidate
3425	PRO1268-PRO1274	residue_residue	True	True	True	formal_classifier_candidate
3426	PRO1268-PRO1275	residue_residue	True	True	True	formal_classifier_candidate
3427	PRO1268-PRO1276	residue_residue	True	True	True	formal_classifier_candidate
3428	PRO1268-PRO1277	residue_residue	True	True	True	formal_classifier_candidate
3429	PRO1268-PRO1279	residue_residue	True	True	True	formal_classifier_candidate
3430	PRO1268-PRO1281	residue_residue	True	True	True	formal_classifier_candidate
3431	PRO1268-PRO1368	residue_residue	True	True	True	formal_classifier_candidate
3432	PRO1268-PRO1379	residue_residue	True	True	True	formal_classifier_candidate
3433	PRO1268-PRO1383	residue_residue	True	True	True	formal_classifier_candidate
3434	PRO1269-PRO1270	residue_residue	True	True	True	formal_classifier_candidate
3435	PRO1269-PRO1271	residue_residue	True	True	True	formal_classifier_candidate
3436	PRO1269-PRO1272	residue_residue	True	True	True	formal_classifier_candidate
3437	PRO1269-PRO1273	residue_residue	True	True	True	formal_classifier_candidate
3438	PRO1269-PRO1274	residue_residue	True	True	True	formal_classifier_candidate
3439	PRO1269-PRO1275	residue_residue	True	True	True	formal_classifier_candidate
3440	PRO1269-PRO1276	residue_residue	True	True	True	formal_classifier_candidate
3441	PRO1269-PRO1379	residue_residue	True	True	True	formal_classifier_candidate
3442	PRO1269-GTP	residue_cofactor	True	True	True	formal_classifier_candidate
3443	PRO1270-PRO1271	residue_residue	True	True	True	formal_classifier_candidate
3444	PRO1270-PRO1272	residue_residue	True	True	True	formal_classifier_candidate
3445	PRO1270-PRO1273	residue_residue	True	True	True	formal_classifier_candidate
3446	PRO1270-PRO1274	residue_residue	True	True	True	formal_classifier_candidate
3447	PRO1270-PRO1275	residue_residue	True	True	True	formal_classifier_candidate
3448	PRO1270-PRO1276	residue_residue	True	True	True	formal_classifier_candidate
3449	PRO1270-PRO1379	residue_residue	True	True	True	formal_classifier_candidate
3450	PRO1270-PRO1382	residue_residue	True	True	True	formal_classifier_candidate
3451	PRO1270-PRO1383	residue_residue	True	True	True	formal_classifier_candidate
3452	PRO1270-GTP	residue_cofactor	True	True	True	formal_classifier_candidate
3453	PRO1271-PRO1272	residue_residue	True	True	True	formal_classifier_candidate
3454	PRO1271-PRO1273	residue_residue	True	True	True	formal_classifier_candidate
3455	PRO1271-PRO1274	residue_residue	True	True	True	formal_classifier_candidate
3456	PRO1271-PRO1275	residue_residue	True	True	True	formal_classifier_candidate
3457	PRO1271-PRO1276	residue_residue	True	True	True	formal_classifier_candidate
3458	PRO1271-PRO1285	residue_residue	True	True	True	formal_classifier_candidate
3459	PRO1271-PRO1368	residue_residue	True	True	True	formal_classifier_candidate
3460	PRO1271-PRO1379	residue_residue	True	True	True	formal_classifier_candidate
3461	PRO1271-PRO1382	residue_residue	True	True	True	formal_classifier_candidate
3462	PRO1271-PRO1383	residue_residue	True	True	True	formal_classifier_candidate
3463	PRO1271-PRO1384	residue_residue	True	True	True	formal_classifier_candidate
3464	PRO1271-PRO1385	residue_residue	True	True	True	formal_classifier_candidate
3465	PRO1271-PRO1386	residue_residue	True	True	True	formal_classifier_candidate
3466	PRO1271-PRO1387	residue_residue	True	True	True	formal_classifier_candidate
3467	PRO1271-PRO1390	residue_residue	True	True	True	formal_classifier_candidate
3468	PRO1271-PRO1430	residue_residue	True	True	True	formal_classifier_candidate
3469	PRO1272-PRO1273	residue_residue	True	True	True	formal_classifier_candidate
3470	PRO1272-PRO1274	residue_residue	True	True	True	formal_classifier_candidate
3471	PRO1272-PRO1275	residue_residue	True	True	True	formal_classifier_candidate
3472	PRO1272-PRO1276	residue_residue	True	True	True	formal_classifier_candidate
3473	PRO1272-PRO1277	residue_residue	True	True	True	formal_classifier_candidate
3474	PRO1272-PRO1368	residue_residue	True	True	True	formal_classifier_candidate
3475	PRO1272-PRO1379	residue_residue	True	True	True	formal_classifier_candidate
3476	PRO1272-PRO1382	residue_residue	True	True	True	formal_classifier_candidate
3477	PRO1272-PRO1383	residue_residue	True	True	True	formal_classifier_candidate
3478	PRO1272-PRO1384	residue_residue	True	True	True	formal_classifier_candidate
3479	PRO1272-PRO1385	residue_residue	True	True	True	formal_classifier_candidate
3480	PRO1272-PRO1386	residue_residue	True	True	True	formal_classifier_candidate
3481	PRO1272-PRO1387	residue_residue	True	True	True	formal_classifier_candidate
3482	PRO1272-PRO1390	residue_residue	True	True	True	formal_classifier_candidate
3483	PRO1272-PRO1391	residue_residue	True	True	True	formal_classifier_candidate
3484	PRO1272-PRO1426	residue_residue	True	True	True	formal_classifier_candidate
3485	PRO1272-PRO1427	residue_residue	True	True	True	formal_classifier_candidate
3486	PRO1272-PRO1429	residue_residue	True	True	True	formal_classifier_candidate
3487	PRO1272-PRO1430	residue_residue	True	True	True	formal_classifier_candidate
3488	PRO1272-PRO1431	residue_residue	True	True	True	formal_classifier_candidate
3489	PRO1272-PRO1432	residue_residue	True	True	True	formal_classifier_candidate
3490	PRO1272-PRO1433	residue_residue	True	True	True	formal_classifier_candidate
3491	PRO1272-GTP	residue_cofactor	True	True	True	formal_classifier_candidate
3492	PRO1273-PRO1274	residue_residue	True	True	True	formal_classifier_candidate
3493	PRO1273-PRO1275	residue_residue	True	True	True	formal_classifier_candidate
3494	PRO1273-PRO1276	residue_residue	True	True	True	formal_classifier_candidate
3495	PRO1273-PRO1277	residue_residue	True	True	True	formal_classifier_candidate
3496	PRO1273-PRO1278	residue_residue	True	True	True	formal_classifier_candidate
3497	PRO1273-PRO1279	residue_residue	True	True	True	formal_classifier_candidate
3498	PRO1273-PRO1282	residue_residue	True	True	True	formal_classifier_candidate
3499	PRO1273-PRO1368	residue_residue	True	True	True	formal_classifier_candidate
3500	PRO1273-PRO1379	residue_residue	True	True	True	formal_classifier_candidate
3501	PRO1273-PRO1382	residue_residue	True	True	True	formal_classifier_candidate
3502	PRO1273-PRO1383	residue_residue	True	True	True	formal_classifier_candidate
3503	PRO1273-PRO1386	residue_residue	True	True	True	formal_classifier_candidate
3504	PRO1273-PRO1387	residue_residue	True	True	True	formal_classifier_candidate
3505	PRO1273-PRO1390	residue_residue	True	True	True	formal_classifier_candidate
3506	PRO1273-PRO1391	residue_residue	True	True	True	formal_classifier_candidate
3507	PRO1273-PRO1430	residue_residue	True	True	True	formal_classifier_candidate
3508	PRO1273-GTP	residue_cofactor	True	True	True	formal_classifier_candidate
3509	PRO1274-PRO1275	residue_residue	True	True	True	formal_classifier_candidate
3510	PRO1274-PRO1276	residue_residue	True	True	True	formal_classifier_candidate
3511	PRO1274-PRO1277	residue_residue	True	True	True	formal_classifier_candidate
3512	PRO1274-PRO1278	residue_residue	True	True	True	formal_classifier_candidate
3513	PRO1274-PRO1279	residue_residue	True	True	True	formal_classifier_candidate
3514	PRO1274-PRO1280	residue_residue	True	True	True	formal_classifier_candidate
3515	PRO1274-PRO1281	residue_residue	True	True	True	formal_classifier_candidate
3516	PRO1274-PRO1282	residue_residue	True	True	True	formal_classifier_candidate
3517	PRO1274-PRO1283	residue_residue	True	True	True	formal_classifier_candidate
3518	PRO1274-PRO1285	residue_residue	True	True	True	formal_classifier_candidate
3519	PRO1274-PRO1289	residue_residue	True	True	True	formal_classifier_candidate
3520	PRO1274-PRO1368	residue_residue	True	True	True	formal_classifier_candidate
3521	PRO1274-PRO1379	residue_residue	True	True	True	formal_classifier_candidate
3522	PRO1274-PRO1382	residue_residue	True	True	True	formal_classifier_candidate
3523	PRO1274-PRO1383	residue_residue	True	True	True	formal_classifier_candidate
3524	PRO1274-PRO1384	residue_residue	True	True	True	formal_classifier_candidate
3525	PRO1274-PRO1385	residue_residue	True	True	True	formal_classifier_candidate
3526	PRO1274-PRO1386	residue_residue	True	True	True	formal_classifier_candidate
3527	PRO1274-PRO1387	residue_residue	True	True	True	formal_classifier_candidate
3528	PRO1274-PRO1388	residue_residue	True	True	True	formal_classifier_candidate
3529	PRO1274-PRO1390	residue_residue	True	True	True	formal_classifier_candidate
3530	PRO1274-PRO1391	residue_residue	True	True	True	formal_classifier_candidate
3531	PRO1274-GTP	residue_cofactor	True	True	True	formal_classifier_candidate
3532	PRO1275-PRO1276	residue_residue	True	True	True	formal_classifier_candidate
3533	PRO1275-PRO1277	residue_residue	True	True	True	formal_classifier_candidate
3534	PRO1275-PRO1278	residue_residue	True	True	True	formal_classifier_candidate
3535	PRO1275-PRO1279	residue_residue	True	True	True	formal_classifier_candidate
3536	PRO1275-PRO1280	residue_residue	True	True	True	formal_classifier_candidate
3537	PRO1275-PRO1281	residue_residue	True	True	True	formal_classifier_candidate
3538	PRO1275-PRO1282	residue_residue	True	True	True	formal_classifier_candidate
3539	PRO1275-PRO1283	residue_residue	True	True	True	formal_classifier_candidate
3540	PRO1275-PRO1284	residue_residue	True	True	True	formal_classifier_candidate
3541	PRO1275-PRO1285	residue_residue	True	True	True	formal_classifier_candidate
3542	PRO1275-PRO1286	residue_residue	True	True	True	formal_classifier_candidate
3543	PRO1275-PRO1287	residue_residue	True	True	True	formal_classifier_candidate
3544	PRO1275-PRO1289	residue_residue	True	True	True	formal_classifier_candidate
3545	PRO1275-PRO1368	residue_residue	True	True	True	formal_classifier_candidate
3546	PRO1275-PRO1379	residue_residue	True	True	True	formal_classifier_candidate
3547	PRO1275-PRO1382	residue_residue	True	True	True	formal_classifier_candidate
3548	PRO1275-PRO1383	residue_residue	True	True	True	formal_classifier_candidate
3549	PRO1275-PRO1384	residue_residue	True	True	True	formal_classifier_candidate
3550	PRO1275-PRO1385	residue_residue	True	True	True	formal_classifier_candidate
3551	PRO1275-PRO1386	residue_residue	True	True	True	formal_classifier_candidate
3552	PRO1275-PRO1387	residue_residue	True	True	True	formal_classifier_candidate
3553	PRO1275-PRO1388	residue_residue	True	True	True	formal_classifier_candidate
3554	PRO1275-PRO1389	residue_residue	True	True	True	formal_classifier_candidate
3555	PRO1275-PRO1390	residue_residue	True	True	True	formal_classifier_candidate
3556	PRO1275-PRO1391	residue_residue	True	True	True	formal_classifier_candidate
3557	PRO1275-PRO1426	residue_residue	True	True	True	formal_classifier_candidate
3558	PRO1275-GTP	residue_cofactor	True	True	True	formal_classifier_candidate
3559	PRO1276-PRO1277	residue_residue	True	True	True	formal_classifier_candidate
3560	PRO1276-PRO1278	residue_residue	True	True	True	formal_classifier_candidate
3561	PRO1276-PRO1279	residue_residue	True	True	True	formal_classifier_candidate
3562	PRO1276-PRO1280	residue_residue	True	True	True	formal_classifier_candidate
3563	PRO1276-PRO1281	residue_residue	True	True	True	formal_classifier_candidate
3564	PRO1276-PRO1282	residue_residue	True	True	True	formal_classifier_candidate
3565	PRO1276-PRO1285	residue_residue	True	True	True	formal_classifier_candidate
3566	PRO1276-PRO1368	residue_residue	True	True	True	formal_classifier_candidate
3567	PRO1276-PRO1382	residue_residue	True	True	True	formal_classifier_candidate
3568	PRO1276-PRO1383	residue_residue	True	True	True	formal_classifier_candidate
3569	PRO1276-PRO1386	residue_residue	True	True	True	formal_classifier_candidate
3570	PRO1276-PRO1387	residue_residue	True	True	True	formal_classifier_candidate
3571	PRO1276-PRO1390	residue_residue	True	True	True	formal_classifier_candidate
3572	PRO1276-PRO1391	residue_residue	True	True	True	formal_classifier_candidate
3573	PRO1276-PRO1426	residue_residue	True	True	True	formal_classifier_candidate
3574	PRO1276-PRO1430	residue_residue	True	True	True	formal_classifier_candidate
3575	PRO1276-PRO1432	residue_residue	True	True	True	formal_classifier_candidate
3576	PRO1276-PRO1436	residue_residue	True	True	True	formal_classifier_candidate
3577	PRO1276-GTP	residue_cofactor	True	True	True	formal_classifier_candidate
3578	PRO1277-PRO1278	residue_residue	True	True	True	formal_classifier_candidate
3579	PRO1277-PRO1279	residue_residue	True	True	True	formal_classifier_candidate
3580	PRO1277-PRO1280	residue_residue	True	True	True	formal_classifier_candidate
3581	PRO1277-PRO1281	residue_residue	True	True	True	formal_classifier_candidate
3582	PRO1277-PRO1282	residue_residue	True	True	True	formal_classifier_candidate
3583	PRO1277-PRO1283	residue_residue	True	True	True	formal_classifier_candidate
3584	PRO1277-PRO1285	residue_residue	True	True	True	formal_classifier_candidate
3585	PRO1277-PRO1286	residue_residue	True	True	True	formal_classifier_candidate
3586	PRO1277-PRO1390	residue_residue	True	True	True	formal_classifier_candidate
3587	PRO1277-PRO1391	residue_residue	True	True	True	formal_classifier_candidate
3588	PRO1277-GTP	residue_cofactor	True	True	True	formal_classifier_candidate
3589	PRO1278-PRO1279	residue_residue	True	True	True	formal_classifier_candidate
3590	PRO1278-PRO1280	residue_residue	True	True	True	formal_classifier_candidate
3591	PRO1278-PRO1281	residue_residue	True	True	True	formal_classifier_candidate
3592	PRO1278-PRO1282	residue_residue	True	True	True	formal_classifier_candidate
3593	PRO1278-PRO1283	residue_residue	True	True	True	formal_classifier_candidate
3594	PRO1278-PRO1284	residue_residue	True	True	True	formal_classifier_candidate
3595	PRO1278-PRO1285	residue_residue	True	True	True	formal_classifier_candidate
3596	PRO1278-PRO1286	residue_residue	True	True	True	formal_classifier_candidate
3597	PRO1278-PRO1391	residue_residue	True	True	True	formal_classifier_candidate
3598	PRO1278-GTP	residue_cofactor	True	True	True	formal_classifier_candidate
3599	PRO1278-LIG	residue_ligand	True	True	True	formal_classifier_candidate
3600	PRO1279-PRO1280	residue_residue	True	True	True	formal_classifier_candidate
3601	PRO1279-PRO1281	residue_residue	True	True	True	formal_classifier_candidate
3602	PRO1279-PRO1282	residue_residue	True	True	True	formal_classifier_candidate
3603	PRO1279-PRO1283	residue_residue	True	True	True	formal_classifier_candidate
3604	PRO1279-PRO1284	residue_residue	True	True	True	formal_classifier_candidate
3605	PRO1279-PRO1285	residue_residue	True	True	True	formal_classifier_candidate
3606	PRO1279-PRO1286	residue_residue	True	True	True	formal_classifier_candidate
3607	PRO1279-PRO1287	residue_residue	True	True	True	formal_classifier_candidate
3608	PRO1279-PRO1368	residue_residue	True	True	True	formal_classifier_candidate
3609	PRO1279-PRO1387	residue_residue	True	True	True	formal_classifier_candidate
3610	PRO1279-PRO1391	residue_residue	True	True	True	formal_classifier_candidate
3611	PRO1280-PRO1281	residue_residue	True	True	True	formal_classifier_candidate
3612	PRO1280-PRO1282	residue_residue	True	True	True	formal_classifier_candidate
3613	PRO1280-PRO1283	residue_residue	True	True	True	formal_classifier_candidate
3614	PRO1280-PRO1284	residue_residue	True	True	True	formal_classifier_candidate
3615	PRO1280-PRO1285	residue_residue	True	True	True	formal_classifier_candidate
3616	PRO1280-PRO1286	residue_residue	True	True	True	formal_classifier_candidate
3617	PRO1280-PRO1287	residue_residue	True	True	True	formal_classifier_candidate
3618	PRO1280-PRO1289	residue_residue	True	True	True	formal_classifier_candidate
3619	PRO1280-PRO1368	residue_residue	True	True	True	formal_classifier_candidate
3620	PRO1280-PRO1391	residue_residue	True	True	True	formal_classifier_candidate
3621	PRO1281-PRO1282	residue_residue	True	True	True	formal_classifier_candidate
3622	PRO1281-PRO1283	residue_residue	True	True	True	formal_classifier_candidate
3623	PRO1281-PRO1284	residue_residue	True	True	True	formal_classifier_candidate
3624	PRO1281-PRO1285	residue_residue	True	True	True	formal_classifier_candidate
3625	PRO1281-PRO1286	residue_residue	True	True	True	formal_classifier_candidate
3626	PRO1281-PRO1287	residue_residue	True	True	True	formal_classifier_candidate
3627	PRO1281-PRO1289	residue_residue	True	True	True	formal_classifier_candidate
3628	PRO1281-PRO1290	residue_residue	True	True	True	formal_classifier_candidate
3629	PRO1281-PRO1368	residue_residue	True	True	True	formal_classifier_candidate
3630	PRO1281-PRO1387	residue_residue	True	True	True	formal_classifier_candidate
3631	PRO1281-PRO1391	residue_residue	True	True	True	formal_classifier_candidate
3632	PRO1282-PRO1283	residue_residue	True	True	True	formal_classifier_candidate
3633	PRO1282-PRO1284	residue_residue	True	True	True	formal_classifier_candidate
3634	PRO1282-PRO1285	residue_residue	True	True	True	formal_classifier_candidate
3635	PRO1282-PRO1286	residue_residue	True	True	True	formal_classifier_candidate
3636	PRO1282-PRO1287	residue_residue	True	True	True	formal_classifier_candidate
3637	PRO1282-PRO1289	residue_residue	True	True	True	formal_classifier_candidate
3638	PRO1282-PRO1290	residue_residue	True	True	True	formal_classifier_candidate
3639	PRO1282-PRO1368	residue_residue	True	True	True	formal_classifier_candidate
3640	PRO1282-PRO1383	residue_residue	True	True	True	formal_classifier_candidate
3641	PRO1282-PRO1387	residue_residue	True	True	True	formal_classifier_candidate
3642	PRO1282-PRO1390	residue_residue	True	True	True	formal_classifier_candidate
3643	PRO1282-PRO1391	residue_residue	True	True	True	formal_classifier_candidate
3644	PRO1282-PRO1392	residue_residue	True	True	True	formal_classifier_candidate
3645	PRO1283-PRO1284	residue_residue	True	True	True	formal_classifier_candidate
3646	PRO1283-PRO1285	residue_residue	True	True	True	formal_classifier_candidate
3647	PRO1283-PRO1286	residue_residue	True	True	True	formal_classifier_candidate
3648	PRO1283-PRO1287	residue_residue	True	True	True	formal_classifier_candidate
3649	PRO1283-PRO1289	residue_residue	True	True	True	formal_classifier_candidate
3650	PRO1283-PRO1290	residue_residue	True	True	True	formal_classifier_candidate
3651	PRO1283-PRO1368	residue_residue	True	True	True	formal_classifier_candidate
3652	PRO1283-PRO1387	residue_residue	True	True	True	formal_classifier_candidate
3653	PRO1283-PRO1391	residue_residue	True	True	True	formal_classifier_candidate
3654	PRO1283-LIG	residue_ligand	True	True	True	formal_classifier_candidate
3655	PRO1284-PRO1285	residue_residue	True	True	True	formal_classifier_candidate
3656	PRO1284-PRO1286	residue_residue	True	True	True	formal_classifier_candidate
3657	PRO1284-PRO1287	residue_residue	True	True	True	formal_classifier_candidate
3658	PRO1284-PRO1289	residue_residue	True	True	True	formal_classifier_candidate
3659	PRO1284-PRO1290	residue_residue	True	True	True	formal_classifier_candidate
3660	PRO1284-PRO1368	residue_residue	True	True	True	formal_classifier_candidate
3661	PRO1284-PRO1391	residue_residue	True	True	True	formal_classifier_candidate
3662	PRO1284-PRO1392	residue_residue	True	True	True	formal_classifier_candidate
3663	PRO1285-PRO1286	residue_residue	True	True	True	formal_classifier_candidate
3664	PRO1285-PRO1287	residue_residue	True	True	True	formal_classifier_candidate
3665	PRO1285-PRO1289	residue_residue	True	True	True	formal_classifier_candidate
3666	PRO1285-PRO1290	residue_residue	True	True	True	formal_classifier_candidate
3667	PRO1285-PRO1368	residue_residue	True	True	True	formal_classifier_candidate
3668	PRO1285-PRO1382	residue_residue	True	True	True	formal_classifier_candidate
3669	PRO1285-PRO1383	residue_residue	True	True	True	formal_classifier_candidate
3670	PRO1285-PRO1384	residue_residue	True	True	True	formal_classifier_candidate
3671	PRO1285-PRO1385	residue_residue	True	True	True	formal_classifier_candidate
3672	PRO1285-PRO1386	residue_residue	True	True	True	formal_classifier_candidate
3673	PRO1285-PRO1387	residue_residue	True	True	True	formal_classifier_candidate
3674	PRO1285-PRO1388	residue_residue	True	True	True	formal_classifier_candidate
3675	PRO1285-PRO1389	residue_residue	True	True	True	formal_classifier_candidate
3676	PRO1285-PRO1390	residue_residue	True	True	True	formal_classifier_candidate
3677	PRO1285-PRO1391	residue_residue	True	True	True	formal_classifier_candidate
3678	PRO1285-PRO1392	residue_residue	True	True	True	formal_classifier_candidate
3679	PRO1285-PRO1393	residue_residue	True	True	True	formal_classifier_candidate
3680	PRO1285-PRO1395	residue_residue	True	True	True	formal_classifier_candidate
3681	PRO1286-PRO1287	residue_residue	True	True	True	formal_classifier_candidate
3682	PRO1286-PRO1289	residue_residue	True	True	True	formal_classifier_candidate
3683	PRO1286-PRO1290	residue_residue	True	True	True	formal_classifier_candidate
3684	PRO1286-PRO1368	residue_residue	True	True	True	formal_classifier_candidate
3685	PRO1286-PRO1387	residue_residue	True	True	True	formal_classifier_candidate
3686	PRO1286-PRO1388	residue_residue	True	True	True	formal_classifier_candidate
3687	PRO1286-PRO1389	residue_residue	True	True	True	formal_classifier_candidate
3688	PRO1286-PRO1390	residue_residue	True	True	True	formal_classifier_candidate
3689	PRO1286-PRO1391	residue_residue	True	True	True	formal_classifier_candidate
3690	PRO1286-PRO1392	residue_residue	True	True	True	formal_classifier_candidate
3691	PRO1286-PRO1393	residue_residue	True	True	True	formal_classifier_candidate
3692	PRO1286-PRO1395	residue_residue	True	True	True	formal_classifier_candidate
3693	PRO1287-PRO1289	residue_residue	True	True	True	formal_classifier_candidate
3694	PRO1287-PRO1290	residue_residue	True	True	True	formal_classifier_candidate
3695	PRO1287-PRO1368	residue_residue	True	True	True	formal_classifier_candidate
3696	PRO1287-PRO1391	residue_residue	True	True	True	formal_classifier_candidate
3697	PRO1287-PRO1392	residue_residue	True	True	True	formal_classifier_candidate
3698	PRO1289-PRO1290	residue_residue	True	True	True	formal_classifier_candidate
3699	PRO1289-PRO1368	residue_residue	True	True	True	formal_classifier_candidate
3700	PRO1289-PRO1382	residue_residue	True	True	True	formal_classifier_candidate
3701	PRO1289-PRO1383	residue_residue	True	True	True	formal_classifier_candidate
3702	PRO1289-PRO1384	residue_residue	True	True	True	formal_classifier_candidate
3703	PRO1289-PRO1385	residue_residue	True	True	True	formal_classifier_candidate
3704	PRO1289-PRO1386	residue_residue	True	True	True	formal_classifier_candidate
3705	PRO1289-PRO1387	residue_residue	True	True	True	formal_classifier_candidate
3706	PRO1289-PRO1388	residue_residue	True	True	True	formal_classifier_candidate
3707	PRO1289-PRO1389	residue_residue	True	True	True	formal_classifier_candidate
3708	PRO1289-PRO1390	residue_residue	True	True	True	formal_classifier_candidate
3709	PRO1289-PRO1391	residue_residue	True	True	True	formal_classifier_candidate
3710	PRO1289-PRO1392	residue_residue	True	True	True	formal_classifier_candidate
3711	PRO1289-PRO1393	residue_residue	True	True	True	formal_classifier_candidate
3712	PRO1289-PRO1394	residue_residue	True	True	True	formal_classifier_candidate
3713	PRO1289-PRO1395	residue_residue	True	True	True	formal_classifier_candidate
3714	PRO1289-PRO1426	residue_residue	True	True	True	formal_classifier_candidate
3715	PRO1290-PRO1387	residue_residue	True	True	True	formal_classifier_candidate
3716	PRO1290-PRO1388	residue_residue	True	True	True	formal_classifier_candidate
3717	PRO1290-PRO1390	residue_residue	True	True	True	formal_classifier_candidate
3718	PRO1290-PRO1391	residue_residue	True	True	True	formal_classifier_candidate
3719	PRO1290-PRO1392	residue_residue	True	True	True	formal_classifier_candidate
3720	PRO1290-PRO1393	residue_residue	True	True	True	formal_classifier_candidate
3721	PRO1290-PRO1395	residue_residue	True	True	True	formal_classifier_candidate
3722	PRO1290-PRO1402	residue_residue	True	True	True	formal_classifier_candidate
3723	PRO1290-LIG	residue_ligand	True	True	True	formal_classifier_candidate
3724	PRO1368-PRO1379	residue_residue	True	True	True	formal_classifier_candidate
3725	PRO1368-PRO1382	residue_residue	True	True	True	formal_classifier_candidate
3726	PRO1368-PRO1383	residue_residue	True	True	True	formal_classifier_candidate
3727	PRO1368-PRO1384	residue_residue	True	True	True	formal_classifier_candidate
3728	PRO1368-PRO1385	residue_residue	True	True	True	formal_classifier_candidate
3729	PRO1368-PRO1386	residue_residue	True	True	True	formal_classifier_candidate
3730	PRO1368-PRO1387	residue_residue	True	True	True	formal_classifier_candidate
3731	PRO1368-PRO1388	residue_residue	True	True	True	formal_classifier_candidate
3732	PRO1368-PRO1389	residue_residue	True	True	True	formal_classifier_candidate
3733	PRO1368-PRO1390	residue_residue	True	True	True	formal_classifier_candidate
3734	PRO1368-PRO1391	residue_residue	True	True	True	formal_classifier_candidate
3735	PRO1368-PRO1392	residue_residue	True	True	True	formal_classifier_candidate
3736	PRO1379-PRO1382	residue_residue	True	True	True	formal_classifier_candidate
3737	PRO1379-PRO1383	residue_residue	True	True	True	formal_classifier_candidate
3738	PRO1379-PRO1384	residue_residue	True	True	True	formal_classifier_candidate
3739	PRO1379-PRO1385	residue_residue	True	True	True	formal_classifier_candidate
3740	PRO1379-PRO1386	residue_residue	True	True	True	formal_classifier_candidate
3741	PRO1379-PRO1387	residue_residue	True	True	True	formal_classifier_candidate
3742	PRO1379-PRO1429	residue_residue	True	True	True	formal_classifier_candidate
3743	PRO1379-PRO1430	residue_residue	True	True	True	formal_classifier_candidate
3744	PRO1379-PRO1431	residue_residue	True	True	True	formal_classifier_candidate
3745	PRO1379-PRO1432	residue_residue	True	True	True	formal_classifier_candidate
3746	PRO1382-PRO1383	residue_residue	True	True	True	formal_classifier_candidate
3747	PRO1382-PRO1384	residue_residue	True	True	True	formal_classifier_candidate
3748	PRO1382-PRO1385	residue_residue	True	True	True	formal_classifier_candidate
3749	PRO1382-PRO1386	residue_residue	True	True	True	formal_classifier_candidate
3750	PRO1382-PRO1387	residue_residue	True	True	True	formal_classifier_candidate
3751	PRO1382-PRO1388	residue_residue	True	True	True	formal_classifier_candidate
3752	PRO1382-PRO1389	residue_residue	True	True	True	formal_classifier_candidate
3753	PRO1382-PRO1390	residue_residue	True	True	True	formal_classifier_candidate
3754	PRO1382-PRO1391	residue_residue	True	True	True	formal_classifier_candidate
3755	PRO1382-PRO1425	residue_residue	True	True	True	formal_classifier_candidate
3756	PRO1382-PRO1426	residue_residue	True	True	True	formal_classifier_candidate
3757	PRO1382-PRO1427	residue_residue	True	True	True	formal_classifier_candidate
3758	PRO1382-PRO1429	residue_residue	True	True	True	formal_classifier_candidate
3759	PRO1382-PRO1430	residue_residue	True	True	True	formal_classifier_candidate
3760	PRO1382-PRO1431	residue_residue	True	True	True	formal_classifier_candidate
3761	PRO1382-PRO1432	residue_residue	True	True	True	formal_classifier_candidate
3762	PRO1383-PRO1384	residue_residue	True	True	True	formal_classifier_candidate
3763	PRO1383-PRO1385	residue_residue	True	True	True	formal_classifier_candidate
3764	PRO1383-PRO1386	residue_residue	True	True	True	formal_classifier_candidate
3765	PRO1383-PRO1387	residue_residue	True	True	True	formal_classifier_candidate
3766	PRO1383-PRO1388	residue_residue	True	True	True	formal_classifier_candidate
3767	PRO1383-PRO1389	residue_residue	True	True	True	formal_classifier_candidate
3768	PRO1383-PRO1390	residue_residue	True	True	True	formal_classifier_candidate
3769	PRO1383-PRO1391	residue_residue	True	True	True	formal_classifier_candidate
3770	PRO1383-PRO1392	residue_residue	True	True	True	formal_classifier_candidate
3771	PRO1383-PRO1426	residue_residue	True	True	True	formal_classifier_candidate
3772	PRO1383-PRO1429	residue_residue	True	True	True	formal_classifier_candidate
3773	PRO1383-PRO1430	residue_residue	True	True	True	formal_classifier_candidate
3774	PRO1383-PRO1431	residue_residue	True	True	True	formal_classifier_candidate
3775	PRO1384-PRO1385	residue_residue	True	True	True	formal_classifier_candidate
3776	PRO1384-PRO1386	residue_residue	True	True	True	formal_classifier_candidate
3777	PRO1384-PRO1387	residue_residue	True	True	True	formal_classifier_candidate
3778	PRO1384-PRO1388	residue_residue	True	True	True	formal_classifier_candidate
3779	PRO1384-PRO1389	residue_residue	True	True	True	formal_classifier_candidate
3780	PRO1384-PRO1390	residue_residue	True	True	True	formal_classifier_candidate
3781	PRO1384-PRO1391	residue_residue	True	True	True	formal_classifier_candidate
3782	PRO1384-PRO1392	residue_residue	True	True	True	formal_classifier_candidate
3783	PRO1384-PRO1393	residue_residue	True	True	True	formal_classifier_candidate
3784	PRO1384-PRO1394	residue_residue	True	True	True	formal_classifier_candidate
3785	PRO1384-PRO1426	residue_residue	True	True	True	formal_classifier_candidate
3786	PRO1384-PRO1429	residue_residue	True	True	True	formal_classifier_candidate
3787	PRO1384-PRO1430	residue_residue	True	True	True	formal_classifier_candidate
3788	PRO1384-PRO1431	residue_residue	True	True	True	formal_classifier_candidate
3789	PRO1385-PRO1386	residue_residue	True	True	True	formal_classifier_candidate
3790	PRO1385-PRO1387	residue_residue	True	True	True	formal_classifier_candidate
3791	PRO1385-PRO1388	residue_residue	True	True	True	formal_classifier_candidate
3792	PRO1385-PRO1389	residue_residue	True	True	True	formal_classifier_candidate
3793	PRO1385-PRO1390	residue_residue	True	True	True	formal_classifier_candidate
3794	PRO1385-PRO1391	residue_residue	True	True	True	formal_classifier_candidate
3795	PRO1385-PRO1392	residue_residue	True	True	True	formal_classifier_candidate
3796	PRO1385-PRO1393	residue_residue	True	True	True	formal_classifier_candidate
3797	PRO1385-PRO1394	residue_residue	True	True	True	formal_classifier_candidate
3798	PRO1385-PRO1395	residue_residue	True	True	True	formal_classifier_candidate
3799	PRO1385-PRO1425	residue_residue	True	True	True	formal_classifier_candidate
3800	PRO1385-PRO1426	residue_residue	True	True	True	formal_classifier_candidate
3801	PRO1385-PRO1427	residue_residue	True	True	True	formal_classifier_candidate
3802	PRO1385-PRO1429	residue_residue	True	True	True	formal_classifier_candidate
3803	PRO1385-PRO1430	residue_residue	True	True	True	formal_classifier_candidate
3804	PRO1385-PRO1431	residue_residue	True	True	True	formal_classifier_candidate
3805	PRO1386-PRO1387	residue_residue	True	True	True	formal_classifier_candidate
3806	PRO1386-PRO1388	residue_residue	True	True	True	formal_classifier_candidate
3807	PRO1386-PRO1389	residue_residue	True	True	True	formal_classifier_candidate
3808	PRO1386-PRO1390	residue_residue	True	True	True	formal_classifier_candidate
3809	PRO1386-PRO1391	residue_residue	True	True	True	formal_classifier_candidate
3810	PRO1386-PRO1392	residue_residue	True	True	True	formal_classifier_candidate
3811	PRO1386-PRO1393	residue_residue	True	True	True	formal_classifier_candidate
3812	PRO1386-PRO1394	residue_residue	True	True	True	formal_classifier_candidate
3813	PRO1386-PRO1395	residue_residue	True	True	True	formal_classifier_candidate
3814	PRO1386-PRO1422	residue_residue	True	True	True	formal_classifier_candidate
3815	PRO1386-PRO1423	residue_residue	True	True	True	formal_classifier_candidate
3816	PRO1386-PRO1424	residue_residue	True	True	True	formal_classifier_candidate
3817	PRO1386-PRO1425	residue_residue	True	True	True	formal_classifier_candidate
3818	PRO1386-PRO1426	residue_residue	True	True	True	formal_classifier_candidate
3819	PRO1386-PRO1427	residue_residue	True	True	True	formal_classifier_candidate
3820	PRO1386-PRO1429	residue_residue	True	True	True	formal_classifier_candidate
3821	PRO1386-PRO1430	residue_residue	True	True	True	formal_classifier_candidate
3822	PRO1386-PRO1431	residue_residue	True	True	True	formal_classifier_candidate
3823	PRO1386-PRO1432	residue_residue	True	True	True	formal_classifier_candidate
3824	PRO1386-GTP	residue_cofactor	True	True	True	formal_classifier_candidate
3825	PRO1387-PRO1388	residue_residue	True	True	True	formal_classifier_candidate
3826	PRO1387-PRO1389	residue_residue	True	True	True	formal_classifier_candidate
3827	PRO1387-PRO1390	residue_residue	True	True	True	formal_classifier_candidate
3828	PRO1387-PRO1391	residue_residue	True	True	True	formal_classifier_candidate
3829	PRO1387-PRO1392	residue_residue	True	True	True	formal_classifier_candidate
3830	PRO1387-PRO1393	residue_residue	True	True	True	formal_classifier_candidate
3831	PRO1387-PRO1394	residue_residue	True	True	True	formal_classifier_candidate
3832	PRO1387-PRO1395	residue_residue	True	True	True	formal_classifier_candidate
3833	PRO1387-PRO1425	residue_residue	True	True	True	formal_classifier_candidate
3834	PRO1387-PRO1426	residue_residue	True	True	True	formal_classifier_candidate
3835	PRO1387-PRO1429	residue_residue	True	True	True	formal_classifier_candidate
3836	PRO1387-PRO1430	residue_residue	True	True	True	formal_classifier_candidate
3837	PRO1387-PRO1431	residue_residue	True	True	True	formal_classifier_candidate
3838	PRO1388-PRO1389	residue_residue	True	True	True	formal_classifier_candidate
3839	PRO1388-PRO1390	residue_residue	True	True	True	formal_classifier_candidate
3840	PRO1388-PRO1391	residue_residue	True	True	True	formal_classifier_candidate
3841	PRO1388-PRO1392	residue_residue	True	True	True	formal_classifier_candidate
3842	PRO1388-PRO1393	residue_residue	True	True	True	formal_classifier_candidate
3843	PRO1388-PRO1394	residue_residue	True	True	True	formal_classifier_candidate
3844	PRO1388-PRO1395	residue_residue	True	True	True	formal_classifier_candidate
3845	PRO1388-PRO1422	residue_residue	True	True	True	formal_classifier_candidate
3846	PRO1388-PRO1425	residue_residue	True	True	True	formal_classifier_candidate
3847	PRO1388-PRO1426	residue_residue	True	True	True	formal_classifier_candidate
3848	PRO1388-PRO1429	residue_residue	True	True	True	formal_classifier_candidate
3849	PRO1388-PRO1430	residue_residue	True	True	True	formal_classifier_candidate
3850	PRO1389-PRO1390	residue_residue	True	True	True	formal_classifier_candidate
3851	PRO1389-PRO1391	residue_residue	True	True	True	formal_classifier_candidate
3852	PRO1389-PRO1392	residue_residue	True	True	True	formal_classifier_candidate
3853	PRO1389-PRO1393	residue_residue	True	True	True	formal_classifier_candidate
3854	PRO1389-PRO1394	residue_residue	True	True	True	formal_classifier_candidate
3855	PRO1389-PRO1395	residue_residue	True	True	True	formal_classifier_candidate
3856	PRO1389-PRO1398	residue_residue	True	True	True	formal_classifier_candidate
3857	PRO1389-PRO1399	residue_residue	True	True	True	formal_classifier_candidate
3858	PRO1389-PRO1419	residue_residue	True	True	True	formal_classifier_candidate
3859	PRO1389-PRO1422	residue_residue	True	True	True	formal_classifier_candidate
3860	PRO1389-PRO1423	residue_residue	True	True	True	formal_classifier_candidate
3861	PRO1389-PRO1424	residue_residue	True	True	True	formal_classifier_candidate
3862	PRO1389-PRO1425	residue_residue	True	True	True	formal_classifier_candidate
3863	PRO1389-PRO1426	residue_residue	True	True	True	formal_classifier_candidate
3864	PRO1389-PRO1427	residue_residue	True	True	True	formal_classifier_candidate
3865	PRO1389-PRO1429	residue_residue	True	True	True	formal_classifier_candidate
3866	PRO1389-PRO1430	residue_residue	True	True	True	formal_classifier_candidate
3867	PRO1389-PRO1431	residue_residue	True	True	True	formal_classifier_candidate
3868	PRO1389-PRO1432	residue_residue	True	True	True	formal_classifier_candidate
3869	PRO1390-PRO1391	residue_residue	True	True	True	formal_classifier_candidate
3870	PRO1390-PRO1392	residue_residue	True	True	True	formal_classifier_candidate
3871	PRO1390-PRO1393	residue_residue	True	True	True	formal_classifier_candidate
3872	PRO1390-PRO1394	residue_residue	True	True	True	formal_classifier_candidate
3873	PRO1390-PRO1395	residue_residue	True	True	True	formal_classifier_candidate
3874	PRO1390-PRO1398	residue_residue	True	True	True	formal_classifier_candidate
3875	PRO1390-PRO1399	residue_residue	True	True	True	formal_classifier_candidate
3876	PRO1390-PRO1422	residue_residue	True	True	True	formal_classifier_candidate
3877	PRO1390-PRO1423	residue_residue	True	True	True	formal_classifier_candidate
3878	PRO1390-PRO1425	residue_residue	True	True	True	formal_classifier_candidate
3879	PRO1390-PRO1426	residue_residue	True	True	True	formal_classifier_candidate
3880	PRO1390-PRO1427	residue_residue	True	True	True	formal_classifier_candidate
3881	PRO1390-PRO1429	residue_residue	True	True	True	formal_classifier_candidate
3882	PRO1390-PRO1430	residue_residue	True	True	True	formal_classifier_candidate
3883	PRO1390-GTP	residue_cofactor	True	True	True	formal_classifier_candidate
3884	PRO1391-PRO1392	residue_residue	True	True	True	formal_classifier_candidate
3885	PRO1391-PRO1393	residue_residue	True	True	True	formal_classifier_candidate
3886	PRO1391-PRO1394	residue_residue	True	True	True	formal_classifier_candidate
3887	PRO1391-PRO1395	residue_residue	True	True	True	formal_classifier_candidate
3888	PRO1391-PRO1398	residue_residue	True	True	True	formal_classifier_candidate
3889	PRO1391-PRO1422	residue_residue	True	True	True	formal_classifier_candidate
3890	PRO1391-PRO1426	residue_residue	True	True	True	formal_classifier_candidate
3891	PRO1391-PRO1429	residue_residue	True	True	True	formal_classifier_candidate
3892	PRO1391-GTP	residue_cofactor	True	True	True	formal_classifier_candidate
3893	PRO1392-PRO1393	residue_residue	True	True	True	formal_classifier_candidate
3894	PRO1392-PRO1394	residue_residue	True	True	True	formal_classifier_candidate
3895	PRO1392-PRO1395	residue_residue	True	True	True	formal_classifier_candidate
3896	PRO1392-PRO1398	residue_residue	True	True	True	formal_classifier_candidate
3897	PRO1392-PRO1399	residue_residue	True	True	True	formal_classifier_candidate
3898	PRO1392-PRO1402	residue_residue	True	True	True	formal_classifier_candidate
3899	PRO1392-PRO1422	residue_residue	True	True	True	formal_classifier_candidate
3900	PRO1392-PRO1425	residue_residue	True	True	True	formal_classifier_candidate
3901	PRO1392-PRO1426	residue_residue	True	True	True	formal_classifier_candidate
3902	PRO1392-PRO1429	residue_residue	True	True	True	formal_classifier_candidate
3903	PRO1393-PRO1394	residue_residue	True	True	True	formal_classifier_candidate
3904	PRO1393-PRO1395	residue_residue	True	True	True	formal_classifier_candidate
3905	PRO1393-PRO1398	residue_residue	True	True	True	formal_classifier_candidate
3906	PRO1393-PRO1399	residue_residue	True	True	True	formal_classifier_candidate
3907	PRO1393-PRO1402	residue_residue	True	True	True	formal_classifier_candidate
3908	PRO1393-PRO1419	residue_residue	True	True	True	formal_classifier_candidate
3909	PRO1393-PRO1422	residue_residue	True	True	True	formal_classifier_candidate
3910	PRO1393-PRO1423	residue_residue	True	True	True	formal_classifier_candidate
3911	PRO1393-PRO1424	residue_residue	True	True	True	formal_classifier_candidate
3912	PRO1393-PRO1425	residue_residue	True	True	True	formal_classifier_candidate
3913	PRO1393-PRO1426	residue_residue	True	True	True	formal_classifier_candidate
3914	PRO1393-PRO1429	residue_residue	True	True	True	formal_classifier_candidate
3915	PRO1393-PRO1430	residue_residue	True	True	True	formal_classifier_candidate
3916	PRO1394-PRO1395	residue_residue	True	True	True	formal_classifier_candidate
3917	PRO1394-PRO1398	residue_residue	True	True	True	formal_classifier_candidate
3918	PRO1394-PRO1399	residue_residue	True	True	True	formal_classifier_candidate
3919	PRO1394-PRO1401	residue_residue	True	True	True	formal_classifier_candidate
3920	PRO1394-PRO1402	residue_residue	True	True	True	formal_classifier_candidate
3921	PRO1394-PRO1419	residue_residue	True	True	True	formal_classifier_candidate
3922	PRO1394-PRO1420	residue_residue	True	True	True	formal_classifier_candidate
3923	PRO1394-PRO1422	residue_residue	True	True	True	formal_classifier_candidate
3924	PRO1394-PRO1423	residue_residue	True	True	True	formal_classifier_candidate
3925	PRO1394-PRO1424	residue_residue	True	True	True	formal_classifier_candidate
3926	PRO1394-PRO1425	residue_residue	True	True	True	formal_classifier_candidate
3927	PRO1394-PRO1426	residue_residue	True	True	True	formal_classifier_candidate
3928	PRO1394-PRO1427	residue_residue	True	True	True	formal_classifier_candidate
3929	PRO1394-PRO1429	residue_residue	True	True	True	formal_classifier_candidate
3930	PRO1394-PRO1430	residue_residue	True	True	True	formal_classifier_candidate
3931	PRO1394-PRO1431	residue_residue	True	True	True	formal_classifier_candidate
3932	PRO1394-PRO1432	residue_residue	True	True	True	formal_classifier_candidate
3933	PRO1394-PRO1434	residue_residue	True	True	True	formal_classifier_candidate
3934	PRO1395-PRO1398	residue_residue	True	True	True	formal_classifier_candidate
3935	PRO1395-PRO1399	residue_residue	True	True	True	formal_classifier_candidate
3936	PRO1395-PRO1401	residue_residue	True	True	True	formal_classifier_candidate
3937	PRO1395-PRO1402	residue_residue	True	True	True	formal_classifier_candidate
3938	PRO1395-PRO1409	residue_residue	True	True	True	formal_classifier_candidate
3939	PRO1395-PRO1419	residue_residue	True	True	True	formal_classifier_candidate
3940	PRO1395-PRO1422	residue_residue	True	True	True	formal_classifier_candidate
3941	PRO1395-PRO1425	residue_residue	True	True	True	formal_classifier_candidate
3942	PRO1395-PRO1426	residue_residue	True	True	True	formal_classifier_candidate
3943	PRO1398-PRO1399	residue_residue	True	True	True	formal_classifier_candidate
3944	PRO1398-PRO1401	residue_residue	True	True	True	formal_classifier_candidate
3945	PRO1398-PRO1402	residue_residue	True	True	True	formal_classifier_candidate
3946	PRO1398-PRO1409	residue_residue	True	True	True	formal_classifier_candidate
3947	PRO1398-PRO1416	residue_residue	True	True	True	formal_classifier_candidate
3948	PRO1398-PRO1419	residue_residue	True	True	True	formal_classifier_candidate
3949	PRO1398-PRO1420	residue_residue	True	True	True	formal_classifier_candidate
3950	PRO1398-PRO1422	residue_residue	True	True	True	formal_classifier_candidate
3951	PRO1398-PRO1423	residue_residue	True	True	True	formal_classifier_candidate
3952	PRO1398-PRO1424	residue_residue	True	True	True	formal_classifier_candidate
3953	PRO1398-PRO1425	residue_residue	True	True	True	formal_classifier_candidate
3954	PRO1398-PRO1426	residue_residue	True	True	True	formal_classifier_candidate
3955	PRO1399-PRO1401	residue_residue	True	True	True	formal_classifier_candidate
3956	PRO1399-PRO1402	residue_residue	True	True	True	formal_classifier_candidate
3957	PRO1399-PRO1409	residue_residue	True	True	True	formal_classifier_candidate
3958	PRO1399-PRO1416	residue_residue	True	True	True	formal_classifier_candidate
3959	PRO1399-PRO1419	residue_residue	True	True	True	formal_classifier_candidate
3960	PRO1399-PRO1422	residue_residue	True	True	True	formal_classifier_candidate
3961	PRO1401-PRO1402	residue_residue	True	True	True	formal_classifier_candidate
3962	PRO1401-PRO1409	residue_residue	True	True	True	formal_classifier_candidate
3963	PRO1401-PRO1419	residue_residue	True	True	True	formal_classifier_candidate
3964	PRO1402-PRO1409	residue_residue	True	True	True	formal_classifier_candidate
3965	PRO1409-PRO1416	residue_residue	True	True	True	formal_classifier_candidate
3966	PRO1409-PRO1419	residue_residue	True	True	True	formal_classifier_candidate
3967	PRO1416-PRO1419	residue_residue	True	True	True	formal_classifier_candidate
3968	PRO1416-PRO1420	residue_residue	True	True	True	formal_classifier_candidate
3969	PRO1416-PRO1422	residue_residue	True	True	True	formal_classifier_candidate
3970	PRO1416-PRO1423	residue_residue	True	True	True	formal_classifier_candidate
3971	PRO1416-PRO1424	residue_residue	True	True	True	formal_classifier_candidate
3972	PRO1416-PRO1434	residue_residue	True	True	True	formal_classifier_candidate
3973	PRO1416-PRO1436	residue_residue	True	True	True	formal_classifier_candidate
3974	PRO1416-PRO1437	residue_residue	True	True	True	formal_classifier_candidate
3975	PRO1419-PRO1420	residue_residue	True	True	True	formal_classifier_candidate
3976	PRO1419-PRO1422	residue_residue	True	True	True	formal_classifier_candidate
3977	PRO1419-PRO1423	residue_residue	True	True	True	formal_classifier_candidate
3978	PRO1419-PRO1424	residue_residue	True	True	True	formal_classifier_candidate
3979	PRO1419-PRO1425	residue_residue	True	True	True	formal_classifier_candidate
3980	PRO1419-PRO1426	residue_residue	True	True	True	formal_classifier_candidate
3981	PRO1419-PRO1427	residue_residue	True	True	True	formal_classifier_candidate
3982	PRO1419-PRO1434	residue_residue	True	True	True	formal_classifier_candidate
3983	PRO1419-PRO1437	residue_residue	True	True	True	formal_classifier_candidate
3984	PRO1420-PRO1422	residue_residue	True	True	True	formal_classifier_candidate
3985	PRO1420-PRO1423	residue_residue	True	True	True	formal_classifier_candidate
3986	PRO1420-PRO1424	residue_residue	True	True	True	formal_classifier_candidate
3987	PRO1420-PRO1425	residue_residue	True	True	True	formal_classifier_candidate
3988	PRO1420-PRO1426	residue_residue	True	True	True	formal_classifier_candidate
3989	PRO1420-PRO1427	residue_residue	True	True	True	formal_classifier_candidate
3990	PRO1420-PRO1434	residue_residue	True	True	True	formal_classifier_candidate
3991	PRO1420-PRO1436	residue_residue	True	True	True	formal_classifier_candidate
3992	PRO1420-PRO1437	residue_residue	True	True	True	formal_classifier_candidate
3993	PRO1422-PRO1423	residue_residue	True	True	True	formal_classifier_candidate
3994	PRO1422-PRO1424	residue_residue	True	True	True	formal_classifier_candidate
3995	PRO1422-PRO1425	residue_residue	True	True	True	formal_classifier_candidate
3996	PRO1422-PRO1426	residue_residue	True	True	True	formal_classifier_candidate
3997	PRO1422-PRO1427	residue_residue	True	True	True	formal_classifier_candidate
3998	PRO1422-PRO1429	residue_residue	True	True	True	formal_classifier_candidate
3999	PRO1422-PRO1430	residue_residue	True	True	True	formal_classifier_candidate
4000	PRO1422-PRO1431	residue_residue	True	True	True	formal_classifier_candidate
4001	PRO1422-PRO1432	residue_residue	True	True	True	formal_classifier_candidate
4002	PRO1422-PRO1434	residue_residue	True	True	True	formal_classifier_candidate
4003	PRO1422-PRO1437	residue_residue	True	True	True	formal_classifier_candidate
4004	PRO1423-PRO1424	residue_residue	True	True	True	formal_classifier_candidate
4005	PRO1423-PRO1425	residue_residue	True	True	True	formal_classifier_candidate
4006	PRO1423-PRO1426	residue_residue	True	True	True	formal_classifier_candidate
4007	PRO1423-PRO1427	residue_residue	True	True	True	formal_classifier_candidate
4008	PRO1423-PRO1429	residue_residue	True	True	True	formal_classifier_candidate
4009	PRO1423-PRO1430	residue_residue	True	True	True	formal_classifier_candidate
4010	PRO1423-PRO1431	residue_residue	True	True	True	formal_classifier_candidate
4011	PRO1423-PRO1432	residue_residue	True	True	True	formal_classifier_candidate
4012	PRO1423-PRO1433	residue_residue	True	True	True	formal_classifier_candidate
4013	PRO1423-PRO1434	residue_residue	True	True	True	formal_classifier_candidate
4014	PRO1423-PRO1435	residue_residue	True	True	True	formal_classifier_candidate
4015	PRO1423-PRO1436	residue_residue	True	True	True	formal_classifier_candidate
4016	PRO1423-PRO1437	residue_residue	True	True	True	formal_classifier_candidate
4017	PRO1424-PRO1425	residue_residue	True	True	True	formal_classifier_candidate
4018	PRO1424-PRO1426	residue_residue	True	True	True	formal_classifier_candidate
4019	PRO1424-PRO1427	residue_residue	True	True	True	formal_classifier_candidate
4020	PRO1424-PRO1429	residue_residue	True	True	True	formal_classifier_candidate
4021	PRO1424-PRO1430	residue_residue	True	True	True	formal_classifier_candidate
4022	PRO1424-PRO1431	residue_residue	True	True	True	formal_classifier_candidate
4023	PRO1424-PRO1432	residue_residue	True	True	True	formal_classifier_candidate
4024	PRO1424-PRO1433	residue_residue	True	True	True	formal_classifier_candidate
4025	PRO1424-PRO1434	residue_residue	True	True	True	formal_classifier_candidate
4026	PRO1424-PRO1435	residue_residue	True	True	True	formal_classifier_candidate
4027	PRO1424-PRO1437	residue_residue	True	True	True	formal_classifier_candidate
4028	PRO1425-PRO1426	residue_residue	True	True	True	formal_classifier_candidate
4029	PRO1425-PRO1427	residue_residue	True	True	True	formal_classifier_candidate
4030	PRO1425-PRO1429	residue_residue	True	True	True	formal_classifier_candidate
4031	PRO1425-PRO1430	residue_residue	True	True	True	formal_classifier_candidate
4032	PRO1425-PRO1431	residue_residue	True	True	True	formal_classifier_candidate
4033	PRO1425-PRO1432	residue_residue	True	True	True	formal_classifier_candidate
4034	PRO1425-PRO1433	residue_residue	True	True	True	formal_classifier_candidate
4035	PRO1425-PRO1434	residue_residue	True	True	True	formal_classifier_candidate
4036	PRO1426-PRO1427	residue_residue	True	True	True	formal_classifier_candidate
4037	PRO1426-PRO1429	residue_residue	True	True	True	formal_classifier_candidate
4038	PRO1426-PRO1430	residue_residue	True	True	True	formal_classifier_candidate
4039	PRO1426-PRO1431	residue_residue	True	True	True	formal_classifier_candidate
4040	PRO1426-PRO1432	residue_residue	True	True	True	formal_classifier_candidate
4041	PRO1426-PRO1433	residue_residue	True	True	True	formal_classifier_candidate
4042	PRO1426-PRO1434	residue_residue	True	True	True	formal_classifier_candidate
4043	PRO1426-PRO1436	residue_residue	True	True	True	formal_classifier_candidate
4044	PRO1426-PRO1437	residue_residue	True	True	True	formal_classifier_candidate
4045	PRO1426-GTP	residue_cofactor	True	True	True	formal_classifier_candidate
4046	PRO1427-PRO1429	residue_residue	True	True	True	formal_classifier_candidate
4047	PRO1427-PRO1430	residue_residue	True	True	True	formal_classifier_candidate
4048	PRO1427-PRO1431	residue_residue	True	True	True	formal_classifier_candidate
4049	PRO1427-PRO1432	residue_residue	True	True	True	formal_classifier_candidate
4050	PRO1427-PRO1433	residue_residue	True	True	True	formal_classifier_candidate
4051	PRO1427-PRO1434	residue_residue	True	True	True	formal_classifier_candidate
4052	PRO1427-PRO1435	residue_residue	True	True	True	formal_classifier_candidate
4053	PRO1427-PRO1436	residue_residue	True	True	True	formal_classifier_candidate
4054	PRO1427-PRO1437	residue_residue	True	True	True	formal_classifier_candidate
4055	PRO1429-PRO1430	residue_residue	True	True	True	formal_classifier_candidate
4056	PRO1429-PRO1431	residue_residue	True	True	True	formal_classifier_candidate
4057	PRO1429-PRO1432	residue_residue	True	True	True	formal_classifier_candidate
4058	PRO1429-PRO1433	residue_residue	True	True	True	formal_classifier_candidate
4059	PRO1429-PRO1434	residue_residue	True	True	True	formal_classifier_candidate
4060	PRO1430-PRO1431	residue_residue	True	True	True	formal_classifier_candidate
4061	PRO1430-PRO1432	residue_residue	True	True	True	formal_classifier_candidate
4062	PRO1430-PRO1433	residue_residue	True	True	True	formal_classifier_candidate
4063	PRO1430-PRO1434	residue_residue	True	True	True	formal_classifier_candidate
4064	PRO1430-PRO1435	residue_residue	True	True	True	formal_classifier_candidate
4065	PRO1430-PRO1436	residue_residue	True	True	True	formal_classifier_candidate
4066	PRO1430-GTP	residue_cofactor	True	True	True	formal_classifier_candidate
4067	PRO1431-PRO1432	residue_residue	True	True	True	formal_classifier_candidate
4068	PRO1431-PRO1433	residue_residue	True	True	True	formal_classifier_candidate
4069	PRO1431-PRO1434	residue_residue	True	True	True	formal_classifier_candidate
4070	PRO1431-PRO1435	residue_residue	True	True	True	formal_classifier_candidate
4071	PRO1432-PRO1433	residue_residue	True	True	True	formal_classifier_candidate
4072	PRO1432-PRO1434	residue_residue	True	True	True	formal_classifier_candidate
4073	PRO1432-PRO1435	residue_residue	True	True	True	formal_classifier_candidate
4074	PRO1432-PRO1436	residue_residue	True	True	True	formal_classifier_candidate
4075	PRO1432-PRO1437	residue_residue	True	True	True	formal_classifier_candidate
4076	PRO1433-PRO1434	residue_residue	True	True	True	formal_classifier_candidate
4077	PRO1433-PRO1435	residue_residue	True	True	True	formal_classifier_candidate
4078	PRO1433-PRO1436	residue_residue	True	True	True	formal_classifier_candidate
4079	PRO1433-PRO1437	residue_residue	True	True	True	formal_classifier_candidate
4080	PRO1434-PRO1435	residue_residue	True	True	True	formal_classifier_candidate
4081	PRO1434-PRO1436	residue_residue	True	True	True	formal_classifier_candidate
4082	PRO1434-PRO1437	residue_residue	True	True	True	formal_classifier_candidate
4083	PRO1435-PRO1436	residue_residue	True	True	True	formal_classifier_candidate
4084	PRO1435-PRO1437	residue_residue	True	True	True	formal_classifier_candidate
4085	PRO1436-PRO1437	residue_residue	True	True	True	formal_classifier_candidate
4086	PRO1436-GTP	residue_cofactor	True	True	True	formal_classifier_candidate
