feature	feature_type	n_low	n_high	n_total	missing_count	missing_fraction	n_unique	low_mean	high_mean	difference_high_minus_low	low_median	high_median	low_std	high_std	overall_std	cohens_d	abs_cohens_d	welch_t_stat	welch_p_value	mannwhitney_u	mannwhitney_p_value	pearson_n	pearson_corr_with_barrier	abs_pearson_corr	pearson_p_value	near_zero_variance	quality_pass	welch_fdr_bh	mannwhitney_fdr_bh	pearson_fdr_bh
PRO1408-GTP	residue_cofactor	24	57	81	2	0.024096385542168676	79	26.33991813659668	25.819299697875977	-0.5206184387207031	26.344501495361328	25.788000106811523	0.4409642219543457	0.5720767378807068	0.5849913358688354	-0.9691033714781933	0.9691033714781933	-4.424802303314209	4.5418604713631794e-05	312.5	0.00012442268780432642	81	-0.436554453545098	0.436554453545098	4.615080335418402e-05	False	True	0.08383796907186149	0.2529762088437565	0.136272093935473
PRO1262-GTP	residue_cofactor	26	57	83	0	0.0	82	19.200115203857422	18.903596878051758	-0.29651832580566406	19.19300079345703	18.84600067138672	0.37427785992622375	0.33692267537117004	0.3733329772949219	-0.8499193265895583	0.8499193265895583	-3.4517710208892822	0.001237755292095244	403.0	0.0009209592244587839	83	-0.4023380748455112	0.4023380748455112	0.00016289243759868882	False	True	0.5906387278810143	0.7577676957048345	0.20784316784002177
PRO1265-GTP	residue_cofactor	26	57	83	0	0.0	81	14.992231369018555	14.7665433883667	-0.22568798065185547	15.005000114440918	14.774999618530273	0.32701924443244934	0.29866647720336914	0.3234398066997528	-0.7334730623562142	0.7334730623562142	-2.995074987411499	0.0044595845974981785	429.5	0.0022622111719101667	83	-0.3517782949268127	0.3517782949268127	0.0011096100977999446	False	True	0.8283817067930705	0.862297205020522	0.4740401738543567
PRO1274-GTP	residue_cofactor	26	57	83	0	0.0	80	8.549500465393066	8.427929878234863	-0.12157058715820312	8.56100082397461	8.434000015258789	0.1886434406042099	0.17847493290901184	0.18926475942134857	-0.6691663598361994	0.6691663598361994	-2.7690277099609375	0.00807001069188118	464.0	0.006632704753428698	83	-0.2943693346721825	0.2943693346721825	0.006907053370868475	False	True	0.930015647179441	0.9684524988790728	0.7346395887982948
PRO1259-GTP	residue_cofactor	26	57	83	0	0.0	80	21.869964599609375	21.624387741088867	-0.2455768585205078	21.86949920654297	21.575000762939453	0.45046329498291016	0.33893343806266785	0.39172524213790894	-0.6515770745391021	0.6515770745391021	-2.47818922996521	0.017708582803606987	447.5	0.004018001724034548	83	-0.33011682025166467	0.33011682025166467	0.0023050380849367947	False	True	0.9320555090005262	0.9220858924771724	0.5932190577768507
PRO1336-GTP	residue_cofactor	26	57	83	0	0.0	83	23.541156768798828	23.108613967895508	-0.4325428009033203	23.774499893188477	22.94300079345703	0.7215788960456848	0.6408445835113525	0.6927821636199951	-0.64867382741157	0.64867382741157	-2.621185302734375	0.012009401805698872	499.0	0.01773676835000515	83	-0.2971718797722264	0.2971718797722264	0.0063674892596202485	False	True	0.930015647179441	1.0	0.72482105850288
PRO1258-GTP	residue_cofactor	26	57	83	0	0.0	82	22.928499221801758	22.70394515991211	-0.22455406188964844	22.978500366210938	22.743999481201172	0.38839155435562134	0.3410630226135254	0.3693382740020752	-0.6301605260619713	0.6301605260619713	-2.535656452178955	0.01491390448063612	456.0	0.005217963829636574	83	-0.2862278341635111	0.2862278341635111	0.008709775432899202	False	True	0.930015647179441	0.9366280990386062	0.7578565116192226
PRO11-GTP	residue_cofactor	26	57	83	0	0.0	58	3.963038206100464	3.9791581630706787	0.016119956970214844	3.9650001525878906	3.9790000915527344	0.02806919440627098	0.02463141642510891	0.026666877791285515	0.6262036675435431	0.6262036675435431	2.519141912460327	0.015537972562015057	976.0	0.02128053456544876	83	0.31745009948548214	0.31745009948548214	0.0034524391391027153	False	True	0.930015647179441	1.0	0.6546398123093508
PRO1277-GTP	residue_cofactor	26	57	83	0	0.0	69	5.316807746887207	5.275315761566162	-0.04149198532104492	5.317999839782715	5.261000156402588	0.062652088701725	0.06782308965921402	0.06865164637565613	-0.6261020921130217	0.6261020921130217	-2.7260000705718994	0.008706131018698215	462.5	0.006340567488223314	83	-0.29775159182828964	0.29775159182828964	0.006260643486760274	False	True	0.930015647179441	0.9536690859609522	0.72482105850288
PRO1273-GTP	residue_cofactor	26	57	83	0	0.0	81	4.258615493774414	4.058140277862549	-0.20047521591186523	4.276000022888184	4.044000148773193	0.36796337366104126	0.3054655194282532	0.33727484941482544	-0.6148867394351868	0.6148867394351868	-2.4231884479522705	0.019844718277454376	436.0	0.0027930750511586666	83	-0.2534161197395305	0.2534161197395305	0.020800380295358956	False	True	0.9397622595651675	0.904093288583681	0.8892461295342368
PRO1266-GTP	residue_cofactor	26	57	83	0	0.0	81	16.622692108154297	16.360387802124023	-0.26230430603027344	16.63650131225586	16.327999114990234	0.4465261697769165	0.4482681453227997	0.4615199863910675	-0.5858569186719363	0.5858569186719363	-2.4792051315307617	0.016680408269166946	463.0	0.0064389645121991634	83	-0.28602369112476184	0.28602369112476184	0.008759839998337512	False	True	0.9319919708402867	0.9591821898661909	0.7578565116192226
PRO146-GTP	residue_cofactor	26	57	83	0	0.0	73	2.0030770301818848	2.054070234298706	0.05099320411682129	1.999500036239624	2.0460000038146973	0.07333590090274811	0.09285873919725418	0.08997000008821487	0.5841133194639373	0.5841133194639373	2.694591522216797	0.009109795093536377	991.5	0.014102165587246418	83	0.31180321690411517	0.31180321690411517	0.004111384059751956	False	True	0.930015647179441	0.9924479801865185	0.6757553163330456
PRO1263-GTP	residue_cofactor	26	57	83	0	0.0	82	16.831501007080078	16.545930862426758	-0.2855701446533203	16.871999740600586	16.51300048828125	0.606069028377533	0.44446122646331787	0.5144457817077637	-0.5712029206870358	0.5712029206870358	-2.152970314025879	0.037774935364723206	514.0	0.026161329820752144	83	-0.3335498825215375	0.3335498825215375	0.002059903164855933	False	True	0.9587301796840831	1.0	0.5661290919261507
PRO1402-GTP	residue_cofactor	26	57	83	0	0.0	82	17.846576690673828	17.518352508544922	-0.32822418212890625	17.831501007080078	17.597999572753906	0.5831645131111145	0.5710804462432861	0.5914953351020813	-0.5709895929660403	0.5709895929660403	-2.3937149047851562	0.020670833066105843	543.0	0.05249129235744476	83	-0.2190418313376722	0.2190418313376722	0.04664235239230229	False	True	0.9420607370021895	1.0	0.9502007337353028
PRO165-GTP	residue_cofactor	25	56	81	2	0.024096385542168676	77	24.49095916748047	24.23857307434082	-0.25238609313964844	24.458999633789062	24.125499725341797	0.46494919061660767	0.4343405067920685	0.45641395449638367	-0.5686187943833051	0.5686187943833051	-2.3024353981018066	0.02616076171398163	418.0	0.0040002004243433475	81	-0.22402881594450272	0.22402881594450272	0.04437258210350396	False	True	0.9454891725363024	0.9220858924771724	0.9498825564381457
PRO1267-GTP	residue_cofactor	26	57	83	0	0.0	82	13.00919246673584	12.72254467010498	-0.2866477966308594	13.062999725341797	12.729999542236328	0.5262190699577332	0.5254398584365845	0.5393161177635193	-0.5452905616780541	0.5452905616780541	-2.3028650283813477	0.025623595342040062	480.5	0.010688653215765953	83	-0.28619827976889	0.28619827976889	0.008717007859637372	False	True	0.9454891725363024	0.9869437231573948	0.7578565116192226
PRO1401-GTP	residue_cofactor	26	57	83	0	0.0	81	21.55715560913086	21.353540420532227	-0.2036151885986328	21.53499984741211	21.429000854492188	0.34556347131729126	0.3958270251750946	0.3904283344745636	-0.5343789139927035	0.5343789139927035	-2.376373291015625	0.020987654104828835	524.0	0.0335315465927124	83	-0.21779362651991516	0.21779362651991516	0.04793829462436576	False	True	0.9420607370021895	1.0	0.9502007337353028
PRO92-GTP	residue_cofactor	26	57	83	0	0.0	82	10.010461807250977	10.189069747924805	0.17860794067382812	10.069499969482422	10.161999702453613	0.4068174958229065	0.30446282029151917	0.34743282198905945	0.5263048754261579	0.5263048754261579	1.9979370832443237	0.05286266282200813	937.0	0.05492788553237915	83	0.2523612777454159	0.2523612777454159	0.021355389072013987	False	True	0.9588744675925858	1.0	0.8953902584321912
PRO22-GTP	residue_cofactor	26	57	83	0	0.0	75	7.062346458435059	7.161192893981934	0.098846435546875	7.061999797821045	7.122000217437744	0.17436447739601135	0.20345205068588257	0.19916066527366638	0.5070682500882839	0.5070682500882839	2.2703630924224854	0.027049722149968147	932.5	0.06074686720967293	83	0.3198479248585457	0.3198479248585457	0.003202413647074592	False	True	0.9489470610225742	1.0	0.6424009575976987
PRO1380-GTP	residue_cofactor	26	57	83	0	0.0	83	18.182615280151367	17.91442108154297	-0.26819419860839844	18.109500885009766	17.961000442504883	0.5295481085777283	0.5433807969093323	0.5502720475196838	-0.49743983897983757	0.49743983897983757	-2.1225526332855225	0.03880033269524574	553.0	0.0656374990940094	83	-0.16782178186272959	0.16782178186272959	0.12938799510256668	False	True	0.9587301796840831	1.0	0.9962860520059598
PRO97-GTP	residue_cofactor	26	57	83	0	0.0	79	15.916921615600586	16.042526245117188	0.12560462951660156	15.899999618530273	16.038000106811523	0.22352293133735657	0.26503077149391174	0.2581422030925751	0.4965588181189748	0.4965588181189748	2.2365522384643555	0.029251812025904655	942.0	0.0490027517080307	83	0.20249544788413573	0.20249544788413573	0.0663705323713624	False	True	0.9587301796840831	1.0	0.9624708140270277
PRO1269-GTP	residue_cofactor	26	57	83	0	0.0	81	8.97419261932373	8.662052154541016	-0.31214046478271484	8.956000328063965	8.642999649047852	0.5949751734733582	0.6491734385490417	0.6457121968269348	-0.4931576626875822	0.4931576626875822	-2.1535303592681885	0.03588069602847099	495.5	0.01615227200090885	83	-0.21216287447101514	0.21216287447101514	0.054158732640204835	False	True	0.9587301796840831	1.0	0.9526704454891555
PRO1268-GTP	residue_cofactor	26	57	83	0	0.0	82	10.899500846862793	10.703965187072754	-0.19553565979003906	10.847000122070312	10.71399974822998	0.4392794370651245	0.3771723508834839	0.40535059571266174	-0.4920631309163644	0.4920631309163644	-1.9634671211242676	0.056157153099775314	535.0	0.043630074709653854	83	-0.26018441082539573	0.26018441082539573	0.017524570908439487	False	True	0.9588744675925858	1.0	0.8711628516258852
PRO147-GTP	residue_cofactor	26	57	83	0	0.0	78	2.589038610458374	2.5076489448547363	-0.0813896656036377	2.564000129699707	2.484999895095825	0.18933433294296265	0.15710772573947906	0.17096227407455444	-0.4852800006405367	0.4852800006405367	-1.9121251106262207	0.06280548870563507	524.0	0.03353061154484749	83	-0.25377774175025924	0.25377774175025924	0.02061297333987457	False	True	0.9600589630026325	1.0	0.8880575570744317
PRO1358-GTP	residue_cofactor	24	53	77	6	0.07228915662650602	76	24.99537467956543	24.73086929321289	-0.26450538635253906	24.972000122070312	24.70199966430664	0.5895854234695435	0.5332774519920349	0.5612349510192871	-0.479912267525862	0.479912267525862	-1.8774107694625854	0.06763695180416107	471.5	0.07128998637199402	77	-0.1941403246775906	0.1941403246775906	0.09067492248513685	False	True	0.9634963037579495	1.0	0.9810356707930044
PRO122-GTP	residue_cofactor	26	57	83	0	0.0	81	8.802346229553223	8.60735034942627	-0.19499588012695312	8.822500228881836	8.621999740600586	0.3864724040031433	0.41550567746162415	0.414391428232193	-0.47937957612886917	0.47937957612886917	-2.081798791885376	0.04231194406747818	538.0	0.046791400760412216	83	-0.203650178468933	0.203650178468933	0.06480416220391094	False	True	0.9587301796840831	1.0	0.9598465168593103
PRO162-GTP	residue_cofactor	26	57	83	0	0.0	79	20.506345748901367	20.40910530090332	-0.09724044799804688	20.53350067138672	20.445999145507812	0.20924635231494904	0.20362602174282074	0.20910370349884033	-0.4734752867665805	0.4734752867665805	-1.9802017211914062	0.05351189523935318	536.0	0.04466020315885544	83	-0.2574996347774547	0.2574996347774547	0.018766623671752386	False	True	0.9588744675925858	1.0	0.8812447393079654
PRO1264-GTP	residue_cofactor	26	57	83	0	0.0	78	13.356500625610352	13.186385154724121	-0.17011547088623047	13.239500045776367	13.182000160217285	0.44997459650039673	0.31758591532707214	0.37001726031303406	-0.46782705517568096	0.46782705517568096	-1.740128993988037	0.09019346535205841	582.5	0.12083016335964203	83	-0.29810305458619263	0.29810305458619263	0.0061966398868683	False	True	0.9657659537677933	1.0	0.72482105850288
PRO1332-GTP	residue_cofactor	26	56	82	1	0.012048192771084338	80	24.156766891479492	23.933252334594727	-0.22351455688476562	24.249500274658203	23.86549949645996	0.49473145604133606	0.4708167016506195	0.4868372082710266	-0.46720391851628246	0.46720391851628246	-1.932879090309143	0.05932893231511116	530.0	0.04905884340405464	82	-0.23025387367250685	0.23025387367250685	0.03742666495603827	False	True	0.9590935487789692	1.0	0.9396174359975094
PRO1224-GTP	residue_cofactor	26	54	80	3	0.03614457831325301	79	25.109037399291992	24.837629318237305	-0.2714080810546875	25.109500885009766	24.72450065612793	0.701272189617157	0.5225485563278198	0.595971405506134	-0.4633134828481083	0.4633134828481083	-1.7529789209365845	0.08749543130397797	524.5	0.06903441250324249	80	-0.162761775694573	0.162761775694573	0.14915797194359823	False	True	0.9638175234811935	1.0	0.9989461140516944
PRO98-GTP	residue_cofactor	26	57	83	0	0.0	82	18.224000930786133	18.362228393554688	0.1382274627685547	18.24599838256836	18.363000869750977	0.2614170014858246	0.3283501863479614	0.31404539942741394	0.4469907336477025	0.4469907336477025	2.056035041809082	0.04413388669490814	915.5	0.08757025748491287	83	0.18661010937903239	0.18661010937903239	0.09118324290799296	False	True	0.9588744675925858	1.0	0.9810356707930044
PRO1439-GTP	residue_cofactor	26	57	83	0	0.0	80	15.983269691467285	16.2665958404541	0.2833261489868164	15.938499450683594	16.158000946044922	0.5852652192115784	0.6632565259933472	0.6498746275901794	0.4425608261578138	0.4425608261578138	1.9601764678955078	0.05509413778781891	922.0	0.07636257261037827	83	0.17744703031399958	0.17744703031399958	0.10852320917048702	False	True	0.9588744675925858	1.0	0.9917079134645735
PRO1321-GTP	residue_cofactor	26	57	83	0	0.0	82	19.293346405029297	19.110946655273438	-0.18239974975585938	19.394001007080078	19.10300064086914	0.40752241015434265	0.4159959852695465	0.41959404945373535	-0.44121732371102346	0.44121732371102346	-1.8789633512496948	0.06615263968706131	561.0	0.07800918072462082	83	-0.21411054650934339	0.21411054650934339	0.051936293862797564	False	True	0.9616205153240892	1.0	0.9508597700117091
PRO1371-GTP	residue_cofactor	26	57	83	0	0.0	83	19.639423370361328	19.481613159179688	-0.15781021118164062	19.569000244140625	19.452999114990234	0.3998366594314575	0.3391038775444031	0.3642720580101013	-0.4396446400625805	0.4396446400625805	-1.7463234663009644	0.0880529135465622	572.0	0.09805689752101898	83	-0.19070037934156225	0.19070037934156225	0.0841854204051784	False	True	0.9638175234811935	1.0	0.9750928394864304
PRO95-GTP	residue_cofactor	26	57	83	0	0.0	83	14.085269927978516	14.30931568145752	0.2240457534790039	14.156499862670898	14.343999862670898	0.5329650640487671	0.5015482306480408	0.518962562084198	0.4380608897273751	0.4380608897273751	1.8090434074401855	0.07699212431907654	895.0	0.13179108500480652	83	0.22886302123095884	0.22886302123095884	0.03742216098159386	False	True	0.9634963037579495	1.0	0.9396174359975094
PRO134-GTP	residue_cofactor	26	57	83	0	0.0	79	17.888307571411133	17.97826385498047	0.08995628356933594	17.88050079345703	17.95400047302246	0.17228588461875916	0.21987546980381012	0.20935088396072388	0.4359117718377064	0.4359117718377064	2.0166358947753906	0.04814673215150833	942.0	0.0490027517080307	83	0.15910503089823588	0.15910503089823588	0.1508025535194458	False	True	0.9588744675925858	1.0	0.9989461140516944
PRO133-GTP	residue_cofactor	26	57	83	0	0.0	78	16.985076904296875	17.174455642700195	0.1893787384033203	16.959999084472656	17.1299991607666	0.39972278475761414	0.45319822430610657	0.4436076879501343	0.4329745604187085	0.4329745604187085	1.9180480241775513	0.06034649536013603	904.5	0.10951204597949982	83	0.1523903468485718	0.1523903468485718	0.1690277481101411	False	True	0.9590935487789692	1.0	0.9989461140516944
PRO26-GTP	residue_cofactor	26	57	83	0	0.0	79	11.834075927734375	11.953438758850098	0.11936283111572266	11.909000396728516	11.954000473022461	0.30642184615135193	0.26402613520622253	0.28166529536247253	0.4296641539801834	0.4296641539801834	1.7167311906814575	0.09328915923833847	871.5	0.2018219232559204	83	0.22942819805160544	0.22942819805160544	0.03694157882285436	False	True	0.9657659537677933	1.0	0.9384384929122359
PRO1281-GTP	residue_cofactor	26	57	83	0	0.0	80	14.845808982849121	14.742842674255371	-0.10296630859375	14.867000579833984	14.755000114440918	0.26627108454704285	0.22818244993686676	0.24389056861400604	-0.4279850681007833	0.4279850681007833	-1.7065573930740356	0.09521463513374329	544.0	0.053695544600486755	83	-0.19166637612058454	0.19166637612058454	0.08259667656078604	False	True	0.9670871364136542	1.0	0.9733216732773435
PRO1410-GTP	residue_cofactor	26	57	83	0	0.0	81	21.76488494873047	21.54222869873047	-0.22265625	21.72599983215332	21.479000091552734	0.49805182218551636	0.5383581519126892	0.5332486629486084	-0.42310223321617146	0.42310223321617146	-1.8411198854446411	0.07129684090614319	571.0	0.09607583284378052	83	-0.20618458192832423	0.20618458192832423	0.06147114851152117	False	True	0.9634963037579495	1.0	0.9585851305236902
PRO109-GTP	residue_cofactor	26	57	83	0	0.0	75	19.580961227416992	19.70868492126465	0.12772369384765625	19.554000854492188	19.67300033569336	0.22016586363315582	0.33605411648750305	0.3089580237865448	0.4187347975873222	0.4187347975873222	2.059626579284668	0.043116893619298935	888.0	0.15031345188617706	83	0.15617188909654228	0.15617188909654228	0.15857415844334813	False	True	0.9587301796840831	1.0	0.9989461140516944
PRO118-GTP	residue_cofactor	26	57	83	0	0.0	76	4.7478461265563965	4.706000804901123	-0.04184532165527344	4.767499923706055	4.708000183105469	0.0993952676653862	0.10271024703979492	0.10294552892446518	-0.4114714114404957	0.4114714114404957	-1.760360598564148	0.08446380496025085	553.0	0.0656275749206543	83	-0.21122748306365333	0.21122748306365333	0.05525343916987267	False	True	0.9638175234811935	1.0	0.9526704454891555
PRO57-GTP	residue_cofactor	26	57	83	0	0.0	67	4.517345905303955	4.496824741363525	-0.020521163940429688	4.513000011444092	4.513999938964844	0.04331829026341438	0.05323267728090286	0.0509805791079998	-0.40732588868870717	0.40732588868870717	-1.8587642908096313	0.06806410849094391	643.5	0.3408614695072174	83	-0.15121294594089224	0.15121294594089224	0.1723838524658322	False	True	0.9634963037579495	1.0	0.9989461140516944
PRO1373-GTP	residue_cofactor	26	57	83	0	0.0	80	21.335498809814453	21.15650749206543	-0.17899131774902344	21.195499420166016	21.13599967956543	0.4410768151283264	0.44067251682281494	0.4459921419620514	-0.40606247009687724	0.40606247009687724	-1.7152502536773682	0.09268756210803986	600.5	0.16926978528499603	83	-0.1277814638823704	0.1277814638823704	0.2496433816401459	False	True	0.9657659537677933	1.0	0.9989461140516944
PRO1260-GTP	residue_cofactor	26	57	83	0	0.0	81	18.637615203857422	18.507877349853516	-0.12973785400390625	18.68349838256836	18.5310001373291	0.3486493229866028	0.30615052580833435	0.3236270546913147	-0.4055955626626506	0.4055955626626506	-1.6320068836212158	0.10993272066116333	533.0	0.04162255674600601	83	-0.2192358135477001	0.2192358135477001	0.04644357341021512	False	True	0.9683855434496702	1.0	0.9501644833684161
PRO1438-GTP	residue_cofactor	26	57	83	0	0.0	83	17.33873176574707	17.494367599487305	0.15563583374023438	17.313499450683594	17.50200080871582	0.36054766178131104	0.4016118049621582	0.3937736749649048	0.39968558089013695	0.39968558089013695	1.7589085102081299	0.0842968299984932	899.0	0.12202037870883942	83	0.14907310129509257	0.14907310129509257	0.17860812379510144	False	True	0.9638175234811935	1.0	0.9989461140516944
PRO1360-GTP	residue_cofactor	25	57	82	1	0.012048192771084338	82	24.46527862548828	24.285438537597656	-0.179840087890625	24.38599967956543	24.354000091552734	0.3996642231941223	0.4700225591659546	0.45497527718544006	-0.39958416058699087	0.39958416058699087	-1.7750294208526611	0.08158085495233536	577.0	0.1738903671503067	82	-0.15844886846033895	0.15844886846033895	0.15508794144027047	False	True	0.9634963037579495	1.0	0.9989461140516944
PRO1362-GTP	residue_cofactor	26	57	83	0	0.0	81	23.912193298339844	23.76859474182129	-0.1435985565185547	23.902999877929688	23.76300048828125	0.3973527252674103	0.34147799015045166	0.36367714405059814	-0.39926437892423206	0.39926437892423206	-1.5937302112579346	0.1184028685092926	572.0	0.09805338829755783	83	-0.15213607106351631	0.15213607106351631	0.16974844058209798	False	True	0.9683855434496702	1.0	0.9989461140516944
PRO139-GTP	residue_cofactor	26	57	83	0	0.0	81	17.03596305847168	17.14033317565918	0.1043701171875	17.0310001373291	17.115999221801758	0.25655433535575867	0.26571333408355713	0.26581239700317383	0.3969704226113725	0.3969704226113725	1.6997843980789185	0.09537344425916672	899.5	0.1208360493183136	83	0.10055708841840376	0.10055708841840376	0.365719394909186	False	True	0.9674678477625476	1.0	0.9989461140516944
PRO102-GTP	residue_cofactor	26	57	83	0	0.0	82	20.896846771240234	21.131614685058594	0.23476791381835938	20.957000732421875	21.191999435424805	0.6944819688796997	0.5400118827819824	0.5984947085380554	0.39656463980584805	0.39656463980584805	1.5260695219039917	0.13498996198177338	892.0	0.13950686156749725	83	0.16070140828838952	0.16070140828838952	0.14669437785285944	False	True	0.9683855434496702	1.0	0.9989461140516944
PRO110-GTP	residue_cofactor	26	57	83	0	0.0	77	18.200117111206055	18.291263580322266	0.09114646911621094	18.181499481201172	18.27899932861328	0.2454514354467392	0.22328342497348785	0.23286154866218567	0.39568737586100045	0.39568737586100045	1.613318681716919	0.11372976750135422	923.0	0.0747428834438324	83	0.12533420803977305	0.12533420803977305	0.2589017780859691	False	True	0.9683855434496702	1.0	0.9989461140516944
PRO136-GTP	residue_cofactor	26	57	83	0	0.0	82	23.184539794921875	23.345876693725586	0.16133689880371094	23.227001190185547	23.356000900268555	0.40797820687294006	0.40832045674324036	0.4126441776752472	0.395229645458267	0.395229645458267	1.6705814599990845	0.10124095529317856	874.0	0.19329151511192322	83	0.13997440016838308	0.13997440016838308	0.206908582621632	False	True	0.967751971931389	1.0	0.9989461140516944
PRO96-GTP	residue_cofactor	26	57	83	0	0.0	79	7.583885192871094	7.6971755027771	0.11329030990600586	7.596499919891357	7.619999885559082	0.23921820521354675	0.30647239089012146	0.29049208760261536	0.39419341017595705	0.39419341017595705	1.826126217842102	0.07271448522806168	885.5	0.15741059184074402	83	0.11936179866107435	0.11936179866107435	0.2824669687745638	False	True	0.9634963037579495	1.0	0.9989461140516944
PRO1361-GTP	residue_cofactor	26	57	83	0	0.0	80	19.836578369140625	19.664121627807617	-0.1724567413330078	19.69900131225586	19.642000198364258	0.4580031633377075	0.4313778877258301	0.4444243311882019	-0.39214820482976726	0.39214820482976726	-1.619998574256897	0.11207396537065506	585.5	0.12805229425430298	83	-0.14138407764998223	0.14138407764998223	0.2023265539430002	False	True	0.9683855434496702	1.0	0.9989461140516944
PRO1409-GTP	residue_cofactor	26	57	83	0	0.0	81	21.655155181884766	21.048614501953125	-0.6065406799316406	21.618999481201172	21.115999221801758	1.3857412338256836	1.6276886463165283	1.573176622390747	-0.38954923381758116	0.38954923381758116	-1.7484782934188843	0.08582287281751633	566.0	0.08666212111711502	83	-0.2143439416262035	0.2143439416262035	0.051675069721987196	False	True	0.9638175234811935	1.0	0.9502007337353028
PRO107-GTP	residue_cofactor	26	57	83	0	0.0	79	23.80796241760254	23.984050750732422	0.1760883331298828	23.77199935913086	23.909000396728516	0.42321306467056274	0.476041316986084	0.46488723158836365	0.3824875252615863	0.3824875252615863	1.6893717050552368	0.09690055251121521	898.0	0.12440040707588196	83	0.16392873360337082	0.16392873360337082	0.13864648730540927	False	True	0.9674678477625476	1.0	0.9989461140516944
PRO65-GTP	residue_cofactor	26	57	83	0	0.0	80	11.050268173217773	10.944631576538086	-0.1056365966796875	11.069000244140625	10.939000129699707	0.288674920797348	0.2722461521625519	0.2800956070423126	-0.3807851556042459	0.3807851556042459	-1.573786735534668	0.1223876103758812	585.5	0.12805229425430298	83	-0.20787780996296215	0.20787780996296215	0.05932299803680799	False	True	0.9683855434496702	1.0	0.9551460731228292
PRO138-GTP	residue_cofactor	26	57	83	0	0.0	80	23.119077682495117	23.220510482788086	0.10143280029296875	23.120498657226562	23.2450008392334	0.28023773431777954	0.2612244784832001	0.2697870433330536	0.37955740560721934	0.37955740560721934	1.5618603229522705	0.12524260580539703	885.5	0.15741275250911713	83	0.12036644435891847	0.12036644435891847	0.2784062771197352	False	True	0.9683855434496702	1.0	0.9989461140516944
PRO1407-GTP	residue_cofactor	26	57	83	0	0.0	81	27.984769821166992	27.778562545776367	-0.206207275390625	28.097999572753906	27.738000869750977	0.5469635725021362	0.5440635681152344	0.5501081943511963	-0.3783903780664425	0.3783903780664425	-1.5956999063491821	0.11708313971757889	574.0	0.10210593789815903	83	-0.15314078031402417	0.15314078031402417	0.16691393523211984	False	True	0.9683855434496702	1.0	0.9989461140516944
PRO69-GTP	residue_cofactor	26	57	83	0	0.0	81	15.146538734436035	15.008403778076172	-0.13813495635986328	15.021499633789062	15.003000259399414	0.3805750608444214	0.35794034600257874	0.3685242831707001	-0.3783729516814947	0.3783729516814947	-1.562227725982666	0.12510225176811218	611.0	0.20356659591197968	83	-0.17249217925809787	0.17249217925809787	0.11891139154106939	False	True	0.9683855434496702	1.0	0.9917079134645735
PRO1372-GTP	residue_cofactor	26	57	83	0	0.0	83	16.821962356567383	16.68645668029785	-0.13550567626953125	16.80500030517578	16.652999877929688	0.38063186407089233	0.362942099571228	0.3716571629047394	-0.36772862820210583	0.36772862820210583	-1.526168942451477	0.13374614715576172	596.0	0.15598253905773163	83	-0.11116521782999293	0.11116521782999293	0.3170640987746246	False	True	0.9683855434496702	1.0	0.9989461140516944
PRO99-GTP	residue_cofactor	26	57	83	0	0.0	80	15.4859619140625	15.703948020935059	0.2179861068725586	15.476499557495117	15.664999961853027	0.601481020450592	0.5923664569854736	0.6002359986305237	0.3662429625183091	0.3662429625183091	1.538677453994751	0.13047248125076294	888.5	0.14894117414951324	83	0.1817165835641048	0.1817165835641048	0.10014947754304043	False	True	0.9683855434496702	1.0	0.9884127565550453
PRO94-GTP	residue_cofactor	26	57	83	0	0.0	80	15.842192649841309	15.959718704223633	0.11752605438232422	15.883500099182129	16.054000854492188	0.24794772267341614	0.3508647382259369	0.32530513405799866	0.3642869623687424	0.3642869623687424	1.7472642660140991	0.0851949155330658	970.5	0.02455214038491249	83	0.1377535708553298	0.1377535708553298	0.21427631333626032	False	True	0.9638175234811935	1.0	0.9989461140516944
PRO1382-GTP	residue_cofactor	26	57	83	0	0.0	81	14.136615753173828	13.994860649108887	-0.1417551040649414	14.112500190734863	14.0	0.40682321786880493	0.3873051106929779	0.396581768989563	-0.360305221966	0.360305221966	-1.4944579601287842	0.14182567596435547	575.5	0.10523199290037155	83	-0.06612942504856748	0.06612942504856748	0.5525243769694062	False	True	0.9683855434496702	1.0	0.9989461140516944
PRO121-GTP	residue_cofactor	26	57	83	0	0.0	83	6.607922554016113	6.468982219696045	-0.13894033432006836	6.614500045776367	6.499000072479248	0.40655598044395447	0.3949885368347168	0.4014269709587097	-0.34857633872043975	0.34857633872043975	-1.4569432735443115	0.1517457813024521	620.0	0.2367776483297348	83	-0.20421492470726021	0.20421492470726021	0.06404906728539034	False	True	0.9704130787566604	1.0	0.9597376799645249
PRO1381-GTP	residue_cofactor	26	57	83	0	0.0	80	17.531885147094727	17.376737594604492	-0.15514755249023438	17.437999725341797	17.329999923706055	0.5184598565101624	0.4115986227989197	0.4504328966140747	-0.34684471299519193	0.34684471299519193	-1.344761610031128	0.18628469109535217	564.0	0.08310994505882263	83	-0.07504336799647914	0.07504336799647914	0.5001454802892341	False	True	0.982439089617381	1.0	0.9989461140516944
PRO145-GTP	residue_cofactor	26	57	83	0	0.0	72	2.4506921768188477	2.4930880069732666	0.042395830154418945	2.4695000648498535	2.4790000915527344	0.1438976675271988	0.11456679552793503	0.125172421336174	0.34090935106604076	0.34090935106604076	1.3231406211853027	0.19329288601875305	876.5	0.18499010801315308	83	0.08469744004059312	0.08469744004059312	0.4464793663003323	False	True	0.9846496632677191	1.0	0.9989461140516944
PRO114-GTP	residue_cofactor	26	57	83	0	0.0	78	7.979922294616699	8.017034530639648	0.03711223602294922	7.980999946594238	8.017999649047852	0.10908932983875275	0.11057204008102417	0.1108047142624855	0.33702495675490585	0.33702495675490585	1.4314171075820923	0.15864458680152893	900.5	0.11849619448184967	83	0.12226832096271588	0.12226832096271588	0.2708262876102743	False	True	0.9713998025437428	1.0	0.9989461140516944
PRO60-GTP	residue_cofactor	26	57	83	0	0.0	63	2.0354230403900146	2.021385908126831	-0.014037132263183594	2.0420000553131104	2.0190000534057617	0.05080564692616463	0.03818552568554878	0.042727742344141006	-0.33042092221754	0.33042092221754	-1.256229281425476	0.21662093698978424	576.0	0.10625398904085159	83	-0.14204165048287923	0.14204165048287923	0.20021417622110627	False	True	0.987357692944572	1.0	0.9989461140516944
PRO135-GTP	residue_cofactor	26	57	83	0	0.0	78	21.50453758239746	21.58205223083496	0.0775146484375	21.528499603271484	21.5310001373291	0.21191315352916718	0.24589017033576965	0.23725652694702148	0.3285530612802697	0.3285530612802697	1.468055248260498	0.14770905673503876	860.5	0.2426523119211197	83	0.13626099408611372	0.13626099408611372	0.21933118696678203	False	True	0.9683855434496702	1.0	0.9989461140516944
PRO161-GTP	residue_cofactor	26	57	83	0	0.0	82	19.071537017822266	19.21766471862793	0.14612770080566406	19.048999786376953	19.148000717163086	0.39395055174827576	0.4727042615413666	0.45228907465934753	0.32482239361830867	0.32482239361830867	1.4694344997406006	0.14716166257858276	850.0	0.28675463795661926	83	0.1825803264548058	0.1825803264548058	0.09851862334885626	False	True	0.9683855434496702	1.0	0.9872881867910724
PRO1369-GTP	residue_cofactor	26	57	83	0	0.0	80	20.493959426879883	20.382020950317383	-0.1119384765625	20.51850128173828	20.309999465942383	0.3540341258049011	0.3408513367176056	0.3468203544616699	-0.32450020996982526	0.32450020996982526	-1.351601004600525	0.18299059569835663	595.5	0.1545492261648178	83	-0.0843640911635398	0.0843640911635398	0.44827709234548324	False	True	0.9789585491902959	1.0	0.9989461140516944
PRO1342-GTP	residue_cofactor	26	57	83	0	0.0	81	21.78219223022461	21.60987663269043	-0.1723155975341797	21.594499588012695	21.5049991607666	0.6206632852554321	0.48625028133392334	0.5342118144035339	-0.32428102045512014	0.32428102045512014	-1.2512840032577515	0.21817772090435028	645.0	0.34843090176582336	83	-0.13457894076430718	0.13457894076430718	0.2251277697235835	False	True	0.987357692944572	1.0	0.9989461140516944
PRO1325-GTP	residue_cofactor	26	57	83	0	0.0	82	16.54238510131836	16.660755157470703	0.11837005615234375	16.607500076293945	16.68400001525879	0.4204748272895813	0.34818899631500244	0.37382903695106506	0.31819752758720116	0.31819752758720116	1.2528278827667236	0.21731871366500854	864.0	0.22908389568328857	83	0.15779200704679047	0.15779200704679047	0.15424554278289565	False	True	0.987357692944572	1.0	0.9989461140516944
PRO1271-GTP	residue_cofactor	26	57	83	0	0.0	81	10.154153823852539	10.070982933044434	-0.08317089080810547	10.193500518798828	10.038000106811523	0.3025261461734772	0.24216951429843903	0.263553261756897	-0.3171039875548249	0.3171039875548249	-1.2331485748291016	0.2246798276901245	616.5	0.22343096137046814	83	-0.1264170395358134	0.1264170395358134	0.2547768387891478	False	True	0.990041669121826	1.0	0.9989461140516944
PRO1280-GTP	residue_cofactor	26	57	83	0	0.0	77	15.051921844482422	14.98740291595459	-0.06451892852783203	15.043999671936035	15.008999824523926	0.1840784251689911	0.21455219388008118	0.2065771520137787	-0.3137664756724791	0.3137664756724791	-1.4042938947677612	0.16575491428375244	590.0	0.13949649035930634	83	-0.20470931793917668	0.20470931793917668	0.06339390491850866	False	True	0.9742525803245612	1.0	0.9590755060193865
PRO1383-GTP	residue_cofactor	26	57	83	0	0.0	79	12.976537704467773	12.865878105163574	-0.11065959930419922	12.92549991607666	12.803000450134277	0.29591381549835205	0.37596315145492554	0.3548150360584259	-0.3133124326287965	0.3133124326287965	-1.4470959901809692	0.15301641821861267	553.5	0.06635459512472153	83	-0.08059899926351993	0.08059899926351993	0.4688598161455587	False	True	0.9704130787566604	1.0	0.9989461140516944
PRO73-GTP	residue_cofactor	26	57	83	0	0.0	79	17.845731735229492	17.743684768676758	-0.10204696655273438	17.797500610351562	17.770999908447266	0.32611435651779175	0.3285810351371765	0.32927802205085754	-0.3112872811497872	0.3112872811497872	-1.3191214799880981	0.19328008592128754	636.5	0.30720075964927673	83	-0.1324216974663727	0.1324216974663727	0.2327179332965729	False	True	0.9846496632677191	1.0	0.9989461140516944
PRO149-GTP	residue_cofactor	26	57	83	0	0.0	77	6.0493083000183105	5.9959821701049805	-0.05332612991333008	6.017000198364258	5.959000110626221	0.19118571281433105	0.16261793673038483	0.17269280552864075	-0.3101343437430689	0.3101343437430689	-1.2332302331924438	0.22431975603103638	632.5	0.28896868228912354	83	-0.21870813756029278	0.21870813756029278	0.04698594145648974	False	True	0.990041669121826	1.0	0.9502007337353028
PRO1279-GTP	residue_cofactor	26	57	83	0	0.0	80	11.385038375854492	11.318245887756348	-0.06679248809814453	11.392499923706055	11.319999694824219	0.2125445455312729	0.21907147765159607	0.21798990666866302	-0.3076903830820608	0.3076903830820608	-1.3151088953018188	0.19448819756507874	583.0	0.12201447784900665	83	-0.2018469680574041	0.2018469680574041	0.06726351533786998	False	True	0.9851799830264342	1.0	0.9624708140270277
PRO1346-GTP	residue_cofactor	26	57	83	0	0.0	80	21.601806640625	21.31270408630371	-0.28910255432128906	21.800498962402344	21.650999069213867	0.8506757020950317	0.9779383540153503	0.9444315433502197	-0.3073963496964334	0.3073963496964334	-1.3687721490859985	0.1766090840101242	586.0	0.12928728759288788	83	-0.16497910452042325	0.16497910452042325	0.13610054295703214	False	True	0.9779876924357721	1.0	0.9989461140516944
PRO1374-GTP	residue_cofactor	26	57	83	0	0.0	79	22.75926971435547	22.59556007385254	-0.1637096405029297	22.784500122070312	22.59000015258789	0.5713577270507812	0.5150383710861206	0.5352749824523926	-0.3071118584969517	0.3071118584969517	-1.2479288578033447	0.21862012147903442	621.5	0.24265480041503906	83	-0.09044949082225458	0.09044949082225458	0.4161000680365986	False	True	0.987357692944572	1.0	0.9989461140516944
PRO37-GTP	residue_cofactor	26	57	83	0	0.0	75	8.28242301940918	8.354508399963379	0.07208538055419922	8.278499603271484	8.336999893188477	0.20790749788284302	0.25021547079086304	0.2388860434293747	0.30293006592194444	0.30293006592194444	1.3718974590301514	0.17540593445301056	887.5	0.15171045064926147	83	0.07344446002172425	0.07344446002172425	0.5093466474915695	False	True	0.9779876924357721	1.0	0.9989461140516944
PRO1400-GTP	residue_cofactor	26	57	83	0	0.0	82	19.43061637878418	19.33415985107422	-0.09645652770996094	19.36199951171875	19.356000900268555	0.37185660004615784	0.3163568675518036	0.33545807003974915	-0.2883887882837859	0.2883887882837859	-1.1468157768249512	0.2579217851161957	656.5	0.4095284938812256	83	-0.12403647307033987	0.12403647307033987	0.263904893982968	False	True	0.9944829724779065	1.0	0.9989461140516944
PRO1398-GTP	residue_cofactor	26	57	83	0	0.0	80	12.05307674407959	11.962333679199219	-0.0907430648803711	12.043000221252441	11.970000267028809	0.3560793995857239	0.30653464794158936	0.32344934344291687	-0.2812541476650232	0.2812541476650232	-1.1233607530593872	0.2675773501396179	651.0	0.37954622507095337	83	-0.1435442488514326	0.1435442488514326	0.19544666290148016	False	True	0.9944829724779065	1.0	0.9989461140516944
PRO1370-GTP	residue_cofactor	26	57	83	0	0.0	78	23.16915512084961	23.07380485534668	-0.09535026550292969	23.182998657226562	23.009000778198242	0.3110295534133911	0.35217636823654175	0.3408451974391937	-0.28042497096651897	0.28042497096651897	-1.2417041063308716	0.21966560184955597	610.0	0.20008569955825806	83	-0.07614951631429753	0.07614951631429753	0.49383099867973557	False	True	0.987357692944572	1.0	0.9989461140516944
PRO19-GTP	residue_cofactor	26	57	83	0	0.0	69	4.326461315155029	4.35249137878418	0.02603006362915039	4.3445000648498535	4.3470001220703125	0.10472104698419571	0.08703058212995529	0.09307892620563507	0.2803384359032333	0.2803384359032333	1.105242133140564	0.2754366993904114	819.0	0.4466775953769684	83	0.13646968619293137	0.13646968619293137	0.2186194067461365	False	True	0.995156526039347	1.0	0.9989461140516944
PRO1229-GTP	residue_cofactor	26	57	83	0	0.0	82	20.377500534057617	20.784807205200195	0.4073066711425781	21.153499603271484	20.964000701904297	1.8942829370498657	1.2054013013839722	1.4568487405776978	0.2802661918648388	0.2802661918648388	1.0072999000549316	0.3207912743091583	778.0	0.7200723886489868	83	0.1455149373321648	0.1455149373321648	0.18931852563889762	False	True	0.9957783970674465	1.0	0.9989461140516944
PRO1300-GTP	residue_cofactor	26	57	83	0	0.0	81	22.785579681396484	22.59836769104004	-0.1872119903564453	22.570999145507812	22.60300064086914	0.7819710969924927	0.621681272983551	0.6767574548721313	-0.27725308445798674	0.27725308445798674	-1.0755243301391602	0.2885833978652954	671.0	0.4950087070465088	83	-0.16690839777254501	0.16690839777254501	0.13151671814589216	False	True	0.995292243194119	1.0	0.9976378570446806
PRO1270-GTP	residue_cofactor	26	57	83	0	0.0	81	7.829999923706055	7.721579551696777	-0.10842037200927734	7.915500164031982	7.701000213623047	0.42160335183143616	0.3781442642211914	0.39294448494911194	-0.27653383884878063	0.27653383884878063	-1.1215468645095825	0.2681298553943634	608.5	0.1949751079082489	83	-0.1391047086323861	0.1391047086323861	0.2097720384180597	False	True	0.9944829724779065	1.0	0.9989461140516944
PRO66-GTP	residue_cofactor	26	57	83	0	0.0	79	13.595154762268066	13.52677059173584	-0.06838417053222656	13.61299991607666	13.51099967956543	0.26968878507614136	0.23806904256343842	0.24879463016986847	-0.27544679938940386	0.27544679938940386	-1.110548734664917	0.27286672592163086	585.0	0.12682455778121948	83	-0.14277209801381086	0.14277209801381086	0.19788627480553952	False	True	0.9944829724779065	1.0	0.9989461140516944
PRO78-GTP	residue_cofactor	26	57	83	0	0.0	76	13.586153030395508	13.638474464416504	0.052321434020996094	13.592500686645508	13.628000259399414	0.22692689299583435	0.17272040247917175	0.19149230420589447	0.27378464484980375	0.27378464484980375	1.0455962419509888	0.3022262752056122	816.0	0.4644894301891327	83	0.06772197961653637	0.06772197961653637	0.5429760981854603	False	True	0.9957783970674465	1.0	0.9989461140516944
PRO1284-GTP	residue_cofactor	26	57	83	0	0.0	80	16.285615921020508	16.218421936035156	-0.06719398498535156	16.29949951171875	16.22100067138672	0.23717305064201355	0.2516286373138428	0.24773721396923065	-0.27175893537780743	0.27175893537780743	-1.17427396774292	0.24571484327316284	595.5	0.1545492261648178	83	-0.13067403036504743	0.13067403036504743	0.238996286544471	False	True	0.9944425679288421	1.0	0.9989461140516944
PRO1448-GTP	residue_cofactor	26	57	83	0	0.0	81	21.47273063659668	21.64529800415039	0.17256736755371094	21.618999481201172	21.775999069213867	0.7310903668403625	0.587772011756897	0.6366902589797974	0.27156159034941413	0.27156159034941413	1.0577125549316406	0.2964780330657959	815.0	0.47051772475242615	83	0.12229191961522413	0.12229191961522413	0.2707331148437494	False	True	0.995292243194119	1.0	0.9989461140516944
PRO42-GTP	residue_cofactor	26	57	83	0	0.0	82	16.91326904296875	16.799772262573242	-0.11349678039550781	16.924999237060547	16.82699966430664	0.4418705403804779	0.41926243901252747	0.4270571768283844	-0.26619541034584465	0.26619541034584465	-1.1027175188064575	0.27585291862487793	628.0	0.26935866475105286	83	-0.10928720779984921	0.10928720779984921	0.32535950489982823	False	True	0.995156526039347	1.0	0.9989461140516944
PRO1225-GTP	residue_cofactor	26	57	83	0	0.0	82	22.43657684326172	22.2778263092041	-0.1587505340576172	22.405498504638672	22.18899917602539	0.6657475233078003	0.5694885849952698	0.6017480492591858	-0.2642150209947679	0.2642150209947679	-1.0528138875961304	0.2983940839767456	612.0	0.2070816308259964	83	-0.18010404760813534	0.18010404760813534	0.10325059696816624	False	True	0.9953092535336813	1.0	0.9905125026984668
PRO40-GTP	residue_cofactor	26	57	83	0	0.0	75	7.855192184448242	7.976737022399902	0.12154483795166016	7.808499813079834	7.818999767303467	0.20155934989452362	0.5371302366256714	0.4611218273639679	0.2639767431600556	0.2639767431600556	1.4933890104293823	0.13931670784950256	755.0	0.8945494890213013	83	0.13358253783804042	0.13358253783804042	0.22861172095126758	False	True	0.9683855434496702	1.0	0.9989461140516944
PRO4-GTP	residue_cofactor	26	57	83	0	0.0	81	18.90834617614746	18.952281951904297	0.04393577575683594	18.897499084472656	18.93000030517578	0.13352595269680023	0.1797197461128235	0.16707487404346466	0.26334402335190416	0.26334402335190416	1.2415050268173218	0.21895676851272583	783.5	0.6800726652145386	83	0.05838186883504737	0.05838186883504737	0.6000940408828099	False	True	0.987357692944572	1.0	0.9989461140516944
PRO141-GTP	residue_cofactor	26	57	83	0	0.0	81	12.448653221130371	12.37178897857666	-0.07686424255371094	12.432500839233398	12.321999549865723	0.29497799277305603	0.29079070687294006	0.29251036047935486	-0.2631536763454304	0.2631536763454304	-1.1059762239456177	0.2742634117603302	623.5	0.2506680488586426	83	-0.11331530039294287	0.11331530039294287	0.30773558475493745	False	True	0.9944829724779065	1.0	0.9989461140516944
PRO83-GTP	residue_cofactor	26	57	83	0	0.0	75	6.358692646026611	6.323525905609131	-0.03516674041748047	6.371500015258789	6.322000026702881	0.1535397320985794	0.13071087002754211	0.1382918655872345	-0.25453124845574643	0.25453124845574643	-1.012458086013794	0.3170887231826782	596.0	0.1559651494026184	83	-0.1230432733278019	0.1230432733278019	0.2677778704499365	False	True	0.9957783970674465	1.0	0.9989461140516944
PRO90-GTP	residue_cofactor	26	57	83	0	0.0	73	11.809884071350098	11.774596214294434	-0.03528785705566406	11.769000053405762	11.746999740600586	0.14328162372112274	0.1413504183292389	0.14203880727291107	-0.2485972293047538	0.2485972293047538	-1.0450783967971802	0.301231324672699	636.5	0.3071906566619873	83	-0.11224969969527931	0.11224969969527931	0.31233636983947183	False	True	0.9957783970674465	1.0	0.9989461140516944
PRO1451-GTP	residue_cofactor	26	57	83	0	0.0	81	17.992307662963867	17.899105072021484	-0.09320259094238281	17.966999053955078	17.920000076293945	0.3251406252384186	0.3981296122074127	0.3773207664489746	-0.24714762299203796	0.24714762299203796	-1.126374363899231	0.2645953595638275	663.0	0.4467109739780426	83	-0.08679850391088095	0.08679850391088095	0.43524161020229446	False	True	0.9944829724779065	1.0	0.9989461140516944
PRO64-GTP	residue_cofactor	26	57	83	0	0.0	75	7.9294233322143555	7.891631126403809	-0.037792205810546875	7.951499938964844	7.916999816894531	0.12476861476898193	0.165437251329422	0.1541053056716919	-0.24534331108066365	0.24534331108066365	-1.1505634784698486	0.25425565242767334	660.5	0.4321674406528473	83	-0.04990964460917261	0.04990964460917261	0.6540939265437763	False	True	0.9944829724779065	1.0	0.9989461140516944
PRO106-GTP	residue_cofactor	26	57	83	0	0.0	82	24.230960845947266	24.33045768737793	0.09949684143066406	24.175498962402344	24.30900001525879	0.43871790170669556	0.39560413360595703	0.409531831741333	0.24302856582942353	0.24302856582942353	0.9876628518104553	0.32868555188179016	860.0	0.24464716017246246	83	0.10742056492851283	0.10742056492851283	0.33374070652207755	False	True	0.9957783970674465	1.0	0.9989461140516944
PRO1366-GTP	residue_cofactor	26	57	83	0	0.0	78	22.69746208190918	22.615894317626953	-0.08156776428222656	22.64550018310547	22.527000427246094	0.32421234250068665	0.3489941954612732	0.3415757119655609	-0.23882207752731408	0.23882207752731408	-1.0376183986663818	0.3042548596858978	608.5	0.19496336579322815	83	-0.09564141239773945	0.09564141239773945	0.3897370279870028	False	True	0.9957783970674465	1.0	0.9989461140516944
PRO1450-GTP	residue_cofactor	26	57	83	0	0.0	78	22.42338752746582	22.304805755615234	-0.11858177185058594	22.300498962402344	22.316999435424805	0.6050316095352173	0.44248729944229126	0.49837738275527954	-0.2379434607251437	0.2379434607251437	-0.8960265517234802	0.3759262263774872	685.5	0.58918696641922	83	-0.08818718759665906	0.08818718759665906	0.4279028868145103	False	True	0.9957783970674465	1.0	0.9989461140516944
PRO130-GTP	residue_cofactor	26	57	83	0	0.0	79	15.011115074157715	15.073843002319336	0.0627279281616211	14.968500137329102	15.012999534606934	0.24085885286331177	0.27395105361938477	0.2641907334327698	0.23743926918199204	0.23743926918199204	1.0531105995178223	0.29691970348358154	825.0	0.4123144745826721	83	0.05640336707455515	0.05640336707455515	0.6125270232907112	False	True	0.995292243194119	1.0	0.9989461140516944
PRO1387-GTP	residue_cofactor	26	57	83	0	0.0	82	10.01915454864502	9.947279930114746	-0.07187461853027344	10.026500701904297	9.902000427246094	0.2863280773162842	0.3122676610946655	0.30448782444000244	-0.23603876790645242	0.23603876790645242	-1.0305790901184082	0.30745595693588257	607.0	0.18995186686515808	83	-0.048168661316162695	0.048168661316162695	0.6654265237205909	False	True	0.9957783970674465	1.0	0.9989461140516944
PRO125-GTP	residue_cofactor	26	57	83	0	0.0	79	13.001423835754395	12.942105293273926	-0.05931854248046875	12.94849967956543	12.928999900817871	0.27139368653297424	0.244236022233963	0.2529016435146332	-0.23452325287348474	0.23452325287348474	-0.9523779153823853	0.34608542919158936	649.5	0.3716084063053131	83	-0.1409664809061173	0.1409664809061173	0.20367628323149892	False	True	0.9957783970674465	1.0	0.9989461140516944
PRO1406-GTP	residue_cofactor	26	57	83	0	0.0	82	24.71088409423828	24.622909545898438	-0.08797454833984375	24.711498260498047	24.520999908447266	0.3697618246078491	0.38122713565826416	0.3776531219482422	-0.23290081177831745	0.23290081177831745	-0.9955841898918152	0.3242568075656891	602.5	0.17544838786125183	83	-0.1342365795716918	0.1342365795716918	0.22632062358307034	False	True	0.9957783970674465	1.0	0.9989461140516944
PRO1399-GTP	residue_cofactor	26	57	83	0	0.0	75	16.569307327270508	16.510421752929688	-0.05888557434082031	16.548500061035156	16.534000396728516	0.26902931928634644	0.247337207198143	0.2541646659374237	-0.2316265909308465	0.2316265909308465	-0.9481678605079651	0.3481071889400482	657.0	0.412299782037735	83	-0.12962235227934857	0.12962235227934857	0.24283037222264256	False	True	0.9957783970674465	1.0	0.9989461140516944
PRO87-GTP	residue_cofactor	26	57	83	0	0.0	79	12.873000144958496	12.821948051452637	-0.051052093505859375	12.852499961853027	12.840999603271484	0.2295256108045578	0.21632854640483856	0.22042858600616455	-0.23154622499973274	0.23154622499973274	-0.9567551612854004	0.3436928391456604	658.0	0.417930006980896	83	-0.06648933017326047	0.06648933017326047	0.5503594861071452	False	True	0.9957783970674465	1.0	0.9989461140516944
PRO148-GTP	residue_cofactor	26	57	83	0	0.0	77	4.672577381134033	4.637385845184326	-0.03519153594970703	4.67549991607666	4.631999969482422	0.16058149933815002	0.1507713347673416	0.1538039743900299	-0.22871164499905627	0.22871164499905627	-0.9437095522880554	0.3502655327320099	658.5	0.42075708508491516	83	-0.224459790043455	0.224459790043455	0.04134801853359019	False	True	0.9957783970674465	1.0	0.9412810049181896
PRO80-GTP	residue_cofactor	26	57	83	0	0.0	75	10.219883918762207	10.248613357543945	0.02872943878173828	10.21150016784668	10.265000343322754	0.12104690819978714	0.13060516119003296	0.12765607237815857	0.22492031388489492	0.22492031388489492	0.978069007396698	0.33256420493125916	850.0	0.28673696517944336	83	0.019667401124583032	0.019667401124583032	0.8599182464281983	False	True	0.9957783970674465	1.0	0.9989461140516944
PRO1367-GTP	residue_cofactor	26	57	83	0	0.0	81	21.946807861328125	21.871036529541016	-0.07577133178710938	21.88949966430664	21.832000732421875	0.27255627512931824	0.3741040527820587	0.34565430879592896	-0.21902292219159233	0.21902292219159233	-1.0395721197128296	0.30239036679267883	622.5	0.2466411143541336	83	-0.08841304544581678	0.08841304544581678	0.42671602526582114	False	True	0.9957783970674465	1.0	0.9989461140516944
PRO1454-GTP	residue_cofactor	26	57	83	0	0.0	82	20.17461395263672	20.090351104736328	-0.08426284790039062	20.1614990234375	20.066999435424805	0.3783624470233917	0.39077895879745483	0.3866269886493683	-0.2177431890135711	0.2177431890135711	-0.9313699007034302	0.35614046454429626	671.5	0.4981194734573364	83	-0.06848183739585192	0.06848183739585192	0.538448916220264	False	True	0.9957783970674465	1.0	0.9989461140516944
PRO1411-GTP	residue_cofactor	26	57	83	0	0.0	80	23.649383544921875	23.569684982299805	-0.07969856262207031	23.634498596191406	23.538000106811523	0.3336855471134186	0.3813587725162506	0.36694860458374023	-0.21698679314905847	0.21698679314905847	-0.9640781283378601	0.3392297029495239	627.5	0.2672312259674072	83	-0.14246278187726946	0.14246278187726946	0.19886966722342336	False	True	0.9957783970674465	1.0	0.9989461140516944
PRO124-GTP	residue_cofactor	26	57	83	0	0.0	82	12.373846054077148	12.314508438110352	-0.059337615966796875	12.393499374389648	12.32699966430664	0.2632478177547455	0.27800264954566956	0.2732670307159424	-0.21692887341239583	0.21692887341239583	-0.935728132724762	0.353821724653244	645.5	0.35096287727355957	83	-0.12994339311781225	0.12994339311781225	0.24165548618183966	False	True	0.9957783970674465	1.0	0.9989461140516944
PRO71-GTP	residue_cofactor	26	57	83	0	0.0	81	10.90407657623291	10.994157791137695	0.09008121490478516	10.822999954223633	10.909000396728516	0.4768158495426178	0.3903016746044159	0.41846853494644165	0.21503444740716	0.21503444740716	0.8430629372596741	0.40409523248672485	854.0	0.26935622096061707	83	0.15744070998366397	0.15744070998366397	0.15517657087594827	False	True	0.9957783970674465	1.0	0.9989461140516944
PRO1384-GTP	residue_cofactor	26	57	83	0	0.0	79	14.727384567260742	14.659016609191895	-0.06836795806884766	14.706500053405762	14.642999649047852	0.3160625994205475	0.31903111934661865	0.3177776038646698	-0.21491107864181888	0.21491107864181888	-0.9113487601280212	0.3665802776813507	645.0	0.34842586517333984	83	-0.014913521816393514	0.014913521816393514	0.8935484466807331	False	True	0.9957783970674465	1.0	0.9989461140516944
PRO155-GTP	residue_cofactor	26	57	83	0	0.0	76	10.813846588134766	10.858789443969727	0.04494285583496094	10.842499732971191	10.805000305175781	0.16527506709098816	0.2282707840204239	0.21060265600681305	0.21315815372855534	0.21315815372855534	1.013920783996582	0.3143600523471832	802.0	0.552501380443573	83	0.09627809862204767	0.09627809862204767	0.38657423238079364	False	True	0.9957783970674465	1.0	0.9989461140516944
PRO100-GTP	residue_cofactor	26	57	83	0	0.0	82	14.703229904174805	14.626947402954102	-0.07628250122070312	14.624000549316406	14.612000465393066	0.3009849488735199	0.3840213418006897	0.35999926924705505	-0.2116399943129873	0.2116399943129873	-0.9789837002754211	0.3314596712589264	637.5	0.3118880093097687	83	-0.11345148694059363	0.11345148694059363	0.30715078102693066	False	True	0.9957783970674465	1.0	0.9989461140516944
PRO104-GTP	residue_cofactor	26	57	83	0	0.0	80	20.032501220703125	19.957366943359375	-0.07513427734375	19.943500518798828	19.90999984741211	0.33178070187568665	0.3658485412597656	0.3552408814430237	-0.21123223641315017	0.21123223641315017	-0.9261064529418945	0.3585783839225769	650.0	0.37424448132514954	83	-0.08316092213525789	0.08316092213525789	0.45479914148537953	False	True	0.9957783970674465	1.0	0.9989461140516944
PRO1423-GTP	residue_cofactor	26	57	83	0	0.0	75	10.20488452911377	10.241106033325195	0.03622150421142578	10.201499938964844	10.232999801635742	0.12630920112133026	0.18936647474765778	0.17216046154499054	0.21011723115340222	0.21011723115340222	1.0274900197982788	0.3077378273010254	813.5	0.47960877418518066	83	0.05537629724687716	0.05537629724687716	0.6190249031915577	False	True	0.9957783970674465	1.0	0.9989461140516944
PRO9-GTP	residue_cofactor	26	57	83	0	0.0	78	7.678807735443115	7.707017421722412	0.028209686279296875	7.66949987411499	7.729000091552734	0.13210929930210114	0.13723863661289215	0.135487362742424	0.207920814959173	0.207920814959173	0.8913144469261169	0.3770095705986023	852.5	0.27578529715538025	83	0.06472841530924478	0.06472841530924478	0.5609905239685123	False	True	0.9957783970674465	1.0	0.9989461140516944
PRO1377-GTP	residue_cofactor	26	57	83	0	0.0	80	20.273155212402344	20.14885902404785	-0.12429618835449219	20.18199920654297	20.06999969482422	0.6846540570259094	0.563538670539856	0.6026250720024109	-0.20594933642024565	0.20594933642024565	-0.8090924620628357	0.4231223464012146	680.5	0.5557978749275208	83	-0.07246951324237855	0.07246951324237855	0.5149995186522505	False	True	0.9957783970674465	1.0	0.9989461140516944
PRO1368-GTP	residue_cofactor	26	57	83	0	0.0	77	14.94130802154541	14.873123168945312	-0.06818485260009766	14.88800048828125	14.803000450134277	0.2853434383869171	0.35151800513267517	0.331996351480484	-0.2050661761233861	0.2050661761233861	-0.9366459846496582	0.35276028513908386	616.0	0.2215503752231598	83	-0.055322148052323196	0.055322148052323196	0.6193683027102934	False	True	0.9957783970674465	1.0	0.9989461140516944
PRO1420-GTP	residue_cofactor	26	57	83	0	0.0	79	15.081038475036621	15.036455154418945	-0.04458332061767578	15.09000015258789	15.032999992370605	0.2025187760591507	0.22872087359428406	0.22059722244739532	-0.20176136609032208	0.20176136609032208	-0.8925179243087769	0.37605053186416626	638.5	0.31660160422325134	83	-0.11187695514991848	0.11187695514991848	0.3139561579988988	False	True	0.9957783970674465	1.0	0.9989461140516944
PRO47-GTP	residue_cofactor	26	57	83	0	0.0	83	23.408498764038086	23.50731658935547	0.09881782531738281	23.33449935913086	23.47100067138672	0.43770045042037964	0.5220153331756592	0.4966214597225189	0.1986171162762129	0.1986171162762129	0.8965219259262085	0.3737306594848633	839.0	0.33843427896499634	83	0.167550180907277	0.167550180907277	0.1300182235629077	False	True	0.9957783970674465	1.0	0.9968548773929106
PRO1437-GTP	residue_cofactor	26	57	83	0	0.0	80	12.625153541564941	12.708580017089844	0.08342647552490234	12.566499710083008	12.79699993133545	0.4136509299278259	0.4330175817012787	0.42630264163017273	0.19531362835840235	0.19531362835840235	0.839715838432312	0.4050179123878479	836.5	0.35095784068107605	83	0.10008730398366167	0.10008730398366167	0.36797473737803593	False	True	0.9957783970674465	1.0	0.9989461140516944
PRO151-GTP	residue_cofactor	26	57	83	0	0.0	76	9.369345664978027	9.394701957702637	0.025356292724609375	9.370000839233398	9.380000114440918	0.13501760363578796	0.13016663491725922	0.13141123950481415	0.19255040297252943	0.19255040297252943	0.8024801015853882	0.4263207018375397	764.0	0.8251585364341736	83	0.12658901503661954	0.12658901503661954	0.25412586636260576	False	True	0.9957783970674465	1.0	0.9989461140516944
PRO1435-GTP	residue_cofactor	26	57	83	0	0.0	82	12.401230812072754	12.278367042541504	-0.12286376953125	12.417999267578125	12.359000205993652	0.5349160432815552	0.6800199151039124	0.6374379992485046	-0.19234484837859764	0.19234484837859764	-0.8885934352874756	0.3777283728122711	667.0	0.47052001953125	83	-0.1687563010110249	0.1687563010110249	0.12723729576708537	False	True	0.9957783970674465	1.0	0.994469907898461
PRO1305-GTP	residue_cofactor	26	57	83	0	0.0	82	22.701112747192383	22.906789779663086	0.20567703247070312	22.680999755859375	22.652000427246094	0.4759692847728729	1.2542164325714111	1.0735756158828735	0.1911723866937935	0.1911723866937935	1.0793629884719849	0.2837001085281372	741.0	1.0	83	0.01446346241339046	0.01446346241339046	0.8967430004529714	False	True	0.995292243194119	1.0	0.9989461140516944
PRO1272-GTP	residue_cofactor	26	57	83	0	0.0	80	6.4098076820373535	6.352315902709961	-0.05749177932739258	6.399499893188477	6.38100004196167	0.3242217004299164	0.29671865701675415	0.30478623509407043	-0.18820697523231308	0.18820697523231308	-0.7691139578819275	0.44585880637168884	703.0	0.7127359509468079	83	-0.0831258814937502	0.0831258814937502	0.45498986993539137	False	True	0.9957783970674465	1.0	0.9989461140516944
PRO1357-GTP	residue_cofactor	26	57	83	0	0.0	82	21.238155364990234	21.083595275878906	-0.15456008911132812	21.253999710083008	21.027000427246094	0.7242289781570435	0.8655537366867065	0.8226480484008789	-0.1874503402721724	0.1874503402721724	-0.8467687964439392	0.4006448984146118	640.0	0.3237784504890442	83	-0.13555221820439317	0.13555221820439317	0.22176077254957227	False	True	0.9957783970674465	1.0	0.9989461140516944
PRO1378-GTP	residue_cofactor	26	57	83	0	0.0	82	16.233230590820312	16.425508499145508	0.1922779083251953	16.15250015258789	16.54199981689453	1.1026332378387451	0.9915263652801514	1.0247552394866943	0.18720427733197903	0.18720427733197903	0.7599897980690002	0.4512987434864044	832.5	0.3716158866882324	83	0.12891686954843187	0.12891686954843187	0.24542599666700318	False	True	0.9957783970674465	1.0	0.9989461140516944
PRO20-GTP	residue_cofactor	26	57	83	0	0.0	68	5.913230895996094	5.923789978027344	0.01055908203125	5.90749979019165	5.927999973297119	0.061839330941438675	0.05390065163373947	0.056340526789426804	0.18697953638238995	0.18697953638238995	0.7503052353858948	0.4571544826030731	831.0	0.3795112669467926	83	0.11714363936341145	0.11714363936341145	0.2915714920413762	False	True	0.9957783970674465	1.0	0.9989461140516944
PRO1319-GTP	residue_cofactor	26	57	83	0	0.0	81	21.895923614501953	21.84166717529297	-0.054256439208984375	21.879499435424805	21.819000244140625	0.2937770485877991	0.28881436586380005	0.2896876931190491	-0.18686282276199806	0.18686282276199806	-0.7845293879508972	0.4366035461425781	639.5	0.3213745355606079	83	-0.07955770345719283	0.07955770345719283	0.47464152874289006	False	True	0.9957783970674465	1.0	0.9989461140516944
PRO77-GTP	residue_cofactor	26	57	83	0	0.0	78	15.583616256713867	15.618526458740234	0.03491020202636719	15.583999633789062	15.626999855041504	0.17241090536117554	0.19295741617679596	0.18642735481262207	0.18683140950102758	0.18683140950102758	0.8236443400382996	0.41377267241477966	829.0	0.3902824819087982	83	0.0037125092756057215	0.0037125092756057215	0.9734275908942216	False	True	0.9957783970674465	1.0	0.9999248155339959
PRO1388-GTP	residue_cofactor	26	57	83	0	0.0	80	13.129846572875977	13.076788902282715	-0.05305767059326172	13.126999855041504	13.04800033569336	0.27129217982292175	0.2972065806388855	0.28874894976615906	-0.18329830501005087	0.18329830501005087	-0.8016595244407654	0.42634281516075134	630.5	0.2801392376422882	83	-0.027260928217446682	0.027260928217446682	0.8067368925771303	False	True	0.9957783970674465	1.0	0.9989461140516944
PRO1364-GTP	residue_cofactor	26	57	83	0	0.0	80	19.043577194213867	18.97145652770996	-0.07212066650390625	19.019500732421875	18.93199920654297	0.3092224895954132	0.42605361342430115	0.39274752140045166	-0.1831821085269859	0.1831821085269859	-0.8706170320510864	0.38715660572052	665.5	0.4615066647529602	83	-0.08023667402644995	0.08023667402644995	0.470867248450048	False	True	0.9957783970674465	1.0	0.9989461140516944
PRO72-GTP	residue_cofactor	26	57	83	0	0.0	80	12.725000381469727	12.824544906616211	0.09954452514648438	12.666500091552734	12.772000312805176	0.4914472699165344	0.5730326771736145	0.547761082649231	0.18127007159708652	0.18127007159708652	0.8114246726036072	0.42055657505989075	836.5	0.35095784068107605	83	0.07552326039539284	0.07552326039539284	0.4974008483725014	False	True	0.9957783970674465	1.0	0.9989461140516944
PRO43-GTP	residue_cofactor	26	57	83	0	0.0	82	21.058652877807617	20.996440887451172	-0.06221199035644531	21.022998809814453	20.98200035095215	0.31057241559028625	0.3576177954673767	0.3429136276245117	-0.1809711008355081	0.1809711008355081	-0.8062832355499268	0.423530250787735	650.5	0.37689459323883057	83	-0.008823596253702664	0.008823596253702664	0.9368980480652931	False	True	0.9957783970674465	1.0	0.9999201698832344
PRO1339-GTP	residue_cofactor	26	57	83	0	0.0	78	19.333768844604492	19.284212112426758	-0.049556732177734375	19.282499313354492	19.323999404907227	0.273844838142395	0.2815490663051605	0.27844828367233276	-0.1775065506674218	0.1775065506674218	-0.7579424381256104	0.4520602226257324	698.5	0.6800678968429565	83	-0.08822742798306576	0.08822742798306576	0.4276912894443315	False	True	0.9957783970674465	1.0	0.9989461140516944
PRO41-GTP	residue_cofactor	26	57	83	0	0.0	80	16.239500045776367	16.20122718811035	-0.038272857666015625	16.207500457763672	16.225000381469727	0.21987323462963104	0.21368159353733063	0.21503572165966034	-0.17750410219360027	0.17750410219360027	-0.7420170307159424	0.4617483913898468	707.5	0.7459365129470825	83	-0.022027757230619057	0.022027757230619057	0.8433088203926403	False	True	0.9957783970674465	1.0	0.9989461140516944
PRO1237-GTP	residue_cofactor	26	57	83	0	0.0	80	15.550345420837402	15.652876853942871	0.10253143310546875	15.40149974822998	15.54699993133545	0.6400391459465027	0.5476230978965759	0.5761823654174805	0.17747358519586415	0.17747358519586415	0.7072476148605347	0.48328402638435364	821.0	0.4350670576095581	83	0.04964741743590713	0.04964741743590713	0.6557959265295792	False	True	0.9957783970674465	1.0	0.9989461140516944
PRO1236-GTP	residue_cofactor	26	57	83	0	0.0	81	13.852885246276855	13.910737037658691	0.05785179138183594	13.856500625610352	13.9350004196167	0.323607474565506	0.33457013964653015	0.33030450344085693	0.17466131950423733	0.17466131950423733	0.7473885416984558	0.45832839608192444	821.0	0.4350695312023163	83	0.09396498862698713	0.09396498862698713	0.3981383564925993	False	True	0.9957783970674465	1.0	0.9989461140516944
PRO1455-GTP	residue_cofactor	26	57	83	0	0.0	81	22.281190872192383	22.15934944152832	-0.1218414306640625	22.382999420166016	22.18899917602539	0.663706362247467	0.7180550694465637	0.6997516751289368	-0.17363037256808553	0.17363037256808553	-0.7557998299598694	0.45316725969314575	659.0	0.4236050844192505	83	-0.06430517571888095	0.06430517571888095	0.563560177368324	False	True	0.9957783970674465	1.0	0.9989461140516944
PRO1323-GTP	residue_cofactor	26	57	83	0	0.0	82	21.171308517456055	21.04854393005371	-0.12276458740234375	21.219499588012695	20.94300079345703	0.6042554974555969	0.7566801309585571	0.711069643497467	-0.1721504525197955	0.1721504525197955	-0.7909890413284302	0.4320720136165619	620.5	0.2387261986732483	83	-0.08707860699866192	0.08707860699866192	0.43375564895916974	False	True	0.9957783970674465	1.0	0.9989461140516944
PRO1308-GTP	residue_cofactor	23	56	79	4	0.04819277108433735	77	24.816129684448242	24.712358474731445	-0.10377120971679688	24.885000228881836	24.60649871826172	0.48029783368110657	0.6483830809593201	0.6031190156936646	-0.17148599278330157	0.17148599278330157	-0.78360915184021	0.4366340935230255	551.0	0.3181632459163666	79	-0.1358912585409352	0.1358912585409352	0.23242922886292242	False	True	0.9957783970674465	1.0	0.9989461140516944
PRO1288-GTP	residue_cofactor	26	57	83	0	0.0	80	18.38926887512207	18.3417911529541	-0.04747772216796875	18.404998779296875	18.347999572753906	0.28573983907699585	0.27319616079330444	0.2763229310512543	-0.17132724968825291	0.17132724968825291	-0.7117462754249573	0.4801712930202484	646.0	0.353493869304657	83	-0.048470490665432735	0.048470490665432735	0.663456350532637	False	True	0.9957783970674465	1.0	0.9989461140516944
PRO1418-GTP	residue_cofactor	26	57	83	0	0.0	78	16.26238441467285	16.227664947509766	-0.03471946716308594	16.28900146484375	16.214000701904297	0.19049398601055145	0.2113998383283615	0.20456244051456451	-0.16921295766139807	0.16921295766139807	-0.7436563372612	0.4603408873081207	657.0	0.41231200098991394	83	-0.06978230962705	0.06978230962705	0.530744157651091	False	True	0.9957783970674465	1.0	0.9989461140516944
PRO24-GTP	residue_cofactor	26	57	83	0	0.0	77	11.401885986328125	11.378034591674805	-0.023851394653320312	11.420999526977539	11.364999771118164	0.13899989426136017	0.1446509063243866	0.1424916833639145	-0.1668614074892994	0.1668614074892994	-0.7158353924751282	0.4774016737937927	642.5	0.335947722196579	83	-0.08083827548045723	0.08083827548045723	0.4675366785985579	False	True	0.9957783970674465	1.0	0.9989461140516944
PRO116-GTP	residue_cofactor	26	57	83	0	0.0	72	2.525653839111328	2.5079123973846436	-0.01774144172668457	2.5269999504089355	2.490000009536743	0.10110269486904144	0.10860516130924225	0.10601936280727386	-0.16682882105301775	0.16682882105301775	-0.7242456674575806	0.4721711575984955	645.0	0.3483904302120209	83	-0.0869400686495168	0.0869400686495168	0.434490241990382	False	True	0.9957783970674465	1.0	0.9989461140516944
PRO1417-GTP	residue_cofactor	26	57	83	0	0.0	78	18.717653274536133	18.68268585205078	-0.03496742248535156	18.730998992919922	18.69499969482422	0.19926775991916656	0.21600018441677094	0.2103210836648941	-0.16575055879720546	0.16575055879720546	-0.7219768166542053	0.473525732755661	643.0	0.3384215831756592	83	-0.08689866396878769	0.08689866396878769	0.43470992513600576	False	True	0.9957783970674465	1.0	0.9989461140516944
PRO1365-GTP	residue_cofactor	26	57	83	0	0.0	81	19.478038787841797	19.411842346191406	-0.06619644165039062	19.451000213623047	19.3700008392334	0.3953995406627655	0.40251418948173523	0.3990805149078369	-0.1653531920163209	0.1653531920163209	-0.7034407258033752	0.4850896894931793	644.0	0.3434067964553833	83	-0.061463050251803326	0.061463050251803326	0.5809584618786501	False	True	0.9957783970674465	1.0	0.9989461140516944
PRO1424-GTP	residue_cofactor	26	57	83	0	0.0	82	14.840846061706543	14.807719230651855	-0.0331268310546875	14.867000579833984	14.800999641418457	0.1469520777463913	0.2201841026544571	0.1998293548822403	-0.16525715446864994	0.16525715446864994	-0.8079431056976318	0.4218696057796478	626.0	0.26093795895576477	83	-0.05827041343694076	0.05827041343694076	0.6007914454454572	False	True	0.9957783970674465	1.0	0.9989461140516944
PRO86-GTP	residue_cofactor	26	57	83	0	0.0	82	7.485692501068115	7.563490867614746	0.07779836654663086	7.425000190734863	7.461999893188477	0.3681272268295288	0.511476457118988	0.4704185128211975	0.1648623901233223	0.1648623901233223	0.7858086228370667	0.43480515480041504	777.0	0.7274317145347595	83	0.08389220907345407	0.08389220907345407	0.45082880142186604	False	True	0.9957783970674465	1.0	0.9989461140516944
PRO1397-GTP	residue_cofactor	26	57	83	0	0.0	81	15.910844802856445	15.871316909790039	-0.03952789306640625	15.869999885559082	15.869999885559082	0.27512961626052856	0.22238707542419434	0.23915110528469086	-0.16477497032491883	0.16477497032491883	-0.6430023312568665	0.5238451361656189	721.5	0.8520169258117676	83	-0.10550767100151637	0.10550767100151637	0.34247003963614714	False	True	0.9957783970674465	1.0	0.9989461140516944
PRO108-GTP	residue_cofactor	26	57	83	0	0.0	77	24.21534538269043	24.26180648803711	0.04646110534667969	24.252498626708984	24.291000366210938	0.28598493337631226	0.28213897347450256	0.2824319899082184	0.16397981898284822	0.16397981898284822	0.6893762946128845	0.49391183257102966	804.0	0.5394467711448669	83	0.016763572961304783	0.016763572961304783	0.8804349901390551	False	True	0.9957783970674465	1.0	0.9989461140516944
PRO1432-GTP	residue_cofactor	26	57	83	0	0.0	82	11.167845726013184	11.108526229858398	-0.059319496154785156	11.21150016784668	11.137999534606934	0.2946268618106842	0.3882397711277008	0.36078914999961853	-0.16389442470861174	0.16389442470861174	-0.7668960094451904	0.446020245552063	695.0	0.6550734043121338	83	-0.026996132669675828	0.026996132669675828	0.8085781862107874	False	True	0.9957783970674465	1.0	0.9989461140516944
PRO112-GTP	residue_cofactor	26	57	83	0	0.0	79	13.707999229431152	13.728911399841309	0.02091217041015625	13.6875	13.737000465393066	0.13026799261569977	0.12961961328983307	0.1293945610523224	0.16108630232339635	0.16108630232339635	0.6793959140777588	0.5001310110092163	815.5	0.46749940514564514	83	-0.03328918895604091	0.03328918895604091	0.7651213935037989	False	True	0.9957783970674465	1.0	0.9989461140516944
PRO23-GTP	residue_cofactor	26	57	83	0	0.0	78	9.857345581054688	9.884544372558594	0.02719879150390625	9.82450008392334	9.897000312805176	0.1841205656528473	0.1618020385503769	0.16845032572746277	0.16092828053947025	0.16092828053947025	0.6477450132369995	0.5205683708190918	826.5	0.40396586060523987	83	0.07706887322219129	0.07706887322219129	0.4886148607510023	False	True	0.9957783970674465	1.0	0.9989461140516944
PRO1282-GTP	residue_cofactor	26	57	83	0	0.0	81	9.964961051940918	9.879683494567871	-0.08527755737304688	10.204500198364258	10.100000381469727	0.55765300989151	0.5323607325553894	0.5384611487388611	-0.15783525708009322	0.15783525708009322	-0.6553472280502319	0.5154720544815063	599.0	0.16474948823451996	83	-0.014892897849725582	0.014892897849725582	0.8936948004201262	False	True	0.9957783970674465	1.0	0.9989461140516944
PRO1278-GTP	residue_cofactor	26	57	83	0	0.0	79	8.516423225402832	8.5687894821167	0.05236625671386719	8.644000053405762	8.565999984741211	0.4259188771247864	0.2874789535999298	0.33517757058143616	0.15569357253656965	0.15569357253656965	0.5704437494277954	0.5719417929649353	706.5	0.7385139465332031	83	0.01754031471519609	0.01754031471519609	0.8749386886323287	False	True	0.9957783970674465	1.0	0.9989461140516944
PRO10-GTP	residue_cofactor	26	57	83	0	0.0	72	5.161115646362305	5.172754764556885	0.011639118194580078	5.154000282287598	5.156000137329102	0.06690669804811478	0.07852483540773392	0.07486865669488907	0.1549159790258008	0.1549159790258008	0.6951342225074768	0.4898274838924408	758.0	0.8712997436523438	83	-0.002136398037086834	0.002136398037086834	0.9847068037473893	False	True	0.9957783970674465	1.0	0.9999248155339959
PRO1442-GTP	residue_cofactor	26	57	83	0	0.0	79	22.106731414794922	22.164104461669922	0.057373046875	22.10649871826172	22.163999557495117	0.3743157386779785	0.37429770827293396	0.3729760944843292	0.15328369964795055	0.15328369964795055	0.6476814150810242	0.5202450156211853	822.0	0.42931023240089417	83	0.11492438622581952	0.11492438622581952	0.30087212094991456	False	True	0.9957783970674465	1.0	0.9989461140516944
PRO75-GTP	residue_cofactor	26	57	83	0	0.0	76	16.819271087646484	16.78126335144043	-0.03800773620605469	16.84600067138672	16.770999908447266	0.23244132101535797	0.25676429271698	0.24861761927604675	-0.1523232008001885	0.1523232008001885	-0.6682780981063843	0.5068442225456238	667.0	0.47050145268440247	83	-0.06261110683654736	0.06261110683654736	0.5739008872102802	False	True	0.9957783970674465	1.0	0.9989461140516944
PRO1441-GTP	residue_cofactor	26	57	83	0	0.0	83	18.710153579711914	18.60093116760254	-0.109222412109375	18.64150047302246	18.663999557495117	0.5579466223716736	0.7790939807891846	0.7155666351318359	-0.1520926478612689	0.1520926478612689	-0.726180911064148	0.4702968895435333	707.0	0.742226779460907	83	-0.07280445672528717	0.07280445672528717	0.513053872247871	False	True	0.9957783970674465	1.0	0.9989461140516944
PRO1248-GTP	residue_cofactor	26	49	75	8	0.0963855421686747	75	27.611732482910156	27.68697738647461	0.07524490356445312	27.68400001525879	27.677000045776367	0.4408201575279236	0.5334730744361877	0.5015480518341064	0.1494026923850492	0.1494026923850492	0.6528987884521484	0.5163127779960632	670.0	0.7174928188323975	75	0.05771799994777999	0.05771799994777999	0.6228130704032476	False	True	0.9957783970674465	1.0	0.9989461140516944
PRO82-GTP	residue_cofactor	26	57	83	0	0.0	76	7.981423377990723	7.965771675109863	-0.015651702880859375	8.005000114440918	7.955999851226807	0.11389259994029999	0.10084906220436096	0.10466041415929794	-0.1489902277988626	0.1489902277988626	-0.6013949513435364	0.5506916642189026	668.5	0.4796110689640045	83	-0.11788949868333998	0.11788949868333998	0.28848872895415145	False	True	0.9957783970674465	1.0	0.9989461140516944
PRO1363-GTP	residue_cofactor	26	57	83	0	0.0	78	23.991655349731445	23.936790466308594	-0.05486488342285156	23.91950035095215	23.88800048828125	0.31178295612335205	0.39085090160369873	0.3669047951698303	-0.14898108385864814	0.14898108385864814	-0.684802234172821	0.4961082339286804	659.0	0.4235977828502655	83	-0.0636824096137484	0.0636824096137484	0.5673513258310923	False	True	0.9957783970674465	1.0	0.9989461140516944
PRO67-GTP	residue_cofactor	26	57	83	0	0.0	78	11.45592212677002	11.403229713439941	-0.052692413330078125	11.439000129699707	11.340999603271484	0.3685077428817749	0.35593461990356445	0.35850536823272705	-0.14643140577754973	0.14643140577754973	-0.6106574535369873	0.544367790222168	686.0	0.5925769805908203	83	-0.07775407360211312	0.07775407360211312	0.48474629112385226	False	True	0.9957783970674465	1.0	0.9989461140516944
PRO1289-GTP	residue_cofactor	26	57	83	0	0.0	82	13.653346061706543	13.560981750488281	-0.09236431121826172	13.439499855041504	13.48799991607666	0.7876720428466797	0.5492032766342163	0.6300790309906006	-0.1460361082204846	0.1460361082204846	-0.540945291519165	0.5918300747871399	759.5	0.8597232103347778	83	-0.036851270694956806	0.036851270694956806	0.7408319366259672	False	True	0.9957783970674465	1.0	0.9989461140516944
PRO1326-GTP	residue_cofactor	26	56	82	1	0.012048192771084338	81	23.66130828857422	23.730037689208984	0.06872940063476562	23.677000045776367	23.637500762939453	0.3791983425617218	0.5085004568099976	0.47009530663490295	0.14563649873639004	0.14563649873639004	0.6822702884674072	0.4975329637527466	784.5	0.5768206119537354	82	0.035009850895699295	0.035009850895699295	0.7548456414596614	False	True	0.9957783970674465	1.0	0.9989461140516944
PRO103-GTP	residue_cofactor	26	57	83	0	0.0	77	18.53630828857422	18.488264083862305	-0.04804420471191406	18.569000244140625	18.562999725341797	0.34811750054359436	0.32911697030067444	0.3338004946708679	-0.14337538565067104	0.14337538565067104	-0.5931243896484375	0.5559954047203064	691.0	0.6269559860229492	83	-0.07821217363119266	0.07821217363119266	0.48216901933709244	False	True	0.9957783970674465	1.0	0.9989461140516944
PRO29-GTP	residue_cofactor	26	57	83	0	0.0	78	2.1857690811157227	2.242245674133301	0.056476593017578125	2.064000129699707	2.13100004196167	0.4067305326461792	0.3931557536125183	0.39584264159202576	0.14211650281257443	0.14211650281257443	0.5928680300712585	0.5561092495918274	836.0	0.353493869304657	83	-0.006087095086037665	0.006087095086037665	0.9564447571590055	False	True	0.9957783970674465	1.0	0.9999248155339959
PRO1414-GTP	residue_cofactor	26	57	83	0	0.0	81	21.089693069458008	21.049001693725586	-0.040691375732421875	21.13599967956543	21.010000228881836	0.2967393100261688	0.28156381845474243	0.28521493077278137	-0.1421150250067928	0.1421150250067928	-0.5887079834938049	0.5589203834533691	660.5	0.4321867525577545	83	-0.09082116854100898	0.09082116854100898	0.41417916518373044	False	True	0.9957783970674465	1.0	0.9989461140516944
PRO1412-GTP	residue_cofactor	26	57	83	0	0.0	80	21.61261749267578	21.66845703125	0.05583953857421875	21.66899871826172	21.680999755859375	0.3269124925136566	0.420137882232666	0.3921852111816406	0.14182574221056482	0.14182574221056482	0.6577454805374146	0.5131630897521973	796.0	0.5925808548927307	83	0.049631098493080894	0.049631098493080894	0.6559019036400748	False	True	0.9957783970674465	1.0	0.9989461140516944
PRO1322-GTP	residue_cofactor	26	57	83	0	0.0	83	17.839962005615234	17.76084327697754	-0.07911872863769531	17.851001739501953	17.716999053955078	0.49227839708328247	0.5916028618812561	0.5605951547622681	-0.1405770684462633	0.1405770684462633	-0.6362991333007812	0.5271006226539612	642.0	0.33350327610969543	83	-0.0602035267154193	0.0602035267154193	0.5887468060764249	False	True	0.9957783970674465	1.0	0.9989461140516944
PRO1292-GTP	residue_cofactor	26	57	83	0	0.0	78	22.0540771484375	22.011001586914062	-0.0430755615234375	22.034500122070312	22.011999130249023	0.30753129720687866	0.3135054409503937	0.3104190230369568	-0.13821141480731813	0.13821141480731813	-0.5882670283317566	0.5590346455574036	685.0	0.5858098268508911	83	-0.03754063842523937	0.03754063842523937	0.7361595153225715	False	True	0.9957783970674465	1.0	0.9989461140516944
PRO1447-GTP	residue_cofactor	26	57	83	0	0.0	82	17.734691619873047	17.692630767822266	-0.04206085205078125	17.68349838256836	17.68899917602539	0.27461162209510803	0.3219738304615021	0.3068771958351135	-0.1365011250045874	0.1365011250045874	-0.6122734546661377	0.5428217053413391	708.0	0.7496586441993713	83	-0.026287572116500083	0.026287572116500083	0.8135103558022968	False	True	0.9957783970674465	1.0	0.9989461140516944
PRO1343-GTP	residue_cofactor	26	57	83	0	0.0	79	20.213960647583008	20.176212310791016	-0.03774833679199219	20.180999755859375	20.18400001525879	0.296337753534317	0.2738417387008667	0.2798137068748474	-0.13435557105518198	0.13435557105518198	-0.5510181784629822	0.584334135055542	716.0	0.8099052906036377	83	-0.09101939366075766	0.09101939366075766	0.4131568077613409	False	True	0.9957783970674465	1.0	0.9989461140516944
PRO1386-GTP	residue_cofactor	26	57	83	0	0.0	82	9.479499816894531	9.553123474121094	0.0736236572265625	9.513500213623047	9.569000244140625	0.5720515251159668	0.5373073220252991	0.5459944009780884	0.13428317662034225	0.13428317662034225	0.5541543364524841	0.5821656584739685	785.5	0.6657427549362183	83	0.12445141621025811	0.12445141621025811	0.2622981110265278	False	True	0.9957783970674465	1.0	0.9989461140516944
PRO1286-GTP	residue_cofactor	26	57	83	0	0.0	79	12.126652717590332	12.169544219970703	0.042891502380371094	12.152000427246094	12.159000396728516	0.3487797677516937	0.30806228518486023	0.31984299421310425	0.13353861646804874	0.13353861646804874	0.5385177731513977	0.5929646492004395	780.0	0.7054274082183838	83	0.026470140748916224	0.026470140748916224	0.8122388240691799	False	True	0.9957783970674465	1.0	0.9989461140516944
PRO1394-GTP	residue_cofactor	26	57	83	0	0.0	83	10.70846176147461	10.673490524291992	-0.03497123718261719	10.73699951171875	10.706999778747559	0.23251433670520782	0.2750227153301239	0.26154112815856934	-0.1331502256992554	0.1331502256992554	-0.5991954207420349	0.5514262318611145	692.0	0.6339481472969055	83	-0.07727071195848936	0.07727071195848936	0.48747360649956634	False	True	0.9957783970674465	1.0	0.9989461140516944
PRO1421-GTP	residue_cofactor	26	57	83	0	0.0	80	16.29819107055664	16.27480697631836	-0.02338409423828125	16.329999923706055	16.25	0.1395788937807083	0.1913827657699585	0.17627424001693726	-0.13210668404909418	0.13210668404909418	-0.6267812848091125	0.532999575138092	666.5	0.467501699924469	83	-0.06322513003185772	0.06322513003185772	0.5701426693252843	False	True	0.9957783970674465	1.0	0.9989461140516944
PRO1431-GTP	residue_cofactor	26	57	83	0	0.0	80	15.014962196350098	14.962279319763184	-0.05268287658691406	15.036499977111816	14.972000122070312	0.392939031124115	0.4046342074871063	0.39936530590057373	-0.13135355938929602	0.13135355938929602	-0.5612526535987854	0.5771405696868896	700.5	0.6945191621780396	83	-0.036309438012335535	0.036309438012335535	0.7445109946933093	False	True	0.9957783970674465	1.0	0.9989461140516944
PRO1243-GTP	residue_cofactor	26	57	83	0	0.0	77	22.011615753173828	21.965280532836914	-0.04633522033691406	21.958999633789062	21.96299934387207	0.3795190453529358	0.34192758798599243	0.3524550199508667	-0.13090537173675054	0.13090537173675054	-0.5318189859390259	0.5975121855735779	713.5	0.7909349799156189	83	-0.09509034398549983	0.09509034398549983	0.3924869375326768	False	True	0.9957783970674465	1.0	0.9989461140516944
PRO1436-GTP	residue_cofactor	26	57	83	0	0.0	80	7.215500354766846	7.241631984710693	0.026131629943847656	7.24399995803833	7.2220001220703125	0.1271658092737198	0.22506020963191986	0.19917479157447815	0.1306422356642354	0.1306422356642354	0.6723442673683167	0.503372848033905	731.5	0.9295872449874878	83	-0.014049426465947822	0.014049426465947822	0.8996833098333442	False	True	0.9957783970674465	1.0	0.9989461140516944
PRO157-GTP	residue_cofactor	26	57	83	0	0.0	79	15.516999244689941	15.546595573425293	0.029596328735351562	15.512499809265137	15.50100040435791	0.18501873314380646	0.2452416867017746	0.22737832367420197	0.12960760807039945	0.12960760807039945	0.607718288898468	0.5455569624900818	738.0	0.9804173111915588	83	0.056033347855688184	0.056033347855688184	0.6148645855524589	False	True	0.9957783970674465	1.0	0.9989461140516944
PRO1234-GTP	residue_cofactor	26	57	83	0	0.0	82	16.026039123535156	15.903035163879395	-0.12300395965576172	16.10900115966797	15.86400032043457	1.1076602935791016	0.877220630645752	0.9501978754997253	-0.12889404341657706	0.12889404341657706	-0.4993021786212921	0.6203089356422424	698.0	0.6764802932739258	83	-0.059062813584060396	0.059062813584060396	0.5958410269677548	False	True	0.9957783970674465	1.0	0.9989461140516944
PRO1253-GTP	residue_cofactor	26	56	82	1	0.012048192771084338	81	23.69642448425293	23.639841079711914	-0.056583404541015625	23.64849853515625	23.69099998474121	0.40792953968048096	0.4527035355567932	0.4372859597206116	-0.12883250763719264	0.12883250763719264	-0.564146876335144	0.5749993920326233	696.5	0.7573883533477783	82	-0.09018950485087335	0.09018950485087335	0.420354230552096	False	True	0.9957783970674465	1.0	0.9989461140516944
PRO105-GTP	residue_cofactor	26	57	83	0	0.0	81	24.421846389770508	24.46819305419922	0.04634666442871094	24.383499145507812	24.500999450683594	0.3911283314228058	0.3540804088115692	0.3643198311328888	0.1266599922061316	0.1266599922061316	0.5154906511306763	0.608766496181488	847.0	0.30028656125068665	83	0.08756544322031605	0.08756544322031605	0.4311798185134984	False	True	0.9957783970674465	1.0	0.9989461140516944
PRO1458-GTP	residue_cofactor	26	57	83	0	0.0	81	17.273883819580078	17.223543167114258	-0.05034065246582031	17.405500411987305	17.283000946044922	0.42116785049438477	0.38828909397125244	0.3969831168651581	-0.1262536920193017	0.1262536920193017	-0.5173711180686951	0.6074244379997253	668.0	0.4765723943710327	83	0.008331128320444019	0.008331128320444019	0.9404133098248146	False	True	0.9957783970674465	1.0	0.9999248155339959
PRO38-GTP	residue_cofactor	26	57	83	0	0.0	72	7.2833075523376465	7.258807182312012	-0.024500370025634766	7.204500198364258	7.210999965667725	0.23469962179660797	0.17427241802215576	0.19407646358013153	-0.1256884574680234	0.1256884574680234	-0.4758085012435913	0.636928915977478	741.5	1.0	83	-0.046607568641954915	0.046607568641954915	0.6756524263842336	False	True	0.9957783970674465	1.0	0.9989461140516944
PRO113-GTP	residue_cofactor	26	57	83	0	0.0	75	12.780692100524902	12.797999382019043	0.017307281494140625	12.766500473022461	12.807000160217285	0.11883629113435745	0.14593763649463654	0.13753388822078705	0.12529058552482195	0.12529058552482195	0.5715985894203186	0.5697723031044006	824.0	0.417925089597702	83	-0.03842690233054625	0.03842690233054625	0.7301666261339603	False	True	0.9957783970674465	1.0	0.9989461140516944
PRO1232-GTP	residue_cofactor	26	57	83	0	0.0	81	19.441038131713867	19.3748779296875	-0.06616020202636719	19.33100128173828	19.295000076293945	0.7033689022064209	0.44043245911598206	0.5331599116325378	-0.12354124280771504	0.12354124280771504	-0.44174423813819885	0.6614504456520081	717.5	0.8213427066802979	83	-0.059499549522087025	0.059499549522087025	0.5931204004230302	False	True	0.9957783970674465	1.0	0.9989461140516944
PRO1230-GTP	residue_cofactor	26	57	83	0	0.0	82	23.73142433166504	23.82472038269043	0.09329605102539062	23.827999114990234	23.929000854492188	0.880422055721283	0.7095831036567688	0.7629407644271851	0.1217351315447516	0.1217351315447516	0.47457757592201233	0.6376417279243469	756.0	0.8867932558059692	83	0.04942244797923123	0.04942244797923123	0.6572575027885758	False	True	0.9957783970674465	1.0	0.9989461140516944
PRO129-GTP	residue_cofactor	26	57	83	0	0.0	81	18.597806930541992	18.648651123046875	0.05084419250488281	18.679000854492188	18.624000549316406	0.45806244015693665	0.3986208736896515	0.4159913957118988	0.1216679859843063	0.1216679859843063	0.4879458546638489	0.6280688047409058	726.0	0.8867926597595215	83	-0.010933874631286046	0.010933874631286046	0.9218492634001653	False	True	0.9957783970674465	1.0	0.999490865311281
PRO1295-GTP	residue_cofactor	26	57	83	0	0.0	80	24.85127067565918	24.906124114990234	0.05485343933105469	24.93549919128418	24.893999099731445	0.5115625262260437	0.42128482460975647	0.4490513205528259	0.12160531893009224	0.12160531893009224	0.4778192639350891	0.6353100538253784	787.0	0.6550700068473816	83	0.04729037052593701	0.04729037052593701	0.671172382445823	False	True	0.9957783970674465	1.0	0.9989461140516944
PRO81-GTP	residue_cofactor	26	57	83	0	0.0	71	6.18353796005249	6.196491241455078	0.01295328140258789	6.187000274658203	6.206999778747559	0.10161110758781433	0.1092059314250946	0.10643722862005234	0.12114557305133912	0.12114557305133912	0.5260456204414368	0.601098895072937	801.5	0.5557709336280823	83	-0.04255919937133508	0.04255919937133508	0.702442296890021	False	True	0.9957783970674465	1.0	0.9989461140516944
PRO1445-GTP	residue_cofactor	26	57	83	0	0.0	82	23.678691864013672	23.63677215576172	-0.041919708251953125	23.61600112915039	23.6299991607666	0.3020438551902771	0.3737577199935913	0.35156533122062683	-0.11869342284942397	0.11869342284942397	-0.5430099964141846	0.589160680770874	725.5	0.8829172849655151	83	-0.016697232469690036	0.016697232469690036	0.8809046879176944	False	True	0.9957783970674465	1.0	0.9989461140516944
PRO1422-GTP	residue_cofactor	26	57	83	0	0.0	80	12.743806838989258	12.722860336303711	-0.020946502685546875	12.770000457763672	12.722000122070312	0.14795374870300293	0.18849225342273712	0.17616288363933563	-0.11836851357909223	0.11836851357909223	-0.5472108125686646	0.5862357020378113	699.0	0.683672308921814	83	-0.06384320355063587	0.06384320355063587	0.5663713301645498	False	True	0.9957783970674465	1.0	0.9989461140516944
PRO5-GTP	residue_cofactor	26	57	83	0	0.0	75	17.395614624023438	17.41628074645996	0.020666122436523438	17.39550018310547	17.417999267578125	0.16961200535297394	0.1831819862127304	0.17826901376247406	0.11538226711933823	0.11538226711933823	0.5019412636756897	0.617823600769043	753.5	0.9062086939811707	83	-0.01261546450088238	0.01261546450088238	0.9098769041347103	False	True	0.9957783970674465	1.0	0.998977281373834
PRO101-GTP	residue_cofactor	26	57	83	0	0.0	80	20.154193878173828	20.190704345703125	0.036510467529296875	20.195999145507812	20.20400047302246	0.26222938299179077	0.3388087749481201	0.3156724274158478	0.11511668692292362	0.11511668692292362	0.5349174737930298	0.5946317911148071	797.0	0.5858137011528015	83	0.032723540133573266	0.032723540133573266	0.7690001263651022	False	True	0.9957783970674465	1.0	0.9989461140516944
PRO1241-GTP	residue_cofactor	26	57	83	0	0.0	83	19.762962341308594	19.868562698364258	0.10560035705566406	19.610000610351562	20.052000045776367	0.7730845212936401	0.9790834784507751	0.9161322116851807	0.11472797665381108	0.11472797665381108	0.5292966365814209	0.5985361337661743	807.0	0.5201691389083862	83	-0.011474555290401874	0.011474555290401874	0.9179977715932698	False	True	0.9957783970674465	1.0	0.999490865311281
PRO156-GTP	residue_cofactor	26	57	83	0	0.0	79	10.244345664978027	10.281965255737305	0.037619590759277344	10.229499816894531	10.25100040435791	0.307752400636673	0.3393499553203583	0.3283723294734955	0.11402366744558738	0.11402366744558738	0.4999055564403534	0.6192057728767395	767.0	0.8023039698600769	83	-0.012694713237085407	0.012694713237085407	0.9093131535958732	False	True	0.9957783970674465	1.0	0.998977281373834
PRO3-GTP	residue_cofactor	26	57	83	0	0.0	79	21.68745994567871	21.718822479248047	0.03136253356933594	21.68000030517578	21.68400001525879	0.28747546672821045	0.27566054463386536	0.27803725004196167	0.11226741386603382	0.11226741386603382	0.466919481754303	0.642728328704834	786.0	0.6621736884117126	83	0.010824984593951155	0.010824984593951155	0.922625152665439	False	True	0.9957783970674465	1.0	0.999490865311281
PRO1291-GTP	residue_cofactor	26	57	83	0	0.0	78	20.727922439575195	20.691911697387695	-0.0360107421875	20.72100067138672	20.726999282836914	0.27180981636047363	0.34722399711608887	0.3242586553096771	-0.11052525362769615	0.11052525362769615	-0.5114869475364685	0.6108569502830505	717.0	0.817523717880249	83	-0.029002850143434403	0.029002850143434403	0.7946508201120621	False	True	0.9957783970674465	1.0	0.9989461140516944
PRO126-GTP	residue_cofactor	26	57	83	0	0.0	82	15.944730758666992	15.907613754272461	-0.03711700439453125	15.961999893188477	15.947999954223633	0.34284496307373047	0.3425404131412506	0.3409789800643921	-0.10832803814386778	0.10832803814386778	-0.45759475231170654	0.6492883563041687	702.0	0.7054318189620972	83	-0.09307476204038855	0.09307476204038855	0.4026428772280743	False	True	0.9957783970674465	1.0	0.9989461140516944
PRO1297-GTP	residue_cofactor	26	57	83	0	0.0	80	18.706113815307617	18.664932250976562	-0.04118156433105469	18.631000518798828	18.61400032043457	0.3737058639526367	0.3969956934452057	0.3880470395088196	-0.10561555174057201	0.10561555174057201	-0.4565483331680298	0.6499228477478027	686.0	0.5925847291946411	83	-0.06667893431990515	0.06667893431990515	0.5492206355202671	False	True	0.9957783970674465	1.0	0.9989461140516944
PRO1238-GTP	residue_cofactor	26	57	83	0	0.0	82	19.543498992919922	19.597436904907227	0.05393791198730469	19.557998657226562	19.579999923706055	0.6171777248382568	0.4579663574695587	0.5098985433578491	0.1052641307966429	0.1052641307966429	0.39839571714401245	0.6925643086433411	758.0	0.8713064193725586	83	0.011133606830764848	0.011133606830764848	0.9204262741247017	False	True	0.9957783970674465	1.0	0.999490865311281
PRO1347-GTP	residue_cofactor	26	57	83	0	0.0	78	21.245807647705078	21.19717788696289	-0.0486297607421875	21.214500427246094	21.097999572753906	0.4566456973552704	0.4659334719181061	0.4608134925365448	-0.10501730961892489	0.10501730961892489	-0.4471265971660614	0.6567375063896179	692.5	0.6374403834342957	83	-0.06312700647857153	0.06312700647857153	0.5707424750581924	False	True	0.9957783970674465	1.0	0.9989461140516944
PRO33-GTP	residue_cofactor	26	57	83	0	0.0	76	4.240692615509033	4.25126314163208	0.010570526123046875	4.244000434875488	4.25600004196167	0.09887237846851349	0.10259081423282623	0.1009577289223671	0.10418994468045058	0.10418994468045058	0.44643232226371765	0.6572054028511047	799.5	0.5690291523933411	83	0.07025960351442466	0.07025960351442466	0.527930229787402	False	True	0.9957783970674465	1.0	0.9989461140516944
PRO1239-GTP	residue_cofactor	26	57	83	0	0.0	81	20.667728424072266	20.631946563720703	-0.0357818603515625	20.570499420166016	20.631999969482422	0.39064669609069824	0.322907954454422	0.34353041648864746	-0.10364930939227276	0.10364930939227276	-0.4078063368797302	0.6855260133743286	706.0	0.7348150014877319	83	-0.07811898863759328	0.07811898863759328	0.4826926852333763	False	True	0.9957783970674465	1.0	0.9989461140516944
PRO63-GTP	residue_cofactor	26	57	83	0	0.0	80	9.084653854370117	9.10622787475586	0.021574020385742188	9.072999954223633	9.055000305175781	0.20079809427261353	0.21185508370399475	0.20747411251068115	0.10347092064037258	0.10347092064037258	0.4461617171764374	0.6573700308799744	753.5	0.9062111377716064	83	0.01560149607640141	0.01560149607640141	0.8886684469701119	False	True	0.9957783970674465	1.0	0.9989461140516944
PRO1404-GTP	residue_cofactor	26	57	83	0	0.0	83	22.643115997314453	22.590595245361328	-0.052520751953125	22.65399932861328	22.7189998626709	0.4687550663948059	0.5336179137229919	0.5119121074676514	-0.10208333500737814	0.10208333500737814	-0.45292022824287415	0.6523958444595337	719.0	0.8328179121017456	83	-0.05096197456960831	0.05096197456960831	0.647281531882853	False	True	0.9957783970674465	1.0	0.9989461140516944
PRO115-GTP	residue_cofactor	26	57	83	0	0.0	71	7.478154182434082	7.488560676574707	0.010406494140625	7.468500137329102	7.482999801635742	0.10897587239742279	0.10051566362380981	0.10268456488847733	0.10084710957518145	0.10084710957518145	0.413290798664093	0.6813504695892334	774.5	0.7459249496459961	83	0.029960823652153218	0.029960823652153218	0.788024421769367	False	True	0.9957783970674465	1.0	0.9989461140516944
PRO62-GTP	residue_cofactor	26	57	83	0	0.0	73	7.958846092224121	7.952789306640625	-0.006056785583496094	7.959000110626221	7.952000141143799	0.06538480520248413	0.05855176970362663	0.0604373961687088	-0.09971042467523863	0.09971042467523863	-0.404167115688324	0.6880472898483276	664.0	0.45257386565208435	83	-0.07026633723445415	0.07026633723445415	0.5278905839992781	False	True	0.9957783970674465	1.0	0.9989461140516944
PRO1379-GTP	residue_cofactor	26	57	83	0	0.0	83	13.439269065856934	13.510965347290039	0.07169628143310547	13.357000350952148	13.402999877929688	0.7491310834884644	0.7054820656776428	0.7156200408935547	0.09968304448408907	0.09968304448408907	0.4117744565010071	0.682418704032898	786.0	0.6621803641319275	83	0.11784743923147613	0.11784743923147613	0.28866199196773934	False	True	0.9957783970674465	1.0	0.9989461140516944
PRO17-GTP	residue_cofactor	26	57	83	0	0.0	41	2.084038496017456	2.08268404006958	-0.0013544559478759766	2.0845000743865967	2.0829999446868896	0.013107193633913994	0.013835983350872993	0.013546684756875038	-0.09946714380210833	0.09946714380210833	-0.429043710231781	0.6696986556053162	691.5	0.630293607711792	83	-0.025076893544716625	0.025076893544716625	0.8219544004347759	False	True	0.9957783970674465	1.0	0.9989461140516944
PRO1298-GTP	residue_cofactor	26	57	83	0	0.0	81	24.641807556152344	24.697736740112305	0.05592918395996094	24.684499740600586	24.67099952697754	0.6644234657287598	0.5182958841323853	0.5645593404769897	0.09856635044867006	0.09856635044867006	0.3797421157360077	0.7061734795570374	738.0	0.9804174900054932	83	0.08201208545582717	0.08201208545582717	0.46107531667291957	False	True	0.9957783970674465	1.0	0.9989461140516944
PRO160-GTP	residue_cofactor	26	57	83	0	0.0	79	18.88646125793457	18.90731430053711	0.020853042602539062	18.842498779296875	18.891000747680664	0.17541122436523438	0.22619163990020752	0.2107507437467575	0.09845252246125394	0.09845252246125394	0.45712143182754517	0.649194061756134	778.0	0.7200681567192078	83	0.03224774208372485	0.03224774208372485	0.7722671435430103	False	True	0.9957783970674465	1.0	0.9989461140516944
PRO1231-GTP	residue_cofactor	26	57	83	0	0.0	77	20.97850227355957	20.935718536376953	-0.04278373718261719	20.86949920654297	20.975000381469727	0.5462459921836853	0.39406612515449524	0.44431957602500916	-0.09579146586895618	0.09579146586895618	-0.3590244948863983	0.7215989232063293	729.0	0.9101006984710693	83	-0.05883788191993317	0.05883788191993317	0.5972444031435297	False	True	0.9957783970674465	1.0	0.9989461140516944
PRO1228-GTP	residue_cofactor	26	57	83	0	0.0	81	20.51753807067871	20.449771881103516	-0.06776618957519531	20.68199920654297	20.47800064086914	0.8251531720161438	0.6522850394248962	0.7065079212188721	-0.09542665553553085	0.09542665553553085	-0.36940860748291016	0.7137794494628906	654.0	0.3957291543483734	83	-0.04122530340801653	0.04122530340801653	0.7113513139680738	False	True	0.9957783970674465	1.0	0.9989461140516944
PRO1462-GTP	residue_cofactor	24	53	77	6	0.07228915662650602	77	23.229248046875	23.142547607421875	-0.086700439453125	23.319499969482422	23.31399917602539	0.9328135848045349	0.9018651843070984	0.906353235244751	-0.0951243114629552	0.0951243114629552	-0.3816688656806946	0.7045791149139404	611.0	0.7875893115997314	77	-0.03573186872197502	0.03573186872197502	0.7576897726912216	False	True	0.9957783970674465	1.0	0.9989461140516944
PRO158-GTP	residue_cofactor	26	57	83	0	0.0	80	16.13776969909668	16.157140731811523	0.01937103271484375	16.124500274658203	16.132999420166016	0.1760038286447525	0.22243766486644745	0.208125501871109	0.09259307052410971	0.09259307052410971	0.4268486797809601	0.6710073947906494	756.5	0.8829160332679749	83	0.024300222786052417	0.024300222786052417	0.8273821394692467	False	True	0.9957783970674465	1.0	0.9989461140516944
PRO1461-GTP	residue_cofactor	26	57	83	0	0.0	81	21.523193359375	21.57703399658203	0.05384063720703125	21.56999969482422	21.58300018310547	0.6933964490890503	0.5319031476974487	0.5834642648696899	0.09180197214324594	0.09180197214324594	0.3515484929084778	0.7270706295967102	755.5	0.89067143201828	83	0.14733679399519586	0.14733679399519586	0.1837779484553004	False	True	0.9957783970674465	1.0	0.9989461140516944
PRO1440-GTP	residue_cofactor	26	57	83	0	0.0	76	15.19642448425293	15.228455543518066	0.03203105926513672	15.236499786376953	15.211000442504883	0.35611385107040405	0.3466971218585968	0.3478134870529175	0.09161961252417253	0.09161961252417253	0.3832186758518219	0.7032729983329773	772.0	0.7645870447158813	83	0.07618906941207967	0.07618906941207967	0.493605986630076	False	True	0.9957783970674465	1.0	0.9989461140516944
PRO1293-GTP	residue_cofactor	26	57	83	0	0.0	81	20.952922821044922	20.920265197753906	-0.032657623291015625	20.965999603271484	20.915000915527344	0.40710246562957764	0.3347863256931305	0.35679709911346436	-0.09105943060131333	0.09105943060131333	-0.35758891701698303	0.7224825024604797	709.0	0.7571138739585876	83	-0.06553299978225618	0.06553299978225618	0.5561209796316134	False	True	0.9957783970674465	1.0	0.9989461140516944
PRO1247-GTP	residue_cofactor	26	50	76	7	0.08433734939759036	72	26.65061378479004	26.6826229095459	0.032009124755859375	26.672500610351562	26.69849967956543	0.304191917181015	0.3762335479259491	0.35150855779647827	0.0905258837970186	0.0905258837970186	0.40042752027511597	0.6902422308921814	662.5	0.8954657316207886	76	0.010692639460335556	0.010692639460335556	0.926957078250938	False	True	0.9957783970674465	1.0	0.999490865311281
PRO1294-GTP	residue_cofactor	26	57	83	0	0.0	82	21.64365577697754	21.70400047302246	0.060344696044921875	21.728500366210938	21.736000061035156	0.7422432899475098	0.6334181427955627	0.6654027700424194	0.0902170114155199	0.0902170114155199	0.3591669499874115	0.7212573885917664	774.0	0.7496586441993713	83	0.03989760917834859	0.03989760917834859	0.7202574939277024	False	True	0.9957783970674465	1.0	0.9989461140516944
PRO39-GTP	residue_cofactor	26	57	83	0	0.0	77	11.487269401550293	11.502544403076172	0.015275001525878906	11.496000289916992	11.508999824523926	0.20793278515338898	0.15156064927577972	0.17005819082260132	0.08935011119117495	0.08935011119117495	0.3360660672187805	0.738689124584198	793.5	0.6096615195274353	83	0.034208079922284564	0.034208079922284564	0.7588327740154533	False	True	0.9957783970674465	1.0	0.9989461140516944
PRO91-GTP	residue_cofactor	26	57	83	0	0.0	80	13.8974609375	13.880702018737793	-0.01675891876220703	13.902999877929688	13.883999824523926	0.21468017995357513	0.17551855742931366	0.18748605251312256	-0.08892250823954694	0.08892250823954694	-0.34845903515815735	0.7292839884757996	677.5	0.5362133383750916	83	-0.07315591816483982	0.07315591816483982	0.5110163227559332	False	True	0.9957783970674465	1.0	0.9989461140516944
PRO1415-GTP	residue_cofactor	26	57	83	0	0.0	77	17.85769271850586	17.831825256347656	-0.025867462158203125	17.845001220703125	17.809999465942383	0.29400143027305603	0.29150140285491943	0.2907383441925049	-0.0885047930573529	0.0885047930573529	-0.3727729916572571	0.710953950881958	701.5	0.7017809748649597	83	-0.08038654635143291	0.08038654635143291	0.4700363295382276	False	True	0.9957783970674465	1.0	0.9989461140516944
PRO1256-GTP	residue_cofactor	26	57	83	0	0.0	81	22.973766326904297	23.005474090576172	0.031707763671875	22.947500228881836	22.961000442504883	0.3279169797897339	0.3727640211582184	0.35762691497802734	0.08818521206388699	0.08818521206388699	0.3910807967185974	0.6972572207450867	755.5	0.89067143201828	83	-0.0035096063872076325	0.0035096063872076325	0.9748793904766316	False	True	0.9957783970674465	1.0	0.9999248155339959
PRO1395-GTP	residue_cofactor	26	57	83	0	0.0	78	11.472229957580566	11.456192970275879	-0.0160369873046875	11.480999946594238	11.442999839782715	0.14727190136909485	0.195916548371315	0.1813325583934784	-0.08797822235274014	0.08797822235274014	-0.4130304455757141	0.6809809803962708	688.5	0.6096634268760681	83	-0.07130639979347655	0.07130639979347655	0.5217849925476138	False	True	0.9957783970674465	1.0	0.9989461140516944
PRO15-GTP	residue_cofactor	26	57	83	0	0.0	66	2.070423126220703	2.074455976486206	0.00403285026550293	2.061500072479248	2.065000057220459	0.05015910044312477	0.04452891647815704	0.04609467834234238	0.08703197689400842	0.08703197689400842	0.3516102135181427	0.7268208265304565	800.0	0.565678596496582	83	0.03023279781366937	0.03023279781366937	0.7861458676066513	False	True	0.9957783970674465	1.0	0.9989461140516944
PRO1257-GTP	residue_cofactor	26	57	83	0	0.0	81	20.019346237182617	19.987228393554688	-0.03211784362792969	19.993999481201172	19.964000701904297	0.2709657847881317	0.40842440724372864	0.3694981336593628	-0.08646338390766457	0.08646338390766457	-0.4235413670539856	0.6731975078582764	697.0	0.6693128347396851	83	-0.06515794196259089	0.06515794196259089	0.5583884031028263	False	True	0.9957783970674465	1.0	0.9989461140516944
PRO1392-GTP	residue_cofactor	26	57	83	0	0.0	77	12.436307907104492	12.452825546264648	0.01651763916015625	12.41349983215332	12.418000221252441	0.1890227496623993	0.19348400831222534	0.19109857082366943	0.08597218564933368	0.08597218564933368	0.3665170967578888	0.7155394554138184	777.5	0.723741888999939	83	0.06628957317175288	0.06628957317175288	0.5515605524180272	False	True	0.9957783970674465	1.0	0.9989461140516944
PRO1235-GTP	residue_cofactor	26	57	83	0	0.0	81	18.800498962402344	18.736351013183594	-0.06414794921875	18.789501190185547	18.665000915527344	0.9154752492904663	0.6603104472160339	0.7444297075271606	-0.08571422683088202	0.08571422683088202	-0.3212070167064667	0.7498446702957153	708.0	0.749657392501831	83	-0.042956596387501	0.042956596387501	0.6997957770993254	False	True	0.9957783970674465	1.0	0.9989461140516944
PRO1457-GTP	residue_cofactor	26	57	83	0	0.0	81	20.29742431640625	20.353790283203125	0.056365966796875	20.297500610351562	20.207000732421875	0.696048378944397	0.6551454663276672	0.6644719839096069	0.08437621115764507	0.08437621115764507	0.3484691083431244	0.7290797233581543	758.5	0.8674414753913879	83	0.1393451135145859	0.1393451135145859	0.20897770570094962	False	True	0.9957783970674465	1.0	0.9989461140516944
PRO1427-GTP	residue_cofactor	26	57	83	0	0.0	79	13.099384307861328	13.076069831848145	-0.023314476013183594	13.103500366210938	13.059000015258789	0.22262123227119446	0.29769036173820496	0.27522507309913635	-0.08425798942585795	0.08425798942585795	-0.39630696177482605	0.6932061910629272	676.5	0.5297610759735107	83	0.006787517019641487	0.006787517019641487	0.9514387629335338	False	True	0.9957783970674465	1.0	0.9999248155339959
PRO54-GTP	residue_cofactor	26	57	83	0	0.0	78	15.667807579040527	15.679544448852539	0.011736869812011719	15.684999465942383	15.678000450134277	0.164758563041687	0.13166172802448273	0.14193107187747955	0.08224411897191322	0.08224411897191322	0.31965354084968567	0.7508876919746399	764.0	0.8251603841781616	83	0.028071156351258696	0.028071156351258696	0.801109421486162	False	True	0.9957783970674465	1.0	0.9989461140516944
PRO1426-GTP	residue_cofactor	26	57	83	0	0.0	77	9.10357666015625	9.087315559387207	-0.01626110076904297	9.104000091552734	9.09000015258789	0.18833398818969727	0.2065390646457672	0.20001016557216644	-0.08086244066302271	0.08086244066302271	-0.35378557443618774	0.7249069809913635	677.5	0.5362069010734558	83	0.015888512396064043	0.015888512396064043	0.8866337702474324	False	True	0.9957783970674465	1.0	0.9989461140516944
PRO1428-GTP	residue_cofactor	26	57	83	0	0.0	80	15.910268783569336	15.891560554504395	-0.018708229064941406	15.906999588012695	15.87600040435791	0.200954869389534	0.24822814762592316	0.23338402807712555	-0.07972475591903909	0.07972475591903909	-0.3645096719264984	0.7167778015136719	666.0	0.4644988179206848	83	0.02120471353783671	0.02120471353783671	0.8490930639619418	False	True	0.9957783970674465	1.0	0.9989461140516944
PRO31-GTP	residue_cofactor	26	57	83	0	0.0	83	4.404654026031494	4.380403518676758	-0.024250507354736328	4.4070000648498535	4.380000114440918	0.3037695288658142	0.3043740689754486	0.30253881216049194	-0.0797217512779523	0.0797217512779523	-0.33712491393089294	0.7374744415283203	714.0	0.7947254776954651	83	-0.07634027161335656	0.07634027161335656	0.4927463151780654	False	True	0.9957783970674465	1.0	0.9989461140516944
PRO1376-GTP	residue_cofactor	26	57	83	0	0.0	81	15.675421714782715	15.604087829589844	-0.0713338851928711	15.698999404907227	15.668999671936035	0.9344493746757507	0.886866569519043	0.8969227075576782	-0.0791014954077629	0.0791014954077629	-0.3277052640914917	0.744612455368042	712.5	0.7833859324455261	83	-0.010626393892187181	0.010626393892187181	0.9240403840631602	False	True	0.9957783970674465	1.0	0.999490865311281
PRO89-GTP	residue_cofactor	26	57	83	0	0.0	75	8.028654098510742	8.017560958862305	-0.0110931396484375	7.991499900817871	8.0	0.14522312581539154	0.1386812925338745	0.13996781408786774	-0.07881926381926443	0.07881926381926443	-0.3273242712020874	0.744890570640564	730.5	0.9217854142189026	83	-0.034830256898813	0.034830256898813	0.7545836203355224	False	True	0.9957783970674465	1.0	0.9989461140516944
PRO53-GTP	residue_cofactor	26	57	83	0	0.0	75	17.136308670043945	17.148719787597656	0.012411117553710938	17.17099952697754	17.15399932861328	0.11748873442411423	0.17402762174606323	0.15787595510482788	0.07818842255429292	0.07818842255429292	0.38080328702926636	0.7045164108276367	794.5	0.6027984023094177	83	0.06607827078341103	0.06607827078341103	0.5528324111169095	False	True	0.9957783970674465	1.0	0.9989461140516944
PRO120-GTP	residue_cofactor	26	57	83	0	0.0	81	2.9431538581848145	2.9100000858306885	-0.03315377235412598	2.874500036239624	2.809999942779541	0.43935248255729675	0.42067593336105347	0.42420101165771484	-0.07772961699312379	0.07772961699312379	-0.3231023848056793	0.7480617761611938	693.5	0.6444722414016724	83	0.005662043738502174	0.005662043738502174	0.9594834814909212	False	True	0.9957783970674465	1.0	0.9999248155339959
PRO1429-GTP	residue_cofactor	26	57	83	0	0.0	79	13.651922225952148	13.672842979431152	0.020920753479003906	13.711999893188477	13.616000175476074	0.28488630056381226	0.2655283212661743	0.2701651453971863	0.07700712650734577	0.07700712650734577	0.3168908953666687	0.7527743577957153	759.5	0.8597210645675659	83	0.06324432389963305	0.06324432389963305	0.5700253763129088	False	True	0.9957783970674465	1.0	0.9989461140516944
PRO117-GTP	residue_cofactor	26	57	83	0	0.0	76	2.566499948501587	2.551736831665039	-0.014763116836547852	2.621000051498413	2.5959999561309814	0.21475425362586975	0.18252089619636536	0.19198746979236603	-0.076475323949811	0.076475323949811	-0.304004967212677	0.7626199126243591	645.5	0.3509477376937866	83	0.04008283718222548	0.04008283718222548	0.7190127132507939	False	True	0.9957783970674465	1.0	0.9989461140516944
PRO1290-GTP	residue_cofactor	26	57	83	0	0.0	81	15.257038116455078	15.326157569885254	0.06911945343017578	15.029999732971191	15.005000114440918	0.8332425355911255	0.9657883048057556	0.921798825263977	0.07457034011149163	0.07457034011149163	0.3330620229244232	0.7403379678726196	765.0	0.8175265192985535	83	0.04002592181589493	0.04002592181589493	0.7193951217440048	False	True	0.9957783970674465	1.0	0.9989461140516944
PRO1287-GTP	residue_cofactor	26	57	83	0	0.0	75	16.381193161010742	16.357402801513672	-0.023790359497070312	16.38399887084961	16.350000381469727	0.2916218638420105	0.3318214416503906	0.3181902766227722	-0.07435017923729219	0.07435017923729219	-0.32983139157295227	0.7427864074707031	738.0	0.9804168939590454	83	-0.015038335794998949	0.015038335794998949	0.8926628060155843	False	True	0.9957783970674465	1.0	0.9989461140516944
PRO163-GTP	residue_cofactor	26	57	83	0	0.0	80	19.081846237182617	19.06040382385254	-0.021442413330078125	19.090499877929688	19.09000015258789	0.2293902337551117	0.31225335597991943	0.28762754797935486	-0.07413902871561304	0.07413902871561304	-0.35088348388671875	0.7268184423446655	734.5	0.9530242085456848	83	-0.04849320118862003	0.04849320118862003	0.6633082010682365	False	True	0.9957783970674465	1.0	0.9989461140516944
PRO21-GTP	residue_cofactor	26	57	83	0	0.0	73	6.32069206237793	6.311964511871338	-0.008727550506591797	6.27400016784668	6.302999973297119	0.13939374685287476	0.10670550912618637	0.11711705476045609	-0.07410791469259649	0.07410791469259649	-0.2835942804813385	0.778224766254425	757.5	0.8751679062843323	83	-0.057484615974397864	0.057484615974397864	0.6057185410658683	False	True	0.9957783970674465	1.0	0.9989461140516944
PRO1444-GTP	residue_cofactor	26	57	83	0	0.0	82	18.74715232849121	18.71831512451172	-0.028837203979492188	18.791500091552734	18.756000518798828	0.3556414246559143	0.40914174914360046	0.3912316560745239	-0.07330312745366088	0.07330312745366088	-0.3264869749546051	0.7452882528305054	753.0	0.9101030230522156	83	-0.007546640275987154	0.007546640275987154	0.9460153526407287	False	True	0.9957783970674465	1.0	0.9999248155339959
PRO1240-GTP	residue_cofactor	26	57	83	0	0.0	81	18.18023109436035	18.15480613708496	-0.025424957275390625	18.17650032043457	18.138999938964844	0.35477718710899353	0.34942615032196045	0.3491407036781311	-0.07241512922954263	0.07241512922954263	-0.30425357818603516	0.7622541785240173	698.0	0.6764786839485168	83	-0.07331727371223615	0.07331727371223615	0.5100822776219175	False	True	0.9957783970674465	1.0	0.9989461140516944
PRO1430-GTP	residue_cofactor	26	57	83	0	0.0	80	9.415961265563965	9.438579559326172	0.02261829376220703	9.430999755859375	9.380000114440918	0.3342821002006531	0.3037526309490204	0.3117539882659912	0.07214636721217738	0.07214636721217738	0.2940526604652405	0.7700831294059753	783.0	0.683672308921814	83	0.07003774651512631	0.07003774651512631	0.5292372784560796	False	True	0.9957783970674465	1.0	0.9989461140516944
PRO1233-GTP	residue_cofactor	26	57	83	0	0.0	80	14.891730308532715	14.930333137512207	0.03860282897949219	14.880499839782715	14.95300006866455	0.7492597699165344	0.407538503408432	0.5337656140327454	0.07191976998253755	0.07191976998253755	0.24659551680088043	0.806799054145813	773.0	0.7571126222610474	83	-0.0042081933415828035	0.0042081933415828035	0.9698812724103241	False	True	0.9961263074392288	1.0	0.9999248155339959
PRO1425-GTP	residue_cofactor	26	57	83	0	0.0	79	15.003114700317383	14.988614082336426	-0.014500617980957031	15.007999420166016	15.0	0.1841498464345932	0.20992539823055267	0.20119702816009521	-0.07167496684632421	0.07167496684632421	-0.31814518570899963	0.751583456993103	680.0	0.5525076389312744	83	0.014543232980872315	0.014543232980872315	0.8961766619923847	False	True	0.9957783970674465	1.0	0.9989461140516944
PRO59-GTP	residue_cofactor	26	57	83	0	0.0	66	3.5847692489624023	3.5807719230651855	-0.003997325897216797	3.5889999866485596	3.5869998931884766	0.0633057951927185	0.05287013575434685	0.055984530597925186	-0.07100261969629133	0.07100261969629133	-0.2804337739944458	0.780535876750946	726.5	0.8906594514846802	83	-0.0175723360207087	0.0175723360207087	0.8747122278888925	False	True	0.9957783970674465	1.0	0.9989461140516944
PRO1324-GTP	residue_cofactor	26	57	83	0	0.0	81	19.902690887451172	19.853878021240234	-0.0488128662109375	19.995498657226562	19.698999404907227	0.6684740781784058	0.7129025459289551	0.6955860257148743	-0.06978643362942646	0.06978643362942646	-0.30212581157684326	0.7637732625007629	704.0	0.7200709581375122	83	-0.018095153039826145	0.018095153039826145	0.8710162041128138	False	True	0.9957783970674465	1.0	0.9989461140516944
PRO93-GTP	residue_cofactor	26	57	83	0	0.0	80	10.480154037475586	10.500983238220215	0.020829200744628906	10.474499702453613	10.560999870300293	0.2183952033519745	0.3304598927497864	0.29868754744529724	0.06934377128270527	0.06934377128270527	0.340124249458313	0.7347774505615234	879.5	0.1754438728094101	83	-0.018376825663301725	0.018376825663301725	0.8690260762777577	False	True	0.9957783970674465	1.0	0.9989461140516944
PRO55-GTP	residue_cofactor	26	57	83	0	0.0	75	10.625655174255371	10.636667251586914	0.011012077331542969	10.632499694824219	10.640000343322754	0.175132155418396	0.15488125383853912	0.16049796342849731	0.0682323921160592	0.0682323921160592	0.27525806427001953	0.7844197750091553	788.0	0.647980272769928	83	0.00035231311608188015	0.00035231311608188015	0.997477853601173	False	True	0.9957783970674465	1.0	0.9999248155339959
PRO154-GTP	residue_cofactor	26	57	83	0	0.0	82	12.798924446105957	12.782193183898926	-0.01673126220703125	12.796500205993652	12.753000259399414	0.21187996864318848	0.2626383304595947	0.24668890237808228	-0.06743740571384058	0.06743740571384058	-0.30873826146125793	0.7586023211479187	700.5	0.6945222020149231	83	-0.0014259181391120274	0.0014259181391120274	0.9897923644154156	False	True	0.9957783970674465	1.0	0.9999248155339959
PRO25-GTP	residue_cofactor	26	57	83	0	0.0	82	12.314538955688477	12.288209915161133	-0.02632904052734375	12.266500473022461	12.36299991607666	0.3650820851325989	0.4012247622013092	0.3882332444190979	-0.06743367584534131	0.06743367584534131	-0.2952811121940613	0.7689336538314819	744.0	0.9804176092147827	83	-0.011475956528619102	0.011475956528619102	0.9179877924084234	False	True	0.9957783970674465	1.0	0.999490865311281
PRO1434-GTP	residue_cofactor	26	57	83	0	0.0	81	13.319499015808105	13.296807289123535	-0.022691726684570312	13.319499969482422	13.309000015258789	0.28677234053611755	0.3682037591934204	0.3431791663169861	-0.06575236278768658	0.06575236278768658	-0.30482715368270874	0.7615307569503784	716.0	0.8099052906036377	83	-0.004638835666720843	0.004638835666720843	0.9668007600150227	False	True	0.9957783970674465	1.0	0.9999248155339959
PRO132-GTP	residue_cofactor	26	57	83	0	0.0	80	20.52988624572754	20.548755645751953	0.018869400024414062	20.545499801635742	20.476999282836914	0.22869138419628143	0.311336874961853	0.2867387533187866	0.06543610027920364	0.06543610027920364	0.3097064197063446	0.7577818036079407	724.5	0.8751724362373352	83	-0.008633185995958987	0.008633185995958987	0.9382570669982493	False	True	0.9957783970674465	1.0	0.9999201698832344
PRO144-GTP	residue_cofactor	26	57	83	0	0.0	74	4.572999954223633	4.56491231918335	-0.008087635040283203	4.555999755859375	4.545000076293945	0.12199345231056213	0.12472675740718842	0.12318965792655945	-0.06528156334864035	0.06528156334864035	-0.2781694829463959	0.7820408344268799	707.5	0.7459262609481812	83	-0.034718267351794854	0.034718267351794854	0.7553479186153382	False	True	0.9957783970674465	1.0	0.9989461140516944
PRO58-GTP	residue_cofactor	26	57	83	0	0.0	63	4.400692462921143	4.397982597351074	-0.0027098655700683594	4.4079999923706055	4.400000095367432	0.039505716413259506	0.04290122538805008	0.04164564609527588	-0.06470181924451604	0.06470181924451604	-0.28203797340393066	0.7790259718894958	717.0	0.8175039887428284	83	-0.10360812761987023	0.10360812761987023	0.35127885387007657	False	True	0.9957783970674465	1.0	0.9989461140516944
PRO7-GTP	residue_cofactor	26	57	83	0	0.0	80	11.098230361938477	11.08033275604248	-0.017897605895996094	11.068500518798828	11.118000030517578	0.2613492012023926	0.2840544283390045	0.2756759226322174	-0.06455465086659619	0.06455465086659619	-0.2814905643463135	0.779442548751831	725.0	0.8790428042411804	83	-0.061409631550292436	0.061409631550292436	0.581287816799334	False	True	0.9957783970674465	1.0	0.9989461140516944
PRO166-GTP	residue_cofactor	25	51	76	7	0.08433734939759036	76	25.066078186035156	25.047021865844727	-0.019056320190429688	25.097999572753906	25.058000564575195	0.2199067771434784	0.336765319108963	0.30193278193473816	-0.06273376831636282	0.06273376831636282	-0.29552313685417175	0.7684966325759888	642.0	0.9647265076637268	76	-0.0596079215324765	0.0596079215324765	0.6090060854846506	False	True	0.9957783970674465	1.0	0.9989461140516944
PRO1301-GTP	residue_cofactor	26	57	83	0	0.0	80	20.999114990234375	21.02427864074707	0.025163650512695312	20.947999954223633	20.94700050354004	0.3602287173271179	0.4190424978733063	0.39952465891838074	0.06262933947990335	0.06262933947990335	0.2800876796245575	0.7804443836212158	765.5	0.8137137293815613	83	-0.05126247387209288	0.05126247387209288	0.6453414898825323	False	True	0.9957783970674465	1.0	0.9989461140516944
PRO152-GTP	residue_cofactor	26	57	83	0	0.0	79	6.555846691131592	6.569911956787109	0.014065265655517578	6.5395002365112305	6.545000076293945	0.2384519875049591	0.23530755937099457	0.23492906987667084	0.05953091767153601	0.05953091767153601	0.2502773702144623	0.8034427165985107	757.5	0.8751717805862427	83	-0.0025922536617386674	0.0025922536617386674	0.9814441325018611	False	True	0.9960591551434642	1.0	0.9999248155339959
PRO1246-GTP	residue_cofactor	26	53	79	4	0.04819277108433735	77	27.944114685058594	27.92106056213379	-0.023054122924804688	27.86949920654297	27.854999542236328	0.3751068115234375	0.4094656705856323	0.39622148871421814	-0.05784489011426814	0.05784489011426814	-0.24895863234996796	0.8043386936187744	665.0	0.8063130974769592	79	-0.05801157596499754	0.05801157596499754	0.6115742375350267	False	True	0.9960591551434642	1.0	0.9989461140516944
PRO85-GTP	residue_cofactor	26	57	83	0	0.0	81	6.852807998657227	6.832754611968994	-0.020053386688232422	6.815999984741211	6.831999778747559	0.4227924346923828	0.31188079714775085	0.3478701114654541	-0.057314039567634346	0.057314039567634346	-0.21647271513938904	0.8297799229621887	741.0	1.0	83	0.011645893751910587	0.011645893751910587	0.9167776465706877	False	True	0.9967336889505976	1.0	0.999490865311281
PRO1283-GTP	residue_cofactor	26	57	83	0	0.0	76	11.849422454833984	11.871386528015137	0.021964073181152344	11.891000747680664	11.911999702453613	0.47490864992141724	0.34418678283691406	0.3870003819465637	0.05642439163824114	0.05642439163824114	0.21181203424930573	0.8334020972251892	803.0	0.5459494590759277	83	-0.11856682237343949	0.11856682237343949	0.2857079838029247	False	True	0.9967336889505976	1.0	0.9989461140516944
PRO27-GTP	residue_cofactor	26	57	83	0	0.0	79	8.265422821044922	8.279245376586914	0.013822555541992188	8.27199935913086	8.251999855041504	0.14987914264202118	0.28502506017684937	0.24974146485328674	0.05502701231999574	0.05502701231999574	0.28889667987823486	0.7734147310256958	727.0	0.894551694393158	83	0.011667545282139861	0.011667545282139861	0.9166234766423941	False	True	0.9957783970674465	1.0	0.999490865311281
PRO1433-GTP	residue_cofactor	26	57	83	0	0.0	82	14.622732162475586	14.644684791564941	0.02195262908935547	14.603500366210938	14.711999893188477	0.29108595848083496	0.4438265860080719	0.40057694911956787	0.05448714080002786	0.05448714080002786	0.26790010929107666	0.7895565032958984	808.5	0.5106567740440369	83	0.05413811672206773	0.05413811672206773	0.6268973835097886	False	True	0.9957783970674465	1.0	0.9989461140516944
PRO79-GTP	residue_cofactor	26	57	83	0	0.0	79	9.653923034667969	9.642280578613281	-0.0116424560546875	9.668000221252441	9.677000045776367	0.2059561163187027	0.21828627586364746	0.21331319212913513	-0.05426265016723343	0.05426265016723343	-0.23438210785388947	0.8156232833862305	734.0	0.9491144418716431	83	-0.09961960819691595	0.09961960819691595	0.37022847442401163	False	True	0.9965745334601566	1.0	0.9989461140516944
PRO1393-GTP	residue_cofactor	26	57	83	0	0.0	76	14.74030876159668	14.729754447937012	-0.010554313659667969	14.710000038146973	14.71399974822998	0.18417589366436005	0.20184758305549622	0.19542276859283447	-0.05368942271170556	0.05368942271170556	-0.23486386239528656	0.815222442150116	707.5	0.7459313869476318	83	0.012734167556857842	0.012734167556857842	0.9090325046874201	False	True	0.9965745334601566	1.0	0.998977281373834
PRO68-GTP	residue_cofactor	26	57	83	0	0.0	78	7.396269798278809	7.3753862380981445	-0.020883560180664062	7.420000076293945	7.381999969482422	0.32632529735565186	0.4300474524497986	0.3985748589038849	-0.052090108453393576	0.052090108453393576	-0.24375209212303162	0.808218240737915	695.5	0.6586154699325562	83	-0.041991581858128374	0.041991581858128374	0.706228563942933	False	True	0.9961263074392288	1.0	0.9989461140516944
PRO1285-GTP	residue_cofactor	26	57	83	0	0.0	80	11.822769165039062	11.869648933410645	0.04687976837158203	11.653499603271484	11.595000267028809	0.7707445025444031	0.9714091420173645	0.9088589549064636	0.051280421951722464	0.051280421951722464	0.23616790771484375	0.8141034841537476	732.0	0.9334897398948669	83	0.05278449632749524	0.05278449632749524	0.6355517839097475	False	True	0.9965745334601566	1.0	0.9989461140516944
PRO1244-GTP	residue_cofactor	26	57	83	0	0.0	81	21.31557846069336	21.29505157470703	-0.020526885986328125	21.322500228881836	21.273000717163086	0.35008883476257324	0.42301565408706665	0.39957815408706665	-0.05106622905093508	0.05106622905093508	-0.23163163661956787	0.8176404237747192	725.0	0.879043459892273	83	-0.03769847488468204	0.03769847488468204	0.7350910645310438	False	True	0.9965745334601566	1.0	0.9989461140516944
PRO36-GTP	residue_cofactor	26	57	83	0	0.0	67	6.743692398071289	6.746456146240234	0.0027637481689453125	6.733500003814697	6.73799991607666	0.05882497504353523	0.05487782508134842	0.055797334760427475	0.04924389313835896	0.04924389313835896	0.20268811285495758	0.8402807712554932	780.0	0.7053964734077454	83	-0.00657198034524269	0.00657198034524269	0.9529790364955725	False	True	0.9967336889505976	1.0	0.9999248155339959
PRO1375-GTP	residue_cofactor	26	57	83	0	0.0	81	18.850383758544922	18.88689613342285	0.03651237487792969	18.945999145507812	18.937999725341797	0.7763649225234985	0.7285506129264832	0.7392842769622803	0.0490968050762682	0.0490968050762682	0.20255152881145477	0.8403822183609009	772.0	0.7645930647850037	83	0.06534679975692259	0.06534679975692259	0.5572461064662915	False	True	0.9967336889505976	1.0	0.9989461140516944
PRO32-GTP	residue_cofactor	26	57	83	0	0.0	76	4.388307571411133	4.395122528076172	0.0068149566650390625	4.4054999351501465	4.427999973297119	0.14888031780719757	0.13459837436676025	0.13834825158119202	0.04897265630959375	0.04897265630959375	0.19920723140239716	0.8430107831954956	757.0	0.8790390491485596	83	-0.07053676770808934	0.07053676770808934	0.5262996158090348	False	True	0.9967336889505976	1.0	0.9989461140516944
PRO70-GTP	residue_cofactor	26	57	83	0	0.0	80	15.771269798278809	15.800016403198242	0.028746604919433594	15.57699966430664	15.751999855041504	0.539240837097168	0.6224520802497864	0.5945000052452087	0.04807381503820708	0.04807381503820708	0.21437664330005646	0.8310393691062927	768.0	0.794722318649292	83	0.00019583874024679468	0.00019583874024679468	0.9985980240055481	False	True	0.9967336889505976	1.0	0.9999248155339959
PRO111-GTP	residue_cofactor	26	57	83	0	0.0	82	15.886307716369629	15.908228874206543	0.021921157836914062	15.937000274658203	15.873000144958496	0.5234709978103638	0.4320772588253021	0.4595041275024414	0.04742462533011671	0.04742462533011671	0.18650679290294647	0.8529630899429321	735.5	0.960847020149231	83	-0.06043831276557932	0.06043831276557932	0.5872914089476723	False	True	0.9967336889505976	1.0	0.9989461140516944
PRO143-GTP	residue_cofactor	26	57	83	0	0.0	78	8.466615676879883	8.46056079864502	-0.006054878234863281	8.440500259399414	8.444000244140625	0.1301620453596115	0.12862306833267212	0.12834151089191437	-0.046893607104277	0.046893607104277	-0.19729271531105042	0.8444318175315857	743.0	0.9882495403289795	83	-0.014050195169980807	0.014050195169980807	0.8996778495555386	False	True	0.9967336889505976	1.0	0.9989461140516944
PRO1296-GTP	residue_cofactor	26	57	83	0	0.0	80	22.094114303588867	22.04922866821289	-0.04488563537597656	21.79949951171875	21.791000366210938	0.9546545147895813	0.9855685830116272	0.9703875184059143	-0.04598474336798199	0.04598474336798199	-0.19665950536727905	0.8448919653892517	732.5	0.9373937845230103	83	-0.09892248964224395	0.09892248964224395	0.37360333396461093	False	True	0.9967336889505976	1.0	0.9989461140516944
PRO1419-GTP	residue_cofactor	26	57	83	0	0.0	81	13.188384056091309	13.174386024475098	-0.013998031616210938	13.218999862670898	13.159000396728516	0.3973912000656128	0.2942560911178589	0.32759928703308105	-0.04247794187937672	0.04247794187937672	-0.16064348816871643	0.8732249736785889	681.0	0.5590976476669312	83	-0.08342480726857153	0.08342480726857153	0.4533642184949174	False	True	0.9967336889505976	1.0	0.9989461140516944
PRO1446-GTP	residue_cofactor	26	57	83	0	0.0	81	21.40119171142578	21.414474487304688	0.01328277587890625	21.485000610351562	21.354999542236328	0.30364349484443665	0.3405938148498535	0.32767412066459656	0.040292473221776426	0.040292473221776426	0.17779581248760223	0.8595486283302307	719.0	0.8328161835670471	83	0.05770895123278373	0.05770895123278373	0.6043101071540173	False	True	0.9967336889505976	1.0	0.9989461140516944
PRO14-GTP	residue_cofactor	26	57	83	0	0.0	77	2.4346537590026855	2.4302453994750977	-0.004408359527587891	2.428999900817871	2.444000005722046	0.10916774719953537	0.11050941050052643	0.10944301635026932	-0.04003952130685578	0.04003952130685578	-0.16997767984867096	0.8657267689704895	740.0	0.9960830211639404	83	-0.023702619775252166	0.023702619775252166	0.8315639985373843	False	True	0.9967336889505976	1.0	0.9989461140516944
PRO88-GTP	residue_cofactor	26	57	83	0	0.0	79	9.274577140808105	9.252702713012695	-0.021874427795410156	9.076000213623047	9.119000434875488	0.663025975227356	0.49364227056503296	0.5482217669487	-0.03966492186360903	0.03966492186360903	-0.15029458701610565	0.8813239336013794	830.0	0.38489148020744324	83	0.007803303826917801	0.007803303826917801	0.944182212075918	False	True	0.9967336889505976	1.0	0.9999248155339959
PRO1413-GTP	residue_cofactor	26	57	83	0	0.0	78	22.374422073364258	22.388086318969727	0.01366424560546875	22.401500701904297	22.357999801635742	0.3247727155685425	0.3595726788043976	0.3471249043941498	0.039131787004076865	0.039131787004076865	0.17181125283241272	0.8642361760139465	752.0	0.9178894758224487	83	0.017124159956248542	0.017124159956248542	0.8778827216545436	False	True	0.9967336889505976	1.0	0.9989461140516944
PRO142-GTP	residue_cofactor	26	57	83	0	0.0	81	10.617654800415039	10.624034881591797	0.0063800811767578125	10.594999313354492	10.595999717712402	0.13413771986961365	0.174832284450531	0.16238559782505035	0.039062802534279246	0.039062802534279246	0.18204396963119507	0.8561410307884216	738.0	0.9804174900054932	83	0.04209421745875248	0.04209421745875248	0.7055434059101322	False	True	0.9967336889505976	1.0	0.9989461140516944
PRO74-GTP	residue_cofactor	26	57	83	0	0.0	83	16.84646224975586	16.824981689453125	-0.021480560302734375	16.841999053955078	16.81599998474121	0.5509614944458008	0.5761518478393555	0.5651079416275024	-0.0377821860030124	0.0377821860030124	-0.16238225996494293	0.8716521859169006	716.0	0.8099092245101929	83	0.016918951393791664	0.016918951393791664	0.8793350560397288	False	True	0.9967336889505976	1.0	0.9989461140516944
PRO1320-GTP	residue_cofactor	26	57	83	0	0.0	82	20.212268829345703	20.196544647216797	-0.01572418212890625	20.198999404907227	20.23900032043457	0.4286942183971405	0.41156333684921265	0.41444069147109985	-0.0377176487716706	0.0377176487716706	-0.15692773461341858	0.8759775161743164	725.5	0.8829172849655151	83	0.012931630043615222	0.012931630043615222	0.9076280704022046	False	True	0.9967336889505976	1.0	0.998977281373834
PRO30-GTP	residue_cofactor	26	57	83	0	0.0	77	2.327038526535034	2.3376665115356445	0.010627985000610352	2.254499912261963	2.3450000286102295	0.3176145553588867	0.270370215177536	0.2840816378593445	0.03718920832043232	0.03718920832043232	0.14791913330554962	0.8831111192703247	782.5	0.6872730851173401	83	-0.007395942038378412	0.007395942038378412	0.9470917998330708	False	True	0.9967336889505976	1.0	0.9999248155339959
PRO1245-GTP	residue_cofactor	26	57	83	0	0.0	83	25.65388298034668	25.638702392578125	-0.015180587768554688	25.59749984741211	25.569000244140625	0.4030963182449341	0.4108607769012451	0.40604352951049805	-0.03716936241932292	0.03716936241932292	-0.15817400813102722	0.8749650120735168	728.0	0.9023240208625793	83	-0.04413773629674624	0.04413773629674624	0.691951017136033	False	True	0.9967336889505976	1.0	0.9989461140516944
PRO1344-GTP	residue_cofactor	23	54	77	6	0.07228915662650602	74	24.569738388061523	24.578943252563477	0.009204864501953125	24.53700065612793	24.619998931884766	0.21297593414783478	0.26938602328300476	0.25249823927879333	0.03622063904023508	0.03622063904023508	0.1598494052886963	0.8736172318458557	644.5	0.7979604005813599	77	0.016640738170160648	0.016640738170160648	0.8857820572937384	False	True	0.9967336889505976	1.0	0.9989461140516944
PRO1350-GTP	residue_cofactor	26	57	83	0	0.0	81	20.33403778076172	20.35527992248535	0.021242141723632812	20.320999145507812	20.18400001525879	0.4289165139198303	0.648590624332428	0.5860658288002014	0.036029342322961684	0.036029342322961684	0.17667514085769653	0.8602719306945801	671.0	0.4950087070465088	83	-0.026859971773448964	0.026859971773448964	0.8095254062718333	False	True	0.9967336889505976	1.0	0.9989461140516944
PRO159-GTP	residue_cofactor	26	57	83	0	0.0	79	14.57011604309082	14.576104164123535	0.005988121032714844	14.588000297546387	14.548999786376953	0.17104724049568176	0.16705578565597534	0.1672918200492859	0.03559045228032217	0.03559045228032217	0.14901158213615417	0.882175624370575	723.0	0.8635789752006531	83	-0.05835526445133694	0.05835526445133694	0.600260478570067	False	True	0.9967336889505976	1.0	0.9989461140516944
PRO44-GTP	residue_cofactor	26	57	83	0	0.0	81	18.553422927856445	18.536035537719727	-0.01738739013671875	18.50149917602539	18.517000198364258	0.4829009473323822	0.49314215779304504	0.48707473278045654	-0.03548515287754219	0.03548515287754219	-0.15113499760627747	0.8804841041564941	737.0	0.9725871682167053	83	0.04681431783501177	0.04681431783501177	0.6742946909042006	False	True	0.9967336889505976	1.0	0.9989461140516944
PRO123-GTP	residue_cofactor	26	57	83	0	0.0	79	10.158807754516602	10.147351264953613	-0.011456489562988281	10.172500610351562	10.137999534606934	0.2950325310230255	0.33953315019607544	0.3244936764240265	-0.03509558029010777	0.03509558029010777	-0.15633273124694824	0.876339852809906	726.5	0.8906702995300293	83	-0.049846448106950506	0.049846448106950506	0.6545039459604866	False	True	0.9967336889505976	1.0	0.9989461140516944
PRO28-GTP	residue_cofactor	26	57	83	0	0.0	74	2.7493460178375244	2.7446491718292236	-0.004696846008300781	2.7820000648498535	2.755000114440918	0.16126099228858948	0.12150184065103531	0.13422009348869324	-0.03478547508629804	0.03478547508629804	-0.13236114382743835	0.8953884840011597	596.5	0.15739531815052032	83	0.015756336009501562	0.015756336009501562	0.887570686679485	False	True	0.9967336889505976	1.0	0.9989461140516944
PRO1227-GTP	residue_cofactor	26	57	83	0	0.0	82	23.890653610229492	23.86708641052246	-0.02356719970703125	23.95050048828125	23.86400032043457	0.7802435159683228	0.6457242369651794	0.6859136819839478	-0.034151568794784995	0.034151568794784995	-0.1344401091337204	0.8937081098556519	724.5	0.8751737475395203	83	-0.0003664348296400173	0.0003664348296400173	0.9973767591375872	False	True	0.9967336889505976	1.0	0.9999248155339959
PRO153-GTP	residue_cofactor	26	57	83	0	0.0	78	11.366806983947754	11.37596607208252	0.009159088134765625	11.412500381469727	11.340999603271484	0.2733820676803589	0.27315714955329895	0.271589070558548	0.03351538316401728	0.03351538316401728	0.1416051983833313	0.8879787921905518	718.5	0.8289849162101746	83	0.019108485657376058	0.019108485657376058	0.8638604439192497	False	True	0.9967336889505976	1.0	0.9989461140516944
PRO1275-GTP	residue_cofactor	26	57	83	0	0.0	79	6.625307559967041	6.620596408843994	-0.004711151123046875	6.621500015258789	6.607999801635742	0.1462438702583313	0.1537299007177353	0.1505485624074936	-0.03110580935935715	0.03110580935935715	-0.13393904268741608	0.8939800262451172	736.0	0.9647590517997742	83	-0.03481754121646309	0.03481754121646309	0.7546703895659387	False	True	0.9967336889505976	1.0	0.9989461140516944
PRO137-GTP	residue_cofactor	26	57	83	0	0.0	82	18.555269241333008	18.578474044799805	0.023204803466796875	18.4064998626709	18.527000427246094	0.7740777730941772	0.7487044930458069	0.7520767450332642	0.030668385867561244	0.030668385867561244	0.1279703825712204	0.8987176418304443	758.0	0.8713064193725586	83	-0.010679457389535445	0.010679457389535445	0.9236622105087835	False	True	0.9971128008946156	1.0	0.999490865311281
PRO1396-GTP	residue_cofactor	26	57	83	0	0.0	77	15.899190902709961	15.892561912536621	-0.006628990173339844	15.889999389648438	15.914999961853027	0.14849446713924408	0.24295350909233093	0.21689407527446747	-0.03038856810762978	0.03038856810762978	-0.15273800492286682	0.8790202736854553	739.0	0.9882494807243347	83	-0.021369257631733495	0.021369257631733495	0.8479360214604914	False	True	0.9967336889505976	1.0	0.9989461140516944
PRO1443-GTP	residue_cofactor	26	57	83	0	0.0	80	19.23642349243164	19.246475219726562	0.010051727294921875	19.177000045776367	19.263999938964844	0.40172621607780457	0.33206096291542053	0.35288384556770325	0.02830999081152385	0.02830999081152385	0.11140057444572449	0.9118393063545227	778.0	0.7200695276260376	83	0.05855433502106046	0.05855433502106046	0.5990155854132948	False	True	0.9978525301245862	1.0	0.9989461140516944
PRO1389-GTP	residue_cofactor	26	57	83	0	0.0	79	11.987845420837402	11.981561660766602	-0.006283760070800781	11.944000244140625	11.970000267028809	0.2342885583639145	0.2256949543952942	0.22700390219688416	-0.02751865996684106	0.02751865996684106	-0.11463260650634766	0.9092257022857666	752.5	0.9139947295188904	83	0.05957543889466503	0.05957543889466503	0.5926482212078338	False	True	0.9978525301245862	1.0	0.9989461140516944
PRO164-GTP	residue_cofactor	26	57	83	0	0.0	79	24.35626983642578	24.361858367919922	0.005588531494140625	24.361000061035156	24.365999221801758	0.1925239861011505	0.20948660373687744	0.20316803455352783	0.027350734480662182	0.027350734480662182	0.11926990002393723	0.905517041683197	733.0	0.9412990808486938	83	-0.032238123403611624	0.032238123403611624	0.7723332302822825	False	True	0.997660589636902	1.0	0.9989461140516944
PRO1385-GTP	residue_cofactor	26	57	83	0	0.0	82	14.04488468170166	14.054737091064453	0.009852409362792969	14.145999908447266	13.968999862670898	0.3935657739639282	0.36127302050590515	0.3692956566810608	0.026517239262709106	0.026517239262709106	0.1084895059466362	0.9140902757644653	756.0	0.8867932558059692	83	0.08308875248643902	0.08308875248643902	0.455192013722474	False	True	0.9978525301245862	1.0	0.9989461140516944
PRO45-GTP	residue_cofactor	26	57	83	0	0.0	81	22.48900032043457	22.475383758544922	-0.013616561889648438	22.476499557495117	22.42799949645996	0.5486319065093994	0.5064047574996948	0.5166637897491455	-0.02619122081374279	0.02619122081374279	-0.10739409923553467	0.9149519801139832	744.5	0.9765020608901978	83	0.07804519675459982	0.07804519675459982	0.4831075839209022	False	True	0.9978525301245862	1.0	0.9989461140516944
PRO1391-GTP	residue_cofactor	26	57	83	0	0.0	79	6.9217305183410645	6.928421497344971	0.00669097900390625	6.857500076293945	6.890999794006348	0.23529687523841858	0.2756645679473877	0.2622698247432709	0.025354792935264707	0.025354792935264707	0.11370761692523956	0.9098742604255676	739.5	0.99216628074646	83	-0.062044181844128056	0.062044181844128056	0.5773810253927888	False	True	0.9978525301245862	1.0	0.9989461140516944
PRO46-GTP	residue_cofactor	26	57	83	0	0.0	79	19.737117767333984	19.72859764099121	-0.008520126342773438	19.737998962402344	19.695999145507812	0.32164931297302246	0.3450022041797638	0.3359231650829315	-0.025206929271185598	0.025206929271185598	-0.10938217490911484	0.9133222699165344	735.5	0.9608464241027832	83	0.03297583972936143	0.03297583972936143	0.7672693655024548	False	True	0.9978525301245862	1.0	0.9989461140516944
PRO1416-GTP	residue_cofactor	26	57	83	0	0.0	81	15.232576370239258	15.244333267211914	0.01175689697265625	15.177999496459961	15.27299976348877	0.47758105397224426	0.48166438937187195	0.4775010347366333	0.024471925019199408	0.024471925019199408	0.10374463349580765	0.9177963733673096	738.5	0.9843334555625916	83	0.055045083478277836	0.055045083478277836	0.6211266456316401	False	True	0.9978525301245862	1.0	0.9989461140516944
PRO140-GTP	residue_cofactor	26	57	83	0	0.0	78	16.889230728149414	16.886384963989258	-0.00284576416015625	16.877500534057617	16.878000259399414	0.13289527595043182	0.14166037738323212	0.13817019760608673	-0.020464552158015913	0.020464552158015913	-0.08861313760280609	0.9297332167625427	719.0	0.8328136205673218	83	0.0019882444223261846	0.0019882444223261846	0.9857672323883409	False	True	0.9981254135511748	1.0	0.9999248155339959
PRO51-GTP	residue_cofactor	26	57	83	0	0.0	80	22.641925811767578	22.650684356689453	0.008758544921875	22.829999923706055	22.687999725341797	0.43628326058387756	0.44184499979019165	0.43746301531791687	0.019905424493024283	0.019905424493024283	0.08449093252420425	0.9330098628997803	759.0	0.8635796308517456	83	0.012568022962395665	0.012568022962395665	0.9102144096188173	False	True	0.9981254135511748	1.0	0.998977281373834
PRO150-GTP	residue_cofactor	26	57	83	0	0.0	82	6.635961532592773	6.632351398468018	-0.0036101341247558594	6.541999816894531	6.5970001220703125	0.19198325276374817	0.20677021145820618	0.20109127461910248	-0.01784609225271259	0.01784609225271259	-0.07754021883010864	0.9384915828704834	735.0	0.9569353461265564	83	-0.061551910598526875	0.061551910598526875	0.5804107801894659	False	True	0.9983808211228	1.0	0.9989461140516944
PRO84-GTP	residue_cofactor	26	57	83	0	0.0	79	7.006960868835449	7.010701656341553	0.0037407875061035156	7.020999908447266	7.001999855041504	0.19164416193962097	0.23050659894943237	0.21791420876979828	0.017059324119587767	0.017059324119587767	0.07725276052951813	0.9386898279190063	756.5	0.8829141855239868	83	-0.050361363225952145	0.050361363225952145	0.6511661608739937	False	True	0.9983808211228	1.0	0.9989461140516944
PRO119-GTP	residue_cofactor	26	57	83	0	0.0	67	1.7238075733184814	1.7231929302215576	-0.0006146430969238281	1.7254999876022339	1.722000002861023	0.04067039489746094	0.035829175263643265	0.03716273605823517	-0.01644028616063664	0.01644028616063664	-0.06622476130723953	0.9475029706954956	754.0	0.9023138284683228	83	0.06703270747038875	0.06703270747038875	0.5470987644224944	False	True	0.9987588593548397	1.0	0.9989461140516944
PRO1449-GTP	residue_cofactor	24	54	78	5	0.060240963855421686	73	24.444168090820312	24.439184188842773	-0.0049839019775390625	24.46649932861328	24.474998474121094	0.2360953986644745	0.33151692152023315	0.3038142919540405	-0.016290270735547313	0.016290270735547313	-0.07549814134836197	0.9400665163993835	652.5	0.9654576182365417	78	-0.006585404830449931	0.006585404830449931	0.9543681019496228	False	True	0.9985677717110274	1.0	0.9999248155339959
PRO1261-GTP	residue_cofactor	26	57	83	0	0.0	80	16.143268585205078	16.136316299438477	-0.0069522857666015625	16.114500045776367	16.159000396728516	0.36924242973327637	0.4936458468437195	0.45606738328933716	-0.015153893924051122	0.015153893924051122	-0.0712575614452362	0.9434165954589844	714.0	0.794722318649292	83	-0.06270681846252829	0.06270681846252829	0.5733143133185377	False	True	0.9987331536356941	1.0	0.9989461140516944
PRO52-GTP	residue_cofactor	26	57	83	0	0.0	76	21.14338493347168	21.145648956298828	0.0022640228271484375	21.137500762939453	21.167999267578125	0.15553942322731018	0.17014041543006897	0.16476069390773773	0.013660256319941883	0.013660256319941883	0.05969672650098801	0.9526228308677673	743.0	0.9882493019104004	83	0.058965457858886586	0.058965457858886586	0.596448260167458	False	True	0.9987588593548397	1.0	0.9989461140516944
PRO127-GTP	residue_cofactor	26	57	83	0	0.0	81	13.998692512512207	13.99177074432373	-0.0069217681884765625	13.895000457763672	13.84000015258789	0.46524882316589355	0.5619745850563049	0.5307372808456421	-0.012959727284860523	0.012959727284860523	-0.05878187716007233	0.9533282518386841	672.5	0.5043653845787048	83	-0.025138284613058514	0.025138284613058514	0.8215257237733086	False	True	0.9987588593548397	1.0	0.9989461140516944
PRO131-GTP	residue_cofactor	26	57	83	0	0.0	80	17.713848114013672	17.71019172668457	-0.0036563873291015625	17.73150062561035	17.604000091552734	0.23475220799446106	0.31891894340515137	0.29370787739753723	-0.012362370548749693	0.012362370548749693	-0.05851953849196434	0.9535159468650818	698.5	0.6800710558891296	83	-0.036649691031492154	0.036649691031492154	0.7421999936002991	False	True	0.9987588593548397	1.0	0.9989461140516944
PRO6-GTP	residue_cofactor	26	57	83	0	0.0	79	13.498616218566895	13.496419906616211	-0.0021963119506835938	13.505000114440918	13.496000289916992	0.18608061969280243	0.18722577393054962	0.18573294579982758	-0.011742357718982842	0.011742357718982842	-0.04977826401591301	0.9605023860931396	739.5	0.99216628074646	83	-0.04826296328308962	0.04826296328308962	0.6648107289140869	False	True	0.9989373890039392	1.0	0.9989461140516944
PRO76-GTP	residue_cofactor	26	57	83	0	0.0	81	18.60207748413086	18.60478973388672	0.002712249755859375	18.600000381469727	18.62299919128418	0.2397737056016922	0.24537403881549835	0.24217230081558228	0.011132494188462341	0.011132494188462341	0.04744845628738403	0.9623465538024902	772.0	0.7645930647850037	83	-0.026635178117071473	0.026635178117071473	0.8110898098290463	False	True	0.999020209732296	1.0	0.9989461140516944
PRO1242-GTP	residue_cofactor	26	57	83	0	0.0	81	23.75169563293457	23.747333526611328	-0.0043621063232421875	23.739500045776367	23.739999771118164	0.4160507917404175	0.4070587754249573	0.4073534309864044	-0.010634779448080637	0.010634779448080637	-0.0446029007434845	0.9646106362342834	730.5	0.9217878580093384	83	-0.04481688426608833	0.04481688426608833	0.687454910545364	False	True	0.9991999192136538	1.0	0.9989461140516944
PRO56-GTP	residue_cofactor	26	57	83	0	0.0	73	9.656192779541016	9.6568603515625	0.000667572021484375	9.663999557495117	9.666999816894531	0.07982585579156876	0.07239602506160736	0.07431134581565857	0.00892747797743659	0.00892747797743659	0.036363136023283005	0.9711555242538452	737.0	0.9725857377052307	83	0.03471904604322861	0.03471904604322861	0.755342603445134	False	True	0.9991999192136538	1.0	0.9989461140516944
PRO1340-GTP	residue_cofactor	26	57	83	0	0.0	78	23.65407371520996	23.656877517700195	0.002803802490234375	23.63450050354004	23.732999801635742	0.34900057315826416	0.30597934126853943	0.3179216682910919	0.008753949209766862	0.008753949209766862	0.03524862602353096	0.9720437526702881	753.5	0.90621018409729	83	0.015243713045288104	0.015243713045288104	0.8912058001346279	False	True	0.9991999192136538	1.0	0.9989461140516944
PRO128-GTP	residue_cofactor	26	57	83	0	0.0	81	18.055383682250977	18.058807373046875	0.0034236907958984375	17.96500015258789	17.964000701904297	0.37023332715034485	0.437036395072937	0.41500914096832275	0.008196304704084117	0.008196304704084117	0.036869511008262634	0.9707186222076416	717.5	0.8213427066802979	83	-0.030125884704597088	0.030125884704597088	0.7868841826233774	False	True	0.9991999192136538	1.0	0.9989461140516944
PRO8-GTP	residue_cofactor	26	57	83	0	0.0	78	6.4083075523376465	6.408982753753662	0.000675201416015625	6.398499965667725	6.392000198364258	0.09912490099668503	0.08864263445138931	0.09144321829080582	0.007333448091583542	0.007333448091583542	0.029730871319770813	0.976416289806366	748.0	0.9491141438484192	83	-0.04259086350730699	0.04259086350730699	0.7022312948971725	False	True	0.9994249154576559	1.0	0.9989461140516944
PRO34-GTP	residue_cofactor	26	57	83	0	0.0	81	4.588654041290283	4.589929580688477	0.0012755393981933594	4.616499900817871	4.631999969482422	0.22735115885734558	0.1965309977531433	0.20527231693267822	0.006177972003184548	0.006177972003184548	0.02470545656979084	0.9804049134254456	717.0	0.8175265192985535	83	0.010031374940269656	0.010031374940269656	0.9282821063622366	False	True	0.9997317338628429	1.0	0.999490865311281
PRO18-GTP	residue_cofactor	26	57	83	0	0.0	70	1.8761155605316162	1.8764209747314453	0.00030541419982910156	1.8589999675750732	1.8769999742507935	0.05328213796019554	0.049191657453775406	0.050180915743112564	0.006053746666084465	0.006053746666084465	0.024801360443234444	0.9803225994110107	764.0	0.8251513242721558	83	-0.02205731615800261	0.02205731615800261	0.8431012364032948	False	True	0.9997317338628429	1.0	0.9989461140516944
PRO1390-GTP	residue_cofactor	26	57	83	0	0.0	80	4.904269218444824	4.905316352844238	0.0010471343994140625	4.878999710083008	4.85699987411499	0.22783426940441132	0.23703652620315552	0.23280276358127594	0.004467938768044862	0.004467938768044862	0.019174927845597267	0.9847773909568787	735.0	0.9569348692893982	83	0.07306880063235971	0.07306880063235971	0.5115209876852873	False	True	0.9997758910727949	1.0	0.9989461140516944
PRO1403-GTP	residue_cofactor	26	57	83	0	0.0	82	19.25446128845215	19.257160186767578	0.0026988983154296875	19.19900131225586	19.391000747680664	0.7077425718307495	0.8034409880638123	0.7704259157180786	0.003478441334813947	0.003478441334813947	0.015431038103997707	0.9877445697784424	753.0	0.9101030230522156	83	-0.01635666002869136	0.01635666002869136	0.8833166211101408	False	True	0.999809999121447	1.0	0.9989461140516944
PRO1351-GTP	residue_cofactor	23	54	77	6	0.07228915662650602	76	23.796480178833008	23.79857635498047	0.0020961761474609375	23.875	23.86600112915039	0.7249108552932739	0.772813081741333	0.7540652751922607	0.002761333362299484	0.002761333362299484	0.011383583769202232	0.990968644618988	628.5	0.9379010200500488	77	-0.10626934846757026	0.10626934846757026	0.3576430025296757	False	True	0.9998625312953475	1.0	0.9989461140516944
PRO1405-GTP	residue_cofactor	26	57	83	0	0.0	83	22.889616012573242	22.890684127807617	0.001068115234375	22.867000579833984	22.97599983215332	0.8194215297698975	0.9134427309036255	0.8800738453865051	0.0012068980631658385	0.0012068980631658385	0.005309916101396084	0.9957829713821411	765.0	0.8175284266471863	83	-0.023722771037228634	0.023722771037228634	0.8314229086735024	False	True	0.9998625312953475	1.0	0.9989461140516944
PRO1337-GTP	residue_cofactor	2	4	6	77	0.927710843373494	6	27.48200035095215	26.908000946044922	-0.5739994049072266	27.48200035095215	26.883499145507812	0.101824089884758	0.16040156781673431	0.32460930943489075	-3.8797507695625715	3.8797507695625715	-5.3257246017456055	0.009960045106709003	0.0	0.13333334028720856	6	-0.8913976150531105	0.8913976150531105	0.017051262803349603	False	False	0.930015647179441	1.0	0.8645224111486325
PRO1315-GTP	residue_cofactor	2	7	9	74	0.891566265060241	9	33.550498962402344	33.093997955322266	-0.4565010070800781	33.550498962402344	33.02399826049805	0.1902124434709549	0.3372761309146881	0.3610539138317108	-1.4246677731777952	1.4246677731777952	-2.463397264480591	0.08587399870157242	2.0	0.2222222238779068	9	-0.49535741393557886	0.49535741393557886	0.1751135748050351	False	False	0.9638175234811935	1.0	0.9989461140516944
PRO1311-GTP	residue_cofactor	3	16	19	64	0.7710843373493976	19	34.77499771118164	34.39312744140625	-0.3818702697753906	34.67100143432617	34.44300079345703	0.25166863203048706	0.3330936133861542	0.3463582992553711	-1.1765342232418874	1.1765342232418874	-2.280205488204956	0.09471601247787476	8.0	0.084623321890831	19	-0.3999906301913876	0.3999906301913876	0.08972696198290292	False	False	0.9663256051530921	1.0	0.9810356707930044
PRO1317-GTP	residue_cofactor	4	22	26	57	0.6867469879518072	25	27.744749069213867	27.375272750854492	-0.369476318359375	27.677000045776367	27.404998779296875	0.4581325948238373	0.3129836618900299	0.35489925742149353	-1.1042736773246147	1.1042736773246147	-1.5485981702804565	0.2057194709777832	19.0	0.08160703629255295	26	-0.3238496542954048	0.3238496542954048	0.10654033579213083	False	False	0.986533064348399	1.0	0.9917079134645735
PRO1318-GTP	residue_cofactor	4	22	26	57	0.6867469879518072	26	26.109500885009766	25.839820861816406	-0.2696800231933594	26.095001220703125	25.922500610351562	0.28449422121047974	0.44097909331321716	0.42767664790153503	-0.6351678402981967	0.6351678402981967	-1.5816140174865723	0.1645846962928772	29.0	0.3161204159259796	26	-0.18371522410953234	0.18371522410953234	0.3689847547928297	False	False	0.9742525803245612	1.0	0.9989461140516944
PRO1252-GTP	residue_cofactor	20	35	55	28	0.3373493975903614	53	28.54490089416504	28.355541229248047	-0.1893596649169922	28.470001220703125	28.434999465942383	0.31329047679901123	0.32440701127052307	0.3305263817310333	-0.5908801725124098	0.5908801725124098	-2.128523588180542	0.03937298431992531	255.5	0.10002823919057846	55	-0.26760145785570266	0.26760145785570266	0.04824690320768559	False	False	0.9587301796840831	1.0	0.9502007337353028
PRO167-GTP	residue_cofactor	13	33	46	37	0.4457831325301205	45	27.532154083251953	27.287212371826172	-0.24494171142578125	27.520000457763672	27.298999786376953	0.3063806891441345	0.4966866374015808	0.4614057242870331	-0.5409635948715058	0.5409635948715058	-2.020493268966675	0.05093558877706528	135.5	0.05547715723514557	46	-0.1796659301518385	0.1796659301518385	0.2321768787930308	False	False	0.9588744675925858	1.0	0.9989461140516944
PRO1219-GTP	residue_cofactor	13	19	32	51	0.6144578313253012	32	33.86292266845703	33.37663269042969	-0.48628997802734375	33.83300018310547	33.24599838256836	1.032214641571045	0.809276819229126	0.9228225946426392	-0.537299213479714	0.537299213479714	-1.425163984298706	0.1683601438999176	88.0	0.17929480969905853	32	-0.24360730276840142	0.24360730276840142	0.17908805812209874	False	False	0.9750800847427489	1.0	0.9989461140516944
PRO1255-GTP	residue_cofactor	21	36	57	26	0.3132530120481928	57	26.108665466308594	25.950111389160156	-0.1585540771484375	26.03700065612793	25.957000732421875	0.2770041823387146	0.31473273038864136	0.3086562156677246	-0.5257851602681186	0.5257851602681186	-1.9810830354690552	0.05352366715669632	266.0	0.06510293483734131	57	-0.26886837194476204	0.26886837194476204	0.043140561450574474	False	False	0.9588744675925858	1.0	0.9465432512385357
PRO1345-GTP	residue_cofactor	3	11	14	69	0.8313253012048193	14	26.415334701538086	26.284090042114258	-0.13124465942382812	26.382999420166016	26.225000381469727	0.0852307379245758	0.3081696033477783	0.2780168950557709	-0.4629951501122494	0.4629951501122494	-1.2482560873031616	0.23620261251926422	9.0	0.29120880365371704	14	-0.305682100165883	0.305682100165883	0.28785883591004113	False	False	0.9912362505146536	1.0	0.9989461140516944
PRO1348-GTP	residue_cofactor	3	11	14	69	0.8313253012048193	13	25.992332458496094	25.875452041625977	-0.11688041687011719	25.94499969482422	25.906999588012695	0.08198385685682297	0.2796345055103302	0.25231197476387024	-0.45397681374382975	0.45397681374382975	-1.2088048458099365	0.2508888244628906	9.0	0.27522969245910645	14	-0.38712823439131816	0.38712823439131816	0.17147086946166132	False	False	0.9944829724779065	1.0	0.9989461140516944
PRO1349-GTP	residue_cofactor	4	14	18	65	0.7831325301204819	18	26.089500427246094	25.884214401245117	-0.20528602600097656	26.09749984741211	25.809999465942383	0.24508604407310486	0.4944957494735718	0.453103631734848	-0.44803439706533527	0.44803439706533527	-1.1390210390090942	0.2795584797859192	19.0	0.3816993534564972	18	-0.2886420259522096	0.2886420259522096	0.24538869243370606	False	False	0.995292243194119	1.0	0.9989461140516944
PRO1254-GTP	residue_cofactor	21	38	59	24	0.2891566265060241	58	25.62923812866211	25.498554229736328	-0.13068389892578125	25.608999252319336	25.538000106811523	0.2339983880519867	0.3228060007095337	0.29889562726020813	-0.44343883728708494	0.44343883728708494	-1.7867408990859985	0.07973302155733109	321.5	0.22283682227134705	59	-0.25606764867634757	0.25606764867634757	0.05027902789313208	False	False	0.9634963037579495	1.0	0.9502007337353028
PRO1222-GTP	residue_cofactor	21	35	56	27	0.3253012048192771	56	29.028099060058594	28.749601364135742	-0.27849769592285156	28.840999603271484	28.66200065612793	0.6912673711776733	0.6613330841064453	0.6801774501800537	-0.4140732101782917	0.4140732101782917	-1.483327031135559	0.14567825198173523	273.0	0.11163660138845444	56	-0.1976710433918597	0.1976710433918597	0.14420098864471073	False	False	0.9683855434496702	1.0	0.9989461140516944
PRO1223-GTP	residue_cofactor	23	44	67	16	0.1927710843373494	66	28.418350219726562	28.18768310546875	-0.2306671142578125	28.399999618530273	28.125999450683594	0.694394588470459	0.5606869459152222	0.6145904064178467	-0.378614821347845	0.378614821347845	-1.3758172988891602	0.1770768016576767	393.5	0.1391402631998062	67	-0.12261986139975953	0.12261986139975953	0.32289062484246844	False	False	0.9779876924357721	1.0	0.9989461140516944
PRO1304-GTP	residue_cofactor	19	48	67	16	0.1927710843373494	66	24.65563201904297	24.853750228881836	0.1981182098388672	24.746999740600586	24.80150032043457	0.43639859557151794	0.5809818506240845	0.5480909943580627	0.36365409547907446	0.36365409547907446	1.5170259475708008	0.13643696904182434	523.5	0.3513343036174774	67	0.11069902263702182	0.11069902263702182	0.37249820062645755	False	False	0.9683855434496702	1.0	0.9989461140516944
PRO1221-GTP	residue_cofactor	23	42	65	18	0.21686746987951808	60	27.045866012573242	26.812448501586914	-0.23341751098632812	27.10099983215332	26.945499420166016	0.7343200445175171	0.6303901672363281	0.6727479100227356	-0.3491547208548372	0.3491547208548372	-1.2867488861083984	0.2056053727865219	377.0	0.14776837825775146	65	-0.18892341336300641	0.18892341336300641	0.13175830888239282	False	False	0.986533064348399	1.0	0.9976506504781092
PRO1310-GTP	residue_cofactor	5	28	33	50	0.6024096385542169	33	31.386199951171875	31.208858489990234	-0.17734146118164062	31.649999618530273	31.27400016784668	0.4645329713821411	0.5394190549850464	0.5259770154953003	-0.33438716276494085	0.33438716276494085	-0.7663555145263672	0.4720444083213806	51.0	0.36411669850349426	33	-0.22517060062886368	0.22517060062886368	0.20771072108184085	False	False	0.9957783970674465	1.0	0.9989461140516944
PRO1303-GTP	residue_cofactor	5	26	31	52	0.6265060240963856	30	29.119400024414062	29.26753807067871	0.14813804626464844	29.21299934387207	29.096500396728516	0.3572929799556732	0.4738221764564514	0.45516836643218994	0.32238432338822126	0.32238432338822126	0.8014307618141174	0.44910183548927307	75.0	0.6098530292510986	31	0.12453346459103475	0.12453346459103475	0.504462244032961	False	False	0.9957783970674465	1.0	0.9989461140516944
PRO1456-GTP	residue_cofactor	5	21	26	57	0.6867469879518072	26	24.899398803710938	25.045143127441406	0.14574432373046875	24.766000747680664	24.966999053955078	0.35823938250541687	0.47154462337493896	0.4492753744125366	0.3205778039711897	0.3205778039711897	0.7654297947883606	0.46677365899086	63.0	0.5270295143127441	26	0.026704693495771186	0.026704693495771186	0.896967078166345	False	False	0.9957783970674465	1.0	0.9989461140516944
PRO1251-GTP	residue_cofactor	17	33	50	33	0.39759036144578314	50	31.98964500427246	31.862363815307617	-0.12728118896484375	32.04399871826172	31.826000213623047	0.4202945828437805	0.4264766573905945	0.4244653582572937	-0.29989443479017186	0.29989443479017186	-1.0093224048614502	0.32019636034965515	243.0	0.44860076904296875	50	-0.20115806884115428	0.20115806884115428	0.16127646397499132	False	False	0.9957783970674465	1.0	0.9989461140516944
PRO1220-GTP	residue_cofactor	23	39	62	21	0.25301204819277107	61	30.48799705505371	30.306612014770508	-0.18138504028320312	30.51799964904785	30.319000244140625	0.7615530490875244	0.5352078080177307	0.6288185715675354	-0.288944078264916	0.288944078264916	-1.0052067041397095	0.3217034637928009	393.5	0.4270830452442169	62	-0.07957613282255542	0.07957613282255542	0.5386817287409716	False	False	0.9957783970674465	1.0	0.9989461140516944
PRO1306-GTP	residue_cofactor	8	28	36	47	0.5662650602409639	36	29.148500442504883	29.305286407470703	0.1567859649658203	29.297500610351562	29.297500610351562	0.4853561520576477	0.6311702728271484	0.5990014672279358	0.25956454638670545	0.25956454638670545	0.7502318620681763	0.46509891748428345	119.0	0.8084424138069153	36	0.015977574798372234	0.015977574798372234	0.9263103525966996	False	False	0.9957783970674465	1.0	0.999490865311281
PRO1453-GTP	residue_cofactor	22	47	69	14	0.1686746987951807	68	24.660545349121094	24.578174591064453	-0.08237075805664062	24.649499893188477	24.57200050354004	0.27381303906440735	0.34696102142333984	0.3257051408290863	-0.2528345266770236	0.2528345266770236	-1.066141128540039	0.29135966300964355	411.0	0.17432677745819092	69	-0.10298714690301652	0.10298714690301652	0.39973799180881825	False	False	0.995292243194119	1.0	0.9989461140516944
PRO1314-GTP	residue_cofactor	6	23	29	54	0.6506024096385542	29	27.112998962402344	26.89556312561035	-0.2174358367919922	27.39350128173828	26.715999603271484	1.4440807104110718	0.7548837661743164	0.910033643245697	-0.23577207256362231	0.23577207256362231	-0.3563384413719177	0.7343350052833557	58.0	0.5812007784843445	29	-0.13168467670638803	0.13168467670638803	0.49591895745156567	False	False	0.9957783970674465	1.0	0.9989461140516944
PRO1359-GTP	residue_cofactor	5	17	22	61	0.7349397590361446	22	27.171600341796875	27.07400131225586	-0.09759902954101562	27.45199966430664	27.191999435424805	0.5521583557128906	0.429315984249115	0.4474964737892151	-0.21378357440183762	0.21378357440183762	-0.36419156193733215	0.7292890548706055	34.0	0.5426445007324219	22	-0.08005266796968286	0.08005266796968286	0.723240059006572	False	False	0.9957783970674465	1.0	0.9989461140516944
PRO1352-GTP	residue_cofactor	3	11	14	69	0.8313253012048193	14	27.85966682434082	27.77899932861328	-0.08066749572753906	27.92300033569336	27.79800033569336	0.17008653283119202	0.42104431986808777	0.37682685256004333	-0.20653072787108143	0.20653072787108143	-0.5026099681854248	0.6271043419837952	12.0	0.5549450516700745	14	-0.19582151896821648	0.19582151896821648	0.5022665986649778	False	False	0.9957783970674465	1.0	0.9989461140516944
PRO1307-GTP	residue_cofactor	10	33	43	40	0.4819277108433735	43	26.034297943115234	26.382545471191406	0.3482475280761719	25.674999237060547	26.054000854492188	1.570944905281067	1.7701599597930908	1.7141737937927246	0.20148474084341347	0.20148474084341347	0.5957168936729431	0.559414803981781	189.0	0.49930891394615173	43	0.011024690280772598	0.011024690280772598	0.9440619270581642	False	False	0.9957783970674465	1.0	0.9999248155339959
PRO1354-GTP	residue_cofactor	4	12	16	67	0.8072289156626506	16	26.1825008392334	26.03474998474121	-0.1477508544921875	26.079500198364258	26.20199966430664	0.6767858862876892	0.7743526697158813	0.7319130301475525	-0.1958231753792536	0.1958231753792536	-0.36431387066841125	0.7283570170402527	21.0	0.7703296542167664	16	-0.17517358608847905	0.17517358608847905	0.516401037566376	False	False	0.9957783970674465	1.0	0.9989461140516944
PRO1460-GTP	residue_cofactor	3	11	14	69	0.8313253012048193	14	26.184667587280273	26.297819137573242	0.11315155029296875	26.47100067138672	26.422000885009766	0.6515341401100159	0.5720586180686951	0.5651196837425232	0.1930750511597266	0.1930750511597266	0.273430198431015	0.8028113842010498	17.0	1.0	14	-0.089070649106272	0.089070649106272	0.7620409905532831	False	False	0.9960203802147809	1.0	0.9989461140516944
PRO1316-GTP	residue_cofactor	2	8	10	73	0.8795180722891566	10	31.03350067138672	31.16412353515625	0.13062286376953125	31.03350067138672	31.31049919128418	0.7855956554412842	0.7038390636444092	0.6759508848190308	0.1828008326344453	0.1828008326344453	0.21459656953811646	0.8565816879272461	9.0	0.8888888955116272	10	-0.004619825818314233	0.004619825818314233	0.9898943467071207	False	False	0.9967336889505976	1.0	0.9999248155339959
PRO1312-GTP	residue_cofactor	4	13	17	66	0.7951807228915663	17	33.20425033569336	33.132694244384766	-0.07155609130859375	33.009498596191406	33.0880012512207	0.46074002981185913	0.39760318398475647	0.39918404817581177	-0.17410365138461167	0.17410365138461167	-0.28016871213912964	0.7918338179588318	23.0	0.7848739624023438	17	-0.0649322047779962	0.0649322047779962	0.8044512189874458	False	False	0.9957783970674465	1.0	0.9989461140516944
PRO1335-GTP	residue_cofactor	14	32	46	37	0.4457831325301205	45	24.88435935974121	24.8294677734375	-0.05489158630371094	24.863000869750977	24.833499908447266	0.33012840151786804	0.312175452709198	0.31507328152656555	-0.17283139515406926	0.17283139515406926	-0.5274612307548523	0.6027881503105164	197.5	0.5347898006439209	46	-0.13440108938178788	0.13440108938178788	0.373188903025735	False	False	0.9957783970674465	1.0	0.9989461140516944
PRO1313-GTP	residue_cofactor	7	32	39	44	0.5301204819277109	39	29.41428565979004	29.3283748626709	-0.08591079711914062	29.235000610351562	29.27349853515625	0.6084343791007996	0.502115786075592	0.5150184631347656	-0.16494846862538218	0.16494846862538218	-0.3485192656517029	0.7365702986717224	106.0	0.8439890146255493	39	-0.07624462368516881	0.07624462368516881	0.6445630318287646	False	False	0.9957783970674465	1.0	0.9989461140516944
PRO1226-GTP	residue_cofactor	26	48	74	9	0.10843373493975904	74	25.782499313354492	25.65714454650879	-0.12535476684570312	25.888500213623047	25.80350112915039	0.8404830694198608	0.7669614553451538	0.7901110649108887	-0.15802355182112968	0.15802355182112968	-0.6313320994377136	0.5308497548103333	545.0	0.37409043312072754	74	-0.13948367125508412	0.13948367125508412	0.23591438410240181	False	False	0.9957783970674465	1.0	0.9989461140516944
PRO1302-GTP	residue_cofactor	12	43	55	28	0.3373493975903614	53	27.558502197265625	27.622093200683594	0.06359100341796875	27.506000518798828	27.56399917602539	0.32962459325790405	0.45888301730155945	0.43198955059051514	0.14611533372297594	0.14611533372297594	0.5383768677711487	0.5952228903770447	273.5	0.759842038154602	55	0.0075200700545671436	0.0075200700545671436	0.9565447030510761	False	False	0.9957783970674465	1.0	0.9999248155339959
PRO1353-GTP	residue_cofactor	7	16	23	60	0.7228915662650602	23	25.52557373046875	25.671375274658203	0.14580154418945312	25.229999542236328	25.535499572753906	1.065887689590454	1.016759991645813	1.0096632242202759	0.14141477434060362	0.14141477434060362	0.30607691407203674	0.7652462124824524	61.0	0.7691642642021179	23	-0.08726036593237825	0.08726036593237825	0.692174984127431	False	False	0.9957783970674465	1.0	0.9989461140516944
PRO1309-GTP	residue_cofactor	15	45	60	23	0.27710843373493976	60	28.60926628112793	28.751022338867188	0.1417560577392578	28.160999298095703	28.74799919128418	1.1622838973999023	1.0280091762542725	1.054755449295044	0.13348299864031576	0.13348299864031576	0.4206860065460205	0.6781057119369507	384.0	0.43228188157081604	60	-0.06066807901744704	0.06066807901744704	0.6451774958531664	False	False	0.9957783970674465	1.0	0.9989461140516944
PRO1355-GTP	residue_cofactor	3	11	14	69	0.8313253012048193	14	29.25066566467285	29.34918212890625	0.09851646423339844	29.051000595092773	29.402999877929688	0.9769250154495239	0.719484806060791	0.7394501566886902	0.12820721125344892	0.12820721125344892	0.16302376985549927	0.8822272419929504	17.0	1.0	14	0.0003108948827811181	0.0003108948827811181	0.9991583979724227	False	False	0.9967336889505976	1.0	0.9999248155339959
PRO2-GTP	residue_cofactor	21	47	68	15	0.18072289156626506	65	24.753952026367188	24.728126525878906	-0.02582550048828125	24.79800033569336	24.740999221801758	0.19325651228427887	0.21504458785057068	0.20746780931949615	-0.12375069926884227	0.12375069926884227	-0.49136656522750854	0.6256901621818542	442.5	0.5026251673698425	68	-0.06885672971507957	0.06885672971507957	0.5768833198880238	False	False	0.9957783970674465	1.0	0.9989461140516944
PRO1452-GTP	residue_cofactor	22	51	73	10	0.12048192771084337	72	24.502910614013672	24.461156845092773	-0.04175376892089844	24.506999969482422	24.538999557495117	0.28399035334587097	0.4247177839279175	0.38621586561203003	-0.10748681835898746	0.10748681835898746	-0.49197396636009216	0.6245855689048767	566.0	0.9568557739257812	73	-0.09837196659544419	0.09837196659544419	0.40767350528412316	False	False	0.9957783970674465	1.0	0.9989461140516944
PRO1356-GTP	residue_cofactor	4	14	18	65	0.7831325301204819	18	28.487998962402344	28.436498641967773	-0.05150032043457031	28.41699981689453	28.4739990234375	0.5010350346565247	0.519651472568512	0.501283586025238	-0.09976503240532009	0.09976503240532009	-0.17979493737220764	0.8643485307693481	25.0	0.7980391979217529	18	0.019258752101294414	0.019258752101294414	0.939539605338752	False	False	0.9967336889505976	1.0	0.9999248155339959
PRO1250-GTP	residue_cofactor	20	37	57	26	0.3132530120481928	56	32.0369987487793	31.99945831298828	-0.037540435791015625	32.02000045776367	32.04399871826172	0.3222135305404663	0.4062211811542511	0.3763420879840851	-0.09896977038227665	0.09896977038227665	-0.38213256001472473	0.7040759325027466	365.5	0.9466733932495117	57	-0.05442143253881213	0.05442143253881213	0.687633778602784	False	False	0.9957783970674465	1.0	0.9989461140516944
PRO1459-GTP	residue_cofactor	22	52	74	9	0.10843373493975904	70	24.27586555480957	24.23932647705078	-0.03653907775878906	24.35700035095215	24.314998626708984	0.3815930187702179	0.4122179448604584	0.40110498666763306	-0.09054357285882979	0.09054357285882979	-0.3674813210964203	0.7150801420211792	540.0	0.7094924449920654	74	0.003563958112070116	0.003563958112070116	0.9759582194442534	False	False	0.9957783970674465	1.0	0.9999248155339959
PRO1299-GTP	residue_cofactor	17	49	66	17	0.20481927710843373	65	27.19482421875	27.222122192382812	0.0272979736328125	27.091999053955078	27.2450008392334	0.3614131808280945	0.3517754375934601	0.3516800105571747	0.07707030676577697	0.07707030676577697	0.27017199993133545	0.7890625	451.5	0.6129353046417236	66	0.008564938058537292	0.008564938058537292	0.9455837307339804	False	False	0.9957783970674465	1.0	0.9999248155339959
PRO168-GTP	residue_cofactor	8	21	29	54	0.6506024096385542	28	30.63800048828125	30.595430374145508	-0.04257011413574219	30.598499298095703	30.753000259399414	0.39843952655792236	0.6637532114982605	0.5956132411956787	-0.07022417410427101	0.07022417410427101	-0.21069227159023285	0.8351303935050964	92.0	0.7143594026565552	29	0.10435296035909158	0.10435296035909158	0.5900846242404939	False	False	0.9967336889505976	1.0	0.9989461140516944
PRO1249-GTP	residue_cofactor	25	46	71	12	0.14457831325301204	70	30.663921356201172	30.69502067565918	0.031099319458007812	30.64699935913086	30.637001037597656	0.38655754923820496	0.48900336027145386	0.45296645164489746	0.06820726550255367	0.06820726550255367	0.2941839098930359	0.7696362733840942	574.0	0.9951972961425781	71	0.023982819272463263	0.023982819272463263	0.8426348133090958	False	False	0.9957783970674465	1.0	0.9989461140516944
PRO1338-GTP	residue_cofactor	3	12	15	68	0.8192771084337349	14	26.1126651763916	26.116167068481445	0.00350189208984375	26.23699951171875	26.11199951171875	0.2417982667684555	0.33173537254333496	0.30793020129203796	0.01095382464687475	0.01095382464687475	0.02068561688065529	0.9844513535499573	15.5	0.7726324796676636	15	-0.012879807412401745	0.012879807412401745	0.9636633072925235	False	False	0.9997758910727949	1.0	0.9999248155339959
PRO1341-GTP	residue_cofactor	3	11	14	69	0.8313253012048193	14	26.53700065612793	26.5345458984375	-0.0024547576904296875	26.572999954223633	26.549999237060547	0.12108223885297775	0.2725137174129486	0.24368536472320557	-0.009677912151643613	0.009677912151643613	-0.022754400968551636	0.982389509677887	14.0	0.7692307829856873	14	-0.11051802203496724	0.11051802203496724	0.706826106293655	False	False	0.9997317338628429	1.0	0.9989461140516944
PRO12-GTP	residue_cofactor	26	57	83	0	0.0	1	2.2909998893737793	2.2910001277923584	2.384185791015625e-07	2.2909998893737793	2.2909998893737793	0.0	0.0	0.0			7.4833149909973145	5.50024525924897e-10	741.0	1.0	83				True	False	8.900496878516684e-06	1.0	
PRO13-GTP	residue_cofactor	26	57	83	0	0.0	1	2.080000162124634	2.0799999237060547	-2.384185791015625e-07	2.0799999237060547	2.0799999237060547	0.0	0.0	0.0			-5.0	3.727107105078176e-05	741.0	1.0	83				True	False	0.07733956056024628	1.0	
PRO16-GTP	residue_cofactor	26	57	83	0	0.0	1	1.5509998798370361	1.5509999990463257	1.1920928955078125e-07	1.5509999990463257	1.5509999990463257	0.0	0.0	0.0			5.0	3.727107105078176e-05	741.0	1.0	83				True	False	0.07733956056024628	1.0	
PRO35-GTP	residue_cofactor	26	57	83	0	0.0	1	2.865999698638916	2.865999698638916	0.0	2.865999937057495	2.865999937057495	0.0	0.0	0.0			0.0	1.0	741.0	1.0	83				True	False	1.0	1.0	
PRO1276-GTP	residue_cofactor	26	57	83	0	0.0	1	1.6800000667572021	1.6800000667572021	0.0	1.6799999475479126	1.6799999475479126	0.0	0.0	0.0			0.0	1.0	741.0	1.0	83				True	False	1.0	1.0	
PRO61-GTP	residue_cofactor	26	57	83	0	0.0	1	1.9240000247955322	1.9240000247955322	0.0	1.9240000247955322	1.9240000247955322	0.0	0.0	0.0					741.0	1.0	83				True	False		1.0	
PRO50-GTP	residue_cofactor	0	1	1	82	0.9879518072289156	1		24.996000289916992			24.996000289916992										1				True	False			
PRO1327-GTP	residue_cofactor	1	2	3	80	0.963855421686747	3	26.72100067138672	26.617000579833984	-0.10400009155273438	26.72100067138672	26.617000579833984		0.2078898400068283	0.1587907373905182					1.0	1.0	3	-0.22529025837111663	0.22529025837111663	0.8553339224396245	False	False		1.0	0.9989461140516944
PRO169-GTP	residue_cofactor	0	1	1	82	0.9879518072289156	1		30.30299949645996			30.30299949645996										1				True	False			
PRO48-GTP	residue_cofactor	0	1	1	82	0.9879518072289156	1		24.53700065612793			24.53700065612793										1				True	False			
PRO1330-GTP	residue_cofactor	0	1	1	82	0.9879518072289156	1		28.385000228881836			28.385000228881836										1				True	False			
PRO1-GTP	residue_cofactor	1	0	1	82	0.9879518072289156	1	24.968000411987305			24.968000411987305											1				True	False			
