feature_set	feature	n_features_in_set	selected_outer_folds	total_outer_folds	selection_frequency	mean_coefficient_for_low	median_coefficient_for_low	coefficient_std	mean_absolute_coefficient	median_absolute_coefficient	positive_direction_fraction	negative_direction_fraction	zero_direction_fraction	dominant_direction	dominant_direction_fraction	mean_outer_training_f_score	median_outer_training_f_score	stability_rank_within_feature_set
residue_residue	PRO62-PRO1279	3982	25	25	1.0	2.5886858276956293	1.5901650919815586	2.5059606699122803	2.5886858276956293	1.5901650919815586	1.0	0.0	0.0	towards_low	1.0	24.45739842972209	21.001633403507963	1
residue_residue	PRO1275-PRO1276	3982	22	25	0.88	1.6058427611899317	1.3044409558689432	1.5854010800025624	1.6653963193809858	1.3044409558689432	0.9545454545454546	0.045454545454545456	0.0	towards_low	0.9545454545454546	15.721109303769397	14.773690957626176	2
residue_residue	PRO90-PRO92	3982	21	25	0.84	1.3558521394373697	1.141330344834728	1.4628463296028054	1.4412783520760937	1.141330344834728	0.9523809523809523	0.047619047619047616	0.0	towards_low	0.9523809523809523	14.43052263616689	14.388017855162444	3
residue_residue	PRO88-PRO93	3982	15	25	0.6	-0.9093227316285476	-0.7772204106593962	0.8577597667646756	0.9093227316285476	0.7772204106593962	0.0	1.0	0.0	towards_high	1.0	11.577373876884899	10.964460911442227	4
residue_residue	PRO62-PRO1280	3982	14	25	0.56	0.689785154516298	0.5518707689772032	0.6624301448090685	0.7730090887475752	0.6121089793556104	0.9285714285714286	0.07142857142857142	0.0	towards_low	0.9285714285714286	12.705391484277552	13.123259209572389	5
residue_residue	PRO1423-PRO1424	3982	14	25	0.56	0.6172635354291433	0.24424287056106725	0.9862052348549883	0.6834483122191701	0.29467038997347245	0.8571428571428571	0.14285714285714285	0.0	towards_low	0.8571428571428571	17.05770189990113	16.45049176812957	6
residue_residue	PRO6-PRO72	3982	11	25	0.44	0.9990028938535981	0.3733912573227932	1.3725727023205743	0.9990028938535981	0.3733912573227932	1.0	0.0	0.0	towards_low	1.0	11.852963528201393	11.299401730658388	7
residue_residue	PRO86-PRO116	3982	10	25	0.4	0.6549173592214939	0.4638072957773715	0.5392059673261971	0.6549173592214939	0.4638072957773715	1.0	0.0	0.0	towards_low	1.0	11.164432130548828	10.48946597995651	8
residue_residue	PRO111-PRO112	3982	7	25	0.28	0.39923829814581296	0.4538632749937608	0.2241137352924765	0.39923829814581296	0.4538632749937608	1.0	0.0	0.0	towards_low	1.0	15.711679993742107	13.6781002745415	9
residue_residue	PRO62-PRO1283	3982	7	25	0.28	0.33183721741687394	0.3126669812931876	0.15152216586233463	0.33183721741687394	0.3126669812931876	1.0	0.0	0.0	towards_low	1.0	9.05826998188632	9.370437873268529	10
residue_residue	PRO78-PRO79	3982	7	25	0.28	-0.16546975996609223	-0.0632828689672965	0.5897832081084924	0.34701309364410987	0.0925051989337553	0.14285714285714285	0.8571428571428571	0.0	towards_high	0.8571428571428571	17.020095385774603	16.425531939595377	11
residue_residue	PRO94-PRO137	3982	6	25	0.24	0.7307898360000443	0.5468826664742232	0.5661692095012016	0.7307898360000443	0.5468826664742232	1.0	0.0	0.0	towards_low	1.0	9.816722079731482	9.576705036622993	12
residue_residue	PRO146-PRO147	3982	6	25	0.24	0.5081219923397372	0.27949689478994255	0.527823027616876	0.5081219923397372	0.27949689478994255	1.0	0.0	0.0	towards_low	1.0	9.973673400917354	10.262911291239828	13
residue_residue	PRO56-PRO78	3982	6	25	0.24	-0.25725900212078184	-0.23413326761375314	0.14860750294698982	0.25725900212078184	0.23413326761375314	0.0	1.0	0.0	towards_high	1.0	9.4454845329126	9.290407976218113	14
residue_residue	PRO114-PRO115	3982	6	25	0.24	-0.25215572849860074	-0.1727307334912849	0.2601601010505836	0.25215572849860074	0.1727307334912849	0.0	1.0	0.0	towards_high	1.0	11.7167052805377	10.226528990501752	15
residue_residue	PRO1384-PRO1385	3982	5	25	0.2	1.054268844285389	0.9380634592349046	0.5744121306952398	1.054268844285389	0.9380634592349046	1.0	0.0	0.0	towards_low	1.0	15.65951935974906	13.712392555079386	16
residue_residue	PRO1387-PRO1390	3982	5	25	0.2	0.6198317562749203	0.5774902696305998	0.43427111646564964	0.6198317562749203	0.5774902696305998	1.0	0.0	0.0	towards_low	1.0	9.397527660573854	9.623285137442368	17
residue_residue	PRO19-PRO147	3982	5	25	0.2	0.4700162309081488	0.3693632271193718	0.276269783145038	0.4700162309081488	0.3693632271193718	1.0	0.0	0.0	towards_low	1.0	11.423170750121397	9.970759038720551	18
residue_residue	PRO19-PRO148	3982	5	25	0.2	1.097202475315928	0.2735962040759818	1.2634804599929794	1.097202475315928	0.2735962040759818	1.0	0.0	0.0	towards_low	1.0	9.697161498584752	8.389763472291923	19
residue_residue	PRO85-PRO144	3982	5	25	0.2	0.8238115979655097	0.2432166128961699	0.9757743762191738	0.8238115979655097	0.2432166128961699	1.0	0.0	0.0	towards_low	1.0	10.62109534879865	10.60551524677238	20
residue_residue	PRO21-PRO22	3982	5	25	0.2	-0.24348493251394707	-0.2169532536824279	0.11027800172051029	0.24348493251394707	0.2169532536824279	0.0	1.0	0.0	towards_high	1.0	17.117386190804943	16.179968969563788	21
residue_residue	PRO79-PRO80	3982	5	25	0.2	0.48445999103000903	0.5441224716565383	0.6302703773361129	0.5909721391662348	0.5441224716565383	0.8	0.2	0.0	towards_low	0.8	15.559297769585163	11.972111563187726	22
residue_residue	PRO85-PRO116	3982	5	25	0.2	0.2816508013442384	0.3032256572381827	0.3279351762088458	0.34994269077094525	0.3032256572381827	0.8	0.2	0.0	towards_low	0.8	10.181393348660462	9.80130824723941	23
residue_residue	PRO1424-PRO1425	3982	5	25	0.2	0.2801093288365906	0.1012565064486173	0.3287188652165039	0.2859157916424403	0.1012565064486173	0.8	0.2	0.0	towards_low	0.8	36.59685401087374	36.136054468080985	24
residue_residue	PRO1264-PRO1265	3982	4	25	0.16	-0.9410519770397068	-0.9408366492169769	0.6361580925634187	0.9410519770397068	0.9408366492169769	0.0	1.0	0.0	towards_high	1.0	10.710832677616164	10.843175450101793	25
residue_residue	PRO84-PRO141	3982	4	25	0.16	0.9668024419485235	0.8052189198091515	0.8273480334730973	0.9668024419485235	0.8052189198091515	1.0	0.0	0.0	towards_low	1.0	10.278363008021957	11.235823684712106	26
residue_residue	PRO20-PRO21	3982	4	25	0.16	0.6218396889452842	0.6875180844612166	0.23952657880938205	0.6218396889452842	0.6875180844612166	1.0	0.0	0.0	towards_low	1.0	15.764268935023765	14.453367177536848	27
residue_residue	PRO16-PRO28	3982	4	25	0.16	0.9916424143305114	0.6279864086916968	1.102297188666627	0.9916424143305114	0.6279864086916968	1.0	0.0	0.0	towards_low	1.0	10.011843945029572	9.639413903032422	28
residue_residue	PRO1383-PRO1384	3982	4	25	0.16	-0.39261693344580706	-0.3390713593973506	0.2781970297617634	0.39261693344580706	0.3390713593973506	0.0	1.0	0.0	towards_high	1.0	9.95298989698746	10.210562542948342	29
residue_residue	PRO7-PRO72	3982	4	25	0.16	0.2753404750038731	0.2540860899346703	0.08165973247568689	0.2753404750038731	0.2540860899346703	1.0	0.0	0.0	towards_low	1.0	7.490177630119478	7.31958321074489	30
residue_residue	PRO91-PRO97	3982	4	25	0.16	-0.20490569855244162	-0.20532865689724455	0.11931568523313828	0.20490569855244162	0.20532865689724455	0.0	1.0	0.0	towards_high	1.0	8.67817467065754	8.824065981749474	31
residue_residue	PRO1275-PRO1278	3982	4	25	0.16	-0.16296057461541066	-0.1579640092759616	0.12259388247465204	0.16296057461541066	0.1579640092759616	0.0	1.0	0.0	towards_high	1.0	9.147174783126456	9.786414356080082	32
residue_residue	PRO145-PRO146	3982	4	25	0.16	-0.24085862791110768	-0.28463178591595706	0.32359434745521354	0.3353532000058057	0.28463178591595706	0.25	0.75	0.0	towards_high	0.75	13.794778094889686	13.986064061520047	33
residue_residue	PRO6-PRO110	3982	3	25	0.12	-0.6177251422234348	-0.6945637398611513	0.1885300775960855	0.6177251422234348	0.6945637398611513	0.0	1.0	0.0	towards_high	1.0	8.964780888379455	9.251040116034964	34
residue_residue	PRO25-PRO26	3982	3	25	0.12	0.7473417056512267	0.6035900699743475	0.4412735732429371	0.7473417056512267	0.6035900699743475	1.0	0.0	0.0	towards_low	1.0	9.3967715343183	9.053331032578305	35
residue_residue	PRO116-PRO147	3982	3	25	0.12	0.5595170121122177	0.5812279619621767	0.22586616920971236	0.5595170121122177	0.5812279619621767	1.0	0.0	0.0	towards_low	1.0	10.063441863753756	9.48086272171138	36
residue_residue	PRO7-PRO73	3982	3	25	0.12	0.5649860634579534	0.3496952504919195	0.4549640879560649	0.5649860634579534	0.3496952504919195	1.0	0.0	0.0	towards_low	1.0	10.307242307099214	11.572444296071364	37
residue_residue	PRO143-PRO144	3982	3	25	0.12	0.3907764929845748	0.3006538594330605	0.23767748613082823	0.3907764929845748	0.3006538594330605	1.0	0.0	0.0	towards_low	1.0	10.712517690930618	10.7234366127664	38
residue_residue	PRO25-PRO152	3982	3	25	0.12	-0.5080491614438305	-0.2375667990558476	0.4860615493307814	0.5080491614438305	0.2375667990558476	0.0	1.0	0.0	towards_high	1.0	7.981388654628986	7.657723381838061	39
residue_residue	PRO82-PRO119	3982	3	25	0.12	-0.38803218049416976	-0.2268479437575568	0.3266990157456559	0.38803218049416976	0.2268479437575568	0.0	1.0	0.0	towards_high	1.0	12.360386947776469	14.480195609674231	40
residue_residue	PRO62-PRO71	3982	3	25	0.12	-0.42145245755849475	-0.1754053637056581	0.5191598179230077	0.42145245755849475	0.1754053637056581	0.0	1.0	0.0	towards_high	1.0	8.241252570764301	7.614805154533055	41
residue_residue	PRO91-PRO94	3982	3	25	0.12	-0.5859896254872224	-0.1671760673478518	0.7425824321929698	0.5859896254872224	0.1671760673478518	0.0	1.0	0.0	towards_high	1.0	9.570917859260918	9.61214243495403	42
residue_residue	PRO1273-PRO1274	3982	3	25	0.12	0.1609653815524316	0.1554305151809465	0.04108143358207448	0.1609653815524316	0.1554305151809465	1.0	0.0	0.0	towards_low	1.0	11.827244018495136	12.213017751899285	43
residue_residue	PRO85-PRO89	3982	3	25	0.12	-0.12415207572468594	-0.12537470486362	0.08897654080907064	0.12415207572468594	0.12537470486362	0.0	1.0	0.0	towards_high	1.0	8.088710192165221	8.540096783055903	44
residue_residue	PRO1242-PRO1243	3982	3	25	0.12	-0.18841430735762668	-0.1134571346991507	0.1665736280583871	0.18841430735762668	0.1134571346991507	0.0	1.0	0.0	towards_high	1.0	9.924511932027427	10.172185432293464	45
residue_residue	PRO84-PRO116	3982	3	25	0.12	0.46130575719758693	0.5558341271545656	0.8547944315288912	0.7525215960440329	0.5558341271545656	0.6666666666666666	0.3333333333333333	0.0	towards_low	0.6666666666666666	10.958753567677674	10.405649863499242	46
residue_residue	PRO71-PRO109	3982	3	25	0.12	-0.051389748084967234	-0.1207754162913852	0.38969088259000456	0.29694522954409774	0.3683332221886958	0.3333333333333333	0.6666666666666666	0.0	towards_high	0.6666666666666666	7.755049022108262	7.788465124633144	47
residue_residue	PRO118-PRO146	3982	3	25	0.12	0.07440282476738407	0.1159121060473116	0.08110963773378004	0.08710961966298587	0.1159121060473116	0.6666666666666666	0.3333333333333333	0.0	towards_low	0.6666666666666666	8.58127250005205	7.545289981003215	48
residue_residue	PRO1238-PRO1239	3982	2	25	0.08	1.441405528964669	1.441405528964669	0.2741728652196324	1.441405528964669	1.441405528964669	1.0	0.0	0.0	towards_low	1.0	9.499678664112421	9.499678664112421	49
residue_residue	PRO143-PRO146	3982	2	25	0.08	1.2701681976777908	1.2701681976777908	1.6818855266419883	1.2701681976777908	1.2701681976777908	1.0	0.0	0.0	towards_low	1.0	10.771164979626029	10.771164979626029	50
residue_residue	PRO109-PRO159	3982	2	25	0.08	-1.2632666723680033	-1.2632666723680033	0.639880005905807	1.2632666723680033	1.2632666723680033	0.0	1.0	0.0	towards_high	1.0	10.293097061218592	10.293097061218592	51
residue_residue	PRO116-PRO119	3982	2	25	0.08	-1.1848352528097297	-1.1848352528097297	1.4361272020729017	1.1848352528097297	1.1848352528097297	0.0	1.0	0.0	towards_high	1.0	8.80435510624457	8.80435510624457	52
residue_residue	PRO35-PRO36	3982	2	25	0.08	-0.896850884384048	-0.896850884384048	0.9508751471309507	0.896850884384048	0.896850884384048	0.0	1.0	0.0	towards_high	1.0	10.070919334875754	10.070919334875754	53
residue_residue	PRO19-PRO20	3982	2	25	0.08	-0.7132827822477541	-0.7132827822477541	0.3338228337092935	0.7132827822477541	0.7132827822477541	0.0	1.0	0.0	towards_high	1.0	9.269087029877369	9.269087029877369	54
residue_residue	PRO73-PRO102	3982	2	25	0.08	-0.6251389611755329	-0.6251389611755329	0.4714409361280739	0.6251389611755329	0.6251389611755329	0.0	1.0	0.0	towards_high	1.0	8.027696355718525	8.027696355718525	55
residue_residue	PRO1382-PRO1387	3982	2	25	0.08	0.6093441031065212	0.6093441031065212	0.7040194804966381	0.6093441031065212	0.6093441031065212	1.0	0.0	0.0	towards_low	1.0	6.990588660670555	6.990588660670555	56
residue_residue	PRO39-PRO156	3982	2	25	0.08	-0.5290192764844139	-0.5290192764844139	0.040346751785690846	0.5290192764844139	0.5290192764844139	0.0	1.0	0.0	towards_high	1.0	13.975098347998564	13.975098347998564	57
residue_residue	PRO16-PRO147	3982	2	25	0.08	0.4711607455030964	0.4711607455030964	0.48837644055734547	0.4711607455030964	0.4711607455030964	1.0	0.0	0.0	towards_low	1.0	9.33122647805769	9.33122647805769	58
residue_residue	PRO17-PRO147	3982	2	25	0.08	0.3992795666793556	0.3992795666793556	0.3353592907038538	0.3992795666793556	0.3992795666793556	1.0	0.0	0.0	towards_low	1.0	10.481795093830332	10.481795093830332	59
residue_residue	PRO1275-PRO1277	3982	2	25	0.08	-0.3042191144282632	-0.3042191144282632	0.21905936094157194	0.3042191144282632	0.3042191144282632	0.0	1.0	0.0	towards_high	1.0	10.45310648968373	10.45310648968373	60
residue_residue	PRO32-PRO1383	3982	2	25	0.08	0.26303068563398696	0.26303068563398696	0.17682080592941782	0.26303068563398696	0.26303068563398696	1.0	0.0	0.0	towards_low	1.0	10.40335705637164	10.40335705637164	61
residue_residue	PRO1274-PRO1276	3982	2	25	0.08	0.23105660778226306	0.23105660778226306	0.29191243284891777	0.23105660778226306	0.23105660778226306	1.0	0.0	0.0	towards_low	1.0	9.996832459074703	9.996832459074703	62
residue_residue	PRO1265-PRO1274	3982	2	25	0.08	0.22371183333467926	0.22371183333467926	0.0037576835351386105	0.22371183333467926	0.22371183333467926	1.0	0.0	0.0	towards_low	1.0	9.937924393613045	9.937924393613045	63
residue_residue	PRO1265-PRO1276	3982	2	25	0.08	0.20249726973517845	0.20249726973517845	0.020331495394078053	0.20249726973517845	0.20249726973517845	1.0	0.0	0.0	towards_low	1.0	10.633579090156974	10.633579090156974	64
residue_residue	PRO40-PRO156	3982	2	25	0.08	-0.20235860769583258	-0.20235860769583258	0.020942986690796056	0.20235860769583258	0.20235860769583258	0.0	1.0	0.0	towards_high	1.0	9.203217621566278	9.203217621566278	65
residue_residue	PRO59-PRO60	3982	2	25	0.08	-0.19644738548148902	-0.19644738548148902	0.18261670856438092	0.19644738548148902	0.19644738548148902	0.0	1.0	0.0	towards_high	1.0	10.200464242652323	10.200464242652323	66
residue_residue	PRO1280-PRO1287	3982	2	25	0.08	0.18668668598064125	0.18668668598064125	0.04720772028881556	0.18668668598064125	0.18668668598064125	1.0	0.0	0.0	towards_low	1.0	10.526926426109625	10.526926426109625	67
residue_residue	PRO61-PRO71	3982	2	25	0.08	-0.17188089634238526	-0.17188089634238526	0.1916478015025536	0.17188089634238526	0.17188089634238526	0.0	1.0	0.0	towards_high	1.0	7.52388183151731	7.52388183151731	68
residue_residue	PRO144-PRO148	3982	2	25	0.08	0.16208642453965355	0.16208642453965355	0.19868586738958624	0.16208642453965355	0.16208642453965355	1.0	0.0	0.0	towards_low	1.0	7.855916658958556	7.855916658958556	69
residue_residue	PRO1391-PRO1392	3982	2	25	0.08	0.15789149651546955	0.15789149651546955	0.08290192211001439	0.15789149651546955	0.15789149651546955	1.0	0.0	0.0	towards_low	1.0	10.022296206108756	10.022296206108756	70
residue_residue	PRO58-PRO78	3982	2	25	0.08	-0.1210873778635396	-0.1210873778635396	0.028253850842044344	0.1210873778635396	0.1210873778635396	0.0	1.0	0.0	towards_high	1.0	8.755080401544017	8.755080401544017	71
residue_residue	PRO88-PRO94	3982	2	25	0.08	-0.09154913608364229	-0.09154913608364229	0.023445842780912794	0.09154913608364229	0.09154913608364229	0.0	1.0	0.0	towards_high	1.0	10.717627922603558	10.717627922603558	72
residue_residue	PRO106-PRO110	3982	2	25	0.08	-0.05718901577602275	-0.05718901577602275	0.06932756865265341	0.05718901577602275	0.05718901577602275	0.0	1.0	0.0	towards_high	1.0	7.400927052026144	7.400927052026144	73
residue_residue	PRO1241-PRO1242	3982	2	25	0.08	0.0232764194752031	0.0232764194752031	0.009636901099124604	0.0232764194752031	0.0232764194752031	1.0	0.0	0.0	towards_low	1.0	8.177146993903028	8.177146993903028	74
residue_residue	PRO91-PRO98	3982	2	25	0.08	0.38929238760405754	0.38929238760405754	0.6545315051164873	0.4628236657681056	0.4628236657681056	0.5	0.5	0.0	towards_low	0.5	10.751582823141632	10.751582823141632	75
residue_residue	PRO154-PRO155	3982	2	25	0.08	-0.2861309507342583	-0.2861309507342583	0.41550271698775976	0.2938047887834798	0.2938047887834798	0.5	0.5	0.0	towards_low	0.5	17.175896224180512	17.175896224180512	76
residue_residue	PRO1283-PRO1287	3982	2	25	0.08	-0.08279836245521635	-0.08279836245521635	0.2739491289755834	0.19371128679878316	0.19371128679878316	0.5	0.5	0.0	towards_low	0.5	8.807535463275137	8.807535463275137	77
residue_residue	PRO6-PRO73	3982	1	25	0.04	2.170821341675486	2.170821341675486		2.170821341675486	2.170821341675486	1.0	0.0	0.0	towards_low	1.0	10.448862318131493	10.448862318131493	78
residue_residue	PRO84-PRO144	3982	1	25	0.04	-1.7935281344871987	-1.7935281344871987		1.7935281344871987	1.7935281344871987	0.0	1.0	0.0	towards_high	1.0	9.245677242904597	9.245677242904597	79
residue_residue	PRO115-PRO133	3982	1	25	0.04	-1.6119948123908534	-1.6119948123908534		1.6119948123908534	1.6119948123908534	0.0	1.0	0.0	towards_high	1.0	8.334647549154653	8.334647549154653	80
residue_residue	PRO89-PRO1278	3982	1	25	0.04	1.2979340442481166	1.2979340442481166		1.2979340442481166	1.2979340442481166	1.0	0.0	0.0	towards_low	1.0	9.572216452777877	9.572216452777877	81
residue_residue	PRO70-PRO104	3982	1	25	0.04	1.1535576098568472	1.1535576098568472		1.1535576098568472	1.1535576098568472	1.0	0.0	0.0	towards_low	1.0	8.74551990268771	8.74551990268771	82
residue_residue	PRO1286-PRO1289	3982	1	25	0.04	1.1037514592422435	1.1037514592422435		1.1037514592422435	1.1037514592422435	1.0	0.0	0.0	towards_low	1.0	9.44480260473176	9.44480260473176	83
residue_residue	PRO12-PRO90	3982	1	25	0.04	1.011953118825197	1.011953118825197		1.011953118825197	1.011953118825197	1.0	0.0	0.0	towards_low	1.0	10.344268734771177	10.344268734771177	84
residue_residue	PRO11-PRO60	3982	1	25	0.04	-0.969753265404914	-0.969753265404914		0.969753265404914	0.969753265404914	0.0	1.0	0.0	towards_high	1.0	12.181397416052082	12.181397416052082	85
residue_residue	PRO22-PRO81	3982	1	25	0.04	-0.8805205973705921	-0.8805205973705921		0.8805205973705921	0.8805205973705921	0.0	1.0	0.0	towards_high	1.0	12.578755243206077	12.578755243206077	86
residue_residue	PRO82-PRO1277	3982	1	25	0.04	-0.8326016114273315	-0.8326016114273315		0.8326016114273315	0.8326016114273315	0.0	1.0	0.0	towards_high	1.0	10.245732223129538	10.245732223129538	87
residue_residue	PRO84-PRO146	3982	1	25	0.04	0.8092440482227812	0.8092440482227812		0.8092440482227812	0.8092440482227812	1.0	0.0	0.0	towards_low	1.0	7.298524655529139	7.298524655529139	88
residue_residue	PRO84-PRO89	3982	1	25	0.04	-0.7938177097962769	-0.7938177097962769		0.7938177097962769	0.7938177097962769	0.0	1.0	0.0	towards_high	1.0	7.743601747821575	7.743601747821575	89
residue_residue	PRO1276-PRO1280	3982	1	25	0.04	0.7723510810844938	0.7723510810844938		0.7723510810844938	0.7723510810844938	1.0	0.0	0.0	towards_low	1.0	9.057202391207092	9.057202391207092	90
residue_residue	PRO60-PRO92	3982	1	25	0.04	-0.7229088110877613	-0.7229088110877613		0.7229088110877613	0.7229088110877613	0.0	1.0	0.0	towards_high	1.0	12.39747927227009	12.39747927227009	91
residue_residue	PRO89-PRO1277	3982	1	25	0.04	0.720239862519087	0.720239862519087		0.720239862519087	0.720239862519087	1.0	0.0	0.0	towards_low	1.0	11.805436360510653	11.805436360510653	92
residue_residue	PRO78-PRO102	3982	1	25	0.04	0.6943378400402196	0.6943378400402196		0.6943378400402196	0.6943378400402196	1.0	0.0	0.0	towards_low	1.0	12.384607597696766	12.384607597696766	93
residue_residue	PRO37-PRO1390	3982	1	25	0.04	-0.6901014257770591	-0.6901014257770591		0.6901014257770591	0.6901014257770591	0.0	1.0	0.0	towards_high	1.0	9.834617966568285	9.834617966568285	94
residue_residue	PRO16-PRO17	3982	1	25	0.04	-0.623897857384353	-0.623897857384353		0.623897857384353	0.623897857384353	0.0	1.0	0.0	towards_high	1.0	9.255813962363543	9.255813962363543	95
residue_residue	PRO16-PRO92	3982	1	25	0.04	-0.5592650963943273	-0.5592650963943273		0.5592650963943273	0.5592650963943273	0.0	1.0	0.0	towards_high	1.0	10.09729120652007	10.09729120652007	96
residue_residue	PRO76-PRO159	3982	1	25	0.04	-0.5454061210846669	-0.5454061210846669		0.5454061210846669	0.5454061210846669	0.0	1.0	0.0	towards_high	1.0	9.514711545156194	9.514711545156194	97
residue_residue	PRO98-PRO100	3982	1	25	0.04	-0.5219653636731197	-0.5219653636731197		0.5219653636731197	0.5219653636731197	0.0	1.0	0.0	towards_high	1.0	6.86179424592327	6.86179424592327	98
residue_residue	PRO60-PRO1277	3982	1	25	0.04	0.5013608018735065	0.5013608018735065		0.5013608018735065	0.5013608018735065	1.0	0.0	0.0	towards_low	1.0	10.31628492915039	10.31628492915039	99
residue_residue	PRO1427-PRO1436	3982	1	25	0.04	0.4709702652163945	0.4709702652163945		0.4709702652163945	0.4709702652163945	1.0	0.0	0.0	towards_low	1.0	7.72551770411216	7.72551770411216	100
residue_residue	PRO73-PRO1409	3982	1	25	0.04	0.4655440956278255	0.4655440956278255		0.4655440956278255	0.4655440956278255	1.0	0.0	0.0	towards_low	1.0	8.086830750084376	8.086830750084376	101
residue_residue	PRO1241-PRO1287	3982	1	25	0.04	0.4027322470385637	0.4027322470385637		0.4027322470385637	0.4027322470385637	1.0	0.0	0.0	towards_low	1.0	12.14638297554959	12.14638297554959	102
residue_residue	PRO56-PRO156	3982	1	25	0.04	-0.3985171371216094	-0.3985171371216094		0.3985171371216094	0.3985171371216094	0.0	1.0	0.0	towards_high	1.0	9.909846887428747	9.909846887428747	103
residue_residue	PRO81-PRO146	3982	1	25	0.04	0.3832715876018018	0.3832715876018018		0.3832715876018018	0.3832715876018018	1.0	0.0	0.0	towards_low	1.0	12.590284956294768	12.590284956294768	104
residue_residue	PRO79-PRO146	3982	1	25	0.04	0.3778873938203825	0.3778873938203825		0.3778873938203825	0.3778873938203825	1.0	0.0	0.0	towards_low	1.0	6.764791648323034	6.764791648323034	105
residue_residue	PRO22-PRO145	3982	1	25	0.04	-0.3595486177633541	-0.3595486177633541		0.3595486177633541	0.3595486177633541	0.0	1.0	0.0	towards_high	1.0	7.357492237557997	7.357492237557997	106
residue_residue	PRO72-PRO75	3982	1	25	0.04	0.3565093513738728	0.3565093513738728		0.3565093513738728	0.3565093513738728	1.0	0.0	0.0	towards_low	1.0	8.06305434939465	8.06305434939465	107
residue_residue	PRO76-PRO109	3982	1	25	0.04	-0.3504722590512799	-0.3504722590512799		0.3504722590512799	0.3504722590512799	0.0	1.0	0.0	towards_high	1.0	8.166512827929965	8.166512827929965	108
residue_residue	PRO121-PRO122	3982	1	25	0.04	0.3459727090893325	0.3459727090893325		0.3459727090893325	0.3459727090893325	1.0	0.0	0.0	towards_low	1.0	7.478991595416912	7.478991595416912	109
residue_residue	PRO59-PRO92	3982	1	25	0.04	-0.3440066635501966	-0.3440066635501966		0.3440066635501966	0.3440066635501966	0.0	1.0	0.0	towards_high	1.0	8.203035188123271	8.203035188123271	110
residue_residue	PRO97-PRO99	3982	1	25	0.04	-0.3314991046306295	-0.3314991046306295		0.3314991046306295	0.3314991046306295	0.0	1.0	0.0	towards_high	1.0	7.743010418135629	7.743010418135629	111
residue_residue	PRO14-PRO147	3982	1	25	0.04	0.3272027896249557	0.3272027896249557		0.3272027896249557	0.3272027896249557	1.0	0.0	0.0	towards_low	1.0	7.617417183798014	7.617417183798014	112
residue_residue	PRO1267-PRO1268	3982	1	25	0.04	0.3116823629057139	0.3116823629057139		0.3116823629057139	0.3116823629057139	1.0	0.0	0.0	towards_low	1.0	12.727886563328536	12.727886563328536	113
residue_residue	PRO82-PRO84	3982	1	25	0.04	0.3026721952771489	0.3026721952771489		0.3026721952771489	0.3026721952771489	1.0	0.0	0.0	towards_low	1.0	7.65027775698633	7.65027775698633	114
residue_residue	PRO11-PRO1276	3982	1	25	0.04	-0.2855319791849246	-0.2855319791849246		0.2855319791849246	0.2855319791849246	0.0	1.0	0.0	towards_high	1.0	7.559851567817387	7.559851567817387	115
residue_residue	PRO89-PRO91	3982	1	25	0.04	0.278582693813405	0.278582693813405		0.278582693813405	0.278582693813405	1.0	0.0	0.0	towards_low	1.0	7.134055799335187	7.134055799335187	116
residue_residue	PRO1264-PRO1272	3982	1	25	0.04	0.274877551485951	0.274877551485951		0.274877551485951	0.274877551485951	1.0	0.0	0.0	towards_low	1.0	13.030728515362672	13.030728515362672	117
residue_residue	PRO8-PRO110	3982	1	25	0.04	-0.2712311914464546	-0.2712311914464546		0.2712311914464546	0.2712311914464546	0.0	1.0	0.0	towards_high	1.0	9.820926950551902	9.820926950551902	118
residue_residue	PRO37-PRO1420	3982	1	25	0.04	0.2701266585947874	0.2701266585947874		0.2701266585947874	0.2701266585947874	1.0	0.0	0.0	towards_low	1.0	9.346672458354826	9.346672458354826	119
residue_residue	PRO1280-PRO1391	3982	1	25	0.04	0.2697500551163264	0.2697500551163264		0.2697500551163264	0.2697500551163264	1.0	0.0	0.0	towards_low	1.0	9.819848320749486	9.819848320749486	120
residue_residue	PRO1386-PRO1391	3982	1	25	0.04	-0.2659516025767685	-0.2659516025767685		0.2659516025767685	0.2659516025767685	0.0	1.0	0.0	towards_high	1.0	8.039236281954855	8.039236281954855	121
residue_residue	PRO14-PRO81	3982	1	25	0.04	-0.2638929773942552	-0.2638929773942552		0.2638929773942552	0.2638929773942552	0.0	1.0	0.0	towards_high	1.0	7.250941968079688	7.250941968079688	122
residue_residue	PRO8-PRO146	3982	1	25	0.04	0.2632427057332083	0.2632427057332083		0.2632427057332083	0.2632427057332083	1.0	0.0	0.0	towards_low	1.0	7.963907131309506	7.963907131309506	123
residue_residue	PRO116-PRO146	3982	1	25	0.04	0.2631917862100583	0.2631917862100583		0.2631917862100583	0.2631917862100583	1.0	0.0	0.0	towards_low	1.0	7.64495636317893	7.64495636317893	124
residue_residue	PRO60-PRO89	3982	1	25	0.04	0.2473837357199814	0.2473837357199814		0.2473837357199814	0.2473837357199814	1.0	0.0	0.0	towards_low	1.0	11.05517016869676	11.05517016869676	125
residue_residue	PRO11-PRO59	3982	1	25	0.04	0.2419624358249274	0.2419624358249274		0.2419624358249274	0.2419624358249274	1.0	0.0	0.0	towards_low	1.0	9.785282380421688	9.785282380421688	126
residue_residue	PRO89-PRO93	3982	1	25	0.04	-0.2338989241362556	-0.2338989241362556		0.2338989241362556	0.2338989241362556	0.0	1.0	0.0	towards_high	1.0	10.690508491204929	10.690508491204929	127
residue_residue	PRO7-PRO69	3982	1	25	0.04	0.2307044492436578	0.2307044492436578		0.2307044492436578	0.2307044492436578	1.0	0.0	0.0	towards_low	1.0	8.47852299403335	8.47852299403335	128
residue_residue	PRO28-PRO1273	3982	1	25	0.04	0.2304586469363347	0.2304586469363347		0.2304586469363347	0.2304586469363347	1.0	0.0	0.0	towards_low	1.0	12.66189450620966	12.66189450620966	129
residue_residue	PRO88-PRO113	3982	1	25	0.04	-0.228272775608872	-0.228272775608872		0.228272775608872	0.228272775608872	0.0	1.0	0.0	towards_high	1.0	7.520767348295972	7.520767348295972	130
residue_residue	PRO89-PRO113	3982	1	25	0.04	-0.2183659446971512	-0.2183659446971512		0.2183659446971512	0.2183659446971512	0.0	1.0	0.0	towards_high	1.0	7.162066590422391	7.162066590422391	131
residue_residue	PRO58-PRO59	3982	1	25	0.04	0.2130203866904761	0.2130203866904761		0.2130203866904761	0.2130203866904761	1.0	0.0	0.0	towards_low	1.0	6.4	6.4	132
residue_residue	PRO114-PRO146	3982	1	25	0.04	0.2098987498081479	0.2098987498081479		0.2098987498081479	0.2098987498081479	1.0	0.0	0.0	towards_low	1.0	7.551408423424383	7.551408423424383	133
residue_residue	PRO1434-PRO1435	3982	1	25	0.04	-0.2088237322627326	-0.2088237322627326		0.2088237322627326	0.2088237322627326	0.0	1.0	0.0	towards_high	1.0	11.65345080563556	11.65345080563556	134
residue_residue	PRO12-PRO1275	3982	1	25	0.04	-0.2086735277717362	-0.2086735277717362		0.2086735277717362	0.2086735277717362	0.0	1.0	0.0	towards_high	1.0	11.865696908574176	11.865696908574176	135
residue_residue	PRO12-PRO35	3982	1	25	0.04	-0.1963774356201126	-0.1963774356201126		0.1963774356201126	0.1963774356201126	0.0	1.0	0.0	towards_high	1.0	6.52838115461206	6.52838115461206	136
residue_residue	PRO1273-PRO1278	3982	1	25	0.04	-0.1942531556143115	-0.1942531556143115		0.1942531556143115	0.1942531556143115	0.0	1.0	0.0	towards_high	1.0	11.5488160503915	11.5488160503915	137
residue_residue	PRO11-PRO1275	3982	1	25	0.04	-0.1909132827227889	-0.1909132827227889		0.1909132827227889	0.1909132827227889	0.0	1.0	0.0	towards_high	1.0	10.767833865193754	10.767833865193754	138
residue_residue	PRO37-PRO39	3982	1	25	0.04	0.1892369398183488	0.1892369398183488		0.1892369398183488	0.1892369398183488	1.0	0.0	0.0	towards_low	1.0	7.490583916429858	7.490583916429858	139
residue_residue	PRO22-PRO155	3982	1	25	0.04	-0.1709939755413113	-0.1709939755413113		0.1709939755413113	0.1709939755413113	0.0	1.0	0.0	towards_high	1.0	9.609832853435163	9.609832853435163	140
residue_residue	PRO120-PRO1269	3982	1	25	0.04	0.1685975903840113	0.1685975903840113		0.1685975903840113	0.1685975903840113	1.0	0.0	0.0	towards_low	1.0	8.462281808436359	8.462281808436359	141
residue_residue	PRO82-PRO129	3982	1	25	0.04	-0.1664118285940958	-0.1664118285940958		0.1664118285940958	0.1664118285940958	0.0	1.0	0.0	towards_high	1.0	6.374225139399522	6.374225139399522	142
residue_residue	PRO18-PRO147	3982	1	25	0.04	0.1612534263692032	0.1612534263692032		0.1612534263692032	0.1612534263692032	1.0	0.0	0.0	towards_low	1.0	9.150786398037672	9.150786398037672	143
residue_residue	PRO96-PRO109	3982	1	25	0.04	0.1544725950061442	0.1544725950061442		0.1544725950061442	0.1544725950061442	1.0	0.0	0.0	towards_low	1.0	8.35975061550163	8.35975061550163	144
residue_residue	PRO34-PRO38	3982	1	25	0.04	0.1515332047882236	0.1515332047882236		0.1515332047882236	0.1515332047882236	1.0	0.0	0.0	towards_low	1.0	8.303715161071949	8.303715161071949	145
residue_residue	PRO144-PRO146	3982	1	25	0.04	0.1489597776986327	0.1489597776986327		0.1489597776986327	0.1489597776986327	1.0	0.0	0.0	towards_low	1.0	8.6647190750181	8.6647190750181	146
residue_residue	PRO1280-PRO1281	3982	1	25	0.04	-0.1383019164134851	-0.1383019164134851		0.1383019164134851	0.1383019164134851	0.0	1.0	0.0	towards_high	1.0	8.570535848335089	8.570535848335089	147
residue_residue	PRO23-PRO24	3982	1	25	0.04	0.1355150186986592	0.1355150186986592		0.1355150186986592	0.1355150186986592	1.0	0.0	0.0	towards_low	1.0	7.64179104278443	7.64179104278443	148
residue_residue	PRO77-PRO78	3982	1	25	0.04	0.1347952076766095	0.1347952076766095		0.1347952076766095	0.1347952076766095	1.0	0.0	0.0	towards_low	1.0	6.780669144001195	6.780669144001195	149
residue_residue	PRO1264-PRO1276	3982	1	25	0.04	0.1341475785149986	0.1341475785149986		0.1341475785149986	0.1341475785149986	1.0	0.0	0.0	towards_low	1.0	12.222662255574097	12.222662255574097	150
residue_residue	PRO36-PRO39	3982	1	25	0.04	0.1340813490076856	0.1340813490076856		0.1340813490076856	0.1340813490076856	1.0	0.0	0.0	towards_low	1.0	6.377091543672031	6.377091543672031	151
residue_residue	PRO1227-PRO1228	3982	1	25	0.04	0.1255006280338688	0.1255006280338688		0.1255006280338688	0.1255006280338688	1.0	0.0	0.0	towards_low	1.0	6.330391947501709	6.330391947501709	152
residue_residue	PRO15-PRO28	3982	1	25	0.04	0.1241175746195611	0.1241175746195611		0.1241175746195611	0.1241175746195611	1.0	0.0	0.0	towards_low	1.0	6.4610121868875146	6.4610121868875146	153
residue_residue	PRO56-PRO159	3982	1	25	0.04	-0.1240661453659876	-0.1240661453659876		0.1240661453659876	0.1240661453659876	0.0	1.0	0.0	towards_high	1.0	7.546690065335717	7.546690065335717	154
residue_residue	PRO7-PRO8	3982	1	25	0.04	-0.1210115309068465	-0.1210115309068465		0.1210115309068465	0.1210115309068465	0.0	1.0	0.0	towards_high	1.0	9.342428384176054	9.342428384176054	155
residue_residue	PRO77-PRO109	3982	1	25	0.04	-0.1208850309706226	-0.1208850309706226		0.1208850309706226	0.1208850309706226	0.0	1.0	0.0	towards_high	1.0	7.782380241277474	7.782380241277474	156
residue_residue	PRO1280-PRO1284	3982	1	25	0.04	0.1205386910080354	0.1205386910080354		0.1205386910080354	0.1205386910080354	1.0	0.0	0.0	towards_low	1.0	7.064389271794646	7.064389271794646	157
residue_residue	PRO61-PRO89	3982	1	25	0.04	0.1151192157390638	0.1151192157390638		0.1151192157390638	0.1151192157390638	1.0	0.0	0.0	towards_low	1.0	11.121491004977557	11.121491004977557	158
residue_residue	PRO63-PRO71	3982	1	25	0.04	-0.1015666571676467	-0.1015666571676467		0.1015666571676467	0.1015666571676467	0.0	1.0	0.0	towards_high	1.0	6.908801683738141	6.908801683738141	159
residue_residue	PRO81-PRO90	3982	1	25	0.04	0.0966046888514966	0.0966046888514966		0.0966046888514966	0.0966046888514966	1.0	0.0	0.0	towards_low	1.0	8.105674577632847	8.105674577632847	160
residue_residue	PRO60-PRO82	3982	1	25	0.04	-0.0878301406076863	-0.0878301406076863		0.0878301406076863	0.0878301406076863	0.0	1.0	0.0	towards_high	1.0	11.226923013322056	11.226923013322056	161
residue_residue	PRO119-PRO148	3982	1	25	0.04	0.0786119492827808	0.0786119492827808		0.0786119492827808	0.0786119492827808	1.0	0.0	0.0	towards_low	1.0	6.6409490353816665	6.6409490353816665	162
residue_residue	PRO87-PRO116	3982	1	25	0.04	0.0732040275727643	0.0732040275727643		0.0732040275727643	0.0732040275727643	1.0	0.0	0.0	towards_low	1.0	6.345488636487827	6.345488636487827	163
residue_residue	PRO32-PRO1387	3982	1	25	0.04	0.0721196061938149	0.0721196061938149		0.0721196061938149	0.0721196061938149	1.0	0.0	0.0	towards_low	1.0	6.491772402668055	6.491772402668055	164
residue_residue	PRO10-PRO11	3982	1	25	0.04	-0.0675155815645106	-0.0675155815645106		0.0675155815645106	0.0675155815645106	0.0	1.0	0.0	towards_high	1.0	11.542522001149711	11.542522001149711	165
residue_residue	PRO83-PRO146	3982	1	25	0.04	0.0328720221327521	0.0328720221327521		0.0328720221327521	0.0328720221327521	1.0	0.0	0.0	towards_low	1.0	7.359443654798293	7.359443654798293	166
residue_residue	PRO1274-PRO1275	3982	1	25	0.04	0.0288604065511953	0.0288604065511953		0.0288604065511953	0.0288604065511953	1.0	0.0	0.0	towards_low	1.0	8.659698024294176	8.659698024294176	167
residue_residue	PRO1390-PRO1391	3982	1	25	0.04	0.0274886486641905	0.0274886486641905		0.0274886486641905	0.0274886486641905	1.0	0.0	0.0	towards_low	1.0	12.826722345573742	12.826722345573742	168
residue_residue	PRO79-PRO112	3982	1	25	0.04	-0.0178858034059002	-0.0178858034059002		0.0178858034059002	0.0178858034059002	0.0	1.0	0.0	towards_high	1.0	7.886310206795515	7.886310206795515	169
residue_residue	PRO22-PRO151	3982	1	25	0.04	-0.0022758675980021	-0.0022758675980021		0.0022758675980021	0.0022758675980021	0.0	1.0	0.0	towards_high	1.0	7.322121139724844	7.322121139724844	170
residue_residue	PRO15-PRO1273	3982	1	25	0.04	-0.0013497153069761	-0.0013497153069761		0.0013497153069761	0.0013497153069761	0.0	1.0	0.0	towards_high	1.0	7.342812014123273	7.342812014123273	171
residue_residue	PRO10-PRO100	3982	0	25	0.0									not_selected				172
residue_residue	PRO10-PRO112	3982	0	25	0.0									not_selected				173
residue_residue	PRO10-PRO113	3982	0	25	0.0									not_selected				174
residue_residue	PRO10-PRO114	3982	0	25	0.0									not_selected				175
residue_residue	PRO10-PRO115	3982	0	25	0.0									not_selected				176
residue_residue	PRO10-PRO116	3982	0	25	0.0									not_selected				177
residue_residue	PRO10-PRO117	3982	0	25	0.0									not_selected				178
residue_residue	PRO10-PRO12	3982	0	25	0.0									not_selected				179
residue_residue	PRO10-PRO1276	3982	0	25	0.0									not_selected				180
residue_residue	PRO10-PRO1277	3982	0	25	0.0									not_selected				181
residue_residue	PRO10-PRO1278	3982	0	25	0.0									not_selected				182
residue_residue	PRO10-PRO13	3982	0	25	0.0									not_selected				183
residue_residue	PRO10-PRO14	3982	0	25	0.0									not_selected				184
residue_residue	PRO10-PRO15	3982	0	25	0.0									not_selected				185
residue_residue	PRO10-PRO16	3982	0	25	0.0									not_selected				186
residue_residue	PRO10-PRO17	3982	0	25	0.0									not_selected				187
residue_residue	PRO10-PRO19	3982	0	25	0.0									not_selected				188
residue_residue	PRO10-PRO20	3982	0	25	0.0									not_selected				189
residue_residue	PRO10-PRO35	3982	0	25	0.0									not_selected				190
residue_residue	PRO10-PRO56	3982	0	25	0.0									not_selected				191
residue_residue	PRO10-PRO57	3982	0	25	0.0									not_selected				192
residue_residue	PRO10-PRO58	3982	0	25	0.0									not_selected				193
residue_residue	PRO10-PRO59	3982	0	25	0.0									not_selected				194
residue_residue	PRO10-PRO60	3982	0	25	0.0									not_selected				195
residue_residue	PRO10-PRO61	3982	0	25	0.0									not_selected				196
residue_residue	PRO10-PRO62	3982	0	25	0.0									not_selected				197
residue_residue	PRO10-PRO64	3982	0	25	0.0									not_selected				198
residue_residue	PRO10-PRO65	3982	0	25	0.0									not_selected				199
residue_residue	PRO10-PRO68	3982	0	25	0.0									not_selected				200
residue_residue	PRO10-PRO71	3982	0	25	0.0									not_selected				201
residue_residue	PRO10-PRO72	3982	0	25	0.0									not_selected				202
residue_residue	PRO10-PRO78	3982	0	25	0.0									not_selected				203
residue_residue	PRO10-PRO79	3982	0	25	0.0									not_selected				204
residue_residue	PRO10-PRO80	3982	0	25	0.0									not_selected				205
residue_residue	PRO10-PRO81	3982	0	25	0.0									not_selected				206
residue_residue	PRO10-PRO82	3982	0	25	0.0									not_selected				207
residue_residue	PRO10-PRO83	3982	0	25	0.0									not_selected				208
residue_residue	PRO10-PRO86	3982	0	25	0.0									not_selected				209
residue_residue	PRO10-PRO88	3982	0	25	0.0									not_selected				210
residue_residue	PRO10-PRO89	3982	0	25	0.0									not_selected				211
residue_residue	PRO10-PRO90	3982	0	25	0.0									not_selected				212
residue_residue	PRO10-PRO91	3982	0	25	0.0									not_selected				213
residue_residue	PRO10-PRO92	3982	0	25	0.0									not_selected				214
residue_residue	PRO10-PRO93	3982	0	25	0.0									not_selected				215
residue_residue	PRO10-PRO94	3982	0	25	0.0									not_selected				216
residue_residue	PRO10-PRO95	3982	0	25	0.0									not_selected				217
residue_residue	PRO10-PRO96	3982	0	25	0.0									not_selected				218
residue_residue	PRO10-PRO97	3982	0	25	0.0									not_selected				219
residue_residue	PRO10-PRO99	3982	0	25	0.0									not_selected				220
residue_residue	PRO100-PRO101	3982	0	25	0.0									not_selected				221
residue_residue	PRO100-PRO102	3982	0	25	0.0									not_selected				222
residue_residue	PRO100-PRO103	3982	0	25	0.0									not_selected				223
residue_residue	PRO100-PRO104	3982	0	25	0.0									not_selected				224
residue_residue	PRO100-PRO105	3982	0	25	0.0									not_selected				225
residue_residue	PRO100-PRO106	3982	0	25	0.0									not_selected				226
residue_residue	PRO100-PRO107	3982	0	25	0.0									not_selected				227
residue_residue	PRO100-PRO109	3982	0	25	0.0									not_selected				228
residue_residue	PRO100-PRO110	3982	0	25	0.0									not_selected				229
residue_residue	PRO100-PRO111	3982	0	25	0.0									not_selected				230
residue_residue	PRO100-PRO112	3982	0	25	0.0									not_selected				231
residue_residue	PRO100-PRO113	3982	0	25	0.0									not_selected				232
residue_residue	PRO100-PRO114	3982	0	25	0.0									not_selected				233
residue_residue	PRO100-PRO133	3982	0	25	0.0									not_selected				234
residue_residue	PRO100-PRO137	3982	0	25	0.0									not_selected				235
residue_residue	PRO100-PRO139	3982	0	25	0.0									not_selected				236
residue_residue	PRO100-PRO159	3982	0	25	0.0									not_selected				237
residue_residue	PRO101-PRO102	3982	0	25	0.0									not_selected				238
residue_residue	PRO101-PRO103	3982	0	25	0.0									not_selected				239
residue_residue	PRO101-PRO104	3982	0	25	0.0									not_selected				240
residue_residue	PRO101-PRO105	3982	0	25	0.0									not_selected				241
residue_residue	PRO101-PRO106	3982	0	25	0.0									not_selected				242
residue_residue	PRO101-PRO107	3982	0	25	0.0									not_selected				243
residue_residue	PRO101-PRO109	3982	0	25	0.0									not_selected				244
residue_residue	PRO101-PRO110	3982	0	25	0.0									not_selected				245
residue_residue	PRO101-PRO111	3982	0	25	0.0									not_selected				246
residue_residue	PRO101-PRO133	3982	0	25	0.0									not_selected				247
residue_residue	PRO101-PRO136	3982	0	25	0.0									not_selected				248
residue_residue	PRO101-PRO137	3982	0	25	0.0									not_selected				249
residue_residue	PRO101-PRO139	3982	0	25	0.0									not_selected				250
residue_residue	PRO102-PRO103	3982	0	25	0.0									not_selected				251
residue_residue	PRO102-PRO104	3982	0	25	0.0									not_selected				252
residue_residue	PRO102-PRO105	3982	0	25	0.0									not_selected				253
residue_residue	PRO102-PRO106	3982	0	25	0.0									not_selected				254
residue_residue	PRO102-PRO107	3982	0	25	0.0									not_selected				255
residue_residue	PRO102-PRO109	3982	0	25	0.0									not_selected				256
residue_residue	PRO102-PRO111	3982	0	25	0.0									not_selected				257
residue_residue	PRO103-PRO104	3982	0	25	0.0									not_selected				258
residue_residue	PRO103-PRO105	3982	0	25	0.0									not_selected				259
residue_residue	PRO103-PRO106	3982	0	25	0.0									not_selected				260
residue_residue	PRO103-PRO107	3982	0	25	0.0									not_selected				261
residue_residue	PRO103-PRO109	3982	0	25	0.0									not_selected				262
residue_residue	PRO103-PRO110	3982	0	25	0.0									not_selected				263
residue_residue	PRO103-PRO111	3982	0	25	0.0									not_selected				264
residue_residue	PRO104-PRO105	3982	0	25	0.0									not_selected				265
residue_residue	PRO104-PRO106	3982	0	25	0.0									not_selected				266
residue_residue	PRO104-PRO107	3982	0	25	0.0									not_selected				267
residue_residue	PRO104-PRO109	3982	0	25	0.0									not_selected				268
residue_residue	PRO104-PRO110	3982	0	25	0.0									not_selected				269
residue_residue	PRO104-PRO111	3982	0	25	0.0									not_selected				270
residue_residue	PRO104-PRO159	3982	0	25	0.0									not_selected				271
residue_residue	PRO105-PRO106	3982	0	25	0.0									not_selected				272
residue_residue	PRO105-PRO107	3982	0	25	0.0									not_selected				273
residue_residue	PRO105-PRO109	3982	0	25	0.0									not_selected				274
residue_residue	PRO105-PRO110	3982	0	25	0.0									not_selected				275
residue_residue	PRO105-PRO111	3982	0	25	0.0									not_selected				276
residue_residue	PRO106-PRO107	3982	0	25	0.0									not_selected				277
residue_residue	PRO106-PRO109	3982	0	25	0.0									not_selected				278
residue_residue	PRO106-PRO111	3982	0	25	0.0									not_selected				279
residue_residue	PRO106-PRO137	3982	0	25	0.0									not_selected				280
residue_residue	PRO106-PRO139	3982	0	25	0.0									not_selected				281
residue_residue	PRO107-PRO109	3982	0	25	0.0									not_selected				282
residue_residue	PRO107-PRO110	3982	0	25	0.0									not_selected				283
residue_residue	PRO107-PRO111	3982	0	25	0.0									not_selected				284
residue_residue	PRO107-PRO112	3982	0	25	0.0									not_selected				285
residue_residue	PRO107-PRO136	3982	0	25	0.0									not_selected				286
residue_residue	PRO107-PRO137	3982	0	25	0.0									not_selected				287
residue_residue	PRO107-PRO139	3982	0	25	0.0									not_selected				288
residue_residue	PRO109-PRO110	3982	0	25	0.0									not_selected				289
residue_residue	PRO109-PRO111	3982	0	25	0.0									not_selected				290
residue_residue	PRO109-PRO112	3982	0	25	0.0									not_selected				291
residue_residue	PRO109-PRO113	3982	0	25	0.0									not_selected				292
residue_residue	PRO109-PRO137	3982	0	25	0.0									not_selected				293
residue_residue	PRO109-PRO139	3982	0	25	0.0									not_selected				294
residue_residue	PRO11-PRO113	3982	0	25	0.0									not_selected				295
residue_residue	PRO11-PRO114	3982	0	25	0.0									not_selected				296
residue_residue	PRO11-PRO115	3982	0	25	0.0									not_selected				297
residue_residue	PRO11-PRO116	3982	0	25	0.0									not_selected				298
residue_residue	PRO11-PRO117	3982	0	25	0.0									not_selected				299
residue_residue	PRO11-PRO12	3982	0	25	0.0									not_selected				300
residue_residue	PRO11-PRO1233	3982	0	25	0.0									not_selected				301
residue_residue	PRO11-PRO1234	3982	0	25	0.0									not_selected				302
residue_residue	PRO11-PRO125	3982	0	25	0.0									not_selected				303
residue_residue	PRO11-PRO1277	3982	0	25	0.0									not_selected				304
residue_residue	PRO11-PRO1278	3982	0	25	0.0									not_selected				305
residue_residue	PRO11-PRO1279	3982	0	25	0.0									not_selected				306
residue_residue	PRO11-PRO1282	3982	0	25	0.0									not_selected				307
residue_residue	PRO11-PRO1283	3982	0	25	0.0									not_selected				308
residue_residue	PRO11-PRO13	3982	0	25	0.0									not_selected				309
residue_residue	PRO11-PRO14	3982	0	25	0.0									not_selected				310
residue_residue	PRO11-PRO15	3982	0	25	0.0									not_selected				311
residue_residue	PRO11-PRO16	3982	0	25	0.0									not_selected				312
residue_residue	PRO11-PRO17	3982	0	25	0.0									not_selected				313
residue_residue	PRO11-PRO18	3982	0	25	0.0									not_selected				314
residue_residue	PRO11-PRO19	3982	0	25	0.0									not_selected				315
residue_residue	PRO11-PRO35	3982	0	25	0.0									not_selected				316
residue_residue	PRO11-PRO57	3982	0	25	0.0									not_selected				317
residue_residue	PRO11-PRO58	3982	0	25	0.0									not_selected				318
residue_residue	PRO11-PRO61	3982	0	25	0.0									not_selected				319
residue_residue	PRO11-PRO62	3982	0	25	0.0									not_selected				320
residue_residue	PRO11-PRO63	3982	0	25	0.0									not_selected				321
residue_residue	PRO11-PRO64	3982	0	25	0.0									not_selected				322
residue_residue	PRO11-PRO65	3982	0	25	0.0									not_selected				323
residue_residue	PRO11-PRO68	3982	0	25	0.0									not_selected				324
residue_residue	PRO11-PRO72	3982	0	25	0.0									not_selected				325
residue_residue	PRO11-PRO79	3982	0	25	0.0									not_selected				326
residue_residue	PRO11-PRO80	3982	0	25	0.0									not_selected				327
residue_residue	PRO11-PRO81	3982	0	25	0.0									not_selected				328
residue_residue	PRO11-PRO82	3982	0	25	0.0									not_selected				329
residue_residue	PRO11-PRO83	3982	0	25	0.0									not_selected				330
residue_residue	PRO11-PRO84	3982	0	25	0.0									not_selected				331
residue_residue	PRO11-PRO85	3982	0	25	0.0									not_selected				332
residue_residue	PRO11-PRO86	3982	0	25	0.0									not_selected				333
residue_residue	PRO11-PRO87	3982	0	25	0.0									not_selected				334
residue_residue	PRO11-PRO88	3982	0	25	0.0									not_selected				335
residue_residue	PRO11-PRO89	3982	0	25	0.0									not_selected				336
residue_residue	PRO11-PRO90	3982	0	25	0.0									not_selected				337
residue_residue	PRO11-PRO91	3982	0	25	0.0									not_selected				338
residue_residue	PRO11-PRO92	3982	0	25	0.0									not_selected				339
residue_residue	PRO11-PRO93	3982	0	25	0.0									not_selected				340
residue_residue	PRO11-PRO94	3982	0	25	0.0									not_selected				341
residue_residue	PRO11-PRO95	3982	0	25	0.0									not_selected				342
residue_residue	PRO11-PRO96	3982	0	25	0.0									not_selected				343
residue_residue	PRO110-PRO111	3982	0	25	0.0									not_selected				344
residue_residue	PRO110-PRO112	3982	0	25	0.0									not_selected				345
residue_residue	PRO110-PRO113	3982	0	25	0.0									not_selected				346
residue_residue	PRO110-PRO114	3982	0	25	0.0									not_selected				347
residue_residue	PRO110-PRO137	3982	0	25	0.0									not_selected				348
residue_residue	PRO110-PRO139	3982	0	25	0.0									not_selected				349
residue_residue	PRO110-PRO155	3982	0	25	0.0									not_selected				350
residue_residue	PRO110-PRO156	3982	0	25	0.0									not_selected				351
residue_residue	PRO110-PRO159	3982	0	25	0.0									not_selected				352
residue_residue	PRO111-PRO113	3982	0	25	0.0									not_selected				353
residue_residue	PRO111-PRO114	3982	0	25	0.0									not_selected				354
residue_residue	PRO111-PRO133	3982	0	25	0.0									not_selected				355
residue_residue	PRO111-PRO134	3982	0	25	0.0									not_selected				356
residue_residue	PRO111-PRO136	3982	0	25	0.0									not_selected				357
residue_residue	PRO111-PRO137	3982	0	25	0.0									not_selected				358
residue_residue	PRO111-PRO139	3982	0	25	0.0									not_selected				359
residue_residue	PRO111-PRO141	3982	0	25	0.0									not_selected				360
residue_residue	PRO111-PRO142	3982	0	25	0.0									not_selected				361
residue_residue	PRO111-PRO155	3982	0	25	0.0									not_selected				362
residue_residue	PRO111-PRO156	3982	0	25	0.0									not_selected				363
residue_residue	PRO111-PRO159	3982	0	25	0.0									not_selected				364
residue_residue	PRO112-PRO113	3982	0	25	0.0									not_selected				365
residue_residue	PRO112-PRO114	3982	0	25	0.0									not_selected				366
residue_residue	PRO112-PRO115	3982	0	25	0.0									not_selected				367
residue_residue	PRO112-PRO116	3982	0	25	0.0									not_selected				368
residue_residue	PRO112-PRO130	3982	0	25	0.0									not_selected				369
residue_residue	PRO112-PRO133	3982	0	25	0.0									not_selected				370
residue_residue	PRO112-PRO134	3982	0	25	0.0									not_selected				371
residue_residue	PRO112-PRO137	3982	0	25	0.0									not_selected				372
residue_residue	PRO112-PRO139	3982	0	25	0.0									not_selected				373
residue_residue	PRO112-PRO141	3982	0	25	0.0									not_selected				374
residue_residue	PRO112-PRO142	3982	0	25	0.0									not_selected				375
residue_residue	PRO112-PRO143	3982	0	25	0.0									not_selected				376
residue_residue	PRO112-PRO144	3982	0	25	0.0									not_selected				377
residue_residue	PRO112-PRO151	3982	0	25	0.0									not_selected				378
residue_residue	PRO112-PRO152	3982	0	25	0.0									not_selected				379
residue_residue	PRO112-PRO153	3982	0	25	0.0									not_selected				380
residue_residue	PRO112-PRO154	3982	0	25	0.0									not_selected				381
residue_residue	PRO112-PRO155	3982	0	25	0.0									not_selected				382
residue_residue	PRO112-PRO156	3982	0	25	0.0									not_selected				383
residue_residue	PRO112-PRO159	3982	0	25	0.0									not_selected				384
residue_residue	PRO113-PRO114	3982	0	25	0.0									not_selected				385
residue_residue	PRO113-PRO115	3982	0	25	0.0									not_selected				386
residue_residue	PRO113-PRO116	3982	0	25	0.0									not_selected				387
residue_residue	PRO113-PRO118	3982	0	25	0.0									not_selected				388
residue_residue	PRO113-PRO123	3982	0	25	0.0									not_selected				389
residue_residue	PRO113-PRO125	3982	0	25	0.0									not_selected				390
residue_residue	PRO113-PRO127	3982	0	25	0.0									not_selected				391
residue_residue	PRO113-PRO129	3982	0	25	0.0									not_selected				392
residue_residue	PRO113-PRO130	3982	0	25	0.0									not_selected				393
residue_residue	PRO113-PRO133	3982	0	25	0.0									not_selected				394
residue_residue	PRO113-PRO134	3982	0	25	0.0									not_selected				395
residue_residue	PRO113-PRO136	3982	0	25	0.0									not_selected				396
residue_residue	PRO113-PRO137	3982	0	25	0.0									not_selected				397
residue_residue	PRO113-PRO139	3982	0	25	0.0									not_selected				398
residue_residue	PRO113-PRO141	3982	0	25	0.0									not_selected				399
residue_residue	PRO113-PRO142	3982	0	25	0.0									not_selected				400
residue_residue	PRO113-PRO143	3982	0	25	0.0									not_selected				401
residue_residue	PRO113-PRO144	3982	0	25	0.0									not_selected				402
residue_residue	PRO113-PRO151	3982	0	25	0.0									not_selected				403
residue_residue	PRO113-PRO152	3982	0	25	0.0									not_selected				404
residue_residue	PRO113-PRO154	3982	0	25	0.0									not_selected				405
residue_residue	PRO113-PRO155	3982	0	25	0.0									not_selected				406
residue_residue	PRO113-PRO156	3982	0	25	0.0									not_selected				407
residue_residue	PRO113-PRO159	3982	0	25	0.0									not_selected				408
residue_residue	PRO114-PRO116	3982	0	25	0.0									not_selected				409
residue_residue	PRO114-PRO117	3982	0	25	0.0									not_selected				410
residue_residue	PRO114-PRO118	3982	0	25	0.0									not_selected				411
residue_residue	PRO114-PRO119	3982	0	25	0.0									not_selected				412
residue_residue	PRO114-PRO123	3982	0	25	0.0									not_selected				413
residue_residue	PRO114-PRO125	3982	0	25	0.0									not_selected				414
residue_residue	PRO114-PRO127	3982	0	25	0.0									not_selected				415
residue_residue	PRO114-PRO130	3982	0	25	0.0									not_selected				416
residue_residue	PRO114-PRO133	3982	0	25	0.0									not_selected				417
residue_residue	PRO114-PRO134	3982	0	25	0.0									not_selected				418
residue_residue	PRO114-PRO137	3982	0	25	0.0									not_selected				419
residue_residue	PRO114-PRO139	3982	0	25	0.0									not_selected				420
residue_residue	PRO114-PRO141	3982	0	25	0.0									not_selected				421
residue_residue	PRO114-PRO142	3982	0	25	0.0									not_selected				422
residue_residue	PRO114-PRO143	3982	0	25	0.0									not_selected				423
residue_residue	PRO114-PRO144	3982	0	25	0.0									not_selected				424
residue_residue	PRO114-PRO145	3982	0	25	0.0									not_selected				425
residue_residue	PRO114-PRO147	3982	0	25	0.0									not_selected				426
residue_residue	PRO114-PRO150	3982	0	25	0.0									not_selected				427
residue_residue	PRO114-PRO151	3982	0	25	0.0									not_selected				428
residue_residue	PRO114-PRO152	3982	0	25	0.0									not_selected				429
residue_residue	PRO114-PRO153	3982	0	25	0.0									not_selected				430
residue_residue	PRO114-PRO154	3982	0	25	0.0									not_selected				431
residue_residue	PRO114-PRO155	3982	0	25	0.0									not_selected				432
residue_residue	PRO114-PRO156	3982	0	25	0.0									not_selected				433
residue_residue	PRO114-PRO159	3982	0	25	0.0									not_selected				434
residue_residue	PRO115-PRO116	3982	0	25	0.0									not_selected				435
residue_residue	PRO115-PRO117	3982	0	25	0.0									not_selected				436
residue_residue	PRO115-PRO118	3982	0	25	0.0									not_selected				437
residue_residue	PRO115-PRO119	3982	0	25	0.0									not_selected				438
residue_residue	PRO115-PRO120	3982	0	25	0.0									not_selected				439
residue_residue	PRO115-PRO123	3982	0	25	0.0									not_selected				440
residue_residue	PRO115-PRO124	3982	0	25	0.0									not_selected				441
residue_residue	PRO115-PRO125	3982	0	25	0.0									not_selected				442
residue_residue	PRO115-PRO127	3982	0	25	0.0									not_selected				443
residue_residue	PRO115-PRO129	3982	0	25	0.0									not_selected				444
residue_residue	PRO115-PRO130	3982	0	25	0.0									not_selected				445
residue_residue	PRO115-PRO134	3982	0	25	0.0									not_selected				446
residue_residue	PRO115-PRO139	3982	0	25	0.0									not_selected				447
residue_residue	PRO115-PRO141	3982	0	25	0.0									not_selected				448
residue_residue	PRO115-PRO142	3982	0	25	0.0									not_selected				449
residue_residue	PRO115-PRO143	3982	0	25	0.0									not_selected				450
residue_residue	PRO115-PRO144	3982	0	25	0.0									not_selected				451
residue_residue	PRO115-PRO145	3982	0	25	0.0									not_selected				452
residue_residue	PRO115-PRO146	3982	0	25	0.0									not_selected				453
residue_residue	PRO115-PRO147	3982	0	25	0.0									not_selected				454
residue_residue	PRO115-PRO150	3982	0	25	0.0									not_selected				455
residue_residue	PRO115-PRO151	3982	0	25	0.0									not_selected				456
residue_residue	PRO115-PRO152	3982	0	25	0.0									not_selected				457
residue_residue	PRO115-PRO154	3982	0	25	0.0									not_selected				458
residue_residue	PRO115-PRO155	3982	0	25	0.0									not_selected				459
residue_residue	PRO116-PRO117	3982	0	25	0.0									not_selected				460
residue_residue	PRO116-PRO118	3982	0	25	0.0									not_selected				461
residue_residue	PRO116-PRO120	3982	0	25	0.0									not_selected				462
residue_residue	PRO116-PRO121	3982	0	25	0.0									not_selected				463
residue_residue	PRO116-PRO122	3982	0	25	0.0									not_selected				464
residue_residue	PRO116-PRO123	3982	0	25	0.0									not_selected				465
residue_residue	PRO116-PRO124	3982	0	25	0.0									not_selected				466
residue_residue	PRO116-PRO125	3982	0	25	0.0									not_selected				467
residue_residue	PRO116-PRO127	3982	0	25	0.0									not_selected				468
residue_residue	PRO116-PRO1276	3982	0	25	0.0									not_selected				469
residue_residue	PRO116-PRO130	3982	0	25	0.0									not_selected				470
residue_residue	PRO116-PRO141	3982	0	25	0.0									not_selected				471
residue_residue	PRO116-PRO142	3982	0	25	0.0									not_selected				472
residue_residue	PRO116-PRO143	3982	0	25	0.0									not_selected				473
residue_residue	PRO116-PRO144	3982	0	25	0.0									not_selected				474
residue_residue	PRO116-PRO145	3982	0	25	0.0									not_selected				475
residue_residue	PRO116-PRO148	3982	0	25	0.0									not_selected				476
residue_residue	PRO116-PRO149	3982	0	25	0.0									not_selected				477
residue_residue	PRO116-PRO150	3982	0	25	0.0									not_selected				478
residue_residue	PRO116-PRO151	3982	0	25	0.0									not_selected				479
residue_residue	PRO116-PRO152	3982	0	25	0.0									not_selected				480
residue_residue	PRO116-PRO153	3982	0	25	0.0									not_selected				481
residue_residue	PRO116-PRO154	3982	0	25	0.0									not_selected				482
residue_residue	PRO116-PRO155	3982	0	25	0.0									not_selected				483
residue_residue	PRO116-PRO156	3982	0	25	0.0									not_selected				484
residue_residue	PRO117-PRO118	3982	0	25	0.0									not_selected				485
residue_residue	PRO117-PRO119	3982	0	25	0.0									not_selected				486
residue_residue	PRO117-PRO120	3982	0	25	0.0									not_selected				487
residue_residue	PRO117-PRO121	3982	0	25	0.0									not_selected				488
residue_residue	PRO117-PRO122	3982	0	25	0.0									not_selected				489
residue_residue	PRO117-PRO123	3982	0	25	0.0									not_selected				490
residue_residue	PRO117-PRO124	3982	0	25	0.0									not_selected				491
residue_residue	PRO117-PRO125	3982	0	25	0.0									not_selected				492
residue_residue	PRO117-PRO1269	3982	0	25	0.0									not_selected				493
residue_residue	PRO117-PRO127	3982	0	25	0.0									not_selected				494
residue_residue	PRO117-PRO1270	3982	0	25	0.0									not_selected				495
residue_residue	PRO117-PRO1273	3982	0	25	0.0									not_selected				496
residue_residue	PRO117-PRO1275	3982	0	25	0.0									not_selected				497
residue_residue	PRO117-PRO1276	3982	0	25	0.0									not_selected				498
residue_residue	PRO117-PRO1277	3982	0	25	0.0									not_selected				499
residue_residue	PRO117-PRO1278	3982	0	25	0.0									not_selected				500
residue_residue	PRO117-PRO141	3982	0	25	0.0									not_selected				501
residue_residue	PRO117-PRO142	3982	0	25	0.0									not_selected				502
residue_residue	PRO117-PRO143	3982	0	25	0.0									not_selected				503
residue_residue	PRO117-PRO144	3982	0	25	0.0									not_selected				504
residue_residue	PRO117-PRO145	3982	0	25	0.0									not_selected				505
residue_residue	PRO117-PRO146	3982	0	25	0.0									not_selected				506
residue_residue	PRO117-PRO147	3982	0	25	0.0									not_selected				507
residue_residue	PRO117-PRO148	3982	0	25	0.0									not_selected				508
residue_residue	PRO117-PRO149	3982	0	25	0.0									not_selected				509
residue_residue	PRO117-PRO150	3982	0	25	0.0									not_selected				510
residue_residue	PRO117-PRO151	3982	0	25	0.0									not_selected				511
residue_residue	PRO117-PRO152	3982	0	25	0.0									not_selected				512
residue_residue	PRO117-PRO155	3982	0	25	0.0									not_selected				513
residue_residue	PRO118-PRO119	3982	0	25	0.0									not_selected				514
residue_residue	PRO118-PRO120	3982	0	25	0.0									not_selected				515
residue_residue	PRO118-PRO121	3982	0	25	0.0									not_selected				516
residue_residue	PRO118-PRO122	3982	0	25	0.0									not_selected				517
residue_residue	PRO118-PRO123	3982	0	25	0.0									not_selected				518
residue_residue	PRO118-PRO124	3982	0	25	0.0									not_selected				519
residue_residue	PRO118-PRO125	3982	0	25	0.0									not_selected				520
residue_residue	PRO118-PRO127	3982	0	25	0.0									not_selected				521
residue_residue	PRO118-PRO130	3982	0	25	0.0									not_selected				522
residue_residue	PRO118-PRO141	3982	0	25	0.0									not_selected				523
residue_residue	PRO118-PRO142	3982	0	25	0.0									not_selected				524
residue_residue	PRO118-PRO143	3982	0	25	0.0									not_selected				525
residue_residue	PRO118-PRO144	3982	0	25	0.0									not_selected				526
residue_residue	PRO118-PRO145	3982	0	25	0.0									not_selected				527
residue_residue	PRO118-PRO147	3982	0	25	0.0									not_selected				528
residue_residue	PRO118-PRO148	3982	0	25	0.0									not_selected				529
residue_residue	PRO118-PRO149	3982	0	25	0.0									not_selected				530
residue_residue	PRO118-PRO150	3982	0	25	0.0									not_selected				531
residue_residue	PRO118-PRO151	3982	0	25	0.0									not_selected				532
residue_residue	PRO118-PRO152	3982	0	25	0.0									not_selected				533
residue_residue	PRO118-PRO154	3982	0	25	0.0									not_selected				534
residue_residue	PRO118-PRO155	3982	0	25	0.0									not_selected				535
residue_residue	PRO119-PRO120	3982	0	25	0.0									not_selected				536
residue_residue	PRO119-PRO121	3982	0	25	0.0									not_selected				537
residue_residue	PRO119-PRO122	3982	0	25	0.0									not_selected				538
residue_residue	PRO119-PRO123	3982	0	25	0.0									not_selected				539
residue_residue	PRO119-PRO143	3982	0	25	0.0									not_selected				540
residue_residue	PRO119-PRO144	3982	0	25	0.0									not_selected				541
residue_residue	PRO119-PRO145	3982	0	25	0.0									not_selected				542
residue_residue	PRO119-PRO146	3982	0	25	0.0									not_selected				543
residue_residue	PRO119-PRO147	3982	0	25	0.0									not_selected				544
residue_residue	PRO119-PRO149	3982	0	25	0.0									not_selected				545
residue_residue	PRO119-PRO150	3982	0	25	0.0									not_selected				546
residue_residue	PRO119-PRO151	3982	0	25	0.0									not_selected				547
residue_residue	PRO119-PRO152	3982	0	25	0.0									not_selected				548
residue_residue	PRO12-PRO116	3982	0	25	0.0									not_selected				549
residue_residue	PRO12-PRO117	3982	0	25	0.0									not_selected				550
residue_residue	PRO12-PRO1233	3982	0	25	0.0									not_selected				551
residue_residue	PRO12-PRO1236	3982	0	25	0.0									not_selected				552
residue_residue	PRO12-PRO1272	3982	0	25	0.0									not_selected				553
residue_residue	PRO12-PRO1273	3982	0	25	0.0									not_selected				554
residue_residue	PRO12-PRO1274	3982	0	25	0.0									not_selected				555
residue_residue	PRO12-PRO1276	3982	0	25	0.0									not_selected				556
residue_residue	PRO12-PRO1277	3982	0	25	0.0									not_selected				557
residue_residue	PRO12-PRO1278	3982	0	25	0.0									not_selected				558
residue_residue	PRO12-PRO1279	3982	0	25	0.0									not_selected				559
residue_residue	PRO12-PRO1280	3982	0	25	0.0									not_selected				560
residue_residue	PRO12-PRO1282	3982	0	25	0.0									not_selected				561
residue_residue	PRO12-PRO1283	3982	0	25	0.0									not_selected				562
residue_residue	PRO12-PRO1285	3982	0	25	0.0									not_selected				563
residue_residue	PRO12-PRO1286	3982	0	25	0.0									not_selected				564
residue_residue	PRO12-PRO13	3982	0	25	0.0									not_selected				565
residue_residue	PRO12-PRO1390	3982	0	25	0.0									not_selected				566
residue_residue	PRO12-PRO1391	3982	0	25	0.0									not_selected				567
residue_residue	PRO12-PRO14	3982	0	25	0.0									not_selected				568
residue_residue	PRO12-PRO15	3982	0	25	0.0									not_selected				569
residue_residue	PRO12-PRO16	3982	0	25	0.0									not_selected				570
residue_residue	PRO12-PRO17	3982	0	25	0.0									not_selected				571
residue_residue	PRO12-PRO18	3982	0	25	0.0									not_selected				572
residue_residue	PRO12-PRO32	3982	0	25	0.0									not_selected				573
residue_residue	PRO12-PRO33	3982	0	25	0.0									not_selected				574
residue_residue	PRO12-PRO34	3982	0	25	0.0									not_selected				575
residue_residue	PRO12-PRO36	3982	0	25	0.0									not_selected				576
residue_residue	PRO12-PRO57	3982	0	25	0.0									not_selected				577
residue_residue	PRO12-PRO58	3982	0	25	0.0									not_selected				578
residue_residue	PRO12-PRO59	3982	0	25	0.0									not_selected				579
residue_residue	PRO12-PRO60	3982	0	25	0.0									not_selected				580
residue_residue	PRO12-PRO61	3982	0	25	0.0									not_selected				581
residue_residue	PRO12-PRO62	3982	0	25	0.0									not_selected				582
residue_residue	PRO12-PRO63	3982	0	25	0.0									not_selected				583
residue_residue	PRO12-PRO64	3982	0	25	0.0									not_selected				584
residue_residue	PRO12-PRO65	3982	0	25	0.0									not_selected				585
residue_residue	PRO12-PRO68	3982	0	25	0.0									not_selected				586
residue_residue	PRO12-PRO81	3982	0	25	0.0									not_selected				587
residue_residue	PRO12-PRO82	3982	0	25	0.0									not_selected				588
residue_residue	PRO12-PRO83	3982	0	25	0.0									not_selected				589
residue_residue	PRO12-PRO84	3982	0	25	0.0									not_selected				590
residue_residue	PRO12-PRO85	3982	0	25	0.0									not_selected				591
residue_residue	PRO12-PRO86	3982	0	25	0.0									not_selected				592
residue_residue	PRO12-PRO87	3982	0	25	0.0									not_selected				593
residue_residue	PRO12-PRO88	3982	0	25	0.0									not_selected				594
residue_residue	PRO12-PRO89	3982	0	25	0.0									not_selected				595
residue_residue	PRO12-PRO92	3982	0	25	0.0									not_selected				596
residue_residue	PRO12-PRO93	3982	0	25	0.0									not_selected				597
residue_residue	PRO12-PRO96	3982	0	25	0.0									not_selected				598
residue_residue	PRO120-PRO121	3982	0	25	0.0									not_selected				599
residue_residue	PRO120-PRO122	3982	0	25	0.0									not_selected				600
residue_residue	PRO120-PRO123	3982	0	25	0.0									not_selected				601
residue_residue	PRO120-PRO124	3982	0	25	0.0									not_selected				602
residue_residue	PRO120-PRO125	3982	0	25	0.0									not_selected				603
residue_residue	PRO120-PRO127	3982	0	25	0.0									not_selected				604
residue_residue	PRO120-PRO1273	3982	0	25	0.0									not_selected				605
residue_residue	PRO120-PRO1276	3982	0	25	0.0									not_selected				606
residue_residue	PRO120-PRO143	3982	0	25	0.0									not_selected				607
residue_residue	PRO120-PRO144	3982	0	25	0.0									not_selected				608
residue_residue	PRO120-PRO145	3982	0	25	0.0									not_selected				609
residue_residue	PRO120-PRO146	3982	0	25	0.0									not_selected				610
residue_residue	PRO120-PRO147	3982	0	25	0.0									not_selected				611
residue_residue	PRO120-PRO148	3982	0	25	0.0									not_selected				612
residue_residue	PRO120-PRO149	3982	0	25	0.0									not_selected				613
residue_residue	PRO120-PRO150	3982	0	25	0.0									not_selected				614
residue_residue	PRO121-PRO123	3982	0	25	0.0									not_selected				615
residue_residue	PRO121-PRO124	3982	0	25	0.0									not_selected				616
residue_residue	PRO121-PRO125	3982	0	25	0.0									not_selected				617
residue_residue	PRO121-PRO145	3982	0	25	0.0									not_selected				618
residue_residue	PRO121-PRO147	3982	0	25	0.0									not_selected				619
residue_residue	PRO121-PRO148	3982	0	25	0.0									not_selected				620
residue_residue	PRO122-PRO123	3982	0	25	0.0									not_selected				621
residue_residue	PRO122-PRO124	3982	0	25	0.0									not_selected				622
residue_residue	PRO122-PRO125	3982	0	25	0.0									not_selected				623
residue_residue	PRO122-PRO127	3982	0	25	0.0									not_selected				624
residue_residue	PRO122-PRO143	3982	0	25	0.0									not_selected				625
residue_residue	PRO122-PRO145	3982	0	25	0.0									not_selected				626
residue_residue	PRO1227-PRO1230	3982	0	25	0.0									not_selected				627
residue_residue	PRO1227-PRO1231	3982	0	25	0.0									not_selected				628
residue_residue	PRO1227-PRO1232	3982	0	25	0.0									not_selected				629
residue_residue	PRO1227-PRO1233	3982	0	25	0.0									not_selected				630
residue_residue	PRO1227-PRO1234	3982	0	25	0.0									not_selected				631
residue_residue	PRO1227-PRO1235	3982	0	25	0.0									not_selected				632
residue_residue	PRO1227-PRO1236	3982	0	25	0.0									not_selected				633
residue_residue	PRO1227-PRO1237	3982	0	25	0.0									not_selected				634
residue_residue	PRO1227-PRO1238	3982	0	25	0.0									not_selected				635
residue_residue	PRO1227-PRO1239	3982	0	25	0.0									not_selected				636
residue_residue	PRO1227-PRO1240	3982	0	25	0.0									not_selected				637
residue_residue	PRO1227-PRO1241	3982	0	25	0.0									not_selected				638
residue_residue	PRO1227-PRO1242	3982	0	25	0.0									not_selected				639
residue_residue	PRO1227-PRO1243	3982	0	25	0.0									not_selected				640
residue_residue	PRO1227-PRO1278	3982	0	25	0.0									not_selected				641
residue_residue	PRO1227-PRO1279	3982	0	25	0.0									not_selected				642
residue_residue	PRO1227-PRO1280	3982	0	25	0.0									not_selected				643
residue_residue	PRO1227-PRO1281	3982	0	25	0.0									not_selected				644
residue_residue	PRO1227-PRO1283	3982	0	25	0.0									not_selected				645
residue_residue	PRO1227-PRO1284	3982	0	25	0.0									not_selected				646
residue_residue	PRO1228-PRO1230	3982	0	25	0.0									not_selected				647
residue_residue	PRO1228-PRO1231	3982	0	25	0.0									not_selected				648
residue_residue	PRO1228-PRO1232	3982	0	25	0.0									not_selected				649
residue_residue	PRO1228-PRO1233	3982	0	25	0.0									not_selected				650
residue_residue	PRO1228-PRO1234	3982	0	25	0.0									not_selected				651
residue_residue	PRO1228-PRO1235	3982	0	25	0.0									not_selected				652
residue_residue	PRO1228-PRO1236	3982	0	25	0.0									not_selected				653
residue_residue	PRO1228-PRO1237	3982	0	25	0.0									not_selected				654
residue_residue	PRO1228-PRO1238	3982	0	25	0.0									not_selected				655
residue_residue	PRO1228-PRO1239	3982	0	25	0.0									not_selected				656
residue_residue	PRO1228-PRO1240	3982	0	25	0.0									not_selected				657
residue_residue	PRO1228-PRO1243	3982	0	25	0.0									not_selected				658
residue_residue	PRO1228-PRO1264	3982	0	25	0.0									not_selected				659
residue_residue	PRO1228-PRO1267	3982	0	25	0.0									not_selected				660
residue_residue	PRO1228-PRO1278	3982	0	25	0.0									not_selected				661
residue_residue	PRO1228-PRO1279	3982	0	25	0.0									not_selected				662
residue_residue	PRO1228-PRO1280	3982	0	25	0.0									not_selected				663
residue_residue	PRO1228-PRO1281	3982	0	25	0.0									not_selected				664
residue_residue	PRO1228-PRO1282	3982	0	25	0.0									not_selected				665
residue_residue	PRO1228-PRO1283	3982	0	25	0.0									not_selected				666
residue_residue	PRO1228-PRO1284	3982	0	25	0.0									not_selected				667
residue_residue	PRO123-PRO124	3982	0	25	0.0									not_selected				668
residue_residue	PRO123-PRO125	3982	0	25	0.0									not_selected				669
residue_residue	PRO123-PRO127	3982	0	25	0.0									not_selected				670
residue_residue	PRO123-PRO129	3982	0	25	0.0									not_selected				671
residue_residue	PRO123-PRO130	3982	0	25	0.0									not_selected				672
residue_residue	PRO123-PRO133	3982	0	25	0.0									not_selected				673
residue_residue	PRO123-PRO134	3982	0	25	0.0									not_selected				674
residue_residue	PRO123-PRO141	3982	0	25	0.0									not_selected				675
residue_residue	PRO123-PRO142	3982	0	25	0.0									not_selected				676
residue_residue	PRO123-PRO143	3982	0	25	0.0									not_selected				677
residue_residue	PRO123-PRO144	3982	0	25	0.0									not_selected				678
residue_residue	PRO123-PRO145	3982	0	25	0.0									not_selected				679
residue_residue	PRO1230-PRO1231	3982	0	25	0.0									not_selected				680
residue_residue	PRO1230-PRO1232	3982	0	25	0.0									not_selected				681
residue_residue	PRO1230-PRO1233	3982	0	25	0.0									not_selected				682
residue_residue	PRO1230-PRO1234	3982	0	25	0.0									not_selected				683
residue_residue	PRO1230-PRO1235	3982	0	25	0.0									not_selected				684
residue_residue	PRO1230-PRO1236	3982	0	25	0.0									not_selected				685
residue_residue	PRO1230-PRO1239	3982	0	25	0.0									not_selected				686
residue_residue	PRO1230-PRO1243	3982	0	25	0.0									not_selected				687
residue_residue	PRO1230-PRO1280	3982	0	25	0.0									not_selected				688
residue_residue	PRO1231-PRO1232	3982	0	25	0.0									not_selected				689
residue_residue	PRO1231-PRO1233	3982	0	25	0.0									not_selected				690
residue_residue	PRO1231-PRO1234	3982	0	25	0.0									not_selected				691
residue_residue	PRO1231-PRO1235	3982	0	25	0.0									not_selected				692
residue_residue	PRO1231-PRO1236	3982	0	25	0.0									not_selected				693
residue_residue	PRO1231-PRO1237	3982	0	25	0.0									not_selected				694
residue_residue	PRO1231-PRO1238	3982	0	25	0.0									not_selected				695
residue_residue	PRO1231-PRO1239	3982	0	25	0.0									not_selected				696
residue_residue	PRO1231-PRO1240	3982	0	25	0.0									not_selected				697
residue_residue	PRO1231-PRO1241	3982	0	25	0.0									not_selected				698
residue_residue	PRO1231-PRO1242	3982	0	25	0.0									not_selected				699
residue_residue	PRO1231-PRO1243	3982	0	25	0.0									not_selected				700
residue_residue	PRO1231-PRO1278	3982	0	25	0.0									not_selected				701
residue_residue	PRO1231-PRO1279	3982	0	25	0.0									not_selected				702
residue_residue	PRO1231-PRO1280	3982	0	25	0.0									not_selected				703
residue_residue	PRO1231-PRO1283	3982	0	25	0.0									not_selected				704
residue_residue	PRO1231-PRO1284	3982	0	25	0.0									not_selected				705
residue_residue	PRO1232-PRO1233	3982	0	25	0.0									not_selected				706
residue_residue	PRO1232-PRO1234	3982	0	25	0.0									not_selected				707
residue_residue	PRO1232-PRO1235	3982	0	25	0.0									not_selected				708
residue_residue	PRO1232-PRO1236	3982	0	25	0.0									not_selected				709
residue_residue	PRO1232-PRO1237	3982	0	25	0.0									not_selected				710
residue_residue	PRO1232-PRO1238	3982	0	25	0.0									not_selected				711
residue_residue	PRO1232-PRO1239	3982	0	25	0.0									not_selected				712
residue_residue	PRO1232-PRO1240	3982	0	25	0.0									not_selected				713
residue_residue	PRO1232-PRO1278	3982	0	25	0.0									not_selected				714
residue_residue	PRO1232-PRO1279	3982	0	25	0.0									not_selected				715
residue_residue	PRO1232-PRO1280	3982	0	25	0.0									not_selected				716
residue_residue	PRO1232-PRO1283	3982	0	25	0.0									not_selected				717
residue_residue	PRO1233-PRO1234	3982	0	25	0.0									not_selected				718
residue_residue	PRO1233-PRO1235	3982	0	25	0.0									not_selected				719
residue_residue	PRO1233-PRO1236	3982	0	25	0.0									not_selected				720
residue_residue	PRO1233-PRO1237	3982	0	25	0.0									not_selected				721
residue_residue	PRO1233-PRO1238	3982	0	25	0.0									not_selected				722
residue_residue	PRO1233-PRO1239	3982	0	25	0.0									not_selected				723
residue_residue	PRO1233-PRO1240	3982	0	25	0.0									not_selected				724
residue_residue	PRO1233-PRO1277	3982	0	25	0.0									not_selected				725
residue_residue	PRO1233-PRO1278	3982	0	25	0.0									not_selected				726
residue_residue	PRO1233-PRO1279	3982	0	25	0.0									not_selected				727
residue_residue	PRO1233-PRO1280	3982	0	25	0.0									not_selected				728
residue_residue	PRO1233-PRO1281	3982	0	25	0.0									not_selected				729
residue_residue	PRO1233-PRO1282	3982	0	25	0.0									not_selected				730
residue_residue	PRO1233-PRO1283	3982	0	25	0.0									not_selected				731
residue_residue	PRO1234-PRO1235	3982	0	25	0.0									not_selected				732
residue_residue	PRO1234-PRO1236	3982	0	25	0.0									not_selected				733
residue_residue	PRO1234-PRO1237	3982	0	25	0.0									not_selected				734
residue_residue	PRO1234-PRO1238	3982	0	25	0.0									not_selected				735
residue_residue	PRO1234-PRO1239	3982	0	25	0.0									not_selected				736
residue_residue	PRO1234-PRO1240	3982	0	25	0.0									not_selected				737
residue_residue	PRO1234-PRO1241	3982	0	25	0.0									not_selected				738
residue_residue	PRO1234-PRO1278	3982	0	25	0.0									not_selected				739
residue_residue	PRO1234-PRO1279	3982	0	25	0.0									not_selected				740
residue_residue	PRO1234-PRO1280	3982	0	25	0.0									not_selected				741
residue_residue	PRO1234-PRO1283	3982	0	25	0.0									not_selected				742
residue_residue	PRO1235-PRO1236	3982	0	25	0.0									not_selected				743
residue_residue	PRO1235-PRO1237	3982	0	25	0.0									not_selected				744
residue_residue	PRO1235-PRO1238	3982	0	25	0.0									not_selected				745
residue_residue	PRO1235-PRO1239	3982	0	25	0.0									not_selected				746
residue_residue	PRO1235-PRO1240	3982	0	25	0.0									not_selected				747
residue_residue	PRO1235-PRO1241	3982	0	25	0.0									not_selected				748
residue_residue	PRO1235-PRO1242	3982	0	25	0.0									not_selected				749
residue_residue	PRO1235-PRO1243	3982	0	25	0.0									not_selected				750
residue_residue	PRO1235-PRO1278	3982	0	25	0.0									not_selected				751
residue_residue	PRO1235-PRO1279	3982	0	25	0.0									not_selected				752
residue_residue	PRO1235-PRO1280	3982	0	25	0.0									not_selected				753
residue_residue	PRO1235-PRO1283	3982	0	25	0.0									not_selected				754
residue_residue	PRO1235-PRO1284	3982	0	25	0.0									not_selected				755
residue_residue	PRO1236-PRO1237	3982	0	25	0.0									not_selected				756
residue_residue	PRO1236-PRO1238	3982	0	25	0.0									not_selected				757
residue_residue	PRO1236-PRO1239	3982	0	25	0.0									not_selected				758
residue_residue	PRO1236-PRO1240	3982	0	25	0.0									not_selected				759
residue_residue	PRO1236-PRO1241	3982	0	25	0.0									not_selected				760
residue_residue	PRO1236-PRO1242	3982	0	25	0.0									not_selected				761
residue_residue	PRO1236-PRO1243	3982	0	25	0.0									not_selected				762
residue_residue	PRO1236-PRO1264	3982	0	25	0.0									not_selected				763
residue_residue	PRO1236-PRO1267	3982	0	25	0.0									not_selected				764
residue_residue	PRO1236-PRO1274	3982	0	25	0.0									not_selected				765
residue_residue	PRO1236-PRO1275	3982	0	25	0.0									not_selected				766
residue_residue	PRO1236-PRO1276	3982	0	25	0.0									not_selected				767
residue_residue	PRO1236-PRO1277	3982	0	25	0.0									not_selected				768
residue_residue	PRO1236-PRO1278	3982	0	25	0.0									not_selected				769
residue_residue	PRO1236-PRO1279	3982	0	25	0.0									not_selected				770
residue_residue	PRO1236-PRO1280	3982	0	25	0.0									not_selected				771
residue_residue	PRO1236-PRO1281	3982	0	25	0.0									not_selected				772
residue_residue	PRO1236-PRO1282	3982	0	25	0.0									not_selected				773
residue_residue	PRO1236-PRO1283	3982	0	25	0.0									not_selected				774
residue_residue	PRO1236-PRO1284	3982	0	25	0.0									not_selected				775
residue_residue	PRO1236-PRO1285	3982	0	25	0.0									not_selected				776
residue_residue	PRO1236-PRO1286	3982	0	25	0.0									not_selected				777
residue_residue	PRO1236-PRO1287	3982	0	25	0.0									not_selected				778
residue_residue	PRO1236-PRO1391	3982	0	25	0.0									not_selected				779
residue_residue	PRO1237-PRO1238	3982	0	25	0.0									not_selected				780
residue_residue	PRO1237-PRO1239	3982	0	25	0.0									not_selected				781
residue_residue	PRO1237-PRO1240	3982	0	25	0.0									not_selected				782
residue_residue	PRO1237-PRO1241	3982	0	25	0.0									not_selected				783
residue_residue	PRO1237-PRO1242	3982	0	25	0.0									not_selected				784
residue_residue	PRO1237-PRO1243	3982	0	25	0.0									not_selected				785
residue_residue	PRO1237-PRO1278	3982	0	25	0.0									not_selected				786
residue_residue	PRO1237-PRO1279	3982	0	25	0.0									not_selected				787
residue_residue	PRO1237-PRO1280	3982	0	25	0.0									not_selected				788
residue_residue	PRO1237-PRO1281	3982	0	25	0.0									not_selected				789
residue_residue	PRO1237-PRO1282	3982	0	25	0.0									not_selected				790
residue_residue	PRO1237-PRO1283	3982	0	25	0.0									not_selected				791
residue_residue	PRO1237-PRO1284	3982	0	25	0.0									not_selected				792
residue_residue	PRO1237-PRO1285	3982	0	25	0.0									not_selected				793
residue_residue	PRO1237-PRO1286	3982	0	25	0.0									not_selected				794
residue_residue	PRO1237-PRO1287	3982	0	25	0.0									not_selected				795
residue_residue	PRO1237-PRO1290	3982	0	25	0.0									not_selected				796
residue_residue	PRO1237-PRO1391	3982	0	25	0.0									not_selected				797
residue_residue	PRO1238-PRO1240	3982	0	25	0.0									not_selected				798
residue_residue	PRO1238-PRO1241	3982	0	25	0.0									not_selected				799
residue_residue	PRO1238-PRO1242	3982	0	25	0.0									not_selected				800
residue_residue	PRO1238-PRO1243	3982	0	25	0.0									not_selected				801
residue_residue	PRO1238-PRO1278	3982	0	25	0.0									not_selected				802
residue_residue	PRO1238-PRO1279	3982	0	25	0.0									not_selected				803
residue_residue	PRO1238-PRO1280	3982	0	25	0.0									not_selected				804
residue_residue	PRO1238-PRO1283	3982	0	25	0.0									not_selected				805
residue_residue	PRO1238-PRO1284	3982	0	25	0.0									not_selected				806
residue_residue	PRO1238-PRO1286	3982	0	25	0.0									not_selected				807
residue_residue	PRO1238-PRO1287	3982	0	25	0.0									not_selected				808
residue_residue	PRO1238-PRO1290	3982	0	25	0.0									not_selected				809
residue_residue	PRO1239-PRO1240	3982	0	25	0.0									not_selected				810
residue_residue	PRO1239-PRO1241	3982	0	25	0.0									not_selected				811
residue_residue	PRO1239-PRO1242	3982	0	25	0.0									not_selected				812
residue_residue	PRO1239-PRO1243	3982	0	25	0.0									not_selected				813
residue_residue	PRO1239-PRO1278	3982	0	25	0.0									not_selected				814
residue_residue	PRO1239-PRO1279	3982	0	25	0.0									not_selected				815
residue_residue	PRO1239-PRO1280	3982	0	25	0.0									not_selected				816
residue_residue	PRO1239-PRO1281	3982	0	25	0.0									not_selected				817
residue_residue	PRO1239-PRO1282	3982	0	25	0.0									not_selected				818
residue_residue	PRO1239-PRO1283	3982	0	25	0.0									not_selected				819
residue_residue	PRO1239-PRO1284	3982	0	25	0.0									not_selected				820
residue_residue	PRO1239-PRO1285	3982	0	25	0.0									not_selected				821
residue_residue	PRO1239-PRO1286	3982	0	25	0.0									not_selected				822
residue_residue	PRO1239-PRO1287	3982	0	25	0.0									not_selected				823
residue_residue	PRO124-PRO1233	3982	0	25	0.0									not_selected				824
residue_residue	PRO124-PRO1236	3982	0	25	0.0									not_selected				825
residue_residue	PRO124-PRO125	3982	0	25	0.0									not_selected				826
residue_residue	PRO124-PRO1267	3982	0	25	0.0									not_selected				827
residue_residue	PRO124-PRO127	3982	0	25	0.0									not_selected				828
residue_residue	PRO124-PRO1277	3982	0	25	0.0									not_selected				829
residue_residue	PRO124-PRO1278	3982	0	25	0.0									not_selected				830
residue_residue	PRO124-PRO129	3982	0	25	0.0									not_selected				831
residue_residue	PRO124-PRO130	3982	0	25	0.0									not_selected				832
residue_residue	PRO124-PRO143	3982	0	25	0.0									not_selected				833
residue_residue	PRO1240-PRO1241	3982	0	25	0.0									not_selected				834
residue_residue	PRO1240-PRO1242	3982	0	25	0.0									not_selected				835
residue_residue	PRO1240-PRO1243	3982	0	25	0.0									not_selected				836
residue_residue	PRO1240-PRO1278	3982	0	25	0.0									not_selected				837
residue_residue	PRO1240-PRO1279	3982	0	25	0.0									not_selected				838
residue_residue	PRO1240-PRO1280	3982	0	25	0.0									not_selected				839
residue_residue	PRO1240-PRO1281	3982	0	25	0.0									not_selected				840
residue_residue	PRO1240-PRO1282	3982	0	25	0.0									not_selected				841
residue_residue	PRO1240-PRO1283	3982	0	25	0.0									not_selected				842
residue_residue	PRO1240-PRO1284	3982	0	25	0.0									not_selected				843
residue_residue	PRO1240-PRO1285	3982	0	25	0.0									not_selected				844
residue_residue	PRO1240-PRO1286	3982	0	25	0.0									not_selected				845
residue_residue	PRO1240-PRO1287	3982	0	25	0.0									not_selected				846
residue_residue	PRO1240-PRO1289	3982	0	25	0.0									not_selected				847
residue_residue	PRO1240-PRO1290	3982	0	25	0.0									not_selected				848
residue_residue	PRO1240-PRO1391	3982	0	25	0.0									not_selected				849
residue_residue	PRO1241-PRO1243	3982	0	25	0.0									not_selected				850
residue_residue	PRO1241-PRO1278	3982	0	25	0.0									not_selected				851
residue_residue	PRO1241-PRO1280	3982	0	25	0.0									not_selected				852
residue_residue	PRO1241-PRO1282	3982	0	25	0.0									not_selected				853
residue_residue	PRO1241-PRO1283	3982	0	25	0.0									not_selected				854
residue_residue	PRO1241-PRO1284	3982	0	25	0.0									not_selected				855
residue_residue	PRO1241-PRO1285	3982	0	25	0.0									not_selected				856
residue_residue	PRO1241-PRO1286	3982	0	25	0.0									not_selected				857
residue_residue	PRO1241-PRO1289	3982	0	25	0.0									not_selected				858
residue_residue	PRO1241-PRO1290	3982	0	25	0.0									not_selected				859
residue_residue	PRO1242-PRO1280	3982	0	25	0.0									not_selected				860
residue_residue	PRO1242-PRO1283	3982	0	25	0.0									not_selected				861
residue_residue	PRO1242-PRO1284	3982	0	25	0.0									not_selected				862
residue_residue	PRO1242-PRO1287	3982	0	25	0.0									not_selected				863
residue_residue	PRO1243-PRO1279	3982	0	25	0.0									not_selected				864
residue_residue	PRO1243-PRO1280	3982	0	25	0.0									not_selected				865
residue_residue	PRO1243-PRO1281	3982	0	25	0.0									not_selected				866
residue_residue	PRO1243-PRO1282	3982	0	25	0.0									not_selected				867
residue_residue	PRO1243-PRO1283	3982	0	25	0.0									not_selected				868
residue_residue	PRO1243-PRO1284	3982	0	25	0.0									not_selected				869
residue_residue	PRO1243-PRO1285	3982	0	25	0.0									not_selected				870
residue_residue	PRO1243-PRO1286	3982	0	25	0.0									not_selected				871
residue_residue	PRO1243-PRO1287	3982	0	25	0.0									not_selected				872
residue_residue	PRO125-PRO1233	3982	0	25	0.0									not_selected				873
residue_residue	PRO125-PRO127	3982	0	25	0.0									not_selected				874
residue_residue	PRO125-PRO129	3982	0	25	0.0									not_selected				875
residue_residue	PRO125-PRO130	3982	0	25	0.0									not_selected				876
residue_residue	PRO125-PRO133	3982	0	25	0.0									not_selected				877
residue_residue	PRO125-PRO134	3982	0	25	0.0									not_selected				878
residue_residue	PRO125-PRO141	3982	0	25	0.0									not_selected				879
residue_residue	PRO125-PRO142	3982	0	25	0.0									not_selected				880
residue_residue	PRO125-PRO143	3982	0	25	0.0									not_selected				881
residue_residue	PRO125-PRO144	3982	0	25	0.0									not_selected				882
residue_residue	PRO1264-PRO1267	3982	0	25	0.0									not_selected				883
residue_residue	PRO1264-PRO1268	3982	0	25	0.0									not_selected				884
residue_residue	PRO1264-PRO1269	3982	0	25	0.0									not_selected				885
residue_residue	PRO1264-PRO1270	3982	0	25	0.0									not_selected				886
residue_residue	PRO1264-PRO1271	3982	0	25	0.0									not_selected				887
residue_residue	PRO1264-PRO1273	3982	0	25	0.0									not_selected				888
residue_residue	PRO1264-PRO1274	3982	0	25	0.0									not_selected				889
residue_residue	PRO1264-PRO1275	3982	0	25	0.0									not_selected				890
residue_residue	PRO1264-PRO1277	3982	0	25	0.0									not_selected				891
residue_residue	PRO1264-PRO1278	3982	0	25	0.0									not_selected				892
residue_residue	PRO1264-PRO1279	3982	0	25	0.0									not_selected				893
residue_residue	PRO1264-PRO1280	3982	0	25	0.0									not_selected				894
residue_residue	PRO1264-PRO1281	3982	0	25	0.0									not_selected				895
residue_residue	PRO1264-PRO1282	3982	0	25	0.0									not_selected				896
residue_residue	PRO1264-PRO1283	3982	0	25	0.0									not_selected				897
residue_residue	PRO1264-PRO1284	3982	0	25	0.0									not_selected				898
residue_residue	PRO1264-PRO1285	3982	0	25	0.0									not_selected				899
residue_residue	PRO1264-PRO1286	3982	0	25	0.0									not_selected				900
residue_residue	PRO1264-PRO1368	3982	0	25	0.0									not_selected				901
residue_residue	PRO1264-PRO1383	3982	0	25	0.0									not_selected				902
residue_residue	PRO1264-PRO1391	3982	0	25	0.0									not_selected				903
residue_residue	PRO1265-PRO1267	3982	0	25	0.0									not_selected				904
residue_residue	PRO1265-PRO1268	3982	0	25	0.0									not_selected				905
residue_residue	PRO1265-PRO1269	3982	0	25	0.0									not_selected				906
residue_residue	PRO1265-PRO1270	3982	0	25	0.0									not_selected				907
residue_residue	PRO1265-PRO1271	3982	0	25	0.0									not_selected				908
residue_residue	PRO1265-PRO1272	3982	0	25	0.0									not_selected				909
residue_residue	PRO1265-PRO1273	3982	0	25	0.0									not_selected				910
residue_residue	PRO1265-PRO1275	3982	0	25	0.0									not_selected				911
residue_residue	PRO1265-PRO1279	3982	0	25	0.0									not_selected				912
residue_residue	PRO1265-PRO1281	3982	0	25	0.0									not_selected				913
residue_residue	PRO1265-PRO1282	3982	0	25	0.0									not_selected				914
residue_residue	PRO1265-PRO1285	3982	0	25	0.0									not_selected				915
residue_residue	PRO1265-PRO1368	3982	0	25	0.0									not_selected				916
residue_residue	PRO1265-PRO1379	3982	0	25	0.0									not_selected				917
residue_residue	PRO1265-PRO1383	3982	0	25	0.0									not_selected				918
residue_residue	PRO1265-PRO1384	3982	0	25	0.0									not_selected				919
residue_residue	PRO1265-PRO1387	3982	0	25	0.0									not_selected				920
residue_residue	PRO1267-PRO1269	3982	0	25	0.0									not_selected				921
residue_residue	PRO1267-PRO1270	3982	0	25	0.0									not_selected				922
residue_residue	PRO1267-PRO1271	3982	0	25	0.0									not_selected				923
residue_residue	PRO1267-PRO1273	3982	0	25	0.0									not_selected				924
residue_residue	PRO1267-PRO1274	3982	0	25	0.0									not_selected				925
residue_residue	PRO1267-PRO1275	3982	0	25	0.0									not_selected				926
residue_residue	PRO1267-PRO1276	3982	0	25	0.0									not_selected				927
residue_residue	PRO1267-PRO1277	3982	0	25	0.0									not_selected				928
residue_residue	PRO1267-PRO1278	3982	0	25	0.0									not_selected				929
residue_residue	PRO1267-PRO1279	3982	0	25	0.0									not_selected				930
residue_residue	PRO1267-PRO1280	3982	0	25	0.0									not_selected				931
residue_residue	PRO1267-PRO1281	3982	0	25	0.0									not_selected				932
residue_residue	PRO1267-PRO1282	3982	0	25	0.0									not_selected				933
residue_residue	PRO1268-PRO1269	3982	0	25	0.0									not_selected				934
residue_residue	PRO1268-PRO1270	3982	0	25	0.0									not_selected				935
residue_residue	PRO1268-PRO1271	3982	0	25	0.0									not_selected				936
residue_residue	PRO1268-PRO1272	3982	0	25	0.0									not_selected				937
residue_residue	PRO1268-PRO1273	3982	0	25	0.0									not_selected				938
residue_residue	PRO1268-PRO1274	3982	0	25	0.0									not_selected				939
residue_residue	PRO1268-PRO1275	3982	0	25	0.0									not_selected				940
residue_residue	PRO1268-PRO1276	3982	0	25	0.0									not_selected				941
residue_residue	PRO1268-PRO1277	3982	0	25	0.0									not_selected				942
residue_residue	PRO1268-PRO1279	3982	0	25	0.0									not_selected				943
residue_residue	PRO1268-PRO1281	3982	0	25	0.0									not_selected				944
residue_residue	PRO1268-PRO1368	3982	0	25	0.0									not_selected				945
residue_residue	PRO1268-PRO1379	3982	0	25	0.0									not_selected				946
residue_residue	PRO1268-PRO1383	3982	0	25	0.0									not_selected				947
residue_residue	PRO1269-PRO1270	3982	0	25	0.0									not_selected				948
residue_residue	PRO1269-PRO1271	3982	0	25	0.0									not_selected				949
residue_residue	PRO1269-PRO1272	3982	0	25	0.0									not_selected				950
residue_residue	PRO1269-PRO1273	3982	0	25	0.0									not_selected				951
residue_residue	PRO1269-PRO1274	3982	0	25	0.0									not_selected				952
residue_residue	PRO1269-PRO1275	3982	0	25	0.0									not_selected				953
residue_residue	PRO1269-PRO1276	3982	0	25	0.0									not_selected				954
residue_residue	PRO1269-PRO1379	3982	0	25	0.0									not_selected				955
residue_residue	PRO127-PRO129	3982	0	25	0.0									not_selected				956
residue_residue	PRO127-PRO130	3982	0	25	0.0									not_selected				957
residue_residue	PRO127-PRO133	3982	0	25	0.0									not_selected				958
residue_residue	PRO127-PRO134	3982	0	25	0.0									not_selected				959
residue_residue	PRO127-PRO136	3982	0	25	0.0									not_selected				960
residue_residue	PRO127-PRO141	3982	0	25	0.0									not_selected				961
residue_residue	PRO127-PRO142	3982	0	25	0.0									not_selected				962
residue_residue	PRO127-PRO143	3982	0	25	0.0									not_selected				963
residue_residue	PRO127-PRO144	3982	0	25	0.0									not_selected				964
residue_residue	PRO1270-PRO1271	3982	0	25	0.0									not_selected				965
residue_residue	PRO1270-PRO1272	3982	0	25	0.0									not_selected				966
residue_residue	PRO1270-PRO1273	3982	0	25	0.0									not_selected				967
residue_residue	PRO1270-PRO1274	3982	0	25	0.0									not_selected				968
residue_residue	PRO1270-PRO1275	3982	0	25	0.0									not_selected				969
residue_residue	PRO1270-PRO1276	3982	0	25	0.0									not_selected				970
residue_residue	PRO1270-PRO1379	3982	0	25	0.0									not_selected				971
residue_residue	PRO1270-PRO1382	3982	0	25	0.0									not_selected				972
residue_residue	PRO1270-PRO1383	3982	0	25	0.0									not_selected				973
residue_residue	PRO1271-PRO1272	3982	0	25	0.0									not_selected				974
residue_residue	PRO1271-PRO1273	3982	0	25	0.0									not_selected				975
residue_residue	PRO1271-PRO1274	3982	0	25	0.0									not_selected				976
residue_residue	PRO1271-PRO1275	3982	0	25	0.0									not_selected				977
residue_residue	PRO1271-PRO1276	3982	0	25	0.0									not_selected				978
residue_residue	PRO1271-PRO1285	3982	0	25	0.0									not_selected				979
residue_residue	PRO1271-PRO1368	3982	0	25	0.0									not_selected				980
residue_residue	PRO1271-PRO1379	3982	0	25	0.0									not_selected				981
residue_residue	PRO1271-PRO1382	3982	0	25	0.0									not_selected				982
residue_residue	PRO1271-PRO1383	3982	0	25	0.0									not_selected				983
residue_residue	PRO1271-PRO1384	3982	0	25	0.0									not_selected				984
residue_residue	PRO1271-PRO1385	3982	0	25	0.0									not_selected				985
residue_residue	PRO1271-PRO1386	3982	0	25	0.0									not_selected				986
residue_residue	PRO1271-PRO1387	3982	0	25	0.0									not_selected				987
residue_residue	PRO1271-PRO1390	3982	0	25	0.0									not_selected				988
residue_residue	PRO1271-PRO1430	3982	0	25	0.0									not_selected				989
residue_residue	PRO1272-PRO1273	3982	0	25	0.0									not_selected				990
residue_residue	PRO1272-PRO1274	3982	0	25	0.0									not_selected				991
residue_residue	PRO1272-PRO1275	3982	0	25	0.0									not_selected				992
residue_residue	PRO1272-PRO1276	3982	0	25	0.0									not_selected				993
residue_residue	PRO1272-PRO1277	3982	0	25	0.0									not_selected				994
residue_residue	PRO1272-PRO1368	3982	0	25	0.0									not_selected				995
residue_residue	PRO1272-PRO1379	3982	0	25	0.0									not_selected				996
residue_residue	PRO1272-PRO1382	3982	0	25	0.0									not_selected				997
residue_residue	PRO1272-PRO1383	3982	0	25	0.0									not_selected				998
residue_residue	PRO1272-PRO1384	3982	0	25	0.0									not_selected				999
residue_residue	PRO1272-PRO1385	3982	0	25	0.0									not_selected				1000
residue_residue	PRO1272-PRO1386	3982	0	25	0.0									not_selected				1001
residue_residue	PRO1272-PRO1387	3982	0	25	0.0									not_selected				1002
residue_residue	PRO1272-PRO1390	3982	0	25	0.0									not_selected				1003
residue_residue	PRO1272-PRO1391	3982	0	25	0.0									not_selected				1004
residue_residue	PRO1272-PRO1426	3982	0	25	0.0									not_selected				1005
residue_residue	PRO1272-PRO1427	3982	0	25	0.0									not_selected				1006
residue_residue	PRO1272-PRO1429	3982	0	25	0.0									not_selected				1007
residue_residue	PRO1272-PRO1430	3982	0	25	0.0									not_selected				1008
residue_residue	PRO1272-PRO1431	3982	0	25	0.0									not_selected				1009
residue_residue	PRO1272-PRO1432	3982	0	25	0.0									not_selected				1010
residue_residue	PRO1272-PRO1433	3982	0	25	0.0									not_selected				1011
residue_residue	PRO1273-PRO1275	3982	0	25	0.0									not_selected				1012
residue_residue	PRO1273-PRO1276	3982	0	25	0.0									not_selected				1013
residue_residue	PRO1273-PRO1277	3982	0	25	0.0									not_selected				1014
residue_residue	PRO1273-PRO1279	3982	0	25	0.0									not_selected				1015
residue_residue	PRO1273-PRO1282	3982	0	25	0.0									not_selected				1016
residue_residue	PRO1273-PRO1368	3982	0	25	0.0									not_selected				1017
residue_residue	PRO1273-PRO1379	3982	0	25	0.0									not_selected				1018
residue_residue	PRO1273-PRO1382	3982	0	25	0.0									not_selected				1019
residue_residue	PRO1273-PRO1383	3982	0	25	0.0									not_selected				1020
residue_residue	PRO1273-PRO1386	3982	0	25	0.0									not_selected				1021
residue_residue	PRO1273-PRO1387	3982	0	25	0.0									not_selected				1022
residue_residue	PRO1273-PRO1390	3982	0	25	0.0									not_selected				1023
residue_residue	PRO1273-PRO1391	3982	0	25	0.0									not_selected				1024
residue_residue	PRO1273-PRO1430	3982	0	25	0.0									not_selected				1025
residue_residue	PRO1274-PRO1277	3982	0	25	0.0									not_selected				1026
residue_residue	PRO1274-PRO1278	3982	0	25	0.0									not_selected				1027
residue_residue	PRO1274-PRO1279	3982	0	25	0.0									not_selected				1028
residue_residue	PRO1274-PRO1280	3982	0	25	0.0									not_selected				1029
residue_residue	PRO1274-PRO1281	3982	0	25	0.0									not_selected				1030
residue_residue	PRO1274-PRO1282	3982	0	25	0.0									not_selected				1031
residue_residue	PRO1274-PRO1283	3982	0	25	0.0									not_selected				1032
residue_residue	PRO1274-PRO1285	3982	0	25	0.0									not_selected				1033
residue_residue	PRO1274-PRO1289	3982	0	25	0.0									not_selected				1034
residue_residue	PRO1274-PRO1368	3982	0	25	0.0									not_selected				1035
residue_residue	PRO1274-PRO1379	3982	0	25	0.0									not_selected				1036
residue_residue	PRO1274-PRO1382	3982	0	25	0.0									not_selected				1037
residue_residue	PRO1274-PRO1383	3982	0	25	0.0									not_selected				1038
residue_residue	PRO1274-PRO1384	3982	0	25	0.0									not_selected				1039
residue_residue	PRO1274-PRO1385	3982	0	25	0.0									not_selected				1040
residue_residue	PRO1274-PRO1386	3982	0	25	0.0									not_selected				1041
residue_residue	PRO1274-PRO1387	3982	0	25	0.0									not_selected				1042
residue_residue	PRO1274-PRO1388	3982	0	25	0.0									not_selected				1043
residue_residue	PRO1274-PRO1390	3982	0	25	0.0									not_selected				1044
residue_residue	PRO1274-PRO1391	3982	0	25	0.0									not_selected				1045
residue_residue	PRO1275-PRO1279	3982	0	25	0.0									not_selected				1046
residue_residue	PRO1275-PRO1280	3982	0	25	0.0									not_selected				1047
residue_residue	PRO1275-PRO1281	3982	0	25	0.0									not_selected				1048
residue_residue	PRO1275-PRO1282	3982	0	25	0.0									not_selected				1049
residue_residue	PRO1275-PRO1283	3982	0	25	0.0									not_selected				1050
residue_residue	PRO1275-PRO1284	3982	0	25	0.0									not_selected				1051
residue_residue	PRO1275-PRO1285	3982	0	25	0.0									not_selected				1052
residue_residue	PRO1275-PRO1286	3982	0	25	0.0									not_selected				1053
residue_residue	PRO1275-PRO1287	3982	0	25	0.0									not_selected				1054
residue_residue	PRO1275-PRO1289	3982	0	25	0.0									not_selected				1055
residue_residue	PRO1275-PRO1368	3982	0	25	0.0									not_selected				1056
residue_residue	PRO1275-PRO1379	3982	0	25	0.0									not_selected				1057
residue_residue	PRO1275-PRO1382	3982	0	25	0.0									not_selected				1058
residue_residue	PRO1275-PRO1383	3982	0	25	0.0									not_selected				1059
residue_residue	PRO1275-PRO1384	3982	0	25	0.0									not_selected				1060
residue_residue	PRO1275-PRO1385	3982	0	25	0.0									not_selected				1061
residue_residue	PRO1275-PRO1386	3982	0	25	0.0									not_selected				1062
residue_residue	PRO1275-PRO1387	3982	0	25	0.0									not_selected				1063
residue_residue	PRO1275-PRO1388	3982	0	25	0.0									not_selected				1064
residue_residue	PRO1275-PRO1389	3982	0	25	0.0									not_selected				1065
residue_residue	PRO1275-PRO1390	3982	0	25	0.0									not_selected				1066
residue_residue	PRO1275-PRO1391	3982	0	25	0.0									not_selected				1067
residue_residue	PRO1275-PRO1426	3982	0	25	0.0									not_selected				1068
residue_residue	PRO1276-PRO1277	3982	0	25	0.0									not_selected				1069
residue_residue	PRO1276-PRO1278	3982	0	25	0.0									not_selected				1070
residue_residue	PRO1276-PRO1279	3982	0	25	0.0									not_selected				1071
residue_residue	PRO1276-PRO1281	3982	0	25	0.0									not_selected				1072
residue_residue	PRO1276-PRO1282	3982	0	25	0.0									not_selected				1073
residue_residue	PRO1276-PRO1285	3982	0	25	0.0									not_selected				1074
residue_residue	PRO1276-PRO1368	3982	0	25	0.0									not_selected				1075
residue_residue	PRO1276-PRO1382	3982	0	25	0.0									not_selected				1076
residue_residue	PRO1276-PRO1383	3982	0	25	0.0									not_selected				1077
residue_residue	PRO1276-PRO1386	3982	0	25	0.0									not_selected				1078
residue_residue	PRO1276-PRO1387	3982	0	25	0.0									not_selected				1079
residue_residue	PRO1276-PRO1390	3982	0	25	0.0									not_selected				1080
residue_residue	PRO1276-PRO1391	3982	0	25	0.0									not_selected				1081
residue_residue	PRO1276-PRO1426	3982	0	25	0.0									not_selected				1082
residue_residue	PRO1276-PRO1430	3982	0	25	0.0									not_selected				1083
residue_residue	PRO1276-PRO1432	3982	0	25	0.0									not_selected				1084
residue_residue	PRO1276-PRO1436	3982	0	25	0.0									not_selected				1085
residue_residue	PRO1277-PRO1278	3982	0	25	0.0									not_selected				1086
residue_residue	PRO1277-PRO1279	3982	0	25	0.0									not_selected				1087
residue_residue	PRO1277-PRO1280	3982	0	25	0.0									not_selected				1088
residue_residue	PRO1277-PRO1281	3982	0	25	0.0									not_selected				1089
residue_residue	PRO1277-PRO1282	3982	0	25	0.0									not_selected				1090
residue_residue	PRO1277-PRO1283	3982	0	25	0.0									not_selected				1091
residue_residue	PRO1277-PRO1285	3982	0	25	0.0									not_selected				1092
residue_residue	PRO1277-PRO1286	3982	0	25	0.0									not_selected				1093
residue_residue	PRO1277-PRO1390	3982	0	25	0.0									not_selected				1094
residue_residue	PRO1277-PRO1391	3982	0	25	0.0									not_selected				1095
residue_residue	PRO1278-PRO1279	3982	0	25	0.0									not_selected				1096
residue_residue	PRO1278-PRO1280	3982	0	25	0.0									not_selected				1097
residue_residue	PRO1278-PRO1281	3982	0	25	0.0									not_selected				1098
residue_residue	PRO1278-PRO1282	3982	0	25	0.0									not_selected				1099
residue_residue	PRO1278-PRO1283	3982	0	25	0.0									not_selected				1100
residue_residue	PRO1278-PRO1284	3982	0	25	0.0									not_selected				1101
residue_residue	PRO1278-PRO1285	3982	0	25	0.0									not_selected				1102
residue_residue	PRO1278-PRO1286	3982	0	25	0.0									not_selected				1103
residue_residue	PRO1278-PRO1391	3982	0	25	0.0									not_selected				1104
residue_residue	PRO1279-PRO1280	3982	0	25	0.0									not_selected				1105
residue_residue	PRO1279-PRO1281	3982	0	25	0.0									not_selected				1106
residue_residue	PRO1279-PRO1282	3982	0	25	0.0									not_selected				1107
residue_residue	PRO1279-PRO1283	3982	0	25	0.0									not_selected				1108
residue_residue	PRO1279-PRO1284	3982	0	25	0.0									not_selected				1109
residue_residue	PRO1279-PRO1285	3982	0	25	0.0									not_selected				1110
residue_residue	PRO1279-PRO1286	3982	0	25	0.0									not_selected				1111
residue_residue	PRO1279-PRO1287	3982	0	25	0.0									not_selected				1112
residue_residue	PRO1279-PRO1368	3982	0	25	0.0									not_selected				1113
residue_residue	PRO1279-PRO1387	3982	0	25	0.0									not_selected				1114
residue_residue	PRO1279-PRO1391	3982	0	25	0.0									not_selected				1115
residue_residue	PRO1280-PRO1282	3982	0	25	0.0									not_selected				1116
residue_residue	PRO1280-PRO1283	3982	0	25	0.0									not_selected				1117
residue_residue	PRO1280-PRO1285	3982	0	25	0.0									not_selected				1118
residue_residue	PRO1280-PRO1286	3982	0	25	0.0									not_selected				1119
residue_residue	PRO1280-PRO1289	3982	0	25	0.0									not_selected				1120
residue_residue	PRO1280-PRO1368	3982	0	25	0.0									not_selected				1121
residue_residue	PRO1281-PRO1282	3982	0	25	0.0									not_selected				1122
residue_residue	PRO1281-PRO1283	3982	0	25	0.0									not_selected				1123
residue_residue	PRO1281-PRO1284	3982	0	25	0.0									not_selected				1124
residue_residue	PRO1281-PRO1285	3982	0	25	0.0									not_selected				1125
residue_residue	PRO1281-PRO1286	3982	0	25	0.0									not_selected				1126
residue_residue	PRO1281-PRO1287	3982	0	25	0.0									not_selected				1127
residue_residue	PRO1281-PRO1289	3982	0	25	0.0									not_selected				1128
residue_residue	PRO1281-PRO1290	3982	0	25	0.0									not_selected				1129
residue_residue	PRO1281-PRO1368	3982	0	25	0.0									not_selected				1130
residue_residue	PRO1281-PRO1387	3982	0	25	0.0									not_selected				1131
residue_residue	PRO1281-PRO1391	3982	0	25	0.0									not_selected				1132
residue_residue	PRO1282-PRO1283	3982	0	25	0.0									not_selected				1133
residue_residue	PRO1282-PRO1284	3982	0	25	0.0									not_selected				1134
residue_residue	PRO1282-PRO1285	3982	0	25	0.0									not_selected				1135
residue_residue	PRO1282-PRO1286	3982	0	25	0.0									not_selected				1136
residue_residue	PRO1282-PRO1287	3982	0	25	0.0									not_selected				1137
residue_residue	PRO1282-PRO1289	3982	0	25	0.0									not_selected				1138
residue_residue	PRO1282-PRO1290	3982	0	25	0.0									not_selected				1139
residue_residue	PRO1282-PRO1368	3982	0	25	0.0									not_selected				1140
residue_residue	PRO1282-PRO1383	3982	0	25	0.0									not_selected				1141
residue_residue	PRO1282-PRO1387	3982	0	25	0.0									not_selected				1142
residue_residue	PRO1282-PRO1390	3982	0	25	0.0									not_selected				1143
residue_residue	PRO1282-PRO1391	3982	0	25	0.0									not_selected				1144
residue_residue	PRO1282-PRO1392	3982	0	25	0.0									not_selected				1145
residue_residue	PRO1283-PRO1284	3982	0	25	0.0									not_selected				1146
residue_residue	PRO1283-PRO1285	3982	0	25	0.0									not_selected				1147
residue_residue	PRO1283-PRO1286	3982	0	25	0.0									not_selected				1148
residue_residue	PRO1283-PRO1289	3982	0	25	0.0									not_selected				1149
residue_residue	PRO1283-PRO1290	3982	0	25	0.0									not_selected				1150
residue_residue	PRO1283-PRO1368	3982	0	25	0.0									not_selected				1151
residue_residue	PRO1283-PRO1387	3982	0	25	0.0									not_selected				1152
residue_residue	PRO1283-PRO1391	3982	0	25	0.0									not_selected				1153
residue_residue	PRO1284-PRO1285	3982	0	25	0.0									not_selected				1154
residue_residue	PRO1284-PRO1286	3982	0	25	0.0									not_selected				1155
residue_residue	PRO1284-PRO1287	3982	0	25	0.0									not_selected				1156
residue_residue	PRO1284-PRO1289	3982	0	25	0.0									not_selected				1157
residue_residue	PRO1284-PRO1290	3982	0	25	0.0									not_selected				1158
residue_residue	PRO1284-PRO1368	3982	0	25	0.0									not_selected				1159
residue_residue	PRO1284-PRO1391	3982	0	25	0.0									not_selected				1160
residue_residue	PRO1284-PRO1392	3982	0	25	0.0									not_selected				1161
residue_residue	PRO1285-PRO1286	3982	0	25	0.0									not_selected				1162
residue_residue	PRO1285-PRO1287	3982	0	25	0.0									not_selected				1163
residue_residue	PRO1285-PRO1289	3982	0	25	0.0									not_selected				1164
residue_residue	PRO1285-PRO1290	3982	0	25	0.0									not_selected				1165
residue_residue	PRO1285-PRO1368	3982	0	25	0.0									not_selected				1166
residue_residue	PRO1285-PRO1382	3982	0	25	0.0									not_selected				1167
residue_residue	PRO1285-PRO1383	3982	0	25	0.0									not_selected				1168
residue_residue	PRO1285-PRO1384	3982	0	25	0.0									not_selected				1169
residue_residue	PRO1285-PRO1385	3982	0	25	0.0									not_selected				1170
residue_residue	PRO1285-PRO1386	3982	0	25	0.0									not_selected				1171
residue_residue	PRO1285-PRO1387	3982	0	25	0.0									not_selected				1172
residue_residue	PRO1285-PRO1388	3982	0	25	0.0									not_selected				1173
residue_residue	PRO1285-PRO1389	3982	0	25	0.0									not_selected				1174
residue_residue	PRO1285-PRO1390	3982	0	25	0.0									not_selected				1175
residue_residue	PRO1285-PRO1391	3982	0	25	0.0									not_selected				1176
residue_residue	PRO1285-PRO1392	3982	0	25	0.0									not_selected				1177
residue_residue	PRO1285-PRO1393	3982	0	25	0.0									not_selected				1178
residue_residue	PRO1285-PRO1395	3982	0	25	0.0									not_selected				1179
residue_residue	PRO1286-PRO1287	3982	0	25	0.0									not_selected				1180
residue_residue	PRO1286-PRO1290	3982	0	25	0.0									not_selected				1181
residue_residue	PRO1286-PRO1368	3982	0	25	0.0									not_selected				1182
residue_residue	PRO1286-PRO1387	3982	0	25	0.0									not_selected				1183
residue_residue	PRO1286-PRO1388	3982	0	25	0.0									not_selected				1184
residue_residue	PRO1286-PRO1389	3982	0	25	0.0									not_selected				1185
residue_residue	PRO1286-PRO1390	3982	0	25	0.0									not_selected				1186
residue_residue	PRO1286-PRO1391	3982	0	25	0.0									not_selected				1187
residue_residue	PRO1286-PRO1392	3982	0	25	0.0									not_selected				1188
residue_residue	PRO1286-PRO1393	3982	0	25	0.0									not_selected				1189
residue_residue	PRO1286-PRO1395	3982	0	25	0.0									not_selected				1190
residue_residue	PRO1287-PRO1289	3982	0	25	0.0									not_selected				1191
residue_residue	PRO1287-PRO1290	3982	0	25	0.0									not_selected				1192
residue_residue	PRO1287-PRO1368	3982	0	25	0.0									not_selected				1193
residue_residue	PRO1287-PRO1391	3982	0	25	0.0									not_selected				1194
residue_residue	PRO1287-PRO1392	3982	0	25	0.0									not_selected				1195
residue_residue	PRO1289-PRO1290	3982	0	25	0.0									not_selected				1196
residue_residue	PRO1289-PRO1368	3982	0	25	0.0									not_selected				1197
residue_residue	PRO1289-PRO1382	3982	0	25	0.0									not_selected				1198
residue_residue	PRO1289-PRO1383	3982	0	25	0.0									not_selected				1199
residue_residue	PRO1289-PRO1384	3982	0	25	0.0									not_selected				1200
residue_residue	PRO1289-PRO1385	3982	0	25	0.0									not_selected				1201
residue_residue	PRO1289-PRO1386	3982	0	25	0.0									not_selected				1202
residue_residue	PRO1289-PRO1387	3982	0	25	0.0									not_selected				1203
residue_residue	PRO1289-PRO1388	3982	0	25	0.0									not_selected				1204
residue_residue	PRO1289-PRO1389	3982	0	25	0.0									not_selected				1205
residue_residue	PRO1289-PRO1390	3982	0	25	0.0									not_selected				1206
residue_residue	PRO1289-PRO1391	3982	0	25	0.0									not_selected				1207
residue_residue	PRO1289-PRO1392	3982	0	25	0.0									not_selected				1208
residue_residue	PRO1289-PRO1393	3982	0	25	0.0									not_selected				1209
residue_residue	PRO1289-PRO1394	3982	0	25	0.0									not_selected				1210
residue_residue	PRO1289-PRO1395	3982	0	25	0.0									not_selected				1211
residue_residue	PRO1289-PRO1426	3982	0	25	0.0									not_selected				1212
residue_residue	PRO129-PRO130	3982	0	25	0.0									not_selected				1213
residue_residue	PRO129-PRO133	3982	0	25	0.0									not_selected				1214
residue_residue	PRO129-PRO134	3982	0	25	0.0									not_selected				1215
residue_residue	PRO129-PRO136	3982	0	25	0.0									not_selected				1216
residue_residue	PRO129-PRO137	3982	0	25	0.0									not_selected				1217
residue_residue	PRO129-PRO139	3982	0	25	0.0									not_selected				1218
residue_residue	PRO129-PRO141	3982	0	25	0.0									not_selected				1219
residue_residue	PRO129-PRO143	3982	0	25	0.0									not_selected				1220
residue_residue	PRO1290-PRO1387	3982	0	25	0.0									not_selected				1221
residue_residue	PRO1290-PRO1388	3982	0	25	0.0									not_selected				1222
residue_residue	PRO1290-PRO1390	3982	0	25	0.0									not_selected				1223
residue_residue	PRO1290-PRO1391	3982	0	25	0.0									not_selected				1224
residue_residue	PRO1290-PRO1392	3982	0	25	0.0									not_selected				1225
residue_residue	PRO1290-PRO1393	3982	0	25	0.0									not_selected				1226
residue_residue	PRO1290-PRO1395	3982	0	25	0.0									not_selected				1227
residue_residue	PRO1290-PRO1402	3982	0	25	0.0									not_selected				1228
residue_residue	PRO13-PRO116	3982	0	25	0.0									not_selected				1229
residue_residue	PRO13-PRO117	3982	0	25	0.0									not_selected				1230
residue_residue	PRO13-PRO120	3982	0	25	0.0									not_selected				1231
residue_residue	PRO13-PRO1272	3982	0	25	0.0									not_selected				1232
residue_residue	PRO13-PRO1273	3982	0	25	0.0									not_selected				1233
residue_residue	PRO13-PRO1274	3982	0	25	0.0									not_selected				1234
residue_residue	PRO13-PRO1275	3982	0	25	0.0									not_selected				1235
residue_residue	PRO13-PRO1276	3982	0	25	0.0									not_selected				1236
residue_residue	PRO13-PRO1277	3982	0	25	0.0									not_selected				1237
residue_residue	PRO13-PRO1278	3982	0	25	0.0									not_selected				1238
residue_residue	PRO13-PRO1279	3982	0	25	0.0									not_selected				1239
residue_residue	PRO13-PRO1390	3982	0	25	0.0									not_selected				1240
residue_residue	PRO13-PRO1391	3982	0	25	0.0									not_selected				1241
residue_residue	PRO13-PRO14	3982	0	25	0.0									not_selected				1242
residue_residue	PRO13-PRO146	3982	0	25	0.0									not_selected				1243
residue_residue	PRO13-PRO15	3982	0	25	0.0									not_selected				1244
residue_residue	PRO13-PRO16	3982	0	25	0.0									not_selected				1245
residue_residue	PRO13-PRO17	3982	0	25	0.0									not_selected				1246
residue_residue	PRO13-PRO18	3982	0	25	0.0									not_selected				1247
residue_residue	PRO13-PRO19	3982	0	25	0.0									not_selected				1248
residue_residue	PRO13-PRO28	3982	0	25	0.0									not_selected				1249
residue_residue	PRO13-PRO29	3982	0	25	0.0									not_selected				1250
residue_residue	PRO13-PRO30	3982	0	25	0.0									not_selected				1251
residue_residue	PRO13-PRO31	3982	0	25	0.0									not_selected				1252
residue_residue	PRO13-PRO32	3982	0	25	0.0									not_selected				1253
residue_residue	PRO13-PRO33	3982	0	25	0.0									not_selected				1254
residue_residue	PRO13-PRO34	3982	0	25	0.0									not_selected				1255
residue_residue	PRO13-PRO35	3982	0	25	0.0									not_selected				1256
residue_residue	PRO13-PRO57	3982	0	25	0.0									not_selected				1257
residue_residue	PRO13-PRO58	3982	0	25	0.0									not_selected				1258
residue_residue	PRO13-PRO59	3982	0	25	0.0									not_selected				1259
residue_residue	PRO13-PRO60	3982	0	25	0.0									not_selected				1260
residue_residue	PRO13-PRO61	3982	0	25	0.0									not_selected				1261
residue_residue	PRO13-PRO62	3982	0	25	0.0									not_selected				1262
residue_residue	PRO13-PRO64	3982	0	25	0.0									not_selected				1263
residue_residue	PRO13-PRO68	3982	0	25	0.0									not_selected				1264
residue_residue	PRO13-PRO81	3982	0	25	0.0									not_selected				1265
residue_residue	PRO13-PRO82	3982	0	25	0.0									not_selected				1266
residue_residue	PRO13-PRO83	3982	0	25	0.0									not_selected				1267
residue_residue	PRO13-PRO84	3982	0	25	0.0									not_selected				1268
residue_residue	PRO13-PRO85	3982	0	25	0.0									not_selected				1269
residue_residue	PRO13-PRO86	3982	0	25	0.0									not_selected				1270
residue_residue	PRO13-PRO87	3982	0	25	0.0									not_selected				1271
residue_residue	PRO13-PRO88	3982	0	25	0.0									not_selected				1272
residue_residue	PRO13-PRO89	3982	0	25	0.0									not_selected				1273
residue_residue	PRO13-PRO92	3982	0	25	0.0									not_selected				1274
residue_residue	PRO13-PRO96	3982	0	25	0.0									not_selected				1275
residue_residue	PRO130-PRO133	3982	0	25	0.0									not_selected				1276
residue_residue	PRO130-PRO134	3982	0	25	0.0									not_selected				1277
residue_residue	PRO130-PRO136	3982	0	25	0.0									not_selected				1278
residue_residue	PRO130-PRO137	3982	0	25	0.0									not_selected				1279
residue_residue	PRO130-PRO139	3982	0	25	0.0									not_selected				1280
residue_residue	PRO130-PRO141	3982	0	25	0.0									not_selected				1281
residue_residue	PRO130-PRO142	3982	0	25	0.0									not_selected				1282
residue_residue	PRO130-PRO143	3982	0	25	0.0									not_selected				1283
residue_residue	PRO130-PRO144	3982	0	25	0.0									not_selected				1284
residue_residue	PRO133-PRO134	3982	0	25	0.0									not_selected				1285
residue_residue	PRO133-PRO136	3982	0	25	0.0									not_selected				1286
residue_residue	PRO133-PRO137	3982	0	25	0.0									not_selected				1287
residue_residue	PRO133-PRO139	3982	0	25	0.0									not_selected				1288
residue_residue	PRO133-PRO141	3982	0	25	0.0									not_selected				1289
residue_residue	PRO133-PRO142	3982	0	25	0.0									not_selected				1290
residue_residue	PRO133-PRO143	3982	0	25	0.0									not_selected				1291
residue_residue	PRO134-PRO136	3982	0	25	0.0									not_selected				1292
residue_residue	PRO134-PRO137	3982	0	25	0.0									not_selected				1293
residue_residue	PRO134-PRO139	3982	0	25	0.0									not_selected				1294
residue_residue	PRO134-PRO141	3982	0	25	0.0									not_selected				1295
residue_residue	PRO134-PRO142	3982	0	25	0.0									not_selected				1296
residue_residue	PRO134-PRO143	3982	0	25	0.0									not_selected				1297
residue_residue	PRO136-PRO137	3982	0	25	0.0									not_selected				1298
residue_residue	PRO136-PRO139	3982	0	25	0.0									not_selected				1299
residue_residue	PRO136-PRO141	3982	0	25	0.0									not_selected				1300
residue_residue	PRO1368-PRO1379	3982	0	25	0.0									not_selected				1301
residue_residue	PRO1368-PRO1382	3982	0	25	0.0									not_selected				1302
residue_residue	PRO1368-PRO1383	3982	0	25	0.0									not_selected				1303
residue_residue	PRO1368-PRO1384	3982	0	25	0.0									not_selected				1304
residue_residue	PRO1368-PRO1385	3982	0	25	0.0									not_selected				1305
residue_residue	PRO1368-PRO1386	3982	0	25	0.0									not_selected				1306
residue_residue	PRO1368-PRO1387	3982	0	25	0.0									not_selected				1307
residue_residue	PRO1368-PRO1388	3982	0	25	0.0									not_selected				1308
residue_residue	PRO1368-PRO1389	3982	0	25	0.0									not_selected				1309
residue_residue	PRO1368-PRO1390	3982	0	25	0.0									not_selected				1310
residue_residue	PRO1368-PRO1391	3982	0	25	0.0									not_selected				1311
residue_residue	PRO1368-PRO1392	3982	0	25	0.0									not_selected				1312
residue_residue	PRO137-PRO139	3982	0	25	0.0									not_selected				1313
residue_residue	PRO137-PRO141	3982	0	25	0.0									not_selected				1314
residue_residue	PRO1379-PRO1382	3982	0	25	0.0									not_selected				1315
residue_residue	PRO1379-PRO1383	3982	0	25	0.0									not_selected				1316
residue_residue	PRO1379-PRO1384	3982	0	25	0.0									not_selected				1317
residue_residue	PRO1379-PRO1385	3982	0	25	0.0									not_selected				1318
residue_residue	PRO1379-PRO1386	3982	0	25	0.0									not_selected				1319
residue_residue	PRO1379-PRO1387	3982	0	25	0.0									not_selected				1320
residue_residue	PRO1379-PRO1429	3982	0	25	0.0									not_selected				1321
residue_residue	PRO1379-PRO1430	3982	0	25	0.0									not_selected				1322
residue_residue	PRO1379-PRO1431	3982	0	25	0.0									not_selected				1323
residue_residue	PRO1379-PRO1432	3982	0	25	0.0									not_selected				1324
residue_residue	PRO1382-PRO1383	3982	0	25	0.0									not_selected				1325
residue_residue	PRO1382-PRO1384	3982	0	25	0.0									not_selected				1326
residue_residue	PRO1382-PRO1385	3982	0	25	0.0									not_selected				1327
residue_residue	PRO1382-PRO1386	3982	0	25	0.0									not_selected				1328
residue_residue	PRO1382-PRO1388	3982	0	25	0.0									not_selected				1329
residue_residue	PRO1382-PRO1389	3982	0	25	0.0									not_selected				1330
residue_residue	PRO1382-PRO1390	3982	0	25	0.0									not_selected				1331
residue_residue	PRO1382-PRO1391	3982	0	25	0.0									not_selected				1332
residue_residue	PRO1382-PRO1425	3982	0	25	0.0									not_selected				1333
residue_residue	PRO1382-PRO1426	3982	0	25	0.0									not_selected				1334
residue_residue	PRO1382-PRO1427	3982	0	25	0.0									not_selected				1335
residue_residue	PRO1382-PRO1429	3982	0	25	0.0									not_selected				1336
residue_residue	PRO1382-PRO1430	3982	0	25	0.0									not_selected				1337
residue_residue	PRO1382-PRO1431	3982	0	25	0.0									not_selected				1338
residue_residue	PRO1382-PRO1432	3982	0	25	0.0									not_selected				1339
residue_residue	PRO1383-PRO1385	3982	0	25	0.0									not_selected				1340
residue_residue	PRO1383-PRO1386	3982	0	25	0.0									not_selected				1341
residue_residue	PRO1383-PRO1387	3982	0	25	0.0									not_selected				1342
residue_residue	PRO1383-PRO1388	3982	0	25	0.0									not_selected				1343
residue_residue	PRO1383-PRO1389	3982	0	25	0.0									not_selected				1344
residue_residue	PRO1383-PRO1390	3982	0	25	0.0									not_selected				1345
residue_residue	PRO1383-PRO1391	3982	0	25	0.0									not_selected				1346
residue_residue	PRO1383-PRO1392	3982	0	25	0.0									not_selected				1347
residue_residue	PRO1383-PRO1426	3982	0	25	0.0									not_selected				1348
residue_residue	PRO1383-PRO1429	3982	0	25	0.0									not_selected				1349
residue_residue	PRO1383-PRO1430	3982	0	25	0.0									not_selected				1350
residue_residue	PRO1383-PRO1431	3982	0	25	0.0									not_selected				1351
residue_residue	PRO1384-PRO1386	3982	0	25	0.0									not_selected				1352
residue_residue	PRO1384-PRO1387	3982	0	25	0.0									not_selected				1353
residue_residue	PRO1384-PRO1388	3982	0	25	0.0									not_selected				1354
residue_residue	PRO1384-PRO1389	3982	0	25	0.0									not_selected				1355
residue_residue	PRO1384-PRO1390	3982	0	25	0.0									not_selected				1356
residue_residue	PRO1384-PRO1391	3982	0	25	0.0									not_selected				1357
residue_residue	PRO1384-PRO1392	3982	0	25	0.0									not_selected				1358
residue_residue	PRO1384-PRO1393	3982	0	25	0.0									not_selected				1359
residue_residue	PRO1384-PRO1394	3982	0	25	0.0									not_selected				1360
residue_residue	PRO1384-PRO1426	3982	0	25	0.0									not_selected				1361
residue_residue	PRO1384-PRO1429	3982	0	25	0.0									not_selected				1362
residue_residue	PRO1384-PRO1430	3982	0	25	0.0									not_selected				1363
residue_residue	PRO1384-PRO1431	3982	0	25	0.0									not_selected				1364
residue_residue	PRO1385-PRO1386	3982	0	25	0.0									not_selected				1365
residue_residue	PRO1385-PRO1387	3982	0	25	0.0									not_selected				1366
residue_residue	PRO1385-PRO1388	3982	0	25	0.0									not_selected				1367
residue_residue	PRO1385-PRO1389	3982	0	25	0.0									not_selected				1368
residue_residue	PRO1385-PRO1390	3982	0	25	0.0									not_selected				1369
residue_residue	PRO1385-PRO1391	3982	0	25	0.0									not_selected				1370
residue_residue	PRO1385-PRO1392	3982	0	25	0.0									not_selected				1371
residue_residue	PRO1385-PRO1393	3982	0	25	0.0									not_selected				1372
residue_residue	PRO1385-PRO1394	3982	0	25	0.0									not_selected				1373
residue_residue	PRO1385-PRO1395	3982	0	25	0.0									not_selected				1374
residue_residue	PRO1385-PRO1425	3982	0	25	0.0									not_selected				1375
residue_residue	PRO1385-PRO1426	3982	0	25	0.0									not_selected				1376
residue_residue	PRO1385-PRO1427	3982	0	25	0.0									not_selected				1377
residue_residue	PRO1385-PRO1429	3982	0	25	0.0									not_selected				1378
residue_residue	PRO1385-PRO1430	3982	0	25	0.0									not_selected				1379
residue_residue	PRO1385-PRO1431	3982	0	25	0.0									not_selected				1380
residue_residue	PRO1386-PRO1387	3982	0	25	0.0									not_selected				1381
residue_residue	PRO1386-PRO1388	3982	0	25	0.0									not_selected				1382
residue_residue	PRO1386-PRO1389	3982	0	25	0.0									not_selected				1383
residue_residue	PRO1386-PRO1390	3982	0	25	0.0									not_selected				1384
residue_residue	PRO1386-PRO1392	3982	0	25	0.0									not_selected				1385
residue_residue	PRO1386-PRO1393	3982	0	25	0.0									not_selected				1386
residue_residue	PRO1386-PRO1394	3982	0	25	0.0									not_selected				1387
residue_residue	PRO1386-PRO1395	3982	0	25	0.0									not_selected				1388
residue_residue	PRO1386-PRO1422	3982	0	25	0.0									not_selected				1389
residue_residue	PRO1386-PRO1423	3982	0	25	0.0									not_selected				1390
residue_residue	PRO1386-PRO1424	3982	0	25	0.0									not_selected				1391
residue_residue	PRO1386-PRO1425	3982	0	25	0.0									not_selected				1392
residue_residue	PRO1386-PRO1426	3982	0	25	0.0									not_selected				1393
residue_residue	PRO1386-PRO1427	3982	0	25	0.0									not_selected				1394
residue_residue	PRO1386-PRO1429	3982	0	25	0.0									not_selected				1395
residue_residue	PRO1386-PRO1430	3982	0	25	0.0									not_selected				1396
residue_residue	PRO1386-PRO1431	3982	0	25	0.0									not_selected				1397
residue_residue	PRO1386-PRO1432	3982	0	25	0.0									not_selected				1398
residue_residue	PRO1387-PRO1388	3982	0	25	0.0									not_selected				1399
residue_residue	PRO1387-PRO1389	3982	0	25	0.0									not_selected				1400
residue_residue	PRO1387-PRO1391	3982	0	25	0.0									not_selected				1401
residue_residue	PRO1387-PRO1392	3982	0	25	0.0									not_selected				1402
residue_residue	PRO1387-PRO1393	3982	0	25	0.0									not_selected				1403
residue_residue	PRO1387-PRO1394	3982	0	25	0.0									not_selected				1404
residue_residue	PRO1387-PRO1395	3982	0	25	0.0									not_selected				1405
residue_residue	PRO1387-PRO1425	3982	0	25	0.0									not_selected				1406
residue_residue	PRO1387-PRO1426	3982	0	25	0.0									not_selected				1407
residue_residue	PRO1387-PRO1429	3982	0	25	0.0									not_selected				1408
residue_residue	PRO1387-PRO1430	3982	0	25	0.0									not_selected				1409
residue_residue	PRO1387-PRO1431	3982	0	25	0.0									not_selected				1410
residue_residue	PRO1388-PRO1389	3982	0	25	0.0									not_selected				1411
residue_residue	PRO1388-PRO1390	3982	0	25	0.0									not_selected				1412
residue_residue	PRO1388-PRO1391	3982	0	25	0.0									not_selected				1413
residue_residue	PRO1388-PRO1392	3982	0	25	0.0									not_selected				1414
residue_residue	PRO1388-PRO1393	3982	0	25	0.0									not_selected				1415
residue_residue	PRO1388-PRO1394	3982	0	25	0.0									not_selected				1416
residue_residue	PRO1388-PRO1395	3982	0	25	0.0									not_selected				1417
residue_residue	PRO1388-PRO1422	3982	0	25	0.0									not_selected				1418
residue_residue	PRO1388-PRO1425	3982	0	25	0.0									not_selected				1419
residue_residue	PRO1388-PRO1426	3982	0	25	0.0									not_selected				1420
residue_residue	PRO1388-PRO1429	3982	0	25	0.0									not_selected				1421
residue_residue	PRO1388-PRO1430	3982	0	25	0.0									not_selected				1422
residue_residue	PRO1389-PRO1390	3982	0	25	0.0									not_selected				1423
residue_residue	PRO1389-PRO1391	3982	0	25	0.0									not_selected				1424
residue_residue	PRO1389-PRO1392	3982	0	25	0.0									not_selected				1425
residue_residue	PRO1389-PRO1393	3982	0	25	0.0									not_selected				1426
residue_residue	PRO1389-PRO1394	3982	0	25	0.0									not_selected				1427
residue_residue	PRO1389-PRO1395	3982	0	25	0.0									not_selected				1428
residue_residue	PRO1389-PRO1398	3982	0	25	0.0									not_selected				1429
residue_residue	PRO1389-PRO1399	3982	0	25	0.0									not_selected				1430
residue_residue	PRO1389-PRO1419	3982	0	25	0.0									not_selected				1431
residue_residue	PRO1389-PRO1422	3982	0	25	0.0									not_selected				1432
residue_residue	PRO1389-PRO1423	3982	0	25	0.0									not_selected				1433
residue_residue	PRO1389-PRO1424	3982	0	25	0.0									not_selected				1434
residue_residue	PRO1389-PRO1425	3982	0	25	0.0									not_selected				1435
residue_residue	PRO1389-PRO1426	3982	0	25	0.0									not_selected				1436
residue_residue	PRO1389-PRO1427	3982	0	25	0.0									not_selected				1437
residue_residue	PRO1389-PRO1429	3982	0	25	0.0									not_selected				1438
residue_residue	PRO1389-PRO1430	3982	0	25	0.0									not_selected				1439
residue_residue	PRO1389-PRO1431	3982	0	25	0.0									not_selected				1440
residue_residue	PRO1389-PRO1432	3982	0	25	0.0									not_selected				1441
residue_residue	PRO139-PRO141	3982	0	25	0.0									not_selected				1442
residue_residue	PRO139-PRO142	3982	0	25	0.0									not_selected				1443
residue_residue	PRO139-PRO155	3982	0	25	0.0									not_selected				1444
residue_residue	PRO139-PRO159	3982	0	25	0.0									not_selected				1445
residue_residue	PRO1390-PRO1392	3982	0	25	0.0									not_selected				1446
residue_residue	PRO1390-PRO1393	3982	0	25	0.0									not_selected				1447
residue_residue	PRO1390-PRO1394	3982	0	25	0.0									not_selected				1448
residue_residue	PRO1390-PRO1395	3982	0	25	0.0									not_selected				1449
residue_residue	PRO1390-PRO1398	3982	0	25	0.0									not_selected				1450
residue_residue	PRO1390-PRO1399	3982	0	25	0.0									not_selected				1451
residue_residue	PRO1390-PRO1422	3982	0	25	0.0									not_selected				1452
residue_residue	PRO1390-PRO1423	3982	0	25	0.0									not_selected				1453
residue_residue	PRO1390-PRO1425	3982	0	25	0.0									not_selected				1454
residue_residue	PRO1390-PRO1426	3982	0	25	0.0									not_selected				1455
residue_residue	PRO1390-PRO1427	3982	0	25	0.0									not_selected				1456
residue_residue	PRO1390-PRO1429	3982	0	25	0.0									not_selected				1457
residue_residue	PRO1390-PRO1430	3982	0	25	0.0									not_selected				1458
residue_residue	PRO1391-PRO1393	3982	0	25	0.0									not_selected				1459
residue_residue	PRO1391-PRO1394	3982	0	25	0.0									not_selected				1460
residue_residue	PRO1391-PRO1395	3982	0	25	0.0									not_selected				1461
residue_residue	PRO1391-PRO1398	3982	0	25	0.0									not_selected				1462
residue_residue	PRO1391-PRO1422	3982	0	25	0.0									not_selected				1463
residue_residue	PRO1391-PRO1426	3982	0	25	0.0									not_selected				1464
residue_residue	PRO1391-PRO1429	3982	0	25	0.0									not_selected				1465
residue_residue	PRO1392-PRO1393	3982	0	25	0.0									not_selected				1466
residue_residue	PRO1392-PRO1394	3982	0	25	0.0									not_selected				1467
residue_residue	PRO1392-PRO1395	3982	0	25	0.0									not_selected				1468
residue_residue	PRO1392-PRO1398	3982	0	25	0.0									not_selected				1469
residue_residue	PRO1392-PRO1399	3982	0	25	0.0									not_selected				1470
residue_residue	PRO1392-PRO1402	3982	0	25	0.0									not_selected				1471
residue_residue	PRO1392-PRO1422	3982	0	25	0.0									not_selected				1472
residue_residue	PRO1392-PRO1425	3982	0	25	0.0									not_selected				1473
residue_residue	PRO1392-PRO1426	3982	0	25	0.0									not_selected				1474
residue_residue	PRO1392-PRO1429	3982	0	25	0.0									not_selected				1475
residue_residue	PRO1393-PRO1394	3982	0	25	0.0									not_selected				1476
residue_residue	PRO1393-PRO1395	3982	0	25	0.0									not_selected				1477
residue_residue	PRO1393-PRO1398	3982	0	25	0.0									not_selected				1478
residue_residue	PRO1393-PRO1399	3982	0	25	0.0									not_selected				1479
residue_residue	PRO1393-PRO1402	3982	0	25	0.0									not_selected				1480
residue_residue	PRO1393-PRO1419	3982	0	25	0.0									not_selected				1481
residue_residue	PRO1393-PRO1422	3982	0	25	0.0									not_selected				1482
residue_residue	PRO1393-PRO1423	3982	0	25	0.0									not_selected				1483
residue_residue	PRO1393-PRO1424	3982	0	25	0.0									not_selected				1484
residue_residue	PRO1393-PRO1425	3982	0	25	0.0									not_selected				1485
residue_residue	PRO1393-PRO1426	3982	0	25	0.0									not_selected				1486
residue_residue	PRO1393-PRO1429	3982	0	25	0.0									not_selected				1487
residue_residue	PRO1393-PRO1430	3982	0	25	0.0									not_selected				1488
residue_residue	PRO1394-PRO1395	3982	0	25	0.0									not_selected				1489
residue_residue	PRO1394-PRO1398	3982	0	25	0.0									not_selected				1490
residue_residue	PRO1394-PRO1399	3982	0	25	0.0									not_selected				1491
residue_residue	PRO1394-PRO1401	3982	0	25	0.0									not_selected				1492
residue_residue	PRO1394-PRO1402	3982	0	25	0.0									not_selected				1493
residue_residue	PRO1394-PRO1419	3982	0	25	0.0									not_selected				1494
residue_residue	PRO1394-PRO1420	3982	0	25	0.0									not_selected				1495
residue_residue	PRO1394-PRO1422	3982	0	25	0.0									not_selected				1496
residue_residue	PRO1394-PRO1423	3982	0	25	0.0									not_selected				1497
residue_residue	PRO1394-PRO1424	3982	0	25	0.0									not_selected				1498
residue_residue	PRO1394-PRO1425	3982	0	25	0.0									not_selected				1499
residue_residue	PRO1394-PRO1426	3982	0	25	0.0									not_selected				1500
residue_residue	PRO1394-PRO1427	3982	0	25	0.0									not_selected				1501
residue_residue	PRO1394-PRO1429	3982	0	25	0.0									not_selected				1502
residue_residue	PRO1394-PRO1430	3982	0	25	0.0									not_selected				1503
residue_residue	PRO1394-PRO1431	3982	0	25	0.0									not_selected				1504
residue_residue	PRO1394-PRO1432	3982	0	25	0.0									not_selected				1505
residue_residue	PRO1394-PRO1434	3982	0	25	0.0									not_selected				1506
residue_residue	PRO1395-PRO1398	3982	0	25	0.0									not_selected				1507
residue_residue	PRO1395-PRO1399	3982	0	25	0.0									not_selected				1508
residue_residue	PRO1395-PRO1401	3982	0	25	0.0									not_selected				1509
residue_residue	PRO1395-PRO1402	3982	0	25	0.0									not_selected				1510
residue_residue	PRO1395-PRO1409	3982	0	25	0.0									not_selected				1511
residue_residue	PRO1395-PRO1419	3982	0	25	0.0									not_selected				1512
residue_residue	PRO1395-PRO1422	3982	0	25	0.0									not_selected				1513
residue_residue	PRO1395-PRO1425	3982	0	25	0.0									not_selected				1514
residue_residue	PRO1395-PRO1426	3982	0	25	0.0									not_selected				1515
residue_residue	PRO1398-PRO1399	3982	0	25	0.0									not_selected				1516
residue_residue	PRO1398-PRO1401	3982	0	25	0.0									not_selected				1517
residue_residue	PRO1398-PRO1402	3982	0	25	0.0									not_selected				1518
residue_residue	PRO1398-PRO1409	3982	0	25	0.0									not_selected				1519
residue_residue	PRO1398-PRO1416	3982	0	25	0.0									not_selected				1520
residue_residue	PRO1398-PRO1419	3982	0	25	0.0									not_selected				1521
residue_residue	PRO1398-PRO1420	3982	0	25	0.0									not_selected				1522
residue_residue	PRO1398-PRO1422	3982	0	25	0.0									not_selected				1523
residue_residue	PRO1398-PRO1423	3982	0	25	0.0									not_selected				1524
residue_residue	PRO1398-PRO1424	3982	0	25	0.0									not_selected				1525
residue_residue	PRO1398-PRO1425	3982	0	25	0.0									not_selected				1526
residue_residue	PRO1398-PRO1426	3982	0	25	0.0									not_selected				1527
residue_residue	PRO1399-PRO1401	3982	0	25	0.0									not_selected				1528
residue_residue	PRO1399-PRO1402	3982	0	25	0.0									not_selected				1529
residue_residue	PRO1399-PRO1409	3982	0	25	0.0									not_selected				1530
residue_residue	PRO1399-PRO1416	3982	0	25	0.0									not_selected				1531
residue_residue	PRO1399-PRO1419	3982	0	25	0.0									not_selected				1532
residue_residue	PRO1399-PRO1422	3982	0	25	0.0									not_selected				1533
residue_residue	PRO14-PRO112	3982	0	25	0.0									not_selected				1534
residue_residue	PRO14-PRO113	3982	0	25	0.0									not_selected				1535
residue_residue	PRO14-PRO114	3982	0	25	0.0									not_selected				1536
residue_residue	PRO14-PRO115	3982	0	25	0.0									not_selected				1537
residue_residue	PRO14-PRO116	3982	0	25	0.0									not_selected				1538
residue_residue	PRO14-PRO117	3982	0	25	0.0									not_selected				1539
residue_residue	PRO14-PRO118	3982	0	25	0.0									not_selected				1540
residue_residue	PRO14-PRO119	3982	0	25	0.0									not_selected				1541
residue_residue	PRO14-PRO120	3982	0	25	0.0									not_selected				1542
residue_residue	PRO14-PRO124	3982	0	25	0.0									not_selected				1543
residue_residue	PRO14-PRO125	3982	0	25	0.0									not_selected				1544
residue_residue	PRO14-PRO1273	3982	0	25	0.0									not_selected				1545
residue_residue	PRO14-PRO1275	3982	0	25	0.0									not_selected				1546
residue_residue	PRO14-PRO1276	3982	0	25	0.0									not_selected				1547
residue_residue	PRO14-PRO1277	3982	0	25	0.0									not_selected				1548
residue_residue	PRO14-PRO1278	3982	0	25	0.0									not_selected				1549
residue_residue	PRO14-PRO141	3982	0	25	0.0									not_selected				1550
residue_residue	PRO14-PRO142	3982	0	25	0.0									not_selected				1551
residue_residue	PRO14-PRO143	3982	0	25	0.0									not_selected				1552
residue_residue	PRO14-PRO144	3982	0	25	0.0									not_selected				1553
residue_residue	PRO14-PRO145	3982	0	25	0.0									not_selected				1554
residue_residue	PRO14-PRO146	3982	0	25	0.0									not_selected				1555
residue_residue	PRO14-PRO15	3982	0	25	0.0									not_selected				1556
residue_residue	PRO14-PRO152	3982	0	25	0.0									not_selected				1557
residue_residue	PRO14-PRO156	3982	0	25	0.0									not_selected				1558
residue_residue	PRO14-PRO16	3982	0	25	0.0									not_selected				1559
residue_residue	PRO14-PRO17	3982	0	25	0.0									not_selected				1560
residue_residue	PRO14-PRO18	3982	0	25	0.0									not_selected				1561
residue_residue	PRO14-PRO19	3982	0	25	0.0									not_selected				1562
residue_residue	PRO14-PRO20	3982	0	25	0.0									not_selected				1563
residue_residue	PRO14-PRO28	3982	0	25	0.0									not_selected				1564
residue_residue	PRO14-PRO35	3982	0	25	0.0									not_selected				1565
residue_residue	PRO14-PRO57	3982	0	25	0.0									not_selected				1566
residue_residue	PRO14-PRO58	3982	0	25	0.0									not_selected				1567
residue_residue	PRO14-PRO59	3982	0	25	0.0									not_selected				1568
residue_residue	PRO14-PRO60	3982	0	25	0.0									not_selected				1569
residue_residue	PRO14-PRO61	3982	0	25	0.0									not_selected				1570
residue_residue	PRO14-PRO62	3982	0	25	0.0									not_selected				1571
residue_residue	PRO14-PRO68	3982	0	25	0.0									not_selected				1572
residue_residue	PRO14-PRO79	3982	0	25	0.0									not_selected				1573
residue_residue	PRO14-PRO80	3982	0	25	0.0									not_selected				1574
residue_residue	PRO14-PRO82	3982	0	25	0.0									not_selected				1575
residue_residue	PRO14-PRO83	3982	0	25	0.0									not_selected				1576
residue_residue	PRO14-PRO84	3982	0	25	0.0									not_selected				1577
residue_residue	PRO14-PRO85	3982	0	25	0.0									not_selected				1578
residue_residue	PRO14-PRO86	3982	0	25	0.0									not_selected				1579
residue_residue	PRO14-PRO87	3982	0	25	0.0									not_selected				1580
residue_residue	PRO14-PRO88	3982	0	25	0.0									not_selected				1581
residue_residue	PRO14-PRO89	3982	0	25	0.0									not_selected				1582
residue_residue	PRO14-PRO90	3982	0	25	0.0									not_selected				1583
residue_residue	PRO14-PRO91	3982	0	25	0.0									not_selected				1584
residue_residue	PRO14-PRO92	3982	0	25	0.0									not_selected				1585
residue_residue	PRO14-PRO93	3982	0	25	0.0									not_selected				1586
residue_residue	PRO14-PRO96	3982	0	25	0.0									not_selected				1587
residue_residue	PRO1401-PRO1402	3982	0	25	0.0									not_selected				1588
residue_residue	PRO1401-PRO1409	3982	0	25	0.0									not_selected				1589
residue_residue	PRO1401-PRO1419	3982	0	25	0.0									not_selected				1590
residue_residue	PRO1402-PRO1409	3982	0	25	0.0									not_selected				1591
residue_residue	PRO1409-PRO1416	3982	0	25	0.0									not_selected				1592
residue_residue	PRO1409-PRO1419	3982	0	25	0.0									not_selected				1593
residue_residue	PRO141-PRO142	3982	0	25	0.0									not_selected				1594
residue_residue	PRO141-PRO143	3982	0	25	0.0									not_selected				1595
residue_residue	PRO141-PRO144	3982	0	25	0.0									not_selected				1596
residue_residue	PRO141-PRO151	3982	0	25	0.0									not_selected				1597
residue_residue	PRO141-PRO154	3982	0	25	0.0									not_selected				1598
residue_residue	PRO141-PRO155	3982	0	25	0.0									not_selected				1599
residue_residue	PRO141-PRO156	3982	0	25	0.0									not_selected				1600
residue_residue	PRO141-PRO159	3982	0	25	0.0									not_selected				1601
residue_residue	PRO1416-PRO1419	3982	0	25	0.0									not_selected				1602
residue_residue	PRO1416-PRO1420	3982	0	25	0.0									not_selected				1603
residue_residue	PRO1416-PRO1422	3982	0	25	0.0									not_selected				1604
residue_residue	PRO1416-PRO1423	3982	0	25	0.0									not_selected				1605
residue_residue	PRO1416-PRO1424	3982	0	25	0.0									not_selected				1606
residue_residue	PRO1416-PRO1434	3982	0	25	0.0									not_selected				1607
residue_residue	PRO1416-PRO1436	3982	0	25	0.0									not_selected				1608
residue_residue	PRO1416-PRO1437	3982	0	25	0.0									not_selected				1609
residue_residue	PRO1419-PRO1420	3982	0	25	0.0									not_selected				1610
residue_residue	PRO1419-PRO1422	3982	0	25	0.0									not_selected				1611
residue_residue	PRO1419-PRO1423	3982	0	25	0.0									not_selected				1612
residue_residue	PRO1419-PRO1424	3982	0	25	0.0									not_selected				1613
residue_residue	PRO1419-PRO1425	3982	0	25	0.0									not_selected				1614
residue_residue	PRO1419-PRO1426	3982	0	25	0.0									not_selected				1615
residue_residue	PRO1419-PRO1427	3982	0	25	0.0									not_selected				1616
residue_residue	PRO1419-PRO1434	3982	0	25	0.0									not_selected				1617
residue_residue	PRO1419-PRO1437	3982	0	25	0.0									not_selected				1618
residue_residue	PRO142-PRO143	3982	0	25	0.0									not_selected				1619
residue_residue	PRO142-PRO144	3982	0	25	0.0									not_selected				1620
residue_residue	PRO142-PRO145	3982	0	25	0.0									not_selected				1621
residue_residue	PRO142-PRO146	3982	0	25	0.0									not_selected				1622
residue_residue	PRO142-PRO149	3982	0	25	0.0									not_selected				1623
residue_residue	PRO142-PRO150	3982	0	25	0.0									not_selected				1624
residue_residue	PRO142-PRO151	3982	0	25	0.0									not_selected				1625
residue_residue	PRO142-PRO152	3982	0	25	0.0									not_selected				1626
residue_residue	PRO142-PRO153	3982	0	25	0.0									not_selected				1627
residue_residue	PRO142-PRO154	3982	0	25	0.0									not_selected				1628
residue_residue	PRO142-PRO155	3982	0	25	0.0									not_selected				1629
residue_residue	PRO142-PRO156	3982	0	25	0.0									not_selected				1630
residue_residue	PRO142-PRO159	3982	0	25	0.0									not_selected				1631
residue_residue	PRO1420-PRO1422	3982	0	25	0.0									not_selected				1632
residue_residue	PRO1420-PRO1423	3982	0	25	0.0									not_selected				1633
residue_residue	PRO1420-PRO1424	3982	0	25	0.0									not_selected				1634
residue_residue	PRO1420-PRO1425	3982	0	25	0.0									not_selected				1635
residue_residue	PRO1420-PRO1426	3982	0	25	0.0									not_selected				1636
residue_residue	PRO1420-PRO1427	3982	0	25	0.0									not_selected				1637
residue_residue	PRO1420-PRO1434	3982	0	25	0.0									not_selected				1638
residue_residue	PRO1420-PRO1436	3982	0	25	0.0									not_selected				1639
residue_residue	PRO1420-PRO1437	3982	0	25	0.0									not_selected				1640
residue_residue	PRO1422-PRO1423	3982	0	25	0.0									not_selected				1641
residue_residue	PRO1422-PRO1424	3982	0	25	0.0									not_selected				1642
residue_residue	PRO1422-PRO1425	3982	0	25	0.0									not_selected				1643
residue_residue	PRO1422-PRO1426	3982	0	25	0.0									not_selected				1644
residue_residue	PRO1422-PRO1427	3982	0	25	0.0									not_selected				1645
residue_residue	PRO1422-PRO1429	3982	0	25	0.0									not_selected				1646
residue_residue	PRO1422-PRO1430	3982	0	25	0.0									not_selected				1647
residue_residue	PRO1422-PRO1431	3982	0	25	0.0									not_selected				1648
residue_residue	PRO1422-PRO1432	3982	0	25	0.0									not_selected				1649
residue_residue	PRO1422-PRO1434	3982	0	25	0.0									not_selected				1650
residue_residue	PRO1422-PRO1437	3982	0	25	0.0									not_selected				1651
residue_residue	PRO1423-PRO1425	3982	0	25	0.0									not_selected				1652
residue_residue	PRO1423-PRO1426	3982	0	25	0.0									not_selected				1653
residue_residue	PRO1423-PRO1427	3982	0	25	0.0									not_selected				1654
residue_residue	PRO1423-PRO1429	3982	0	25	0.0									not_selected				1655
residue_residue	PRO1423-PRO1430	3982	0	25	0.0									not_selected				1656
residue_residue	PRO1423-PRO1431	3982	0	25	0.0									not_selected				1657
residue_residue	PRO1423-PRO1432	3982	0	25	0.0									not_selected				1658
residue_residue	PRO1423-PRO1433	3982	0	25	0.0									not_selected				1659
residue_residue	PRO1423-PRO1434	3982	0	25	0.0									not_selected				1660
residue_residue	PRO1423-PRO1435	3982	0	25	0.0									not_selected				1661
residue_residue	PRO1423-PRO1436	3982	0	25	0.0									not_selected				1662
residue_residue	PRO1423-PRO1437	3982	0	25	0.0									not_selected				1663
residue_residue	PRO1424-PRO1426	3982	0	25	0.0									not_selected				1664
residue_residue	PRO1424-PRO1427	3982	0	25	0.0									not_selected				1665
residue_residue	PRO1424-PRO1429	3982	0	25	0.0									not_selected				1666
residue_residue	PRO1424-PRO1430	3982	0	25	0.0									not_selected				1667
residue_residue	PRO1424-PRO1431	3982	0	25	0.0									not_selected				1668
residue_residue	PRO1424-PRO1432	3982	0	25	0.0									not_selected				1669
residue_residue	PRO1424-PRO1433	3982	0	25	0.0									not_selected				1670
residue_residue	PRO1424-PRO1434	3982	0	25	0.0									not_selected				1671
residue_residue	PRO1424-PRO1435	3982	0	25	0.0									not_selected				1672
residue_residue	PRO1424-PRO1437	3982	0	25	0.0									not_selected				1673
residue_residue	PRO1425-PRO1426	3982	0	25	0.0									not_selected				1674
residue_residue	PRO1425-PRO1427	3982	0	25	0.0									not_selected				1675
residue_residue	PRO1425-PRO1429	3982	0	25	0.0									not_selected				1676
residue_residue	PRO1425-PRO1430	3982	0	25	0.0									not_selected				1677
residue_residue	PRO1425-PRO1431	3982	0	25	0.0									not_selected				1678
residue_residue	PRO1425-PRO1432	3982	0	25	0.0									not_selected				1679
residue_residue	PRO1425-PRO1433	3982	0	25	0.0									not_selected				1680
residue_residue	PRO1425-PRO1434	3982	0	25	0.0									not_selected				1681
residue_residue	PRO1426-PRO1427	3982	0	25	0.0									not_selected				1682
residue_residue	PRO1426-PRO1429	3982	0	25	0.0									not_selected				1683
residue_residue	PRO1426-PRO1430	3982	0	25	0.0									not_selected				1684
residue_residue	PRO1426-PRO1431	3982	0	25	0.0									not_selected				1685
residue_residue	PRO1426-PRO1432	3982	0	25	0.0									not_selected				1686
residue_residue	PRO1426-PRO1433	3982	0	25	0.0									not_selected				1687
residue_residue	PRO1426-PRO1434	3982	0	25	0.0									not_selected				1688
residue_residue	PRO1426-PRO1436	3982	0	25	0.0									not_selected				1689
residue_residue	PRO1426-PRO1437	3982	0	25	0.0									not_selected				1690
residue_residue	PRO1427-PRO1429	3982	0	25	0.0									not_selected				1691
residue_residue	PRO1427-PRO1430	3982	0	25	0.0									not_selected				1692
residue_residue	PRO1427-PRO1431	3982	0	25	0.0									not_selected				1693
residue_residue	PRO1427-PRO1432	3982	0	25	0.0									not_selected				1694
residue_residue	PRO1427-PRO1433	3982	0	25	0.0									not_selected				1695
residue_residue	PRO1427-PRO1434	3982	0	25	0.0									not_selected				1696
residue_residue	PRO1427-PRO1435	3982	0	25	0.0									not_selected				1697
residue_residue	PRO1427-PRO1437	3982	0	25	0.0									not_selected				1698
residue_residue	PRO1429-PRO1430	3982	0	25	0.0									not_selected				1699
residue_residue	PRO1429-PRO1431	3982	0	25	0.0									not_selected				1700
residue_residue	PRO1429-PRO1432	3982	0	25	0.0									not_selected				1701
residue_residue	PRO1429-PRO1433	3982	0	25	0.0									not_selected				1702
residue_residue	PRO1429-PRO1434	3982	0	25	0.0									not_selected				1703
residue_residue	PRO143-PRO145	3982	0	25	0.0									not_selected				1704
residue_residue	PRO143-PRO147	3982	0	25	0.0									not_selected				1705
residue_residue	PRO143-PRO148	3982	0	25	0.0									not_selected				1706
residue_residue	PRO143-PRO149	3982	0	25	0.0									not_selected				1707
residue_residue	PRO143-PRO150	3982	0	25	0.0									not_selected				1708
residue_residue	PRO143-PRO151	3982	0	25	0.0									not_selected				1709
residue_residue	PRO143-PRO152	3982	0	25	0.0									not_selected				1710
residue_residue	PRO143-PRO153	3982	0	25	0.0									not_selected				1711
residue_residue	PRO143-PRO154	3982	0	25	0.0									not_selected				1712
residue_residue	PRO143-PRO155	3982	0	25	0.0									not_selected				1713
residue_residue	PRO143-PRO156	3982	0	25	0.0									not_selected				1714
residue_residue	PRO1430-PRO1431	3982	0	25	0.0									not_selected				1715
residue_residue	PRO1430-PRO1432	3982	0	25	0.0									not_selected				1716
residue_residue	PRO1430-PRO1433	3982	0	25	0.0									not_selected				1717
residue_residue	PRO1430-PRO1434	3982	0	25	0.0									not_selected				1718
residue_residue	PRO1430-PRO1435	3982	0	25	0.0									not_selected				1719
residue_residue	PRO1430-PRO1436	3982	0	25	0.0									not_selected				1720
residue_residue	PRO1431-PRO1432	3982	0	25	0.0									not_selected				1721
residue_residue	PRO1431-PRO1433	3982	0	25	0.0									not_selected				1722
residue_residue	PRO1431-PRO1434	3982	0	25	0.0									not_selected				1723
residue_residue	PRO1431-PRO1435	3982	0	25	0.0									not_selected				1724
residue_residue	PRO1432-PRO1433	3982	0	25	0.0									not_selected				1725
residue_residue	PRO1432-PRO1434	3982	0	25	0.0									not_selected				1726
residue_residue	PRO1432-PRO1435	3982	0	25	0.0									not_selected				1727
residue_residue	PRO1432-PRO1436	3982	0	25	0.0									not_selected				1728
residue_residue	PRO1432-PRO1437	3982	0	25	0.0									not_selected				1729
residue_residue	PRO1433-PRO1434	3982	0	25	0.0									not_selected				1730
residue_residue	PRO1433-PRO1435	3982	0	25	0.0									not_selected				1731
residue_residue	PRO1433-PRO1436	3982	0	25	0.0									not_selected				1732
residue_residue	PRO1433-PRO1437	3982	0	25	0.0									not_selected				1733
residue_residue	PRO1434-PRO1436	3982	0	25	0.0									not_selected				1734
residue_residue	PRO1434-PRO1437	3982	0	25	0.0									not_selected				1735
residue_residue	PRO1435-PRO1436	3982	0	25	0.0									not_selected				1736
residue_residue	PRO1435-PRO1437	3982	0	25	0.0									not_selected				1737
residue_residue	PRO1436-PRO1437	3982	0	25	0.0									not_selected				1738
residue_residue	PRO144-PRO145	3982	0	25	0.0									not_selected				1739
residue_residue	PRO144-PRO147	3982	0	25	0.0									not_selected				1740
residue_residue	PRO144-PRO149	3982	0	25	0.0									not_selected				1741
residue_residue	PRO144-PRO150	3982	0	25	0.0									not_selected				1742
residue_residue	PRO144-PRO151	3982	0	25	0.0									not_selected				1743
residue_residue	PRO144-PRO152	3982	0	25	0.0									not_selected				1744
residue_residue	PRO144-PRO153	3982	0	25	0.0									not_selected				1745
residue_residue	PRO144-PRO154	3982	0	25	0.0									not_selected				1746
residue_residue	PRO144-PRO155	3982	0	25	0.0									not_selected				1747
residue_residue	PRO144-PRO156	3982	0	25	0.0									not_selected				1748
residue_residue	PRO144-PRO159	3982	0	25	0.0									not_selected				1749
residue_residue	PRO145-PRO147	3982	0	25	0.0									not_selected				1750
residue_residue	PRO145-PRO148	3982	0	25	0.0									not_selected				1751
residue_residue	PRO145-PRO149	3982	0	25	0.0									not_selected				1752
residue_residue	PRO145-PRO150	3982	0	25	0.0									not_selected				1753
residue_residue	PRO145-PRO151	3982	0	25	0.0									not_selected				1754
residue_residue	PRO145-PRO152	3982	0	25	0.0									not_selected				1755
residue_residue	PRO145-PRO153	3982	0	25	0.0									not_selected				1756
residue_residue	PRO145-PRO154	3982	0	25	0.0									not_selected				1757
residue_residue	PRO145-PRO155	3982	0	25	0.0									not_selected				1758
residue_residue	PRO145-PRO156	3982	0	25	0.0									not_selected				1759
residue_residue	PRO146-PRO148	3982	0	25	0.0									not_selected				1760
residue_residue	PRO146-PRO149	3982	0	25	0.0									not_selected				1761
residue_residue	PRO146-PRO150	3982	0	25	0.0									not_selected				1762
residue_residue	PRO146-PRO151	3982	0	25	0.0									not_selected				1763
residue_residue	PRO146-PRO152	3982	0	25	0.0									not_selected				1764
residue_residue	PRO146-PRO153	3982	0	25	0.0									not_selected				1765
residue_residue	PRO146-PRO154	3982	0	25	0.0									not_selected				1766
residue_residue	PRO146-PRO155	3982	0	25	0.0									not_selected				1767
residue_residue	PRO146-PRO156	3982	0	25	0.0									not_selected				1768
residue_residue	PRO147-PRO148	3982	0	25	0.0									not_selected				1769
residue_residue	PRO147-PRO149	3982	0	25	0.0									not_selected				1770
residue_residue	PRO147-PRO150	3982	0	25	0.0									not_selected				1771
residue_residue	PRO147-PRO151	3982	0	25	0.0									not_selected				1772
residue_residue	PRO147-PRO152	3982	0	25	0.0									not_selected				1773
residue_residue	PRO147-PRO153	3982	0	25	0.0									not_selected				1774
residue_residue	PRO148-PRO149	3982	0	25	0.0									not_selected				1775
residue_residue	PRO148-PRO150	3982	0	25	0.0									not_selected				1776
residue_residue	PRO148-PRO151	3982	0	25	0.0									not_selected				1777
residue_residue	PRO148-PRO152	3982	0	25	0.0									not_selected				1778
residue_residue	PRO148-PRO153	3982	0	25	0.0									not_selected				1779
residue_residue	PRO149-PRO150	3982	0	25	0.0									not_selected				1780
residue_residue	PRO149-PRO151	3982	0	25	0.0									not_selected				1781
residue_residue	PRO149-PRO152	3982	0	25	0.0									not_selected				1782
residue_residue	PRO149-PRO153	3982	0	25	0.0									not_selected				1783
residue_residue	PRO149-PRO154	3982	0	25	0.0									not_selected				1784
residue_residue	PRO149-PRO155	3982	0	25	0.0									not_selected				1785
residue_residue	PRO149-PRO156	3982	0	25	0.0									not_selected				1786
residue_residue	PRO15-PRO114	3982	0	25	0.0									not_selected				1787
residue_residue	PRO15-PRO115	3982	0	25	0.0									not_selected				1788
residue_residue	PRO15-PRO116	3982	0	25	0.0									not_selected				1789
residue_residue	PRO15-PRO117	3982	0	25	0.0									not_selected				1790
residue_residue	PRO15-PRO118	3982	0	25	0.0									not_selected				1791
residue_residue	PRO15-PRO119	3982	0	25	0.0									not_selected				1792
residue_residue	PRO15-PRO120	3982	0	25	0.0									not_selected				1793
residue_residue	PRO15-PRO1276	3982	0	25	0.0									not_selected				1794
residue_residue	PRO15-PRO1277	3982	0	25	0.0									not_selected				1795
residue_residue	PRO15-PRO1436	3982	0	25	0.0									not_selected				1796
residue_residue	PRO15-PRO144	3982	0	25	0.0									not_selected				1797
residue_residue	PRO15-PRO145	3982	0	25	0.0									not_selected				1798
residue_residue	PRO15-PRO146	3982	0	25	0.0									not_selected				1799
residue_residue	PRO15-PRO147	3982	0	25	0.0									not_selected				1800
residue_residue	PRO15-PRO148	3982	0	25	0.0									not_selected				1801
residue_residue	PRO15-PRO152	3982	0	25	0.0									not_selected				1802
residue_residue	PRO15-PRO156	3982	0	25	0.0									not_selected				1803
residue_residue	PRO15-PRO16	3982	0	25	0.0									not_selected				1804
residue_residue	PRO15-PRO17	3982	0	25	0.0									not_selected				1805
residue_residue	PRO15-PRO18	3982	0	25	0.0									not_selected				1806
residue_residue	PRO15-PRO19	3982	0	25	0.0									not_selected				1807
residue_residue	PRO15-PRO20	3982	0	25	0.0									not_selected				1808
residue_residue	PRO15-PRO21	3982	0	25	0.0									not_selected				1809
residue_residue	PRO15-PRO22	3982	0	25	0.0									not_selected				1810
residue_residue	PRO15-PRO23	3982	0	25	0.0									not_selected				1811
residue_residue	PRO15-PRO24	3982	0	25	0.0									not_selected				1812
residue_residue	PRO15-PRO27	3982	0	25	0.0									not_selected				1813
residue_residue	PRO15-PRO29	3982	0	25	0.0									not_selected				1814
residue_residue	PRO15-PRO30	3982	0	25	0.0									not_selected				1815
residue_residue	PRO15-PRO31	3982	0	25	0.0									not_selected				1816
residue_residue	PRO15-PRO32	3982	0	25	0.0									not_selected				1817
residue_residue	PRO15-PRO33	3982	0	25	0.0									not_selected				1818
residue_residue	PRO15-PRO34	3982	0	25	0.0									not_selected				1819
residue_residue	PRO15-PRO35	3982	0	25	0.0									not_selected				1820
residue_residue	PRO15-PRO40	3982	0	25	0.0									not_selected				1821
residue_residue	PRO15-PRO55	3982	0	25	0.0									not_selected				1822
residue_residue	PRO15-PRO57	3982	0	25	0.0									not_selected				1823
residue_residue	PRO15-PRO58	3982	0	25	0.0									not_selected				1824
residue_residue	PRO15-PRO59	3982	0	25	0.0									not_selected				1825
residue_residue	PRO15-PRO60	3982	0	25	0.0									not_selected				1826
residue_residue	PRO15-PRO61	3982	0	25	0.0									not_selected				1827
residue_residue	PRO15-PRO79	3982	0	25	0.0									not_selected				1828
residue_residue	PRO15-PRO81	3982	0	25	0.0									not_selected				1829
residue_residue	PRO15-PRO82	3982	0	25	0.0									not_selected				1830
residue_residue	PRO15-PRO83	3982	0	25	0.0									not_selected				1831
residue_residue	PRO15-PRO84	3982	0	25	0.0									not_selected				1832
residue_residue	PRO15-PRO85	3982	0	25	0.0									not_selected				1833
residue_residue	PRO15-PRO86	3982	0	25	0.0									not_selected				1834
residue_residue	PRO15-PRO89	3982	0	25	0.0									not_selected				1835
residue_residue	PRO150-PRO151	3982	0	25	0.0									not_selected				1836
residue_residue	PRO150-PRO152	3982	0	25	0.0									not_selected				1837
residue_residue	PRO150-PRO153	3982	0	25	0.0									not_selected				1838
residue_residue	PRO150-PRO154	3982	0	25	0.0									not_selected				1839
residue_residue	PRO150-PRO155	3982	0	25	0.0									not_selected				1840
residue_residue	PRO150-PRO156	3982	0	25	0.0									not_selected				1841
residue_residue	PRO151-PRO152	3982	0	25	0.0									not_selected				1842
residue_residue	PRO151-PRO153	3982	0	25	0.0									not_selected				1843
residue_residue	PRO151-PRO154	3982	0	25	0.0									not_selected				1844
residue_residue	PRO151-PRO155	3982	0	25	0.0									not_selected				1845
residue_residue	PRO151-PRO156	3982	0	25	0.0									not_selected				1846
residue_residue	PRO151-PRO159	3982	0	25	0.0									not_selected				1847
residue_residue	PRO152-PRO153	3982	0	25	0.0									not_selected				1848
residue_residue	PRO152-PRO154	3982	0	25	0.0									not_selected				1849
residue_residue	PRO152-PRO155	3982	0	25	0.0									not_selected				1850
residue_residue	PRO152-PRO156	3982	0	25	0.0									not_selected				1851
residue_residue	PRO152-PRO159	3982	0	25	0.0									not_selected				1852
residue_residue	PRO153-PRO154	3982	0	25	0.0									not_selected				1853
residue_residue	PRO153-PRO155	3982	0	25	0.0									not_selected				1854
residue_residue	PRO153-PRO156	3982	0	25	0.0									not_selected				1855
residue_residue	PRO153-PRO159	3982	0	25	0.0									not_selected				1856
residue_residue	PRO154-PRO156	3982	0	25	0.0									not_selected				1857
residue_residue	PRO154-PRO159	3982	0	25	0.0									not_selected				1858
residue_residue	PRO155-PRO156	3982	0	25	0.0									not_selected				1859
residue_residue	PRO155-PRO159	3982	0	25	0.0									not_selected				1860
residue_residue	PRO156-PRO159	3982	0	25	0.0									not_selected				1861
residue_residue	PRO16-PRO112	3982	0	25	0.0									not_selected				1862
residue_residue	PRO16-PRO113	3982	0	25	0.0									not_selected				1863
residue_residue	PRO16-PRO114	3982	0	25	0.0									not_selected				1864
residue_residue	PRO16-PRO115	3982	0	25	0.0									not_selected				1865
residue_residue	PRO16-PRO116	3982	0	25	0.0									not_selected				1866
residue_residue	PRO16-PRO117	3982	0	25	0.0									not_selected				1867
residue_residue	PRO16-PRO1275	3982	0	25	0.0									not_selected				1868
residue_residue	PRO16-PRO1276	3982	0	25	0.0									not_selected				1869
residue_residue	PRO16-PRO1277	3982	0	25	0.0									not_selected				1870
residue_residue	PRO16-PRO1278	3982	0	25	0.0									not_selected				1871
residue_residue	PRO16-PRO1390	3982	0	25	0.0									not_selected				1872
residue_residue	PRO16-PRO1436	3982	0	25	0.0									not_selected				1873
residue_residue	PRO16-PRO144	3982	0	25	0.0									not_selected				1874
residue_residue	PRO16-PRO145	3982	0	25	0.0									not_selected				1875
residue_residue	PRO16-PRO146	3982	0	25	0.0									not_selected				1876
residue_residue	PRO16-PRO152	3982	0	25	0.0									not_selected				1877
residue_residue	PRO16-PRO155	3982	0	25	0.0									not_selected				1878
residue_residue	PRO16-PRO156	3982	0	25	0.0									not_selected				1879
residue_residue	PRO16-PRO18	3982	0	25	0.0									not_selected				1880
residue_residue	PRO16-PRO19	3982	0	25	0.0									not_selected				1881
residue_residue	PRO16-PRO20	3982	0	25	0.0									not_selected				1882
residue_residue	PRO16-PRO21	3982	0	25	0.0									not_selected				1883
residue_residue	PRO16-PRO22	3982	0	25	0.0									not_selected				1884
residue_residue	PRO16-PRO23	3982	0	25	0.0									not_selected				1885
residue_residue	PRO16-PRO24	3982	0	25	0.0									not_selected				1886
residue_residue	PRO16-PRO25	3982	0	25	0.0									not_selected				1887
residue_residue	PRO16-PRO27	3982	0	25	0.0									not_selected				1888
residue_residue	PRO16-PRO29	3982	0	25	0.0									not_selected				1889
residue_residue	PRO16-PRO33	3982	0	25	0.0									not_selected				1890
residue_residue	PRO16-PRO34	3982	0	25	0.0									not_selected				1891
residue_residue	PRO16-PRO35	3982	0	25	0.0									not_selected				1892
residue_residue	PRO16-PRO36	3982	0	25	0.0									not_selected				1893
residue_residue	PRO16-PRO37	3982	0	25	0.0									not_selected				1894
residue_residue	PRO16-PRO38	3982	0	25	0.0									not_selected				1895
residue_residue	PRO16-PRO39	3982	0	25	0.0									not_selected				1896
residue_residue	PRO16-PRO40	3982	0	25	0.0									not_selected				1897
residue_residue	PRO16-PRO55	3982	0	25	0.0									not_selected				1898
residue_residue	PRO16-PRO56	3982	0	25	0.0									not_selected				1899
residue_residue	PRO16-PRO57	3982	0	25	0.0									not_selected				1900
residue_residue	PRO16-PRO58	3982	0	25	0.0									not_selected				1901
residue_residue	PRO16-PRO59	3982	0	25	0.0									not_selected				1902
residue_residue	PRO16-PRO60	3982	0	25	0.0									not_selected				1903
residue_residue	PRO16-PRO61	3982	0	25	0.0									not_selected				1904
residue_residue	PRO16-PRO62	3982	0	25	0.0									not_selected				1905
residue_residue	PRO16-PRO64	3982	0	25	0.0									not_selected				1906
residue_residue	PRO16-PRO68	3982	0	25	0.0									not_selected				1907
residue_residue	PRO16-PRO71	3982	0	25	0.0									not_selected				1908
residue_residue	PRO16-PRO72	3982	0	25	0.0									not_selected				1909
residue_residue	PRO16-PRO78	3982	0	25	0.0									not_selected				1910
residue_residue	PRO16-PRO79	3982	0	25	0.0									not_selected				1911
residue_residue	PRO16-PRO80	3982	0	25	0.0									not_selected				1912
residue_residue	PRO16-PRO81	3982	0	25	0.0									not_selected				1913
residue_residue	PRO16-PRO82	3982	0	25	0.0									not_selected				1914
residue_residue	PRO16-PRO83	3982	0	25	0.0									not_selected				1915
residue_residue	PRO16-PRO84	3982	0	25	0.0									not_selected				1916
residue_residue	PRO16-PRO86	3982	0	25	0.0									not_selected				1917
residue_residue	PRO16-PRO88	3982	0	25	0.0									not_selected				1918
residue_residue	PRO16-PRO89	3982	0	25	0.0									not_selected				1919
residue_residue	PRO16-PRO93	3982	0	25	0.0									not_selected				1920
residue_residue	PRO16-PRO96	3982	0	25	0.0									not_selected				1921
residue_residue	PRO17-PRO114	3982	0	25	0.0									not_selected				1922
residue_residue	PRO17-PRO116	3982	0	25	0.0									not_selected				1923
residue_residue	PRO17-PRO117	3982	0	25	0.0									not_selected				1924
residue_residue	PRO17-PRO1276	3982	0	25	0.0									not_selected				1925
residue_residue	PRO17-PRO1390	3982	0	25	0.0									not_selected				1926
residue_residue	PRO17-PRO1423	3982	0	25	0.0									not_selected				1927
residue_residue	PRO17-PRO1436	3982	0	25	0.0									not_selected				1928
residue_residue	PRO17-PRO1437	3982	0	25	0.0									not_selected				1929
residue_residue	PRO17-PRO144	3982	0	25	0.0									not_selected				1930
residue_residue	PRO17-PRO146	3982	0	25	0.0									not_selected				1931
residue_residue	PRO17-PRO152	3982	0	25	0.0									not_selected				1932
residue_residue	PRO17-PRO156	3982	0	25	0.0									not_selected				1933
residue_residue	PRO17-PRO18	3982	0	25	0.0									not_selected				1934
residue_residue	PRO17-PRO19	3982	0	25	0.0									not_selected				1935
residue_residue	PRO17-PRO20	3982	0	25	0.0									not_selected				1936
residue_residue	PRO17-PRO21	3982	0	25	0.0									not_selected				1937
residue_residue	PRO17-PRO22	3982	0	25	0.0									not_selected				1938
residue_residue	PRO17-PRO23	3982	0	25	0.0									not_selected				1939
residue_residue	PRO17-PRO24	3982	0	25	0.0									not_selected				1940
residue_residue	PRO17-PRO25	3982	0	25	0.0									not_selected				1941
residue_residue	PRO17-PRO26	3982	0	25	0.0									not_selected				1942
residue_residue	PRO17-PRO27	3982	0	25	0.0									not_selected				1943
residue_residue	PRO17-PRO28	3982	0	25	0.0									not_selected				1944
residue_residue	PRO17-PRO29	3982	0	25	0.0									not_selected				1945
residue_residue	PRO17-PRO30	3982	0	25	0.0									not_selected				1946
residue_residue	PRO17-PRO31	3982	0	25	0.0									not_selected				1947
residue_residue	PRO17-PRO32	3982	0	25	0.0									not_selected				1948
residue_residue	PRO17-PRO33	3982	0	25	0.0									not_selected				1949
residue_residue	PRO17-PRO34	3982	0	25	0.0									not_selected				1950
residue_residue	PRO17-PRO35	3982	0	25	0.0									not_selected				1951
residue_residue	PRO17-PRO36	3982	0	25	0.0									not_selected				1952
residue_residue	PRO17-PRO37	3982	0	25	0.0									not_selected				1953
residue_residue	PRO17-PRO38	3982	0	25	0.0									not_selected				1954
residue_residue	PRO17-PRO39	3982	0	25	0.0									not_selected				1955
residue_residue	PRO17-PRO40	3982	0	25	0.0									not_selected				1956
residue_residue	PRO17-PRO55	3982	0	25	0.0									not_selected				1957
residue_residue	PRO17-PRO56	3982	0	25	0.0									not_selected				1958
residue_residue	PRO17-PRO57	3982	0	25	0.0									not_selected				1959
residue_residue	PRO17-PRO58	3982	0	25	0.0									not_selected				1960
residue_residue	PRO17-PRO59	3982	0	25	0.0									not_selected				1961
residue_residue	PRO17-PRO60	3982	0	25	0.0									not_selected				1962
residue_residue	PRO17-PRO61	3982	0	25	0.0									not_selected				1963
residue_residue	PRO17-PRO79	3982	0	25	0.0									not_selected				1964
residue_residue	PRO17-PRO81	3982	0	25	0.0									not_selected				1965
residue_residue	PRO17-PRO83	3982	0	25	0.0									not_selected				1966
residue_residue	PRO18-PRO114	3982	0	25	0.0									not_selected				1967
residue_residue	PRO18-PRO116	3982	0	25	0.0									not_selected				1968
residue_residue	PRO18-PRO117	3982	0	25	0.0									not_selected				1969
residue_residue	PRO18-PRO118	3982	0	25	0.0									not_selected				1970
residue_residue	PRO18-PRO119	3982	0	25	0.0									not_selected				1971
residue_residue	PRO18-PRO120	3982	0	25	0.0									not_selected				1972
residue_residue	PRO18-PRO1276	3982	0	25	0.0									not_selected				1973
residue_residue	PRO18-PRO1436	3982	0	25	0.0									not_selected				1974
residue_residue	PRO18-PRO144	3982	0	25	0.0									not_selected				1975
residue_residue	PRO18-PRO145	3982	0	25	0.0									not_selected				1976
residue_residue	PRO18-PRO146	3982	0	25	0.0									not_selected				1977
residue_residue	PRO18-PRO148	3982	0	25	0.0									not_selected				1978
residue_residue	PRO18-PRO149	3982	0	25	0.0									not_selected				1979
residue_residue	PRO18-PRO150	3982	0	25	0.0									not_selected				1980
residue_residue	PRO18-PRO152	3982	0	25	0.0									not_selected				1981
residue_residue	PRO18-PRO153	3982	0	25	0.0									not_selected				1982
residue_residue	PRO18-PRO156	3982	0	25	0.0									not_selected				1983
residue_residue	PRO18-PRO19	3982	0	25	0.0									not_selected				1984
residue_residue	PRO18-PRO20	3982	0	25	0.0									not_selected				1985
residue_residue	PRO18-PRO21	3982	0	25	0.0									not_selected				1986
residue_residue	PRO18-PRO22	3982	0	25	0.0									not_selected				1987
residue_residue	PRO18-PRO23	3982	0	25	0.0									not_selected				1988
residue_residue	PRO18-PRO24	3982	0	25	0.0									not_selected				1989
residue_residue	PRO18-PRO25	3982	0	25	0.0									not_selected				1990
residue_residue	PRO18-PRO26	3982	0	25	0.0									not_selected				1991
residue_residue	PRO18-PRO27	3982	0	25	0.0									not_selected				1992
residue_residue	PRO18-PRO28	3982	0	25	0.0									not_selected				1993
residue_residue	PRO18-PRO29	3982	0	25	0.0									not_selected				1994
residue_residue	PRO18-PRO30	3982	0	25	0.0									not_selected				1995
residue_residue	PRO18-PRO31	3982	0	25	0.0									not_selected				1996
residue_residue	PRO18-PRO32	3982	0	25	0.0									not_selected				1997
residue_residue	PRO18-PRO33	3982	0	25	0.0									not_selected				1998
residue_residue	PRO18-PRO34	3982	0	25	0.0									not_selected				1999
residue_residue	PRO18-PRO35	3982	0	25	0.0									not_selected				2000
residue_residue	PRO18-PRO38	3982	0	25	0.0									not_selected				2001
residue_residue	PRO18-PRO40	3982	0	25	0.0									not_selected				2002
residue_residue	PRO18-PRO55	3982	0	25	0.0									not_selected				2003
residue_residue	PRO18-PRO57	3982	0	25	0.0									not_selected				2004
residue_residue	PRO18-PRO58	3982	0	25	0.0									not_selected				2005
residue_residue	PRO18-PRO60	3982	0	25	0.0									not_selected				2006
residue_residue	PRO18-PRO79	3982	0	25	0.0									not_selected				2007
residue_residue	PRO18-PRO81	3982	0	25	0.0									not_selected				2008
residue_residue	PRO18-PRO83	3982	0	25	0.0									not_selected				2009
residue_residue	PRO19-PRO112	3982	0	25	0.0									not_selected				2010
residue_residue	PRO19-PRO113	3982	0	25	0.0									not_selected				2011
residue_residue	PRO19-PRO114	3982	0	25	0.0									not_selected				2012
residue_residue	PRO19-PRO115	3982	0	25	0.0									not_selected				2013
residue_residue	PRO19-PRO116	3982	0	25	0.0									not_selected				2014
residue_residue	PRO19-PRO117	3982	0	25	0.0									not_selected				2015
residue_residue	PRO19-PRO118	3982	0	25	0.0									not_selected				2016
residue_residue	PRO19-PRO119	3982	0	25	0.0									not_selected				2017
residue_residue	PRO19-PRO1276	3982	0	25	0.0									not_selected				2018
residue_residue	PRO19-PRO142	3982	0	25	0.0									not_selected				2019
residue_residue	PRO19-PRO143	3982	0	25	0.0									not_selected				2020
residue_residue	PRO19-PRO1436	3982	0	25	0.0									not_selected				2021
residue_residue	PRO19-PRO144	3982	0	25	0.0									not_selected				2022
residue_residue	PRO19-PRO145	3982	0	25	0.0									not_selected				2023
residue_residue	PRO19-PRO146	3982	0	25	0.0									not_selected				2024
residue_residue	PRO19-PRO149	3982	0	25	0.0									not_selected				2025
residue_residue	PRO19-PRO150	3982	0	25	0.0									not_selected				2026
residue_residue	PRO19-PRO151	3982	0	25	0.0									not_selected				2027
residue_residue	PRO19-PRO152	3982	0	25	0.0									not_selected				2028
residue_residue	PRO19-PRO153	3982	0	25	0.0									not_selected				2029
residue_residue	PRO19-PRO154	3982	0	25	0.0									not_selected				2030
residue_residue	PRO19-PRO155	3982	0	25	0.0									not_selected				2031
residue_residue	PRO19-PRO156	3982	0	25	0.0									not_selected				2032
residue_residue	PRO19-PRO159	3982	0	25	0.0									not_selected				2033
residue_residue	PRO19-PRO21	3982	0	25	0.0									not_selected				2034
residue_residue	PRO19-PRO22	3982	0	25	0.0									not_selected				2035
residue_residue	PRO19-PRO23	3982	0	25	0.0									not_selected				2036
residue_residue	PRO19-PRO24	3982	0	25	0.0									not_selected				2037
residue_residue	PRO19-PRO25	3982	0	25	0.0									not_selected				2038
residue_residue	PRO19-PRO26	3982	0	25	0.0									not_selected				2039
residue_residue	PRO19-PRO27	3982	0	25	0.0									not_selected				2040
residue_residue	PRO19-PRO28	3982	0	25	0.0									not_selected				2041
residue_residue	PRO19-PRO29	3982	0	25	0.0									not_selected				2042
residue_residue	PRO19-PRO30	3982	0	25	0.0									not_selected				2043
residue_residue	PRO19-PRO33	3982	0	25	0.0									not_selected				2044
residue_residue	PRO19-PRO35	3982	0	25	0.0									not_selected				2045
residue_residue	PRO19-PRO38	3982	0	25	0.0									not_selected				2046
residue_residue	PRO19-PRO40	3982	0	25	0.0									not_selected				2047
residue_residue	PRO19-PRO55	3982	0	25	0.0									not_selected				2048
residue_residue	PRO19-PRO56	3982	0	25	0.0									not_selected				2049
residue_residue	PRO19-PRO57	3982	0	25	0.0									not_selected				2050
residue_residue	PRO19-PRO58	3982	0	25	0.0									not_selected				2051
residue_residue	PRO19-PRO78	3982	0	25	0.0									not_selected				2052
residue_residue	PRO19-PRO79	3982	0	25	0.0									not_selected				2053
residue_residue	PRO19-PRO80	3982	0	25	0.0									not_selected				2054
residue_residue	PRO19-PRO81	3982	0	25	0.0									not_selected				2055
residue_residue	PRO19-PRO82	3982	0	25	0.0									not_selected				2056
residue_residue	PRO19-PRO83	3982	0	25	0.0									not_selected				2057
residue_residue	PRO19-PRO84	3982	0	25	0.0									not_selected				2058
residue_residue	PRO19-PRO93	3982	0	25	0.0									not_selected				2059
residue_residue	PRO20-PRO114	3982	0	25	0.0									not_selected				2060
residue_residue	PRO20-PRO116	3982	0	25	0.0									not_selected				2061
residue_residue	PRO20-PRO117	3982	0	25	0.0									not_selected				2062
residue_residue	PRO20-PRO1423	3982	0	25	0.0									not_selected				2063
residue_residue	PRO20-PRO1436	3982	0	25	0.0									not_selected				2064
residue_residue	PRO20-PRO1437	3982	0	25	0.0									not_selected				2065
residue_residue	PRO20-PRO144	3982	0	25	0.0									not_selected				2066
residue_residue	PRO20-PRO145	3982	0	25	0.0									not_selected				2067
residue_residue	PRO20-PRO146	3982	0	25	0.0									not_selected				2068
residue_residue	PRO20-PRO147	3982	0	25	0.0									not_selected				2069
residue_residue	PRO20-PRO149	3982	0	25	0.0									not_selected				2070
residue_residue	PRO20-PRO151	3982	0	25	0.0									not_selected				2071
residue_residue	PRO20-PRO152	3982	0	25	0.0									not_selected				2072
residue_residue	PRO20-PRO153	3982	0	25	0.0									not_selected				2073
residue_residue	PRO20-PRO155	3982	0	25	0.0									not_selected				2074
residue_residue	PRO20-PRO156	3982	0	25	0.0									not_selected				2075
residue_residue	PRO20-PRO159	3982	0	25	0.0									not_selected				2076
residue_residue	PRO20-PRO22	3982	0	25	0.0									not_selected				2077
residue_residue	PRO20-PRO23	3982	0	25	0.0									not_selected				2078
residue_residue	PRO20-PRO24	3982	0	25	0.0									not_selected				2079
residue_residue	PRO20-PRO25	3982	0	25	0.0									not_selected				2080
residue_residue	PRO20-PRO26	3982	0	25	0.0									not_selected				2081
residue_residue	PRO20-PRO27	3982	0	25	0.0									not_selected				2082
residue_residue	PRO20-PRO28	3982	0	25	0.0									not_selected				2083
residue_residue	PRO20-PRO29	3982	0	25	0.0									not_selected				2084
residue_residue	PRO20-PRO33	3982	0	25	0.0									not_selected				2085
residue_residue	PRO20-PRO35	3982	0	25	0.0									not_selected				2086
residue_residue	PRO20-PRO37	3982	0	25	0.0									not_selected				2087
residue_residue	PRO20-PRO38	3982	0	25	0.0									not_selected				2088
residue_residue	PRO20-PRO39	3982	0	25	0.0									not_selected				2089
residue_residue	PRO20-PRO40	3982	0	25	0.0									not_selected				2090
residue_residue	PRO20-PRO55	3982	0	25	0.0									not_selected				2091
residue_residue	PRO20-PRO56	3982	0	25	0.0									not_selected				2092
residue_residue	PRO20-PRO57	3982	0	25	0.0									not_selected				2093
residue_residue	PRO20-PRO58	3982	0	25	0.0									not_selected				2094
residue_residue	PRO20-PRO60	3982	0	25	0.0									not_selected				2095
residue_residue	PRO20-PRO79	3982	0	25	0.0									not_selected				2096
residue_residue	PRO20-PRO81	3982	0	25	0.0									not_selected				2097
residue_residue	PRO21-PRO116	3982	0	25	0.0									not_selected				2098
residue_residue	PRO21-PRO1276	3982	0	25	0.0									not_selected				2099
residue_residue	PRO21-PRO1423	3982	0	25	0.0									not_selected				2100
residue_residue	PRO21-PRO1435	3982	0	25	0.0									not_selected				2101
residue_residue	PRO21-PRO1436	3982	0	25	0.0									not_selected				2102
residue_residue	PRO21-PRO1437	3982	0	25	0.0									not_selected				2103
residue_residue	PRO21-PRO145	3982	0	25	0.0									not_selected				2104
residue_residue	PRO21-PRO146	3982	0	25	0.0									not_selected				2105
residue_residue	PRO21-PRO147	3982	0	25	0.0									not_selected				2106
residue_residue	PRO21-PRO149	3982	0	25	0.0									not_selected				2107
residue_residue	PRO21-PRO152	3982	0	25	0.0									not_selected				2108
residue_residue	PRO21-PRO153	3982	0	25	0.0									not_selected				2109
residue_residue	PRO21-PRO156	3982	0	25	0.0									not_selected				2110
residue_residue	PRO21-PRO23	3982	0	25	0.0									not_selected				2111
residue_residue	PRO21-PRO24	3982	0	25	0.0									not_selected				2112
residue_residue	PRO21-PRO25	3982	0	25	0.0									not_selected				2113
residue_residue	PRO21-PRO26	3982	0	25	0.0									not_selected				2114
residue_residue	PRO21-PRO27	3982	0	25	0.0									not_selected				2115
residue_residue	PRO21-PRO28	3982	0	25	0.0									not_selected				2116
residue_residue	PRO21-PRO29	3982	0	25	0.0									not_selected				2117
residue_residue	PRO21-PRO30	3982	0	25	0.0									not_selected				2118
residue_residue	PRO21-PRO31	3982	0	25	0.0									not_selected				2119
residue_residue	PRO21-PRO32	3982	0	25	0.0									not_selected				2120
residue_residue	PRO21-PRO33	3982	0	25	0.0									not_selected				2121
residue_residue	PRO21-PRO35	3982	0	25	0.0									not_selected				2122
residue_residue	PRO21-PRO38	3982	0	25	0.0									not_selected				2123
residue_residue	PRO21-PRO39	3982	0	25	0.0									not_selected				2124
residue_residue	PRO21-PRO40	3982	0	25	0.0									not_selected				2125
residue_residue	PRO21-PRO55	3982	0	25	0.0									not_selected				2126
residue_residue	PRO21-PRO56	3982	0	25	0.0									not_selected				2127
residue_residue	PRO21-PRO57	3982	0	25	0.0									not_selected				2128
residue_residue	PRO21-PRO58	3982	0	25	0.0									not_selected				2129
residue_residue	PRO21-PRO79	3982	0	25	0.0									not_selected				2130
residue_residue	PRO21-PRO81	3982	0	25	0.0									not_selected				2131
residue_residue	PRO22-PRO114	3982	0	25	0.0									not_selected				2132
residue_residue	PRO22-PRO116	3982	0	25	0.0									not_selected				2133
residue_residue	PRO22-PRO117	3982	0	25	0.0									not_selected				2134
residue_residue	PRO22-PRO119	3982	0	25	0.0									not_selected				2135
residue_residue	PRO22-PRO1436	3982	0	25	0.0									not_selected				2136
residue_residue	PRO22-PRO144	3982	0	25	0.0									not_selected				2137
residue_residue	PRO22-PRO146	3982	0	25	0.0									not_selected				2138
residue_residue	PRO22-PRO147	3982	0	25	0.0									not_selected				2139
residue_residue	PRO22-PRO148	3982	0	25	0.0									not_selected				2140
residue_residue	PRO22-PRO149	3982	0	25	0.0									not_selected				2141
residue_residue	PRO22-PRO150	3982	0	25	0.0									not_selected				2142
residue_residue	PRO22-PRO152	3982	0	25	0.0									not_selected				2143
residue_residue	PRO22-PRO153	3982	0	25	0.0									not_selected				2144
residue_residue	PRO22-PRO154	3982	0	25	0.0									not_selected				2145
residue_residue	PRO22-PRO156	3982	0	25	0.0									not_selected				2146
residue_residue	PRO22-PRO23	3982	0	25	0.0									not_selected				2147
residue_residue	PRO22-PRO24	3982	0	25	0.0									not_selected				2148
residue_residue	PRO22-PRO25	3982	0	25	0.0									not_selected				2149
residue_residue	PRO22-PRO26	3982	0	25	0.0									not_selected				2150
residue_residue	PRO22-PRO27	3982	0	25	0.0									not_selected				2151
residue_residue	PRO22-PRO28	3982	0	25	0.0									not_selected				2152
residue_residue	PRO22-PRO29	3982	0	25	0.0									not_selected				2153
residue_residue	PRO22-PRO30	3982	0	25	0.0									not_selected				2154
residue_residue	PRO22-PRO38	3982	0	25	0.0									not_selected				2155
residue_residue	PRO22-PRO40	3982	0	25	0.0									not_selected				2156
residue_residue	PRO22-PRO55	3982	0	25	0.0									not_selected				2157
residue_residue	PRO22-PRO57	3982	0	25	0.0									not_selected				2158
residue_residue	PRO22-PRO79	3982	0	25	0.0									not_selected				2159
residue_residue	PRO23-PRO114	3982	0	25	0.0									not_selected				2160
residue_residue	PRO23-PRO116	3982	0	25	0.0									not_selected				2161
residue_residue	PRO23-PRO142	3982	0	25	0.0									not_selected				2162
residue_residue	PRO23-PRO1436	3982	0	25	0.0									not_selected				2163
residue_residue	PRO23-PRO144	3982	0	25	0.0									not_selected				2164
residue_residue	PRO23-PRO145	3982	0	25	0.0									not_selected				2165
residue_residue	PRO23-PRO146	3982	0	25	0.0									not_selected				2166
residue_residue	PRO23-PRO147	3982	0	25	0.0									not_selected				2167
residue_residue	PRO23-PRO149	3982	0	25	0.0									not_selected				2168
residue_residue	PRO23-PRO150	3982	0	25	0.0									not_selected				2169
residue_residue	PRO23-PRO151	3982	0	25	0.0									not_selected				2170
residue_residue	PRO23-PRO152	3982	0	25	0.0									not_selected				2171
residue_residue	PRO23-PRO153	3982	0	25	0.0									not_selected				2172
residue_residue	PRO23-PRO154	3982	0	25	0.0									not_selected				2173
residue_residue	PRO23-PRO155	3982	0	25	0.0									not_selected				2174
residue_residue	PRO23-PRO156	3982	0	25	0.0									not_selected				2175
residue_residue	PRO23-PRO159	3982	0	25	0.0									not_selected				2176
residue_residue	PRO23-PRO25	3982	0	25	0.0									not_selected				2177
residue_residue	PRO23-PRO26	3982	0	25	0.0									not_selected				2178
residue_residue	PRO23-PRO27	3982	0	25	0.0									not_selected				2179
residue_residue	PRO23-PRO28	3982	0	25	0.0									not_selected				2180
residue_residue	PRO23-PRO29	3982	0	25	0.0									not_selected				2181
residue_residue	PRO23-PRO39	3982	0	25	0.0									not_selected				2182
residue_residue	PRO23-PRO40	3982	0	25	0.0									not_selected				2183
residue_residue	PRO23-PRO55	3982	0	25	0.0									not_selected				2184
residue_residue	PRO23-PRO56	3982	0	25	0.0									not_selected				2185
residue_residue	PRO23-PRO57	3982	0	25	0.0									not_selected				2186
residue_residue	PRO23-PRO79	3982	0	25	0.0									not_selected				2187
residue_residue	PRO23-PRO81	3982	0	25	0.0									not_selected				2188
residue_residue	PRO24-PRO1435	3982	0	25	0.0									not_selected				2189
residue_residue	PRO24-PRO1436	3982	0	25	0.0									not_selected				2190
residue_residue	PRO24-PRO1437	3982	0	25	0.0									not_selected				2191
residue_residue	PRO24-PRO146	3982	0	25	0.0									not_selected				2192
residue_residue	PRO24-PRO152	3982	0	25	0.0									not_selected				2193
residue_residue	PRO24-PRO153	3982	0	25	0.0									not_selected				2194
residue_residue	PRO24-PRO156	3982	0	25	0.0									not_selected				2195
residue_residue	PRO24-PRO25	3982	0	25	0.0									not_selected				2196
residue_residue	PRO24-PRO26	3982	0	25	0.0									not_selected				2197
residue_residue	PRO24-PRO27	3982	0	25	0.0									not_selected				2198
residue_residue	PRO24-PRO28	3982	0	25	0.0									not_selected				2199
residue_residue	PRO24-PRO29	3982	0	25	0.0									not_selected				2200
residue_residue	PRO24-PRO38	3982	0	25	0.0									not_selected				2201
residue_residue	PRO24-PRO39	3982	0	25	0.0									not_selected				2202
residue_residue	PRO24-PRO40	3982	0	25	0.0									not_selected				2203
residue_residue	PRO24-PRO55	3982	0	25	0.0									not_selected				2204
residue_residue	PRO24-PRO56	3982	0	25	0.0									not_selected				2205
residue_residue	PRO24-PRO57	3982	0	25	0.0									not_selected				2206
residue_residue	PRO24-PRO79	3982	0	25	0.0									not_selected				2207
residue_residue	PRO25-PRO1434	3982	0	25	0.0									not_selected				2208
residue_residue	PRO25-PRO1435	3982	0	25	0.0									not_selected				2209
residue_residue	PRO25-PRO1436	3982	0	25	0.0									not_selected				2210
residue_residue	PRO25-PRO1437	3982	0	25	0.0									not_selected				2211
residue_residue	PRO25-PRO146	3982	0	25	0.0									not_selected				2212
residue_residue	PRO25-PRO149	3982	0	25	0.0									not_selected				2213
residue_residue	PRO25-PRO153	3982	0	25	0.0									not_selected				2214
residue_residue	PRO25-PRO156	3982	0	25	0.0									not_selected				2215
residue_residue	PRO25-PRO27	3982	0	25	0.0									not_selected				2216
residue_residue	PRO25-PRO28	3982	0	25	0.0									not_selected				2217
residue_residue	PRO25-PRO29	3982	0	25	0.0									not_selected				2218
residue_residue	PRO25-PRO30	3982	0	25	0.0									not_selected				2219
residue_residue	PRO25-PRO33	3982	0	25	0.0									not_selected				2220
residue_residue	PRO25-PRO38	3982	0	25	0.0									not_selected				2221
residue_residue	PRO25-PRO39	3982	0	25	0.0									not_selected				2222
residue_residue	PRO25-PRO40	3982	0	25	0.0									not_selected				2223
residue_residue	PRO25-PRO55	3982	0	25	0.0									not_selected				2224
residue_residue	PRO26-PRO1436	3982	0	25	0.0									not_selected				2225
residue_residue	PRO26-PRO145	3982	0	25	0.0									not_selected				2226
residue_residue	PRO26-PRO146	3982	0	25	0.0									not_selected				2227
residue_residue	PRO26-PRO147	3982	0	25	0.0									not_selected				2228
residue_residue	PRO26-PRO148	3982	0	25	0.0									not_selected				2229
residue_residue	PRO26-PRO149	3982	0	25	0.0									not_selected				2230
residue_residue	PRO26-PRO150	3982	0	25	0.0									not_selected				2231
residue_residue	PRO26-PRO151	3982	0	25	0.0									not_selected				2232
residue_residue	PRO26-PRO152	3982	0	25	0.0									not_selected				2233
residue_residue	PRO26-PRO153	3982	0	25	0.0									not_selected				2234
residue_residue	PRO26-PRO154	3982	0	25	0.0									not_selected				2235
residue_residue	PRO26-PRO156	3982	0	25	0.0									not_selected				2236
residue_residue	PRO26-PRO27	3982	0	25	0.0									not_selected				2237
residue_residue	PRO26-PRO28	3982	0	25	0.0									not_selected				2238
residue_residue	PRO26-PRO29	3982	0	25	0.0									not_selected				2239
residue_residue	PRO26-PRO40	3982	0	25	0.0									not_selected				2240
residue_residue	PRO26-PRO55	3982	0	25	0.0									not_selected				2241
residue_residue	PRO27-PRO1433	3982	0	25	0.0									not_selected				2242
residue_residue	PRO27-PRO1434	3982	0	25	0.0									not_selected				2243
residue_residue	PRO27-PRO1435	3982	0	25	0.0									not_selected				2244
residue_residue	PRO27-PRO1436	3982	0	25	0.0									not_selected				2245
residue_residue	PRO27-PRO1437	3982	0	25	0.0									not_selected				2246
residue_residue	PRO27-PRO145	3982	0	25	0.0									not_selected				2247
residue_residue	PRO27-PRO146	3982	0	25	0.0									not_selected				2248
residue_residue	PRO27-PRO147	3982	0	25	0.0									not_selected				2249
residue_residue	PRO27-PRO148	3982	0	25	0.0									not_selected				2250
residue_residue	PRO27-PRO149	3982	0	25	0.0									not_selected				2251
residue_residue	PRO27-PRO150	3982	0	25	0.0									not_selected				2252
residue_residue	PRO27-PRO152	3982	0	25	0.0									not_selected				2253
residue_residue	PRO27-PRO156	3982	0	25	0.0									not_selected				2254
residue_residue	PRO27-PRO28	3982	0	25	0.0									not_selected				2255
residue_residue	PRO27-PRO29	3982	0	25	0.0									not_selected				2256
residue_residue	PRO27-PRO30	3982	0	25	0.0									not_selected				2257
residue_residue	PRO27-PRO31	3982	0	25	0.0									not_selected				2258
residue_residue	PRO27-PRO32	3982	0	25	0.0									not_selected				2259
residue_residue	PRO27-PRO33	3982	0	25	0.0									not_selected				2260
residue_residue	PRO27-PRO40	3982	0	25	0.0									not_selected				2261
residue_residue	PRO28-PRO116	3982	0	25	0.0									not_selected				2262
residue_residue	PRO28-PRO117	3982	0	25	0.0									not_selected				2263
residue_residue	PRO28-PRO118	3982	0	25	0.0									not_selected				2264
residue_residue	PRO28-PRO119	3982	0	25	0.0									not_selected				2265
residue_residue	PRO28-PRO120	3982	0	25	0.0									not_selected				2266
residue_residue	PRO28-PRO1276	3982	0	25	0.0									not_selected				2267
residue_residue	PRO28-PRO1435	3982	0	25	0.0									not_selected				2268
residue_residue	PRO28-PRO1436	3982	0	25	0.0									not_selected				2269
residue_residue	PRO28-PRO144	3982	0	25	0.0									not_selected				2270
residue_residue	PRO28-PRO145	3982	0	25	0.0									not_selected				2271
residue_residue	PRO28-PRO146	3982	0	25	0.0									not_selected				2272
residue_residue	PRO28-PRO147	3982	0	25	0.0									not_selected				2273
residue_residue	PRO28-PRO148	3982	0	25	0.0									not_selected				2274
residue_residue	PRO28-PRO149	3982	0	25	0.0									not_selected				2275
residue_residue	PRO28-PRO150	3982	0	25	0.0									not_selected				2276
residue_residue	PRO28-PRO152	3982	0	25	0.0									not_selected				2277
residue_residue	PRO28-PRO156	3982	0	25	0.0									not_selected				2278
residue_residue	PRO28-PRO29	3982	0	25	0.0									not_selected				2279
residue_residue	PRO28-PRO30	3982	0	25	0.0									not_selected				2280
residue_residue	PRO28-PRO31	3982	0	25	0.0									not_selected				2281
residue_residue	PRO28-PRO32	3982	0	25	0.0									not_selected				2282
residue_residue	PRO28-PRO33	3982	0	25	0.0									not_selected				2283
residue_residue	PRO28-PRO81	3982	0	25	0.0									not_selected				2284
residue_residue	PRO28-PRO83	3982	0	25	0.0									not_selected				2285
residue_residue	PRO28-PRO85	3982	0	25	0.0									not_selected				2286
residue_residue	PRO29-PRO116	3982	0	25	0.0									not_selected				2287
residue_residue	PRO29-PRO117	3982	0	25	0.0									not_selected				2288
residue_residue	PRO29-PRO1272	3982	0	25	0.0									not_selected				2289
residue_residue	PRO29-PRO1273	3982	0	25	0.0									not_selected				2290
residue_residue	PRO29-PRO1276	3982	0	25	0.0									not_selected				2291
residue_residue	PRO29-PRO1430	3982	0	25	0.0									not_selected				2292
residue_residue	PRO29-PRO1432	3982	0	25	0.0									not_selected				2293
residue_residue	PRO29-PRO1433	3982	0	25	0.0									not_selected				2294
residue_residue	PRO29-PRO1434	3982	0	25	0.0									not_selected				2295
residue_residue	PRO29-PRO1435	3982	0	25	0.0									not_selected				2296
residue_residue	PRO29-PRO1436	3982	0	25	0.0									not_selected				2297
residue_residue	PRO29-PRO1437	3982	0	25	0.0									not_selected				2298
residue_residue	PRO29-PRO145	3982	0	25	0.0									not_selected				2299
residue_residue	PRO29-PRO146	3982	0	25	0.0									not_selected				2300
residue_residue	PRO29-PRO147	3982	0	25	0.0									not_selected				2301
residue_residue	PRO29-PRO148	3982	0	25	0.0									not_selected				2302
residue_residue	PRO29-PRO149	3982	0	25	0.0									not_selected				2303
residue_residue	PRO29-PRO152	3982	0	25	0.0									not_selected				2304
residue_residue	PRO29-PRO30	3982	0	25	0.0									not_selected				2305
residue_residue	PRO29-PRO31	3982	0	25	0.0									not_selected				2306
residue_residue	PRO29-PRO32	3982	0	25	0.0									not_selected				2307
residue_residue	PRO29-PRO33	3982	0	25	0.0									not_selected				2308
residue_residue	PRO29-PRO34	3982	0	25	0.0									not_selected				2309
residue_residue	PRO29-PRO35	3982	0	25	0.0									not_selected				2310
residue_residue	PRO29-PRO38	3982	0	25	0.0									not_selected				2311
residue_residue	PRO29-PRO40	3982	0	25	0.0									not_selected				2312
residue_residue	PRO29-PRO57	3982	0	25	0.0									not_selected				2313
residue_residue	PRO30-PRO116	3982	0	25	0.0									not_selected				2314
residue_residue	PRO30-PRO117	3982	0	25	0.0									not_selected				2315
residue_residue	PRO30-PRO119	3982	0	25	0.0									not_selected				2316
residue_residue	PRO30-PRO120	3982	0	25	0.0									not_selected				2317
residue_residue	PRO30-PRO1270	3982	0	25	0.0									not_selected				2318
residue_residue	PRO30-PRO1272	3982	0	25	0.0									not_selected				2319
residue_residue	PRO30-PRO1273	3982	0	25	0.0									not_selected				2320
residue_residue	PRO30-PRO1276	3982	0	25	0.0									not_selected				2321
residue_residue	PRO30-PRO1430	3982	0	25	0.0									not_selected				2322
residue_residue	PRO30-PRO1432	3982	0	25	0.0									not_selected				2323
residue_residue	PRO30-PRO1435	3982	0	25	0.0									not_selected				2324
residue_residue	PRO30-PRO1436	3982	0	25	0.0									not_selected				2325
residue_residue	PRO30-PRO146	3982	0	25	0.0									not_selected				2326
residue_residue	PRO30-PRO147	3982	0	25	0.0									not_selected				2327
residue_residue	PRO30-PRO31	3982	0	25	0.0									not_selected				2328
residue_residue	PRO30-PRO32	3982	0	25	0.0									not_selected				2329
residue_residue	PRO30-PRO33	3982	0	25	0.0									not_selected				2330
residue_residue	PRO30-PRO34	3982	0	25	0.0									not_selected				2331
residue_residue	PRO31-PRO117	3982	0	25	0.0									not_selected				2332
residue_residue	PRO31-PRO1270	3982	0	25	0.0									not_selected				2333
residue_residue	PRO31-PRO1272	3982	0	25	0.0									not_selected				2334
residue_residue	PRO31-PRO1273	3982	0	25	0.0									not_selected				2335
residue_residue	PRO31-PRO1276	3982	0	25	0.0									not_selected				2336
residue_residue	PRO31-PRO1379	3982	0	25	0.0									not_selected				2337
residue_residue	PRO31-PRO1427	3982	0	25	0.0									not_selected				2338
residue_residue	PRO31-PRO1430	3982	0	25	0.0									not_selected				2339
residue_residue	PRO31-PRO1431	3982	0	25	0.0									not_selected				2340
residue_residue	PRO31-PRO1432	3982	0	25	0.0									not_selected				2341
residue_residue	PRO31-PRO1433	3982	0	25	0.0									not_selected				2342
residue_residue	PRO31-PRO1434	3982	0	25	0.0									not_selected				2343
residue_residue	PRO31-PRO1435	3982	0	25	0.0									not_selected				2344
residue_residue	PRO31-PRO1436	3982	0	25	0.0									not_selected				2345
residue_residue	PRO31-PRO147	3982	0	25	0.0									not_selected				2346
residue_residue	PRO31-PRO32	3982	0	25	0.0									not_selected				2347
residue_residue	PRO31-PRO33	3982	0	25	0.0									not_selected				2348
residue_residue	PRO31-PRO34	3982	0	25	0.0									not_selected				2349
residue_residue	PRO31-PRO35	3982	0	25	0.0									not_selected				2350
residue_residue	PRO32-PRO117	3982	0	25	0.0									not_selected				2351
residue_residue	PRO32-PRO1270	3982	0	25	0.0									not_selected				2352
residue_residue	PRO32-PRO1271	3982	0	25	0.0									not_selected				2353
residue_residue	PRO32-PRO1272	3982	0	25	0.0									not_selected				2354
residue_residue	PRO32-PRO1273	3982	0	25	0.0									not_selected				2355
residue_residue	PRO32-PRO1274	3982	0	25	0.0									not_selected				2356
residue_residue	PRO32-PRO1275	3982	0	25	0.0									not_selected				2357
residue_residue	PRO32-PRO1276	3982	0	25	0.0									not_selected				2358
residue_residue	PRO32-PRO1277	3982	0	25	0.0									not_selected				2359
residue_residue	PRO32-PRO1282	3982	0	25	0.0									not_selected				2360
residue_residue	PRO32-PRO1285	3982	0	25	0.0									not_selected				2361
residue_residue	PRO32-PRO1289	3982	0	25	0.0									not_selected				2362
residue_residue	PRO32-PRO1368	3982	0	25	0.0									not_selected				2363
residue_residue	PRO32-PRO1379	3982	0	25	0.0									not_selected				2364
residue_residue	PRO32-PRO1382	3982	0	25	0.0									not_selected				2365
residue_residue	PRO32-PRO1384	3982	0	25	0.0									not_selected				2366
residue_residue	PRO32-PRO1385	3982	0	25	0.0									not_selected				2367
residue_residue	PRO32-PRO1386	3982	0	25	0.0									not_selected				2368
residue_residue	PRO32-PRO1388	3982	0	25	0.0									not_selected				2369
residue_residue	PRO32-PRO1389	3982	0	25	0.0									not_selected				2370
residue_residue	PRO32-PRO1390	3982	0	25	0.0									not_selected				2371
residue_residue	PRO32-PRO1391	3982	0	25	0.0									not_selected				2372
residue_residue	PRO32-PRO1392	3982	0	25	0.0									not_selected				2373
residue_residue	PRO32-PRO1394	3982	0	25	0.0									not_selected				2374
residue_residue	PRO32-PRO1423	3982	0	25	0.0									not_selected				2375
residue_residue	PRO32-PRO1426	3982	0	25	0.0									not_selected				2376
residue_residue	PRO32-PRO1427	3982	0	25	0.0									not_selected				2377
residue_residue	PRO32-PRO1429	3982	0	25	0.0									not_selected				2378
residue_residue	PRO32-PRO1430	3982	0	25	0.0									not_selected				2379
residue_residue	PRO32-PRO1431	3982	0	25	0.0									not_selected				2380
residue_residue	PRO32-PRO1432	3982	0	25	0.0									not_selected				2381
residue_residue	PRO32-PRO1433	3982	0	25	0.0									not_selected				2382
residue_residue	PRO32-PRO1434	3982	0	25	0.0									not_selected				2383
residue_residue	PRO32-PRO1435	3982	0	25	0.0									not_selected				2384
residue_residue	PRO32-PRO1436	3982	0	25	0.0									not_selected				2385
residue_residue	PRO32-PRO33	3982	0	25	0.0									not_selected				2386
residue_residue	PRO32-PRO34	3982	0	25	0.0									not_selected				2387
residue_residue	PRO32-PRO35	3982	0	25	0.0									not_selected				2388
residue_residue	PRO32-PRO36	3982	0	25	0.0									not_selected				2389
residue_residue	PRO32-PRO38	3982	0	25	0.0									not_selected				2390
residue_residue	PRO32-PRO59	3982	0	25	0.0									not_selected				2391
residue_residue	PRO32-PRO61	3982	0	25	0.0									not_selected				2392
residue_residue	PRO32-PRO64	3982	0	25	0.0									not_selected				2393
residue_residue	PRO33-PRO1272	3982	0	25	0.0									not_selected				2394
residue_residue	PRO33-PRO1273	3982	0	25	0.0									not_selected				2395
residue_residue	PRO33-PRO1276	3982	0	25	0.0									not_selected				2396
residue_residue	PRO33-PRO1386	3982	0	25	0.0									not_selected				2397
residue_residue	PRO33-PRO1390	3982	0	25	0.0									not_selected				2398
residue_residue	PRO33-PRO1394	3982	0	25	0.0									not_selected				2399
residue_residue	PRO33-PRO1422	3982	0	25	0.0									not_selected				2400
residue_residue	PRO33-PRO1423	3982	0	25	0.0									not_selected				2401
residue_residue	PRO33-PRO1424	3982	0	25	0.0									not_selected				2402
residue_residue	PRO33-PRO1426	3982	0	25	0.0									not_selected				2403
residue_residue	PRO33-PRO1427	3982	0	25	0.0									not_selected				2404
residue_residue	PRO33-PRO1429	3982	0	25	0.0									not_selected				2405
residue_residue	PRO33-PRO1430	3982	0	25	0.0									not_selected				2406
residue_residue	PRO33-PRO1431	3982	0	25	0.0									not_selected				2407
residue_residue	PRO33-PRO1432	3982	0	25	0.0									not_selected				2408
residue_residue	PRO33-PRO1433	3982	0	25	0.0									not_selected				2409
residue_residue	PRO33-PRO1434	3982	0	25	0.0									not_selected				2410
residue_residue	PRO33-PRO1435	3982	0	25	0.0									not_selected				2411
residue_residue	PRO33-PRO1436	3982	0	25	0.0									not_selected				2412
residue_residue	PRO33-PRO1437	3982	0	25	0.0									not_selected				2413
residue_residue	PRO33-PRO34	3982	0	25	0.0									not_selected				2414
residue_residue	PRO33-PRO35	3982	0	25	0.0									not_selected				2415
residue_residue	PRO33-PRO36	3982	0	25	0.0									not_selected				2416
residue_residue	PRO33-PRO37	3982	0	25	0.0									not_selected				2417
residue_residue	PRO33-PRO38	3982	0	25	0.0									not_selected				2418
residue_residue	PRO33-PRO39	3982	0	25	0.0									not_selected				2419
residue_residue	PRO33-PRO40	3982	0	25	0.0									not_selected				2420
residue_residue	PRO33-PRO57	3982	0	25	0.0									not_selected				2421
residue_residue	PRO33-PRO58	3982	0	25	0.0									not_selected				2422
residue_residue	PRO33-PRO59	3982	0	25	0.0									not_selected				2423
residue_residue	PRO33-PRO60	3982	0	25	0.0									not_selected				2424
residue_residue	PRO33-PRO61	3982	0	25	0.0									not_selected				2425
residue_residue	PRO34-PRO1271	3982	0	25	0.0									not_selected				2426
residue_residue	PRO34-PRO1272	3982	0	25	0.0									not_selected				2427
residue_residue	PRO34-PRO1273	3982	0	25	0.0									not_selected				2428
residue_residue	PRO34-PRO1274	3982	0	25	0.0									not_selected				2429
residue_residue	PRO34-PRO1275	3982	0	25	0.0									not_selected				2430
residue_residue	PRO34-PRO1276	3982	0	25	0.0									not_selected				2431
residue_residue	PRO34-PRO1277	3982	0	25	0.0									not_selected				2432
residue_residue	PRO34-PRO1382	3982	0	25	0.0									not_selected				2433
residue_residue	PRO34-PRO1383	3982	0	25	0.0									not_selected				2434
residue_residue	PRO34-PRO1384	3982	0	25	0.0									not_selected				2435
residue_residue	PRO34-PRO1385	3982	0	25	0.0									not_selected				2436
residue_residue	PRO34-PRO1386	3982	0	25	0.0									not_selected				2437
residue_residue	PRO34-PRO1387	3982	0	25	0.0									not_selected				2438
residue_residue	PRO34-PRO1388	3982	0	25	0.0									not_selected				2439
residue_residue	PRO34-PRO1389	3982	0	25	0.0									not_selected				2440
residue_residue	PRO34-PRO1390	3982	0	25	0.0									not_selected				2441
residue_residue	PRO34-PRO1391	3982	0	25	0.0									not_selected				2442
residue_residue	PRO34-PRO1392	3982	0	25	0.0									not_selected				2443
residue_residue	PRO34-PRO1394	3982	0	25	0.0									not_selected				2444
residue_residue	PRO34-PRO1395	3982	0	25	0.0									not_selected				2445
residue_residue	PRO34-PRO1398	3982	0	25	0.0									not_selected				2446
residue_residue	PRO34-PRO1419	3982	0	25	0.0									not_selected				2447
residue_residue	PRO34-PRO1420	3982	0	25	0.0									not_selected				2448
residue_residue	PRO34-PRO1422	3982	0	25	0.0									not_selected				2449
residue_residue	PRO34-PRO1423	3982	0	25	0.0									not_selected				2450
residue_residue	PRO34-PRO1424	3982	0	25	0.0									not_selected				2451
residue_residue	PRO34-PRO1425	3982	0	25	0.0									not_selected				2452
residue_residue	PRO34-PRO1426	3982	0	25	0.0									not_selected				2453
residue_residue	PRO34-PRO1427	3982	0	25	0.0									not_selected				2454
residue_residue	PRO34-PRO1429	3982	0	25	0.0									not_selected				2455
residue_residue	PRO34-PRO1430	3982	0	25	0.0									not_selected				2456
residue_residue	PRO34-PRO1431	3982	0	25	0.0									not_selected				2457
residue_residue	PRO34-PRO1432	3982	0	25	0.0									not_selected				2458
residue_residue	PRO34-PRO1433	3982	0	25	0.0									not_selected				2459
residue_residue	PRO34-PRO1434	3982	0	25	0.0									not_selected				2460
residue_residue	PRO34-PRO1436	3982	0	25	0.0									not_selected				2461
residue_residue	PRO34-PRO1437	3982	0	25	0.0									not_selected				2462
residue_residue	PRO34-PRO35	3982	0	25	0.0									not_selected				2463
residue_residue	PRO34-PRO36	3982	0	25	0.0									not_selected				2464
residue_residue	PRO34-PRO37	3982	0	25	0.0									not_selected				2465
residue_residue	PRO34-PRO40	3982	0	25	0.0									not_selected				2466
residue_residue	PRO34-PRO57	3982	0	25	0.0									not_selected				2467
residue_residue	PRO34-PRO58	3982	0	25	0.0									not_selected				2468
residue_residue	PRO34-PRO59	3982	0	25	0.0									not_selected				2469
residue_residue	PRO34-PRO60	3982	0	25	0.0									not_selected				2470
residue_residue	PRO34-PRO61	3982	0	25	0.0									not_selected				2471
residue_residue	PRO34-PRO63	3982	0	25	0.0									not_selected				2472
residue_residue	PRO34-PRO64	3982	0	25	0.0									not_selected				2473
residue_residue	PRO35-PRO1276	3982	0	25	0.0									not_selected				2474
residue_residue	PRO35-PRO1386	3982	0	25	0.0									not_selected				2475
residue_residue	PRO35-PRO1389	3982	0	25	0.0									not_selected				2476
residue_residue	PRO35-PRO1390	3982	0	25	0.0									not_selected				2477
residue_residue	PRO35-PRO1391	3982	0	25	0.0									not_selected				2478
residue_residue	PRO35-PRO1394	3982	0	25	0.0									not_selected				2479
residue_residue	PRO35-PRO1395	3982	0	25	0.0									not_selected				2480
residue_residue	PRO35-PRO1398	3982	0	25	0.0									not_selected				2481
residue_residue	PRO35-PRO1416	3982	0	25	0.0									not_selected				2482
residue_residue	PRO35-PRO1419	3982	0	25	0.0									not_selected				2483
residue_residue	PRO35-PRO1420	3982	0	25	0.0									not_selected				2484
residue_residue	PRO35-PRO1422	3982	0	25	0.0									not_selected				2485
residue_residue	PRO35-PRO1423	3982	0	25	0.0									not_selected				2486
residue_residue	PRO35-PRO1424	3982	0	25	0.0									not_selected				2487
residue_residue	PRO35-PRO1426	3982	0	25	0.0									not_selected				2488
residue_residue	PRO35-PRO1427	3982	0	25	0.0									not_selected				2489
residue_residue	PRO35-PRO1430	3982	0	25	0.0									not_selected				2490
residue_residue	PRO35-PRO1432	3982	0	25	0.0									not_selected				2491
residue_residue	PRO35-PRO1434	3982	0	25	0.0									not_selected				2492
residue_residue	PRO35-PRO1436	3982	0	25	0.0									not_selected				2493
residue_residue	PRO35-PRO1437	3982	0	25	0.0									not_selected				2494
residue_residue	PRO35-PRO37	3982	0	25	0.0									not_selected				2495
residue_residue	PRO35-PRO38	3982	0	25	0.0									not_selected				2496
residue_residue	PRO35-PRO39	3982	0	25	0.0									not_selected				2497
residue_residue	PRO35-PRO40	3982	0	25	0.0									not_selected				2498
residue_residue	PRO35-PRO55	3982	0	25	0.0									not_selected				2499
residue_residue	PRO35-PRO56	3982	0	25	0.0									not_selected				2500
residue_residue	PRO35-PRO57	3982	0	25	0.0									not_selected				2501
residue_residue	PRO35-PRO58	3982	0	25	0.0									not_selected				2502
residue_residue	PRO35-PRO59	3982	0	25	0.0									not_selected				2503
residue_residue	PRO35-PRO60	3982	0	25	0.0									not_selected				2504
residue_residue	PRO35-PRO61	3982	0	25	0.0									not_selected				2505
residue_residue	PRO35-PRO62	3982	0	25	0.0									not_selected				2506
residue_residue	PRO35-PRO63	3982	0	25	0.0									not_selected				2507
residue_residue	PRO35-PRO64	3982	0	25	0.0									not_selected				2508
residue_residue	PRO35-PRO67	3982	0	25	0.0									not_selected				2509
residue_residue	PRO35-PRO68	3982	0	25	0.0									not_selected				2510
residue_residue	PRO35-PRO71	3982	0	25	0.0									not_selected				2511
residue_residue	PRO36-PRO1276	3982	0	25	0.0									not_selected				2512
residue_residue	PRO36-PRO1385	3982	0	25	0.0									not_selected				2513
residue_residue	PRO36-PRO1386	3982	0	25	0.0									not_selected				2514
residue_residue	PRO36-PRO1387	3982	0	25	0.0									not_selected				2515
residue_residue	PRO36-PRO1388	3982	0	25	0.0									not_selected				2516
residue_residue	PRO36-PRO1389	3982	0	25	0.0									not_selected				2517
residue_residue	PRO36-PRO1390	3982	0	25	0.0									not_selected				2518
residue_residue	PRO36-PRO1391	3982	0	25	0.0									not_selected				2519
residue_residue	PRO36-PRO1392	3982	0	25	0.0									not_selected				2520
residue_residue	PRO36-PRO1393	3982	0	25	0.0									not_selected				2521
residue_residue	PRO36-PRO1394	3982	0	25	0.0									not_selected				2522
residue_residue	PRO36-PRO1395	3982	0	25	0.0									not_selected				2523
residue_residue	PRO36-PRO1398	3982	0	25	0.0									not_selected				2524
residue_residue	PRO36-PRO1399	3982	0	25	0.0									not_selected				2525
residue_residue	PRO36-PRO1416	3982	0	25	0.0									not_selected				2526
residue_residue	PRO36-PRO1419	3982	0	25	0.0									not_selected				2527
residue_residue	PRO36-PRO1420	3982	0	25	0.0									not_selected				2528
residue_residue	PRO36-PRO1422	3982	0	25	0.0									not_selected				2529
residue_residue	PRO36-PRO1423	3982	0	25	0.0									not_selected				2530
residue_residue	PRO36-PRO1424	3982	0	25	0.0									not_selected				2531
residue_residue	PRO36-PRO1425	3982	0	25	0.0									not_selected				2532
residue_residue	PRO36-PRO1426	3982	0	25	0.0									not_selected				2533
residue_residue	PRO36-PRO1427	3982	0	25	0.0									not_selected				2534
residue_residue	PRO36-PRO1429	3982	0	25	0.0									not_selected				2535
residue_residue	PRO36-PRO1430	3982	0	25	0.0									not_selected				2536
residue_residue	PRO36-PRO1432	3982	0	25	0.0									not_selected				2537
residue_residue	PRO36-PRO1434	3982	0	25	0.0									not_selected				2538
residue_residue	PRO36-PRO1436	3982	0	25	0.0									not_selected				2539
residue_residue	PRO36-PRO1437	3982	0	25	0.0									not_selected				2540
residue_residue	PRO36-PRO37	3982	0	25	0.0									not_selected				2541
residue_residue	PRO36-PRO38	3982	0	25	0.0									not_selected				2542
residue_residue	PRO36-PRO40	3982	0	25	0.0									not_selected				2543
residue_residue	PRO36-PRO56	3982	0	25	0.0									not_selected				2544
residue_residue	PRO36-PRO57	3982	0	25	0.0									not_selected				2545
residue_residue	PRO36-PRO58	3982	0	25	0.0									not_selected				2546
residue_residue	PRO36-PRO59	3982	0	25	0.0									not_selected				2547
residue_residue	PRO36-PRO60	3982	0	25	0.0									not_selected				2548
residue_residue	PRO36-PRO61	3982	0	25	0.0									not_selected				2549
residue_residue	PRO36-PRO63	3982	0	25	0.0									not_selected				2550
residue_residue	PRO36-PRO64	3982	0	25	0.0									not_selected				2551
residue_residue	PRO36-PRO67	3982	0	25	0.0									not_selected				2552
residue_residue	PRO36-PRO68	3982	0	25	0.0									not_selected				2553
residue_residue	PRO36-PRO70	3982	0	25	0.0									not_selected				2554
residue_residue	PRO36-PRO71	3982	0	25	0.0									not_selected				2555
residue_residue	PRO37-PRO1394	3982	0	25	0.0									not_selected				2556
residue_residue	PRO37-PRO1395	3982	0	25	0.0									not_selected				2557
residue_residue	PRO37-PRO1398	3982	0	25	0.0									not_selected				2558
residue_residue	PRO37-PRO1399	3982	0	25	0.0									not_selected				2559
residue_residue	PRO37-PRO1409	3982	0	25	0.0									not_selected				2560
residue_residue	PRO37-PRO1416	3982	0	25	0.0									not_selected				2561
residue_residue	PRO37-PRO1419	3982	0	25	0.0									not_selected				2562
residue_residue	PRO37-PRO1422	3982	0	25	0.0									not_selected				2563
residue_residue	PRO37-PRO1423	3982	0	25	0.0									not_selected				2564
residue_residue	PRO37-PRO1424	3982	0	25	0.0									not_selected				2565
residue_residue	PRO37-PRO1426	3982	0	25	0.0									not_selected				2566
residue_residue	PRO37-PRO1427	3982	0	25	0.0									not_selected				2567
residue_residue	PRO37-PRO1434	3982	0	25	0.0									not_selected				2568
residue_residue	PRO37-PRO1436	3982	0	25	0.0									not_selected				2569
residue_residue	PRO37-PRO1437	3982	0	25	0.0									not_selected				2570
residue_residue	PRO37-PRO38	3982	0	25	0.0									not_selected				2571
residue_residue	PRO37-PRO40	3982	0	25	0.0									not_selected				2572
residue_residue	PRO37-PRO55	3982	0	25	0.0									not_selected				2573
residue_residue	PRO37-PRO56	3982	0	25	0.0									not_selected				2574
residue_residue	PRO37-PRO57	3982	0	25	0.0									not_selected				2575
residue_residue	PRO37-PRO58	3982	0	25	0.0									not_selected				2576
residue_residue	PRO37-PRO59	3982	0	25	0.0									not_selected				2577
residue_residue	PRO37-PRO60	3982	0	25	0.0									not_selected				2578
residue_residue	PRO37-PRO61	3982	0	25	0.0									not_selected				2579
residue_residue	PRO37-PRO64	3982	0	25	0.0									not_selected				2580
residue_residue	PRO37-PRO67	3982	0	25	0.0									not_selected				2581
residue_residue	PRO37-PRO68	3982	0	25	0.0									not_selected				2582
residue_residue	PRO37-PRO70	3982	0	25	0.0									not_selected				2583
residue_residue	PRO37-PRO71	3982	0	25	0.0									not_selected				2584
residue_residue	PRO37-PRO72	3982	0	25	0.0									not_selected				2585
residue_residue	PRO37-PRO74	3982	0	25	0.0									not_selected				2586
residue_residue	PRO38-PRO1276	3982	0	25	0.0									not_selected				2587
residue_residue	PRO38-PRO1398	3982	0	25	0.0									not_selected				2588
residue_residue	PRO38-PRO1416	3982	0	25	0.0									not_selected				2589
residue_residue	PRO38-PRO1419	3982	0	25	0.0									not_selected				2590
residue_residue	PRO38-PRO1420	3982	0	25	0.0									not_selected				2591
residue_residue	PRO38-PRO1422	3982	0	25	0.0									not_selected				2592
residue_residue	PRO38-PRO1423	3982	0	25	0.0									not_selected				2593
residue_residue	PRO38-PRO1424	3982	0	25	0.0									not_selected				2594
residue_residue	PRO38-PRO1426	3982	0	25	0.0									not_selected				2595
residue_residue	PRO38-PRO1427	3982	0	25	0.0									not_selected				2596
residue_residue	PRO38-PRO1434	3982	0	25	0.0									not_selected				2597
residue_residue	PRO38-PRO1435	3982	0	25	0.0									not_selected				2598
residue_residue	PRO38-PRO1436	3982	0	25	0.0									not_selected				2599
residue_residue	PRO38-PRO1437	3982	0	25	0.0									not_selected				2600
residue_residue	PRO38-PRO156	3982	0	25	0.0									not_selected				2601
residue_residue	PRO38-PRO39	3982	0	25	0.0									not_selected				2602
residue_residue	PRO38-PRO40	3982	0	25	0.0									not_selected				2603
residue_residue	PRO38-PRO55	3982	0	25	0.0									not_selected				2604
residue_residue	PRO38-PRO56	3982	0	25	0.0									not_selected				2605
residue_residue	PRO38-PRO57	3982	0	25	0.0									not_selected				2606
residue_residue	PRO38-PRO58	3982	0	25	0.0									not_selected				2607
residue_residue	PRO38-PRO59	3982	0	25	0.0									not_selected				2608
residue_residue	PRO38-PRO60	3982	0	25	0.0									not_selected				2609
residue_residue	PRO38-PRO64	3982	0	25	0.0									not_selected				2610
residue_residue	PRO38-PRO71	3982	0	25	0.0									not_selected				2611
residue_residue	PRO38-PRO74	3982	0	25	0.0									not_selected				2612
residue_residue	PRO39-PRO1416	3982	0	25	0.0									not_selected				2613
residue_residue	PRO39-PRO1419	3982	0	25	0.0									not_selected				2614
residue_residue	PRO39-PRO1420	3982	0	25	0.0									not_selected				2615
residue_residue	PRO39-PRO1423	3982	0	25	0.0									not_selected				2616
residue_residue	PRO39-PRO1436	3982	0	25	0.0									not_selected				2617
residue_residue	PRO39-PRO1437	3982	0	25	0.0									not_selected				2618
residue_residue	PRO39-PRO40	3982	0	25	0.0									not_selected				2619
residue_residue	PRO39-PRO55	3982	0	25	0.0									not_selected				2620
residue_residue	PRO39-PRO56	3982	0	25	0.0									not_selected				2621
residue_residue	PRO39-PRO57	3982	0	25	0.0									not_selected				2622
residue_residue	PRO39-PRO58	3982	0	25	0.0									not_selected				2623
residue_residue	PRO39-PRO59	3982	0	25	0.0									not_selected				2624
residue_residue	PRO39-PRO71	3982	0	25	0.0									not_selected				2625
residue_residue	PRO39-PRO74	3982	0	25	0.0									not_selected				2626
residue_residue	PRO39-PRO75	3982	0	25	0.0									not_selected				2627
residue_residue	PRO40-PRO1416	3982	0	25	0.0									not_selected				2628
residue_residue	PRO40-PRO1423	3982	0	25	0.0									not_selected				2629
residue_residue	PRO40-PRO1434	3982	0	25	0.0									not_selected				2630
residue_residue	PRO40-PRO1435	3982	0	25	0.0									not_selected				2631
residue_residue	PRO40-PRO1436	3982	0	25	0.0									not_selected				2632
residue_residue	PRO40-PRO1437	3982	0	25	0.0									not_selected				2633
residue_residue	PRO40-PRO55	3982	0	25	0.0									not_selected				2634
residue_residue	PRO40-PRO56	3982	0	25	0.0									not_selected				2635
residue_residue	PRO40-PRO57	3982	0	25	0.0									not_selected				2636
residue_residue	PRO40-PRO58	3982	0	25	0.0									not_selected				2637
residue_residue	PRO40-PRO59	3982	0	25	0.0									not_selected				2638
residue_residue	PRO40-PRO71	3982	0	25	0.0									not_selected				2639
residue_residue	PRO40-PRO74	3982	0	25	0.0									not_selected				2640
residue_residue	PRO40-PRO79	3982	0	25	0.0									not_selected				2641
residue_residue	PRO55-PRO112	3982	0	25	0.0									not_selected				2642
residue_residue	PRO55-PRO114	3982	0	25	0.0									not_selected				2643
residue_residue	PRO55-PRO1416	3982	0	25	0.0									not_selected				2644
residue_residue	PRO55-PRO1423	3982	0	25	0.0									not_selected				2645
residue_residue	PRO55-PRO1436	3982	0	25	0.0									not_selected				2646
residue_residue	PRO55-PRO1437	3982	0	25	0.0									not_selected				2647
residue_residue	PRO55-PRO152	3982	0	25	0.0									not_selected				2648
residue_residue	PRO55-PRO153	3982	0	25	0.0									not_selected				2649
residue_residue	PRO55-PRO155	3982	0	25	0.0									not_selected				2650
residue_residue	PRO55-PRO156	3982	0	25	0.0									not_selected				2651
residue_residue	PRO55-PRO159	3982	0	25	0.0									not_selected				2652
residue_residue	PRO55-PRO56	3982	0	25	0.0									not_selected				2653
residue_residue	PRO55-PRO57	3982	0	25	0.0									not_selected				2654
residue_residue	PRO55-PRO58	3982	0	25	0.0									not_selected				2655
residue_residue	PRO55-PRO71	3982	0	25	0.0									not_selected				2656
residue_residue	PRO55-PRO74	3982	0	25	0.0									not_selected				2657
residue_residue	PRO55-PRO75	3982	0	25	0.0									not_selected				2658
residue_residue	PRO55-PRO76	3982	0	25	0.0									not_selected				2659
residue_residue	PRO55-PRO77	3982	0	25	0.0									not_selected				2660
residue_residue	PRO55-PRO78	3982	0	25	0.0									not_selected				2661
residue_residue	PRO55-PRO79	3982	0	25	0.0									not_selected				2662
residue_residue	PRO55-PRO80	3982	0	25	0.0									not_selected				2663
residue_residue	PRO55-PRO81	3982	0	25	0.0									not_selected				2664
residue_residue	PRO56-PRO104	3982	0	25	0.0									not_selected				2665
residue_residue	PRO56-PRO1398	3982	0	25	0.0									not_selected				2666
residue_residue	PRO56-PRO1416	3982	0	25	0.0									not_selected				2667
residue_residue	PRO56-PRO1419	3982	0	25	0.0									not_selected				2668
residue_residue	PRO56-PRO1423	3982	0	25	0.0									not_selected				2669
residue_residue	PRO56-PRO1436	3982	0	25	0.0									not_selected				2670
residue_residue	PRO56-PRO1437	3982	0	25	0.0									not_selected				2671
residue_residue	PRO56-PRO57	3982	0	25	0.0									not_selected				2672
residue_residue	PRO56-PRO58	3982	0	25	0.0									not_selected				2673
residue_residue	PRO56-PRO59	3982	0	25	0.0									not_selected				2674
residue_residue	PRO56-PRO60	3982	0	25	0.0									not_selected				2675
residue_residue	PRO56-PRO64	3982	0	25	0.0									not_selected				2676
residue_residue	PRO56-PRO67	3982	0	25	0.0									not_selected				2677
residue_residue	PRO56-PRO68	3982	0	25	0.0									not_selected				2678
residue_residue	PRO56-PRO69	3982	0	25	0.0									not_selected				2679
residue_residue	PRO56-PRO70	3982	0	25	0.0									not_selected				2680
residue_residue	PRO56-PRO71	3982	0	25	0.0									not_selected				2681
residue_residue	PRO56-PRO72	3982	0	25	0.0									not_selected				2682
residue_residue	PRO56-PRO73	3982	0	25	0.0									not_selected				2683
residue_residue	PRO56-PRO74	3982	0	25	0.0									not_selected				2684
residue_residue	PRO56-PRO75	3982	0	25	0.0									not_selected				2685
residue_residue	PRO56-PRO76	3982	0	25	0.0									not_selected				2686
residue_residue	PRO56-PRO77	3982	0	25	0.0									not_selected				2687
residue_residue	PRO56-PRO79	3982	0	25	0.0									not_selected				2688
residue_residue	PRO56-PRO80	3982	0	25	0.0									not_selected				2689
residue_residue	PRO56-PRO81	3982	0	25	0.0									not_selected				2690
residue_residue	PRO56-PRO96	3982	0	25	0.0									not_selected				2691
residue_residue	PRO57-PRO1276	3982	0	25	0.0									not_selected				2692
residue_residue	PRO57-PRO1398	3982	0	25	0.0									not_selected				2693
residue_residue	PRO57-PRO1416	3982	0	25	0.0									not_selected				2694
residue_residue	PRO57-PRO1419	3982	0	25	0.0									not_selected				2695
residue_residue	PRO57-PRO1423	3982	0	25	0.0									not_selected				2696
residue_residue	PRO57-PRO1436	3982	0	25	0.0									not_selected				2697
residue_residue	PRO57-PRO1437	3982	0	25	0.0									not_selected				2698
residue_residue	PRO57-PRO156	3982	0	25	0.0									not_selected				2699
residue_residue	PRO57-PRO58	3982	0	25	0.0									not_selected				2700
residue_residue	PRO57-PRO59	3982	0	25	0.0									not_selected				2701
residue_residue	PRO57-PRO60	3982	0	25	0.0									not_selected				2702
residue_residue	PRO57-PRO61	3982	0	25	0.0									not_selected				2703
residue_residue	PRO57-PRO64	3982	0	25	0.0									not_selected				2704
residue_residue	PRO57-PRO67	3982	0	25	0.0									not_selected				2705
residue_residue	PRO57-PRO68	3982	0	25	0.0									not_selected				2706
residue_residue	PRO57-PRO71	3982	0	25	0.0									not_selected				2707
residue_residue	PRO57-PRO74	3982	0	25	0.0									not_selected				2708
residue_residue	PRO57-PRO75	3982	0	25	0.0									not_selected				2709
residue_residue	PRO57-PRO77	3982	0	25	0.0									not_selected				2710
residue_residue	PRO57-PRO78	3982	0	25	0.0									not_selected				2711
residue_residue	PRO57-PRO79	3982	0	25	0.0									not_selected				2712
residue_residue	PRO57-PRO80	3982	0	25	0.0									not_selected				2713
residue_residue	PRO57-PRO81	3982	0	25	0.0									not_selected				2714
residue_residue	PRO57-PRO96	3982	0	25	0.0									not_selected				2715
residue_residue	PRO58-PRO1276	3982	0	25	0.0									not_selected				2716
residue_residue	PRO58-PRO1390	3982	0	25	0.0									not_selected				2717
residue_residue	PRO58-PRO1394	3982	0	25	0.0									not_selected				2718
residue_residue	PRO58-PRO1395	3982	0	25	0.0									not_selected				2719
residue_residue	PRO58-PRO1398	3982	0	25	0.0									not_selected				2720
residue_residue	PRO58-PRO1399	3982	0	25	0.0									not_selected				2721
residue_residue	PRO58-PRO1416	3982	0	25	0.0									not_selected				2722
residue_residue	PRO58-PRO1419	3982	0	25	0.0									not_selected				2723
residue_residue	PRO58-PRO1422	3982	0	25	0.0									not_selected				2724
residue_residue	PRO58-PRO1423	3982	0	25	0.0									not_selected				2725
residue_residue	PRO58-PRO1436	3982	0	25	0.0									not_selected				2726
residue_residue	PRO58-PRO156	3982	0	25	0.0									not_selected				2727
residue_residue	PRO58-PRO60	3982	0	25	0.0									not_selected				2728
residue_residue	PRO58-PRO61	3982	0	25	0.0									not_selected				2729
residue_residue	PRO58-PRO62	3982	0	25	0.0									not_selected				2730
residue_residue	PRO58-PRO63	3982	0	25	0.0									not_selected				2731
residue_residue	PRO58-PRO64	3982	0	25	0.0									not_selected				2732
residue_residue	PRO58-PRO65	3982	0	25	0.0									not_selected				2733
residue_residue	PRO58-PRO66	3982	0	25	0.0									not_selected				2734
residue_residue	PRO58-PRO67	3982	0	25	0.0									not_selected				2735
residue_residue	PRO58-PRO68	3982	0	25	0.0									not_selected				2736
residue_residue	PRO58-PRO69	3982	0	25	0.0									not_selected				2737
residue_residue	PRO58-PRO70	3982	0	25	0.0									not_selected				2738
residue_residue	PRO58-PRO71	3982	0	25	0.0									not_selected				2739
residue_residue	PRO58-PRO72	3982	0	25	0.0									not_selected				2740
residue_residue	PRO58-PRO73	3982	0	25	0.0									not_selected				2741
residue_residue	PRO58-PRO74	3982	0	25	0.0									not_selected				2742
residue_residue	PRO58-PRO75	3982	0	25	0.0									not_selected				2743
residue_residue	PRO58-PRO79	3982	0	25	0.0									not_selected				2744
residue_residue	PRO58-PRO80	3982	0	25	0.0									not_selected				2745
residue_residue	PRO58-PRO81	3982	0	25	0.0									not_selected				2746
residue_residue	PRO58-PRO96	3982	0	25	0.0									not_selected				2747
residue_residue	PRO59-PRO1276	3982	0	25	0.0									not_selected				2748
residue_residue	PRO59-PRO1389	3982	0	25	0.0									not_selected				2749
residue_residue	PRO59-PRO1390	3982	0	25	0.0									not_selected				2750
residue_residue	PRO59-PRO1391	3982	0	25	0.0									not_selected				2751
residue_residue	PRO59-PRO1392	3982	0	25	0.0									not_selected				2752
residue_residue	PRO59-PRO1394	3982	0	25	0.0									not_selected				2753
residue_residue	PRO59-PRO1395	3982	0	25	0.0									not_selected				2754
residue_residue	PRO59-PRO1398	3982	0	25	0.0									not_selected				2755
residue_residue	PRO59-PRO1399	3982	0	25	0.0									not_selected				2756
residue_residue	PRO59-PRO1419	3982	0	25	0.0									not_selected				2757
residue_residue	PRO59-PRO1422	3982	0	25	0.0									not_selected				2758
residue_residue	PRO59-PRO1423	3982	0	25	0.0									not_selected				2759
residue_residue	PRO59-PRO1426	3982	0	25	0.0									not_selected				2760
residue_residue	PRO59-PRO1436	3982	0	25	0.0									not_selected				2761
residue_residue	PRO59-PRO61	3982	0	25	0.0									not_selected				2762
residue_residue	PRO59-PRO62	3982	0	25	0.0									not_selected				2763
residue_residue	PRO59-PRO63	3982	0	25	0.0									not_selected				2764
residue_residue	PRO59-PRO64	3982	0	25	0.0									not_selected				2765
residue_residue	PRO59-PRO65	3982	0	25	0.0									not_selected				2766
residue_residue	PRO59-PRO66	3982	0	25	0.0									not_selected				2767
residue_residue	PRO59-PRO67	3982	0	25	0.0									not_selected				2768
residue_residue	PRO59-PRO68	3982	0	25	0.0									not_selected				2769
residue_residue	PRO59-PRO71	3982	0	25	0.0									not_selected				2770
residue_residue	PRO59-PRO72	3982	0	25	0.0									not_selected				2771
residue_residue	PRO59-PRO88	3982	0	25	0.0									not_selected				2772
residue_residue	PRO59-PRO96	3982	0	25	0.0									not_selected				2773
residue_residue	PRO6-PRO100	3982	0	25	0.0									not_selected				2774
residue_residue	PRO6-PRO104	3982	0	25	0.0									not_selected				2775
residue_residue	PRO6-PRO109	3982	0	25	0.0									not_selected				2776
residue_residue	PRO6-PRO111	3982	0	25	0.0									not_selected				2777
residue_residue	PRO6-PRO112	3982	0	25	0.0									not_selected				2778
residue_residue	PRO6-PRO114	3982	0	25	0.0									not_selected				2779
residue_residue	PRO6-PRO152	3982	0	25	0.0									not_selected				2780
residue_residue	PRO6-PRO153	3982	0	25	0.0									not_selected				2781
residue_residue	PRO6-PRO154	3982	0	25	0.0									not_selected				2782
residue_residue	PRO6-PRO155	3982	0	25	0.0									not_selected				2783
residue_residue	PRO6-PRO156	3982	0	25	0.0									not_selected				2784
residue_residue	PRO6-PRO159	3982	0	25	0.0									not_selected				2785
residue_residue	PRO6-PRO16	3982	0	25	0.0									not_selected				2786
residue_residue	PRO6-PRO19	3982	0	25	0.0									not_selected				2787
residue_residue	PRO6-PRO20	3982	0	25	0.0									not_selected				2788
residue_residue	PRO6-PRO23	3982	0	25	0.0									not_selected				2789
residue_residue	PRO6-PRO24	3982	0	25	0.0									not_selected				2790
residue_residue	PRO6-PRO37	3982	0	25	0.0									not_selected				2791
residue_residue	PRO6-PRO38	3982	0	25	0.0									not_selected				2792
residue_residue	PRO6-PRO39	3982	0	25	0.0									not_selected				2793
residue_residue	PRO6-PRO40	3982	0	25	0.0									not_selected				2794
residue_residue	PRO6-PRO55	3982	0	25	0.0									not_selected				2795
residue_residue	PRO6-PRO56	3982	0	25	0.0									not_selected				2796
residue_residue	PRO6-PRO57	3982	0	25	0.0									not_selected				2797
residue_residue	PRO6-PRO58	3982	0	25	0.0									not_selected				2798
residue_residue	PRO6-PRO7	3982	0	25	0.0									not_selected				2799
residue_residue	PRO6-PRO70	3982	0	25	0.0									not_selected				2800
residue_residue	PRO6-PRO71	3982	0	25	0.0									not_selected				2801
residue_residue	PRO6-PRO74	3982	0	25	0.0									not_selected				2802
residue_residue	PRO6-PRO75	3982	0	25	0.0									not_selected				2803
residue_residue	PRO6-PRO76	3982	0	25	0.0									not_selected				2804
residue_residue	PRO6-PRO77	3982	0	25	0.0									not_selected				2805
residue_residue	PRO6-PRO78	3982	0	25	0.0									not_selected				2806
residue_residue	PRO6-PRO79	3982	0	25	0.0									not_selected				2807
residue_residue	PRO6-PRO8	3982	0	25	0.0									not_selected				2808
residue_residue	PRO6-PRO80	3982	0	25	0.0									not_selected				2809
residue_residue	PRO6-PRO81	3982	0	25	0.0									not_selected				2810
residue_residue	PRO6-PRO9	3982	0	25	0.0									not_selected				2811
residue_residue	PRO60-PRO1275	3982	0	25	0.0									not_selected				2812
residue_residue	PRO60-PRO1276	3982	0	25	0.0									not_selected				2813
residue_residue	PRO60-PRO1278	3982	0	25	0.0									not_selected				2814
residue_residue	PRO60-PRO1282	3982	0	25	0.0									not_selected				2815
residue_residue	PRO60-PRO1283	3982	0	25	0.0									not_selected				2816
residue_residue	PRO60-PRO1390	3982	0	25	0.0									not_selected				2817
residue_residue	PRO60-PRO1391	3982	0	25	0.0									not_selected				2818
residue_residue	PRO60-PRO1395	3982	0	25	0.0									not_selected				2819
residue_residue	PRO60-PRO1398	3982	0	25	0.0									not_selected				2820
residue_residue	PRO60-PRO61	3982	0	25	0.0									not_selected				2821
residue_residue	PRO60-PRO62	3982	0	25	0.0									not_selected				2822
residue_residue	PRO60-PRO63	3982	0	25	0.0									not_selected				2823
residue_residue	PRO60-PRO64	3982	0	25	0.0									not_selected				2824
residue_residue	PRO60-PRO65	3982	0	25	0.0									not_selected				2825
residue_residue	PRO60-PRO66	3982	0	25	0.0									not_selected				2826
residue_residue	PRO60-PRO67	3982	0	25	0.0									not_selected				2827
residue_residue	PRO60-PRO68	3982	0	25	0.0									not_selected				2828
residue_residue	PRO60-PRO71	3982	0	25	0.0									not_selected				2829
residue_residue	PRO60-PRO72	3982	0	25	0.0									not_selected				2830
residue_residue	PRO60-PRO80	3982	0	25	0.0									not_selected				2831
residue_residue	PRO60-PRO81	3982	0	25	0.0									not_selected				2832
residue_residue	PRO60-PRO86	3982	0	25	0.0									not_selected				2833
residue_residue	PRO60-PRO88	3982	0	25	0.0									not_selected				2834
residue_residue	PRO60-PRO96	3982	0	25	0.0									not_selected				2835
residue_residue	PRO61-PRO1237	3982	0	25	0.0									not_selected				2836
residue_residue	PRO61-PRO1272	3982	0	25	0.0									not_selected				2837
residue_residue	PRO61-PRO1273	3982	0	25	0.0									not_selected				2838
residue_residue	PRO61-PRO1274	3982	0	25	0.0									not_selected				2839
residue_residue	PRO61-PRO1275	3982	0	25	0.0									not_selected				2840
residue_residue	PRO61-PRO1276	3982	0	25	0.0									not_selected				2841
residue_residue	PRO61-PRO1277	3982	0	25	0.0									not_selected				2842
residue_residue	PRO61-PRO1278	3982	0	25	0.0									not_selected				2843
residue_residue	PRO61-PRO1279	3982	0	25	0.0									not_selected				2844
residue_residue	PRO61-PRO1282	3982	0	25	0.0									not_selected				2845
residue_residue	PRO61-PRO1283	3982	0	25	0.0									not_selected				2846
residue_residue	PRO61-PRO1285	3982	0	25	0.0									not_selected				2847
residue_residue	PRO61-PRO1286	3982	0	25	0.0									not_selected				2848
residue_residue	PRO61-PRO1289	3982	0	25	0.0									not_selected				2849
residue_residue	PRO61-PRO1290	3982	0	25	0.0									not_selected				2850
residue_residue	PRO61-PRO1386	3982	0	25	0.0									not_selected				2851
residue_residue	PRO61-PRO1387	3982	0	25	0.0									not_selected				2852
residue_residue	PRO61-PRO1388	3982	0	25	0.0									not_selected				2853
residue_residue	PRO61-PRO1389	3982	0	25	0.0									not_selected				2854
residue_residue	PRO61-PRO1390	3982	0	25	0.0									not_selected				2855
residue_residue	PRO61-PRO1391	3982	0	25	0.0									not_selected				2856
residue_residue	PRO61-PRO1392	3982	0	25	0.0									not_selected				2857
residue_residue	PRO61-PRO1394	3982	0	25	0.0									not_selected				2858
residue_residue	PRO61-PRO1395	3982	0	25	0.0									not_selected				2859
residue_residue	PRO61-PRO1398	3982	0	25	0.0									not_selected				2860
residue_residue	PRO61-PRO1426	3982	0	25	0.0									not_selected				2861
residue_residue	PRO61-PRO62	3982	0	25	0.0									not_selected				2862
residue_residue	PRO61-PRO63	3982	0	25	0.0									not_selected				2863
residue_residue	PRO61-PRO64	3982	0	25	0.0									not_selected				2864
residue_residue	PRO61-PRO65	3982	0	25	0.0									not_selected				2865
residue_residue	PRO61-PRO66	3982	0	25	0.0									not_selected				2866
residue_residue	PRO61-PRO67	3982	0	25	0.0									not_selected				2867
residue_residue	PRO61-PRO68	3982	0	25	0.0									not_selected				2868
residue_residue	PRO61-PRO86	3982	0	25	0.0									not_selected				2869
residue_residue	PRO61-PRO88	3982	0	25	0.0									not_selected				2870
residue_residue	PRO61-PRO92	3982	0	25	0.0									not_selected				2871
residue_residue	PRO61-PRO96	3982	0	25	0.0									not_selected				2872
residue_residue	PRO62-PRO1233	3982	0	25	0.0									not_selected				2873
residue_residue	PRO62-PRO1234	3982	0	25	0.0									not_selected				2874
residue_residue	PRO62-PRO1235	3982	0	25	0.0									not_selected				2875
residue_residue	PRO62-PRO1236	3982	0	25	0.0									not_selected				2876
residue_residue	PRO62-PRO1237	3982	0	25	0.0									not_selected				2877
residue_residue	PRO62-PRO1238	3982	0	25	0.0									not_selected				2878
residue_residue	PRO62-PRO1240	3982	0	25	0.0									not_selected				2879
residue_residue	PRO62-PRO1241	3982	0	25	0.0									not_selected				2880
residue_residue	PRO62-PRO1275	3982	0	25	0.0									not_selected				2881
residue_residue	PRO62-PRO1276	3982	0	25	0.0									not_selected				2882
residue_residue	PRO62-PRO1277	3982	0	25	0.0									not_selected				2883
residue_residue	PRO62-PRO1278	3982	0	25	0.0									not_selected				2884
residue_residue	PRO62-PRO1282	3982	0	25	0.0									not_selected				2885
residue_residue	PRO62-PRO1285	3982	0	25	0.0									not_selected				2886
residue_residue	PRO62-PRO1286	3982	0	25	0.0									not_selected				2887
residue_residue	PRO62-PRO1287	3982	0	25	0.0									not_selected				2888
residue_residue	PRO62-PRO1290	3982	0	25	0.0									not_selected				2889
residue_residue	PRO62-PRO1390	3982	0	25	0.0									not_selected				2890
residue_residue	PRO62-PRO1391	3982	0	25	0.0									not_selected				2891
residue_residue	PRO62-PRO1392	3982	0	25	0.0									not_selected				2892
residue_residue	PRO62-PRO1395	3982	0	25	0.0									not_selected				2893
residue_residue	PRO62-PRO1402	3982	0	25	0.0									not_selected				2894
residue_residue	PRO62-PRO63	3982	0	25	0.0									not_selected				2895
residue_residue	PRO62-PRO64	3982	0	25	0.0									not_selected				2896
residue_residue	PRO62-PRO65	3982	0	25	0.0									not_selected				2897
residue_residue	PRO62-PRO66	3982	0	25	0.0									not_selected				2898
residue_residue	PRO62-PRO67	3982	0	25	0.0									not_selected				2899
residue_residue	PRO62-PRO68	3982	0	25	0.0									not_selected				2900
residue_residue	PRO62-PRO86	3982	0	25	0.0									not_selected				2901
residue_residue	PRO62-PRO88	3982	0	25	0.0									not_selected				2902
residue_residue	PRO62-PRO89	3982	0	25	0.0									not_selected				2903
residue_residue	PRO62-PRO91	3982	0	25	0.0									not_selected				2904
residue_residue	PRO62-PRO92	3982	0	25	0.0									not_selected				2905
residue_residue	PRO62-PRO95	3982	0	25	0.0									not_selected				2906
residue_residue	PRO62-PRO96	3982	0	25	0.0									not_selected				2907
residue_residue	PRO63-PRO1237	3982	0	25	0.0									not_selected				2908
residue_residue	PRO63-PRO1240	3982	0	25	0.0									not_selected				2909
residue_residue	PRO63-PRO1241	3982	0	25	0.0									not_selected				2910
residue_residue	PRO63-PRO1275	3982	0	25	0.0									not_selected				2911
residue_residue	PRO63-PRO1277	3982	0	25	0.0									not_selected				2912
residue_residue	PRO63-PRO1278	3982	0	25	0.0									not_selected				2913
residue_residue	PRO63-PRO1279	3982	0	25	0.0									not_selected				2914
residue_residue	PRO63-PRO1280	3982	0	25	0.0									not_selected				2915
residue_residue	PRO63-PRO1281	3982	0	25	0.0									not_selected				2916
residue_residue	PRO63-PRO1282	3982	0	25	0.0									not_selected				2917
residue_residue	PRO63-PRO1283	3982	0	25	0.0									not_selected				2918
residue_residue	PRO63-PRO1284	3982	0	25	0.0									not_selected				2919
residue_residue	PRO63-PRO1285	3982	0	25	0.0									not_selected				2920
residue_residue	PRO63-PRO1286	3982	0	25	0.0									not_selected				2921
residue_residue	PRO63-PRO1287	3982	0	25	0.0									not_selected				2922
residue_residue	PRO63-PRO1289	3982	0	25	0.0									not_selected				2923
residue_residue	PRO63-PRO1290	3982	0	25	0.0									not_selected				2924
residue_residue	PRO63-PRO1386	3982	0	25	0.0									not_selected				2925
residue_residue	PRO63-PRO1387	3982	0	25	0.0									not_selected				2926
residue_residue	PRO63-PRO1388	3982	0	25	0.0									not_selected				2927
residue_residue	PRO63-PRO1389	3982	0	25	0.0									not_selected				2928
residue_residue	PRO63-PRO1390	3982	0	25	0.0									not_selected				2929
residue_residue	PRO63-PRO1391	3982	0	25	0.0									not_selected				2930
residue_residue	PRO63-PRO1392	3982	0	25	0.0									not_selected				2931
residue_residue	PRO63-PRO1393	3982	0	25	0.0									not_selected				2932
residue_residue	PRO63-PRO1394	3982	0	25	0.0									not_selected				2933
residue_residue	PRO63-PRO1395	3982	0	25	0.0									not_selected				2934
residue_residue	PRO63-PRO1398	3982	0	25	0.0									not_selected				2935
residue_residue	PRO63-PRO1399	3982	0	25	0.0									not_selected				2936
residue_residue	PRO63-PRO1402	3982	0	25	0.0									not_selected				2937
residue_residue	PRO63-PRO64	3982	0	25	0.0									not_selected				2938
residue_residue	PRO63-PRO65	3982	0	25	0.0									not_selected				2939
residue_residue	PRO63-PRO66	3982	0	25	0.0									not_selected				2940
residue_residue	PRO63-PRO67	3982	0	25	0.0									not_selected				2941
residue_residue	PRO63-PRO68	3982	0	25	0.0									not_selected				2942
residue_residue	PRO63-PRO88	3982	0	25	0.0									not_selected				2943
residue_residue	PRO63-PRO96	3982	0	25	0.0									not_selected				2944
residue_residue	PRO64-PRO1275	3982	0	25	0.0									not_selected				2945
residue_residue	PRO64-PRO1276	3982	0	25	0.0									not_selected				2946
residue_residue	PRO64-PRO1282	3982	0	25	0.0									not_selected				2947
residue_residue	PRO64-PRO1283	3982	0	25	0.0									not_selected				2948
residue_residue	PRO64-PRO1285	3982	0	25	0.0									not_selected				2949
residue_residue	PRO64-PRO1286	3982	0	25	0.0									not_selected				2950
residue_residue	PRO64-PRO1289	3982	0	25	0.0									not_selected				2951
residue_residue	PRO64-PRO1290	3982	0	25	0.0									not_selected				2952
residue_residue	PRO64-PRO1385	3982	0	25	0.0									not_selected				2953
residue_residue	PRO64-PRO1386	3982	0	25	0.0									not_selected				2954
residue_residue	PRO64-PRO1387	3982	0	25	0.0									not_selected				2955
residue_residue	PRO64-PRO1388	3982	0	25	0.0									not_selected				2956
residue_residue	PRO64-PRO1389	3982	0	25	0.0									not_selected				2957
residue_residue	PRO64-PRO1390	3982	0	25	0.0									not_selected				2958
residue_residue	PRO64-PRO1391	3982	0	25	0.0									not_selected				2959
residue_residue	PRO64-PRO1392	3982	0	25	0.0									not_selected				2960
residue_residue	PRO64-PRO1393	3982	0	25	0.0									not_selected				2961
residue_residue	PRO64-PRO1394	3982	0	25	0.0									not_selected				2962
residue_residue	PRO64-PRO1395	3982	0	25	0.0									not_selected				2963
residue_residue	PRO64-PRO1398	3982	0	25	0.0									not_selected				2964
residue_residue	PRO64-PRO1399	3982	0	25	0.0									not_selected				2965
residue_residue	PRO64-PRO1402	3982	0	25	0.0									not_selected				2966
residue_residue	PRO64-PRO1409	3982	0	25	0.0									not_selected				2967
residue_residue	PRO64-PRO1419	3982	0	25	0.0									not_selected				2968
residue_residue	PRO64-PRO1422	3982	0	25	0.0									not_selected				2969
residue_residue	PRO64-PRO1423	3982	0	25	0.0									not_selected				2970
residue_residue	PRO64-PRO1425	3982	0	25	0.0									not_selected				2971
residue_residue	PRO64-PRO1426	3982	0	25	0.0									not_selected				2972
residue_residue	PRO64-PRO65	3982	0	25	0.0									not_selected				2973
residue_residue	PRO64-PRO66	3982	0	25	0.0									not_selected				2974
residue_residue	PRO64-PRO67	3982	0	25	0.0									not_selected				2975
residue_residue	PRO64-PRO68	3982	0	25	0.0									not_selected				2976
residue_residue	PRO64-PRO69	3982	0	25	0.0									not_selected				2977
residue_residue	PRO64-PRO70	3982	0	25	0.0									not_selected				2978
residue_residue	PRO64-PRO71	3982	0	25	0.0									not_selected				2979
residue_residue	PRO64-PRO72	3982	0	25	0.0									not_selected				2980
residue_residue	PRO64-PRO88	3982	0	25	0.0									not_selected				2981
residue_residue	PRO64-PRO96	3982	0	25	0.0									not_selected				2982
residue_residue	PRO65-PRO103	3982	0	25	0.0									not_selected				2983
residue_residue	PRO65-PRO1237	3982	0	25	0.0									not_selected				2984
residue_residue	PRO65-PRO1241	3982	0	25	0.0									not_selected				2985
residue_residue	PRO65-PRO1283	3982	0	25	0.0									not_selected				2986
residue_residue	PRO65-PRO1286	3982	0	25	0.0									not_selected				2987
residue_residue	PRO65-PRO1290	3982	0	25	0.0									not_selected				2988
residue_residue	PRO65-PRO1390	3982	0	25	0.0									not_selected				2989
residue_residue	PRO65-PRO1391	3982	0	25	0.0									not_selected				2990
residue_residue	PRO65-PRO1395	3982	0	25	0.0									not_selected				2991
residue_residue	PRO65-PRO1398	3982	0	25	0.0									not_selected				2992
residue_residue	PRO65-PRO1399	3982	0	25	0.0									not_selected				2993
residue_residue	PRO65-PRO1402	3982	0	25	0.0									not_selected				2994
residue_residue	PRO65-PRO1409	3982	0	25	0.0									not_selected				2995
residue_residue	PRO65-PRO66	3982	0	25	0.0									not_selected				2996
residue_residue	PRO65-PRO67	3982	0	25	0.0									not_selected				2997
residue_residue	PRO65-PRO68	3982	0	25	0.0									not_selected				2998
residue_residue	PRO65-PRO69	3982	0	25	0.0									not_selected				2999
residue_residue	PRO65-PRO70	3982	0	25	0.0									not_selected				3000
residue_residue	PRO65-PRO71	3982	0	25	0.0									not_selected				3001
residue_residue	PRO65-PRO72	3982	0	25	0.0									not_selected				3002
residue_residue	PRO65-PRO88	3982	0	25	0.0									not_selected				3003
residue_residue	PRO65-PRO92	3982	0	25	0.0									not_selected				3004
residue_residue	PRO65-PRO95	3982	0	25	0.0									not_selected				3005
residue_residue	PRO65-PRO96	3982	0	25	0.0									not_selected				3006
residue_residue	PRO65-PRO99	3982	0	25	0.0									not_selected				3007
residue_residue	PRO66-PRO103	3982	0	25	0.0									not_selected				3008
residue_residue	PRO66-PRO1290	3982	0	25	0.0									not_selected				3009
residue_residue	PRO66-PRO1395	3982	0	25	0.0									not_selected				3010
residue_residue	PRO66-PRO1398	3982	0	25	0.0									not_selected				3011
residue_residue	PRO66-PRO1399	3982	0	25	0.0									not_selected				3012
residue_residue	PRO66-PRO1401	3982	0	25	0.0									not_selected				3013
residue_residue	PRO66-PRO1402	3982	0	25	0.0									not_selected				3014
residue_residue	PRO66-PRO1409	3982	0	25	0.0									not_selected				3015
residue_residue	PRO66-PRO1419	3982	0	25	0.0									not_selected				3016
residue_residue	PRO66-PRO67	3982	0	25	0.0									not_selected				3017
residue_residue	PRO66-PRO68	3982	0	25	0.0									not_selected				3018
residue_residue	PRO66-PRO69	3982	0	25	0.0									not_selected				3019
residue_residue	PRO66-PRO70	3982	0	25	0.0									not_selected				3020
residue_residue	PRO66-PRO71	3982	0	25	0.0									not_selected				3021
residue_residue	PRO66-PRO72	3982	0	25	0.0									not_selected				3022
residue_residue	PRO66-PRO73	3982	0	25	0.0									not_selected				3023
residue_residue	PRO66-PRO96	3982	0	25	0.0									not_selected				3024
residue_residue	PRO66-PRO99	3982	0	25	0.0									not_selected				3025
residue_residue	PRO67-PRO103	3982	0	25	0.0									not_selected				3026
residue_residue	PRO67-PRO1290	3982	0	25	0.0									not_selected				3027
residue_residue	PRO67-PRO1389	3982	0	25	0.0									not_selected				3028
residue_residue	PRO67-PRO1390	3982	0	25	0.0									not_selected				3029
residue_residue	PRO67-PRO1391	3982	0	25	0.0									not_selected				3030
residue_residue	PRO67-PRO1392	3982	0	25	0.0									not_selected				3031
residue_residue	PRO67-PRO1393	3982	0	25	0.0									not_selected				3032
residue_residue	PRO67-PRO1394	3982	0	25	0.0									not_selected				3033
residue_residue	PRO67-PRO1395	3982	0	25	0.0									not_selected				3034
residue_residue	PRO67-PRO1398	3982	0	25	0.0									not_selected				3035
residue_residue	PRO67-PRO1399	3982	0	25	0.0									not_selected				3036
residue_residue	PRO67-PRO1401	3982	0	25	0.0									not_selected				3037
residue_residue	PRO67-PRO1402	3982	0	25	0.0									not_selected				3038
residue_residue	PRO67-PRO1409	3982	0	25	0.0									not_selected				3039
residue_residue	PRO67-PRO1419	3982	0	25	0.0									not_selected				3040
residue_residue	PRO67-PRO1422	3982	0	25	0.0									not_selected				3041
residue_residue	PRO67-PRO68	3982	0	25	0.0									not_selected				3042
residue_residue	PRO67-PRO69	3982	0	25	0.0									not_selected				3043
residue_residue	PRO67-PRO70	3982	0	25	0.0									not_selected				3044
residue_residue	PRO67-PRO71	3982	0	25	0.0									not_selected				3045
residue_residue	PRO67-PRO72	3982	0	25	0.0									not_selected				3046
residue_residue	PRO67-PRO73	3982	0	25	0.0									not_selected				3047
residue_residue	PRO67-PRO74	3982	0	25	0.0									not_selected				3048
residue_residue	PRO67-PRO75	3982	0	25	0.0									not_selected				3049
residue_residue	PRO67-PRO78	3982	0	25	0.0									not_selected				3050
residue_residue	PRO67-PRO96	3982	0	25	0.0									not_selected				3051
residue_residue	PRO67-PRO99	3982	0	25	0.0									not_selected				3052
residue_residue	PRO68-PRO100	3982	0	25	0.0									not_selected				3053
residue_residue	PRO68-PRO102	3982	0	25	0.0									not_selected				3054
residue_residue	PRO68-PRO103	3982	0	25	0.0									not_selected				3055
residue_residue	PRO68-PRO104	3982	0	25	0.0									not_selected				3056
residue_residue	PRO68-PRO1234	3982	0	25	0.0									not_selected				3057
residue_residue	PRO68-PRO1278	3982	0	25	0.0									not_selected				3058
residue_residue	PRO68-PRO1283	3982	0	25	0.0									not_selected				3059
residue_residue	PRO68-PRO1391	3982	0	25	0.0									not_selected				3060
residue_residue	PRO68-PRO1395	3982	0	25	0.0									not_selected				3061
residue_residue	PRO68-PRO1398	3982	0	25	0.0									not_selected				3062
residue_residue	PRO68-PRO1399	3982	0	25	0.0									not_selected				3063
residue_residue	PRO68-PRO1402	3982	0	25	0.0									not_selected				3064
residue_residue	PRO68-PRO1409	3982	0	25	0.0									not_selected				3065
residue_residue	PRO68-PRO1419	3982	0	25	0.0									not_selected				3066
residue_residue	PRO68-PRO69	3982	0	25	0.0									not_selected				3067
residue_residue	PRO68-PRO70	3982	0	25	0.0									not_selected				3068
residue_residue	PRO68-PRO71	3982	0	25	0.0									not_selected				3069
residue_residue	PRO68-PRO72	3982	0	25	0.0									not_selected				3070
residue_residue	PRO68-PRO73	3982	0	25	0.0									not_selected				3071
residue_residue	PRO68-PRO74	3982	0	25	0.0									not_selected				3072
residue_residue	PRO68-PRO75	3982	0	25	0.0									not_selected				3073
residue_residue	PRO68-PRO78	3982	0	25	0.0									not_selected				3074
residue_residue	PRO68-PRO81	3982	0	25	0.0									not_selected				3075
residue_residue	PRO68-PRO86	3982	0	25	0.0									not_selected				3076
residue_residue	PRO68-PRO88	3982	0	25	0.0									not_selected				3077
residue_residue	PRO68-PRO89	3982	0	25	0.0									not_selected				3078
residue_residue	PRO68-PRO91	3982	0	25	0.0									not_selected				3079
residue_residue	PRO68-PRO92	3982	0	25	0.0									not_selected				3080
residue_residue	PRO68-PRO93	3982	0	25	0.0									not_selected				3081
residue_residue	PRO68-PRO95	3982	0	25	0.0									not_selected				3082
residue_residue	PRO68-PRO96	3982	0	25	0.0									not_selected				3083
residue_residue	PRO68-PRO97	3982	0	25	0.0									not_selected				3084
residue_residue	PRO68-PRO98	3982	0	25	0.0									not_selected				3085
residue_residue	PRO68-PRO99	3982	0	25	0.0									not_selected				3086
residue_residue	PRO69-PRO100	3982	0	25	0.0									not_selected				3087
residue_residue	PRO69-PRO101	3982	0	25	0.0									not_selected				3088
residue_residue	PRO69-PRO102	3982	0	25	0.0									not_selected				3089
residue_residue	PRO69-PRO103	3982	0	25	0.0									not_selected				3090
residue_residue	PRO69-PRO104	3982	0	25	0.0									not_selected				3091
residue_residue	PRO69-PRO1398	3982	0	25	0.0									not_selected				3092
residue_residue	PRO69-PRO1399	3982	0	25	0.0									not_selected				3093
residue_residue	PRO69-PRO1402	3982	0	25	0.0									not_selected				3094
residue_residue	PRO69-PRO1409	3982	0	25	0.0									not_selected				3095
residue_residue	PRO69-PRO70	3982	0	25	0.0									not_selected				3096
residue_residue	PRO69-PRO71	3982	0	25	0.0									not_selected				3097
residue_residue	PRO69-PRO72	3982	0	25	0.0									not_selected				3098
residue_residue	PRO69-PRO73	3982	0	25	0.0									not_selected				3099
residue_residue	PRO69-PRO74	3982	0	25	0.0									not_selected				3100
residue_residue	PRO69-PRO75	3982	0	25	0.0									not_selected				3101
residue_residue	PRO69-PRO76	3982	0	25	0.0									not_selected				3102
residue_residue	PRO69-PRO78	3982	0	25	0.0									not_selected				3103
residue_residue	PRO69-PRO96	3982	0	25	0.0									not_selected				3104
residue_residue	PRO69-PRO98	3982	0	25	0.0									not_selected				3105
residue_residue	PRO69-PRO99	3982	0	25	0.0									not_selected				3106
residue_residue	PRO7-PRO10	3982	0	25	0.0									not_selected				3107
residue_residue	PRO7-PRO100	3982	0	25	0.0									not_selected				3108
residue_residue	PRO7-PRO103	3982	0	25	0.0									not_selected				3109
residue_residue	PRO7-PRO104	3982	0	25	0.0									not_selected				3110
residue_residue	PRO7-PRO109	3982	0	25	0.0									not_selected				3111
residue_residue	PRO7-PRO110	3982	0	25	0.0									not_selected				3112
residue_residue	PRO7-PRO111	3982	0	25	0.0									not_selected				3113
residue_residue	PRO7-PRO112	3982	0	25	0.0									not_selected				3114
residue_residue	PRO7-PRO113	3982	0	25	0.0									not_selected				3115
residue_residue	PRO7-PRO114	3982	0	25	0.0									not_selected				3116
residue_residue	PRO7-PRO155	3982	0	25	0.0									not_selected				3117
residue_residue	PRO7-PRO156	3982	0	25	0.0									not_selected				3118
residue_residue	PRO7-PRO159	3982	0	25	0.0									not_selected				3119
residue_residue	PRO7-PRO16	3982	0	25	0.0									not_selected				3120
residue_residue	PRO7-PRO17	3982	0	25	0.0									not_selected				3121
residue_residue	PRO7-PRO19	3982	0	25	0.0									not_selected				3122
residue_residue	PRO7-PRO20	3982	0	25	0.0									not_selected				3123
residue_residue	PRO7-PRO24	3982	0	25	0.0									not_selected				3124
residue_residue	PRO7-PRO35	3982	0	25	0.0									not_selected				3125
residue_residue	PRO7-PRO36	3982	0	25	0.0									not_selected				3126
residue_residue	PRO7-PRO37	3982	0	25	0.0									not_selected				3127
residue_residue	PRO7-PRO38	3982	0	25	0.0									not_selected				3128
residue_residue	PRO7-PRO39	3982	0	25	0.0									not_selected				3129
residue_residue	PRO7-PRO40	3982	0	25	0.0									not_selected				3130
residue_residue	PRO7-PRO55	3982	0	25	0.0									not_selected				3131
residue_residue	PRO7-PRO56	3982	0	25	0.0									not_selected				3132
residue_residue	PRO7-PRO57	3982	0	25	0.0									not_selected				3133
residue_residue	PRO7-PRO58	3982	0	25	0.0									not_selected				3134
residue_residue	PRO7-PRO59	3982	0	25	0.0									not_selected				3135
residue_residue	PRO7-PRO60	3982	0	25	0.0									not_selected				3136
residue_residue	PRO7-PRO67	3982	0	25	0.0									not_selected				3137
residue_residue	PRO7-PRO68	3982	0	25	0.0									not_selected				3138
residue_residue	PRO7-PRO70	3982	0	25	0.0									not_selected				3139
residue_residue	PRO7-PRO71	3982	0	25	0.0									not_selected				3140
residue_residue	PRO7-PRO74	3982	0	25	0.0									not_selected				3141
residue_residue	PRO7-PRO75	3982	0	25	0.0									not_selected				3142
residue_residue	PRO7-PRO76	3982	0	25	0.0									not_selected				3143
residue_residue	PRO7-PRO77	3982	0	25	0.0									not_selected				3144
residue_residue	PRO7-PRO78	3982	0	25	0.0									not_selected				3145
residue_residue	PRO7-PRO79	3982	0	25	0.0									not_selected				3146
residue_residue	PRO7-PRO80	3982	0	25	0.0									not_selected				3147
residue_residue	PRO7-PRO81	3982	0	25	0.0									not_selected				3148
residue_residue	PRO7-PRO9	3982	0	25	0.0									not_selected				3149
residue_residue	PRO7-PRO96	3982	0	25	0.0									not_selected				3150
residue_residue	PRO70-PRO100	3982	0	25	0.0									not_selected				3151
residue_residue	PRO70-PRO103	3982	0	25	0.0									not_selected				3152
residue_residue	PRO70-PRO1398	3982	0	25	0.0									not_selected				3153
residue_residue	PRO70-PRO1399	3982	0	25	0.0									not_selected				3154
residue_residue	PRO70-PRO1401	3982	0	25	0.0									not_selected				3155
residue_residue	PRO70-PRO1402	3982	0	25	0.0									not_selected				3156
residue_residue	PRO70-PRO1409	3982	0	25	0.0									not_selected				3157
residue_residue	PRO70-PRO1419	3982	0	25	0.0									not_selected				3158
residue_residue	PRO70-PRO71	3982	0	25	0.0									not_selected				3159
residue_residue	PRO70-PRO72	3982	0	25	0.0									not_selected				3160
residue_residue	PRO70-PRO73	3982	0	25	0.0									not_selected				3161
residue_residue	PRO70-PRO74	3982	0	25	0.0									not_selected				3162
residue_residue	PRO70-PRO75	3982	0	25	0.0									not_selected				3163
residue_residue	PRO70-PRO76	3982	0	25	0.0									not_selected				3164
residue_residue	PRO70-PRO78	3982	0	25	0.0									not_selected				3165
residue_residue	PRO70-PRO99	3982	0	25	0.0									not_selected				3166
residue_residue	PRO71-PRO100	3982	0	25	0.0									not_selected				3167
residue_residue	PRO71-PRO103	3982	0	25	0.0									not_selected				3168
residue_residue	PRO71-PRO104	3982	0	25	0.0									not_selected				3169
residue_residue	PRO71-PRO1394	3982	0	25	0.0									not_selected				3170
residue_residue	PRO71-PRO1395	3982	0	25	0.0									not_selected				3171
residue_residue	PRO71-PRO1398	3982	0	25	0.0									not_selected				3172
residue_residue	PRO71-PRO1399	3982	0	25	0.0									not_selected				3173
residue_residue	PRO71-PRO1402	3982	0	25	0.0									not_selected				3174
residue_residue	PRO71-PRO1409	3982	0	25	0.0									not_selected				3175
residue_residue	PRO71-PRO1416	3982	0	25	0.0									not_selected				3176
residue_residue	PRO71-PRO1419	3982	0	25	0.0									not_selected				3177
residue_residue	PRO71-PRO1420	3982	0	25	0.0									not_selected				3178
residue_residue	PRO71-PRO1422	3982	0	25	0.0									not_selected				3179
residue_residue	PRO71-PRO1423	3982	0	25	0.0									not_selected				3180
residue_residue	PRO71-PRO72	3982	0	25	0.0									not_selected				3181
residue_residue	PRO71-PRO73	3982	0	25	0.0									not_selected				3182
residue_residue	PRO71-PRO74	3982	0	25	0.0									not_selected				3183
residue_residue	PRO71-PRO75	3982	0	25	0.0									not_selected				3184
residue_residue	PRO71-PRO76	3982	0	25	0.0									not_selected				3185
residue_residue	PRO71-PRO77	3982	0	25	0.0									not_selected				3186
residue_residue	PRO71-PRO78	3982	0	25	0.0									not_selected				3187
residue_residue	PRO71-PRO79	3982	0	25	0.0									not_selected				3188
residue_residue	PRO71-PRO96	3982	0	25	0.0									not_selected				3189
residue_residue	PRO71-PRO99	3982	0	25	0.0									not_selected				3190
residue_residue	PRO72-PRO100	3982	0	25	0.0									not_selected				3191
residue_residue	PRO72-PRO101	3982	0	25	0.0									not_selected				3192
residue_residue	PRO72-PRO102	3982	0	25	0.0									not_selected				3193
residue_residue	PRO72-PRO103	3982	0	25	0.0									not_selected				3194
residue_residue	PRO72-PRO104	3982	0	25	0.0									not_selected				3195
residue_residue	PRO72-PRO105	3982	0	25	0.0									not_selected				3196
residue_residue	PRO72-PRO106	3982	0	25	0.0									not_selected				3197
residue_residue	PRO72-PRO109	3982	0	25	0.0									not_selected				3198
residue_residue	PRO72-PRO110	3982	0	25	0.0									not_selected				3199
residue_residue	PRO72-PRO111	3982	0	25	0.0									not_selected				3200
residue_residue	PRO72-PRO159	3982	0	25	0.0									not_selected				3201
residue_residue	PRO72-PRO73	3982	0	25	0.0									not_selected				3202
residue_residue	PRO72-PRO74	3982	0	25	0.0									not_selected				3203
residue_residue	PRO72-PRO76	3982	0	25	0.0									not_selected				3204
residue_residue	PRO72-PRO77	3982	0	25	0.0									not_selected				3205
residue_residue	PRO72-PRO78	3982	0	25	0.0									not_selected				3206
residue_residue	PRO72-PRO79	3982	0	25	0.0									not_selected				3207
residue_residue	PRO72-PRO80	3982	0	25	0.0									not_selected				3208
residue_residue	PRO72-PRO81	3982	0	25	0.0									not_selected				3209
residue_residue	PRO72-PRO92	3982	0	25	0.0									not_selected				3210
residue_residue	PRO72-PRO93	3982	0	25	0.0									not_selected				3211
residue_residue	PRO72-PRO94	3982	0	25	0.0									not_selected				3212
residue_residue	PRO72-PRO95	3982	0	25	0.0									not_selected				3213
residue_residue	PRO72-PRO96	3982	0	25	0.0									not_selected				3214
residue_residue	PRO72-PRO97	3982	0	25	0.0									not_selected				3215
residue_residue	PRO72-PRO98	3982	0	25	0.0									not_selected				3216
residue_residue	PRO72-PRO99	3982	0	25	0.0									not_selected				3217
residue_residue	PRO73-PRO100	3982	0	25	0.0									not_selected				3218
residue_residue	PRO73-PRO101	3982	0	25	0.0									not_selected				3219
residue_residue	PRO73-PRO103	3982	0	25	0.0									not_selected				3220
residue_residue	PRO73-PRO104	3982	0	25	0.0									not_selected				3221
residue_residue	PRO73-PRO105	3982	0	25	0.0									not_selected				3222
residue_residue	PRO73-PRO106	3982	0	25	0.0									not_selected				3223
residue_residue	PRO73-PRO109	3982	0	25	0.0									not_selected				3224
residue_residue	PRO73-PRO74	3982	0	25	0.0									not_selected				3225
residue_residue	PRO73-PRO75	3982	0	25	0.0									not_selected				3226
residue_residue	PRO73-PRO76	3982	0	25	0.0									not_selected				3227
residue_residue	PRO73-PRO77	3982	0	25	0.0									not_selected				3228
residue_residue	PRO73-PRO78	3982	0	25	0.0									not_selected				3229
residue_residue	PRO73-PRO99	3982	0	25	0.0									not_selected				3230
residue_residue	PRO74-PRO100	3982	0	25	0.0									not_selected				3231
residue_residue	PRO74-PRO103	3982	0	25	0.0									not_selected				3232
residue_residue	PRO74-PRO104	3982	0	25	0.0									not_selected				3233
residue_residue	PRO74-PRO109	3982	0	25	0.0									not_selected				3234
residue_residue	PRO74-PRO110	3982	0	25	0.0									not_selected				3235
residue_residue	PRO74-PRO1416	3982	0	25	0.0									not_selected				3236
residue_residue	PRO74-PRO1419	3982	0	25	0.0									not_selected				3237
residue_residue	PRO74-PRO75	3982	0	25	0.0									not_selected				3238
residue_residue	PRO74-PRO76	3982	0	25	0.0									not_selected				3239
residue_residue	PRO74-PRO77	3982	0	25	0.0									not_selected				3240
residue_residue	PRO74-PRO78	3982	0	25	0.0									not_selected				3241
residue_residue	PRO74-PRO79	3982	0	25	0.0									not_selected				3242
residue_residue	PRO75-PRO100	3982	0	25	0.0									not_selected				3243
residue_residue	PRO75-PRO103	3982	0	25	0.0									not_selected				3244
residue_residue	PRO75-PRO104	3982	0	25	0.0									not_selected				3245
residue_residue	PRO75-PRO109	3982	0	25	0.0									not_selected				3246
residue_residue	PRO75-PRO110	3982	0	25	0.0									not_selected				3247
residue_residue	PRO75-PRO111	3982	0	25	0.0									not_selected				3248
residue_residue	PRO75-PRO156	3982	0	25	0.0									not_selected				3249
residue_residue	PRO75-PRO159	3982	0	25	0.0									not_selected				3250
residue_residue	PRO75-PRO76	3982	0	25	0.0									not_selected				3251
residue_residue	PRO75-PRO77	3982	0	25	0.0									not_selected				3252
residue_residue	PRO75-PRO78	3982	0	25	0.0									not_selected				3253
residue_residue	PRO75-PRO79	3982	0	25	0.0									not_selected				3254
residue_residue	PRO75-PRO80	3982	0	25	0.0									not_selected				3255
residue_residue	PRO76-PRO100	3982	0	25	0.0									not_selected				3256
residue_residue	PRO76-PRO103	3982	0	25	0.0									not_selected				3257
residue_residue	PRO76-PRO104	3982	0	25	0.0									not_selected				3258
residue_residue	PRO76-PRO106	3982	0	25	0.0									not_selected				3259
residue_residue	PRO76-PRO110	3982	0	25	0.0									not_selected				3260
residue_residue	PRO76-PRO111	3982	0	25	0.0									not_selected				3261
residue_residue	PRO76-PRO112	3982	0	25	0.0									not_selected				3262
residue_residue	PRO76-PRO156	3982	0	25	0.0									not_selected				3263
residue_residue	PRO76-PRO77	3982	0	25	0.0									not_selected				3264
residue_residue	PRO76-PRO78	3982	0	25	0.0									not_selected				3265
residue_residue	PRO76-PRO79	3982	0	25	0.0									not_selected				3266
residue_residue	PRO76-PRO80	3982	0	25	0.0									not_selected				3267
residue_residue	PRO77-PRO100	3982	0	25	0.0									not_selected				3268
residue_residue	PRO77-PRO103	3982	0	25	0.0									not_selected				3269
residue_residue	PRO77-PRO104	3982	0	25	0.0									not_selected				3270
residue_residue	PRO77-PRO107	3982	0	25	0.0									not_selected				3271
residue_residue	PRO77-PRO110	3982	0	25	0.0									not_selected				3272
residue_residue	PRO77-PRO111	3982	0	25	0.0									not_selected				3273
residue_residue	PRO77-PRO112	3982	0	25	0.0									not_selected				3274
residue_residue	PRO77-PRO113	3982	0	25	0.0									not_selected				3275
residue_residue	PRO77-PRO114	3982	0	25	0.0									not_selected				3276
residue_residue	PRO77-PRO139	3982	0	25	0.0									not_selected				3277
residue_residue	PRO77-PRO155	3982	0	25	0.0									not_selected				3278
residue_residue	PRO77-PRO156	3982	0	25	0.0									not_selected				3279
residue_residue	PRO77-PRO159	3982	0	25	0.0									not_selected				3280
residue_residue	PRO77-PRO79	3982	0	25	0.0									not_selected				3281
residue_residue	PRO77-PRO80	3982	0	25	0.0									not_selected				3282
residue_residue	PRO77-PRO81	3982	0	25	0.0									not_selected				3283
residue_residue	PRO77-PRO96	3982	0	25	0.0									not_selected				3284
residue_residue	PRO77-PRO97	3982	0	25	0.0									not_selected				3285
residue_residue	PRO78-PRO100	3982	0	25	0.0									not_selected				3286
residue_residue	PRO78-PRO101	3982	0	25	0.0									not_selected				3287
residue_residue	PRO78-PRO103	3982	0	25	0.0									not_selected				3288
residue_residue	PRO78-PRO104	3982	0	25	0.0									not_selected				3289
residue_residue	PRO78-PRO105	3982	0	25	0.0									not_selected				3290
residue_residue	PRO78-PRO106	3982	0	25	0.0									not_selected				3291
residue_residue	PRO78-PRO107	3982	0	25	0.0									not_selected				3292
residue_residue	PRO78-PRO109	3982	0	25	0.0									not_selected				3293
residue_residue	PRO78-PRO110	3982	0	25	0.0									not_selected				3294
residue_residue	PRO78-PRO111	3982	0	25	0.0									not_selected				3295
residue_residue	PRO78-PRO112	3982	0	25	0.0									not_selected				3296
residue_residue	PRO78-PRO113	3982	0	25	0.0									not_selected				3297
residue_residue	PRO78-PRO114	3982	0	25	0.0									not_selected				3298
residue_residue	PRO78-PRO137	3982	0	25	0.0									not_selected				3299
residue_residue	PRO78-PRO139	3982	0	25	0.0									not_selected				3300
residue_residue	PRO78-PRO141	3982	0	25	0.0									not_selected				3301
residue_residue	PRO78-PRO142	3982	0	25	0.0									not_selected				3302
residue_residue	PRO78-PRO155	3982	0	25	0.0									not_selected				3303
residue_residue	PRO78-PRO156	3982	0	25	0.0									not_selected				3304
residue_residue	PRO78-PRO159	3982	0	25	0.0									not_selected				3305
residue_residue	PRO78-PRO80	3982	0	25	0.0									not_selected				3306
residue_residue	PRO78-PRO81	3982	0	25	0.0									not_selected				3307
residue_residue	PRO78-PRO93	3982	0	25	0.0									not_selected				3308
residue_residue	PRO78-PRO95	3982	0	25	0.0									not_selected				3309
residue_residue	PRO78-PRO96	3982	0	25	0.0									not_selected				3310
residue_residue	PRO78-PRO97	3982	0	25	0.0									not_selected				3311
residue_residue	PRO78-PRO98	3982	0	25	0.0									not_selected				3312
residue_residue	PRO78-PRO99	3982	0	25	0.0									not_selected				3313
residue_residue	PRO79-PRO100	3982	0	25	0.0									not_selected				3314
residue_residue	PRO79-PRO104	3982	0	25	0.0									not_selected				3315
residue_residue	PRO79-PRO109	3982	0	25	0.0									not_selected				3316
residue_residue	PRO79-PRO110	3982	0	25	0.0									not_selected				3317
residue_residue	PRO79-PRO111	3982	0	25	0.0									not_selected				3318
residue_residue	PRO79-PRO113	3982	0	25	0.0									not_selected				3319
residue_residue	PRO79-PRO114	3982	0	25	0.0									not_selected				3320
residue_residue	PRO79-PRO115	3982	0	25	0.0									not_selected				3321
residue_residue	PRO79-PRO116	3982	0	25	0.0									not_selected				3322
residue_residue	PRO79-PRO117	3982	0	25	0.0									not_selected				3323
residue_residue	PRO79-PRO139	3982	0	25	0.0									not_selected				3324
residue_residue	PRO79-PRO141	3982	0	25	0.0									not_selected				3325
residue_residue	PRO79-PRO142	3982	0	25	0.0									not_selected				3326
residue_residue	PRO79-PRO143	3982	0	25	0.0									not_selected				3327
residue_residue	PRO79-PRO144	3982	0	25	0.0									not_selected				3328
residue_residue	PRO79-PRO145	3982	0	25	0.0									not_selected				3329
residue_residue	PRO79-PRO150	3982	0	25	0.0									not_selected				3330
residue_residue	PRO79-PRO151	3982	0	25	0.0									not_selected				3331
residue_residue	PRO79-PRO152	3982	0	25	0.0									not_selected				3332
residue_residue	PRO79-PRO153	3982	0	25	0.0									not_selected				3333
residue_residue	PRO79-PRO154	3982	0	25	0.0									not_selected				3334
residue_residue	PRO79-PRO155	3982	0	25	0.0									not_selected				3335
residue_residue	PRO79-PRO156	3982	0	25	0.0									not_selected				3336
residue_residue	PRO79-PRO159	3982	0	25	0.0									not_selected				3337
residue_residue	PRO79-PRO81	3982	0	25	0.0									not_selected				3338
residue_residue	PRO79-PRO82	3982	0	25	0.0									not_selected				3339
residue_residue	PRO79-PRO93	3982	0	25	0.0									not_selected				3340
residue_residue	PRO79-PRO96	3982	0	25	0.0									not_selected				3341
residue_residue	PRO79-PRO97	3982	0	25	0.0									not_selected				3342
residue_residue	PRO8-PRO10	3982	0	25	0.0									not_selected				3343
residue_residue	PRO8-PRO100	3982	0	25	0.0									not_selected				3344
residue_residue	PRO8-PRO11	3982	0	25	0.0									not_selected				3345
residue_residue	PRO8-PRO111	3982	0	25	0.0									not_selected				3346
residue_residue	PRO8-PRO112	3982	0	25	0.0									not_selected				3347
residue_residue	PRO8-PRO113	3982	0	25	0.0									not_selected				3348
residue_residue	PRO8-PRO114	3982	0	25	0.0									not_selected				3349
residue_residue	PRO8-PRO115	3982	0	25	0.0									not_selected				3350
residue_residue	PRO8-PRO116	3982	0	25	0.0									not_selected				3351
residue_residue	PRO8-PRO12	3982	0	25	0.0									not_selected				3352
residue_residue	PRO8-PRO13	3982	0	25	0.0									not_selected				3353
residue_residue	PRO8-PRO14	3982	0	25	0.0									not_selected				3354
residue_residue	PRO8-PRO142	3982	0	25	0.0									not_selected				3355
residue_residue	PRO8-PRO144	3982	0	25	0.0									not_selected				3356
residue_residue	PRO8-PRO15	3982	0	25	0.0									not_selected				3357
residue_residue	PRO8-PRO152	3982	0	25	0.0									not_selected				3358
residue_residue	PRO8-PRO155	3982	0	25	0.0									not_selected				3359
residue_residue	PRO8-PRO156	3982	0	25	0.0									not_selected				3360
residue_residue	PRO8-PRO159	3982	0	25	0.0									not_selected				3361
residue_residue	PRO8-PRO16	3982	0	25	0.0									not_selected				3362
residue_residue	PRO8-PRO17	3982	0	25	0.0									not_selected				3363
residue_residue	PRO8-PRO18	3982	0	25	0.0									not_selected				3364
residue_residue	PRO8-PRO19	3982	0	25	0.0									not_selected				3365
residue_residue	PRO8-PRO20	3982	0	25	0.0									not_selected				3366
residue_residue	PRO8-PRO21	3982	0	25	0.0									not_selected				3367
residue_residue	PRO8-PRO22	3982	0	25	0.0									not_selected				3368
residue_residue	PRO8-PRO23	3982	0	25	0.0									not_selected				3369
residue_residue	PRO8-PRO24	3982	0	25	0.0									not_selected				3370
residue_residue	PRO8-PRO35	3982	0	25	0.0									not_selected				3371
residue_residue	PRO8-PRO37	3982	0	25	0.0									not_selected				3372
residue_residue	PRO8-PRO38	3982	0	25	0.0									not_selected				3373
residue_residue	PRO8-PRO39	3982	0	25	0.0									not_selected				3374
residue_residue	PRO8-PRO40	3982	0	25	0.0									not_selected				3375
residue_residue	PRO8-PRO55	3982	0	25	0.0									not_selected				3376
residue_residue	PRO8-PRO56	3982	0	25	0.0									not_selected				3377
residue_residue	PRO8-PRO57	3982	0	25	0.0									not_selected				3378
residue_residue	PRO8-PRO58	3982	0	25	0.0									not_selected				3379
residue_residue	PRO8-PRO59	3982	0	25	0.0									not_selected				3380
residue_residue	PRO8-PRO60	3982	0	25	0.0									not_selected				3381
residue_residue	PRO8-PRO61	3982	0	25	0.0									not_selected				3382
residue_residue	PRO8-PRO68	3982	0	25	0.0									not_selected				3383
residue_residue	PRO8-PRO71	3982	0	25	0.0									not_selected				3384
residue_residue	PRO8-PRO72	3982	0	25	0.0									not_selected				3385
residue_residue	PRO8-PRO74	3982	0	25	0.0									not_selected				3386
residue_residue	PRO8-PRO75	3982	0	25	0.0									not_selected				3387
residue_residue	PRO8-PRO76	3982	0	25	0.0									not_selected				3388
residue_residue	PRO8-PRO77	3982	0	25	0.0									not_selected				3389
residue_residue	PRO8-PRO78	3982	0	25	0.0									not_selected				3390
residue_residue	PRO8-PRO79	3982	0	25	0.0									not_selected				3391
residue_residue	PRO8-PRO80	3982	0	25	0.0									not_selected				3392
residue_residue	PRO8-PRO81	3982	0	25	0.0									not_selected				3393
residue_residue	PRO8-PRO82	3982	0	25	0.0									not_selected				3394
residue_residue	PRO8-PRO83	3982	0	25	0.0									not_selected				3395
residue_residue	PRO8-PRO89	3982	0	25	0.0									not_selected				3396
residue_residue	PRO8-PRO9	3982	0	25	0.0									not_selected				3397
residue_residue	PRO8-PRO93	3982	0	25	0.0									not_selected				3398
residue_residue	PRO8-PRO96	3982	0	25	0.0									not_selected				3399
residue_residue	PRO80-PRO100	3982	0	25	0.0									not_selected				3400
residue_residue	PRO80-PRO101	3982	0	25	0.0									not_selected				3401
residue_residue	PRO80-PRO104	3982	0	25	0.0									not_selected				3402
residue_residue	PRO80-PRO109	3982	0	25	0.0									not_selected				3403
residue_residue	PRO80-PRO110	3982	0	25	0.0									not_selected				3404
residue_residue	PRO80-PRO111	3982	0	25	0.0									not_selected				3405
residue_residue	PRO80-PRO112	3982	0	25	0.0									not_selected				3406
residue_residue	PRO80-PRO113	3982	0	25	0.0									not_selected				3407
residue_residue	PRO80-PRO114	3982	0	25	0.0									not_selected				3408
residue_residue	PRO80-PRO115	3982	0	25	0.0									not_selected				3409
residue_residue	PRO80-PRO116	3982	0	25	0.0									not_selected				3410
residue_residue	PRO80-PRO125	3982	0	25	0.0									not_selected				3411
residue_residue	PRO80-PRO130	3982	0	25	0.0									not_selected				3412
residue_residue	PRO80-PRO133	3982	0	25	0.0									not_selected				3413
residue_residue	PRO80-PRO134	3982	0	25	0.0									not_selected				3414
residue_residue	PRO80-PRO137	3982	0	25	0.0									not_selected				3415
residue_residue	PRO80-PRO139	3982	0	25	0.0									not_selected				3416
residue_residue	PRO80-PRO141	3982	0	25	0.0									not_selected				3417
residue_residue	PRO80-PRO142	3982	0	25	0.0									not_selected				3418
residue_residue	PRO80-PRO143	3982	0	25	0.0									not_selected				3419
residue_residue	PRO80-PRO144	3982	0	25	0.0									not_selected				3420
residue_residue	PRO80-PRO155	3982	0	25	0.0									not_selected				3421
residue_residue	PRO80-PRO156	3982	0	25	0.0									not_selected				3422
residue_residue	PRO80-PRO159	3982	0	25	0.0									not_selected				3423
residue_residue	PRO80-PRO81	3982	0	25	0.0									not_selected				3424
residue_residue	PRO80-PRO82	3982	0	25	0.0									not_selected				3425
residue_residue	PRO80-PRO83	3982	0	25	0.0									not_selected				3426
residue_residue	PRO80-PRO84	3982	0	25	0.0									not_selected				3427
residue_residue	PRO80-PRO89	3982	0	25	0.0									not_selected				3428
residue_residue	PRO80-PRO90	3982	0	25	0.0									not_selected				3429
residue_residue	PRO80-PRO91	3982	0	25	0.0									not_selected				3430
residue_residue	PRO80-PRO92	3982	0	25	0.0									not_selected				3431
residue_residue	PRO80-PRO93	3982	0	25	0.0									not_selected				3432
residue_residue	PRO80-PRO94	3982	0	25	0.0									not_selected				3433
residue_residue	PRO80-PRO95	3982	0	25	0.0									not_selected				3434
residue_residue	PRO80-PRO96	3982	0	25	0.0									not_selected				3435
residue_residue	PRO80-PRO97	3982	0	25	0.0									not_selected				3436
residue_residue	PRO80-PRO98	3982	0	25	0.0									not_selected				3437
residue_residue	PRO80-PRO99	3982	0	25	0.0									not_selected				3438
residue_residue	PRO81-PRO100	3982	0	25	0.0									not_selected				3439
residue_residue	PRO81-PRO111	3982	0	25	0.0									not_selected				3440
residue_residue	PRO81-PRO112	3982	0	25	0.0									not_selected				3441
residue_residue	PRO81-PRO113	3982	0	25	0.0									not_selected				3442
residue_residue	PRO81-PRO114	3982	0	25	0.0									not_selected				3443
residue_residue	PRO81-PRO115	3982	0	25	0.0									not_selected				3444
residue_residue	PRO81-PRO116	3982	0	25	0.0									not_selected				3445
residue_residue	PRO81-PRO117	3982	0	25	0.0									not_selected				3446
residue_residue	PRO81-PRO118	3982	0	25	0.0									not_selected				3447
residue_residue	PRO81-PRO125	3982	0	25	0.0									not_selected				3448
residue_residue	PRO81-PRO130	3982	0	25	0.0									not_selected				3449
residue_residue	PRO81-PRO133	3982	0	25	0.0									not_selected				3450
residue_residue	PRO81-PRO139	3982	0	25	0.0									not_selected				3451
residue_residue	PRO81-PRO141	3982	0	25	0.0									not_selected				3452
residue_residue	PRO81-PRO142	3982	0	25	0.0									not_selected				3453
residue_residue	PRO81-PRO143	3982	0	25	0.0									not_selected				3454
residue_residue	PRO81-PRO144	3982	0	25	0.0									not_selected				3455
residue_residue	PRO81-PRO145	3982	0	25	0.0									not_selected				3456
residue_residue	PRO81-PRO150	3982	0	25	0.0									not_selected				3457
residue_residue	PRO81-PRO151	3982	0	25	0.0									not_selected				3458
residue_residue	PRO81-PRO152	3982	0	25	0.0									not_selected				3459
residue_residue	PRO81-PRO155	3982	0	25	0.0									not_selected				3460
residue_residue	PRO81-PRO156	3982	0	25	0.0									not_selected				3461
residue_residue	PRO81-PRO159	3982	0	25	0.0									not_selected				3462
residue_residue	PRO81-PRO82	3982	0	25	0.0									not_selected				3463
residue_residue	PRO81-PRO83	3982	0	25	0.0									not_selected				3464
residue_residue	PRO81-PRO84	3982	0	25	0.0									not_selected				3465
residue_residue	PRO81-PRO85	3982	0	25	0.0									not_selected				3466
residue_residue	PRO81-PRO86	3982	0	25	0.0									not_selected				3467
residue_residue	PRO81-PRO87	3982	0	25	0.0									not_selected				3468
residue_residue	PRO81-PRO88	3982	0	25	0.0									not_selected				3469
residue_residue	PRO81-PRO89	3982	0	25	0.0									not_selected				3470
residue_residue	PRO81-PRO91	3982	0	25	0.0									not_selected				3471
residue_residue	PRO81-PRO92	3982	0	25	0.0									not_selected				3472
residue_residue	PRO81-PRO93	3982	0	25	0.0									not_selected				3473
residue_residue	PRO81-PRO94	3982	0	25	0.0									not_selected				3474
residue_residue	PRO81-PRO95	3982	0	25	0.0									not_selected				3475
residue_residue	PRO81-PRO96	3982	0	25	0.0									not_selected				3476
residue_residue	PRO81-PRO97	3982	0	25	0.0									not_selected				3477
residue_residue	PRO82-PRO111	3982	0	25	0.0									not_selected				3478
residue_residue	PRO82-PRO112	3982	0	25	0.0									not_selected				3479
residue_residue	PRO82-PRO113	3982	0	25	0.0									not_selected				3480
residue_residue	PRO82-PRO114	3982	0	25	0.0									not_selected				3481
residue_residue	PRO82-PRO115	3982	0	25	0.0									not_selected				3482
residue_residue	PRO82-PRO116	3982	0	25	0.0									not_selected				3483
residue_residue	PRO82-PRO117	3982	0	25	0.0									not_selected				3484
residue_residue	PRO82-PRO118	3982	0	25	0.0									not_selected				3485
residue_residue	PRO82-PRO120	3982	0	25	0.0									not_selected				3486
residue_residue	PRO82-PRO122	3982	0	25	0.0									not_selected				3487
residue_residue	PRO82-PRO123	3982	0	25	0.0									not_selected				3488
residue_residue	PRO82-PRO124	3982	0	25	0.0									not_selected				3489
residue_residue	PRO82-PRO125	3982	0	25	0.0									not_selected				3490
residue_residue	PRO82-PRO127	3982	0	25	0.0									not_selected				3491
residue_residue	PRO82-PRO130	3982	0	25	0.0									not_selected				3492
residue_residue	PRO82-PRO133	3982	0	25	0.0									not_selected				3493
residue_residue	PRO82-PRO134	3982	0	25	0.0									not_selected				3494
residue_residue	PRO82-PRO137	3982	0	25	0.0									not_selected				3495
residue_residue	PRO82-PRO139	3982	0	25	0.0									not_selected				3496
residue_residue	PRO82-PRO141	3982	0	25	0.0									not_selected				3497
residue_residue	PRO82-PRO142	3982	0	25	0.0									not_selected				3498
residue_residue	PRO82-PRO143	3982	0	25	0.0									not_selected				3499
residue_residue	PRO82-PRO144	3982	0	25	0.0									not_selected				3500
residue_residue	PRO82-PRO145	3982	0	25	0.0									not_selected				3501
residue_residue	PRO82-PRO146	3982	0	25	0.0									not_selected				3502
residue_residue	PRO82-PRO152	3982	0	25	0.0									not_selected				3503
residue_residue	PRO82-PRO155	3982	0	25	0.0									not_selected				3504
residue_residue	PRO82-PRO83	3982	0	25	0.0									not_selected				3505
residue_residue	PRO82-PRO85	3982	0	25	0.0									not_selected				3506
residue_residue	PRO82-PRO86	3982	0	25	0.0									not_selected				3507
residue_residue	PRO82-PRO87	3982	0	25	0.0									not_selected				3508
residue_residue	PRO82-PRO88	3982	0	25	0.0									not_selected				3509
residue_residue	PRO82-PRO89	3982	0	25	0.0									not_selected				3510
residue_residue	PRO82-PRO90	3982	0	25	0.0									not_selected				3511
residue_residue	PRO82-PRO91	3982	0	25	0.0									not_selected				3512
residue_residue	PRO82-PRO92	3982	0	25	0.0									not_selected				3513
residue_residue	PRO82-PRO93	3982	0	25	0.0									not_selected				3514
residue_residue	PRO82-PRO94	3982	0	25	0.0									not_selected				3515
residue_residue	PRO82-PRO95	3982	0	25	0.0									not_selected				3516
residue_residue	PRO82-PRO96	3982	0	25	0.0									not_selected				3517
residue_residue	PRO82-PRO97	3982	0	25	0.0									not_selected				3518
residue_residue	PRO83-PRO113	3982	0	25	0.0									not_selected				3519
residue_residue	PRO83-PRO114	3982	0	25	0.0									not_selected				3520
residue_residue	PRO83-PRO115	3982	0	25	0.0									not_selected				3521
residue_residue	PRO83-PRO116	3982	0	25	0.0									not_selected				3522
residue_residue	PRO83-PRO117	3982	0	25	0.0									not_selected				3523
residue_residue	PRO83-PRO118	3982	0	25	0.0									not_selected				3524
residue_residue	PRO83-PRO119	3982	0	25	0.0									not_selected				3525
residue_residue	PRO83-PRO120	3982	0	25	0.0									not_selected				3526
residue_residue	PRO83-PRO122	3982	0	25	0.0									not_selected				3527
residue_residue	PRO83-PRO123	3982	0	25	0.0									not_selected				3528
residue_residue	PRO83-PRO124	3982	0	25	0.0									not_selected				3529
residue_residue	PRO83-PRO125	3982	0	25	0.0									not_selected				3530
residue_residue	PRO83-PRO127	3982	0	25	0.0									not_selected				3531
residue_residue	PRO83-PRO1276	3982	0	25	0.0									not_selected				3532
residue_residue	PRO83-PRO1277	3982	0	25	0.0									not_selected				3533
residue_residue	PRO83-PRO1278	3982	0	25	0.0									not_selected				3534
residue_residue	PRO83-PRO129	3982	0	25	0.0									not_selected				3535
residue_residue	PRO83-PRO130	3982	0	25	0.0									not_selected				3536
residue_residue	PRO83-PRO133	3982	0	25	0.0									not_selected				3537
residue_residue	PRO83-PRO141	3982	0	25	0.0									not_selected				3538
residue_residue	PRO83-PRO142	3982	0	25	0.0									not_selected				3539
residue_residue	PRO83-PRO143	3982	0	25	0.0									not_selected				3540
residue_residue	PRO83-PRO144	3982	0	25	0.0									not_selected				3541
residue_residue	PRO83-PRO145	3982	0	25	0.0									not_selected				3542
residue_residue	PRO83-PRO84	3982	0	25	0.0									not_selected				3543
residue_residue	PRO83-PRO85	3982	0	25	0.0									not_selected				3544
residue_residue	PRO83-PRO86	3982	0	25	0.0									not_selected				3545
residue_residue	PRO83-PRO87	3982	0	25	0.0									not_selected				3546
residue_residue	PRO83-PRO88	3982	0	25	0.0									not_selected				3547
residue_residue	PRO83-PRO89	3982	0	25	0.0									not_selected				3548
residue_residue	PRO83-PRO90	3982	0	25	0.0									not_selected				3549
residue_residue	PRO83-PRO91	3982	0	25	0.0									not_selected				3550
residue_residue	PRO83-PRO92	3982	0	25	0.0									not_selected				3551
residue_residue	PRO83-PRO93	3982	0	25	0.0									not_selected				3552
residue_residue	PRO83-PRO96	3982	0	25	0.0									not_selected				3553
residue_residue	PRO84-PRO113	3982	0	25	0.0									not_selected				3554
residue_residue	PRO84-PRO114	3982	0	25	0.0									not_selected				3555
residue_residue	PRO84-PRO115	3982	0	25	0.0									not_selected				3556
residue_residue	PRO84-PRO117	3982	0	25	0.0									not_selected				3557
residue_residue	PRO84-PRO118	3982	0	25	0.0									not_selected				3558
residue_residue	PRO84-PRO119	3982	0	25	0.0									not_selected				3559
residue_residue	PRO84-PRO120	3982	0	25	0.0									not_selected				3560
residue_residue	PRO84-PRO121	3982	0	25	0.0									not_selected				3561
residue_residue	PRO84-PRO122	3982	0	25	0.0									not_selected				3562
residue_residue	PRO84-PRO123	3982	0	25	0.0									not_selected				3563
residue_residue	PRO84-PRO124	3982	0	25	0.0									not_selected				3564
residue_residue	PRO84-PRO125	3982	0	25	0.0									not_selected				3565
residue_residue	PRO84-PRO127	3982	0	25	0.0									not_selected				3566
residue_residue	PRO84-PRO129	3982	0	25	0.0									not_selected				3567
residue_residue	PRO84-PRO130	3982	0	25	0.0									not_selected				3568
residue_residue	PRO84-PRO142	3982	0	25	0.0									not_selected				3569
residue_residue	PRO84-PRO143	3982	0	25	0.0									not_selected				3570
residue_residue	PRO84-PRO145	3982	0	25	0.0									not_selected				3571
residue_residue	PRO84-PRO147	3982	0	25	0.0									not_selected				3572
residue_residue	PRO84-PRO148	3982	0	25	0.0									not_selected				3573
residue_residue	PRO84-PRO150	3982	0	25	0.0									not_selected				3574
residue_residue	PRO84-PRO85	3982	0	25	0.0									not_selected				3575
residue_residue	PRO84-PRO86	3982	0	25	0.0									not_selected				3576
residue_residue	PRO84-PRO87	3982	0	25	0.0									not_selected				3577
residue_residue	PRO84-PRO88	3982	0	25	0.0									not_selected				3578
residue_residue	PRO84-PRO90	3982	0	25	0.0									not_selected				3579
residue_residue	PRO84-PRO91	3982	0	25	0.0									not_selected				3580
residue_residue	PRO84-PRO93	3982	0	25	0.0									not_selected				3581
residue_residue	PRO85-PRO114	3982	0	25	0.0									not_selected				3582
residue_residue	PRO85-PRO115	3982	0	25	0.0									not_selected				3583
residue_residue	PRO85-PRO117	3982	0	25	0.0									not_selected				3584
residue_residue	PRO85-PRO118	3982	0	25	0.0									not_selected				3585
residue_residue	PRO85-PRO119	3982	0	25	0.0									not_selected				3586
residue_residue	PRO85-PRO120	3982	0	25	0.0									not_selected				3587
residue_residue	PRO85-PRO121	3982	0	25	0.0									not_selected				3588
residue_residue	PRO85-PRO122	3982	0	25	0.0									not_selected				3589
residue_residue	PRO85-PRO123	3982	0	25	0.0									not_selected				3590
residue_residue	PRO85-PRO1233	3982	0	25	0.0									not_selected				3591
residue_residue	PRO85-PRO1236	3982	0	25	0.0									not_selected				3592
residue_residue	PRO85-PRO124	3982	0	25	0.0									not_selected				3593
residue_residue	PRO85-PRO125	3982	0	25	0.0									not_selected				3594
residue_residue	PRO85-PRO1267	3982	0	25	0.0									not_selected				3595
residue_residue	PRO85-PRO1269	3982	0	25	0.0									not_selected				3596
residue_residue	PRO85-PRO127	3982	0	25	0.0									not_selected				3597
residue_residue	PRO85-PRO1273	3982	0	25	0.0									not_selected				3598
residue_residue	PRO85-PRO1276	3982	0	25	0.0									not_selected				3599
residue_residue	PRO85-PRO1277	3982	0	25	0.0									not_selected				3600
residue_residue	PRO85-PRO1278	3982	0	25	0.0									not_selected				3601
residue_residue	PRO85-PRO130	3982	0	25	0.0									not_selected				3602
residue_residue	PRO85-PRO143	3982	0	25	0.0									not_selected				3603
residue_residue	PRO85-PRO145	3982	0	25	0.0									not_selected				3604
residue_residue	PRO85-PRO147	3982	0	25	0.0									not_selected				3605
residue_residue	PRO85-PRO86	3982	0	25	0.0									not_selected				3606
residue_residue	PRO85-PRO87	3982	0	25	0.0									not_selected				3607
residue_residue	PRO85-PRO88	3982	0	25	0.0									not_selected				3608
residue_residue	PRO85-PRO90	3982	0	25	0.0									not_selected				3609
residue_residue	PRO85-PRO91	3982	0	25	0.0									not_selected				3610
residue_residue	PRO86-PRO113	3982	0	25	0.0									not_selected				3611
residue_residue	PRO86-PRO114	3982	0	25	0.0									not_selected				3612
residue_residue	PRO86-PRO115	3982	0	25	0.0									not_selected				3613
residue_residue	PRO86-PRO117	3982	0	25	0.0									not_selected				3614
residue_residue	PRO86-PRO118	3982	0	25	0.0									not_selected				3615
residue_residue	PRO86-PRO120	3982	0	25	0.0									not_selected				3616
residue_residue	PRO86-PRO122	3982	0	25	0.0									not_selected				3617
residue_residue	PRO86-PRO123	3982	0	25	0.0									not_selected				3618
residue_residue	PRO86-PRO1233	3982	0	25	0.0									not_selected				3619
residue_residue	PRO86-PRO1234	3982	0	25	0.0									not_selected				3620
residue_residue	PRO86-PRO1236	3982	0	25	0.0									not_selected				3621
residue_residue	PRO86-PRO124	3982	0	25	0.0									not_selected				3622
residue_residue	PRO86-PRO125	3982	0	25	0.0									not_selected				3623
residue_residue	PRO86-PRO1273	3982	0	25	0.0									not_selected				3624
residue_residue	PRO86-PRO1275	3982	0	25	0.0									not_selected				3625
residue_residue	PRO86-PRO1276	3982	0	25	0.0									not_selected				3626
residue_residue	PRO86-PRO1277	3982	0	25	0.0									not_selected				3627
residue_residue	PRO86-PRO1278	3982	0	25	0.0									not_selected				3628
residue_residue	PRO86-PRO1279	3982	0	25	0.0									not_selected				3629
residue_residue	PRO86-PRO1282	3982	0	25	0.0									not_selected				3630
residue_residue	PRO86-PRO1283	3982	0	25	0.0									not_selected				3631
residue_residue	PRO86-PRO130	3982	0	25	0.0									not_selected				3632
residue_residue	PRO86-PRO87	3982	0	25	0.0									not_selected				3633
residue_residue	PRO86-PRO88	3982	0	25	0.0									not_selected				3634
residue_residue	PRO86-PRO89	3982	0	25	0.0									not_selected				3635
residue_residue	PRO86-PRO90	3982	0	25	0.0									not_selected				3636
residue_residue	PRO86-PRO91	3982	0	25	0.0									not_selected				3637
residue_residue	PRO86-PRO92	3982	0	25	0.0									not_selected				3638
residue_residue	PRO86-PRO93	3982	0	25	0.0									not_selected				3639
residue_residue	PRO86-PRO96	3982	0	25	0.0									not_selected				3640
residue_residue	PRO87-PRO113	3982	0	25	0.0									not_selected				3641
residue_residue	PRO87-PRO115	3982	0	25	0.0									not_selected				3642
residue_residue	PRO87-PRO117	3982	0	25	0.0									not_selected				3643
residue_residue	PRO87-PRO122	3982	0	25	0.0									not_selected				3644
residue_residue	PRO87-PRO123	3982	0	25	0.0									not_selected				3645
residue_residue	PRO87-PRO1231	3982	0	25	0.0									not_selected				3646
residue_residue	PRO87-PRO1232	3982	0	25	0.0									not_selected				3647
residue_residue	PRO87-PRO1233	3982	0	25	0.0									not_selected				3648
residue_residue	PRO87-PRO1234	3982	0	25	0.0									not_selected				3649
residue_residue	PRO87-PRO1235	3982	0	25	0.0									not_selected				3650
residue_residue	PRO87-PRO1236	3982	0	25	0.0									not_selected				3651
residue_residue	PRO87-PRO124	3982	0	25	0.0									not_selected				3652
residue_residue	PRO87-PRO125	3982	0	25	0.0									not_selected				3653
residue_residue	PRO87-PRO127	3982	0	25	0.0									not_selected				3654
residue_residue	PRO87-PRO1277	3982	0	25	0.0									not_selected				3655
residue_residue	PRO87-PRO1278	3982	0	25	0.0									not_selected				3656
residue_residue	PRO87-PRO1279	3982	0	25	0.0									not_selected				3657
residue_residue	PRO87-PRO129	3982	0	25	0.0									not_selected				3658
residue_residue	PRO87-PRO130	3982	0	25	0.0									not_selected				3659
residue_residue	PRO87-PRO133	3982	0	25	0.0									not_selected				3660
residue_residue	PRO87-PRO88	3982	0	25	0.0									not_selected				3661
residue_residue	PRO87-PRO89	3982	0	25	0.0									not_selected				3662
residue_residue	PRO87-PRO90	3982	0	25	0.0									not_selected				3663
residue_residue	PRO87-PRO91	3982	0	25	0.0									not_selected				3664
residue_residue	PRO87-PRO92	3982	0	25	0.0									not_selected				3665
residue_residue	PRO87-PRO93	3982	0	25	0.0									not_selected				3666
residue_residue	PRO87-PRO94	3982	0	25	0.0									not_selected				3667
residue_residue	PRO87-PRO95	3982	0	25	0.0									not_selected				3668
residue_residue	PRO87-PRO96	3982	0	25	0.0									not_selected				3669
residue_residue	PRO88-PRO1231	3982	0	25	0.0									not_selected				3670
residue_residue	PRO88-PRO1232	3982	0	25	0.0									not_selected				3671
residue_residue	PRO88-PRO1233	3982	0	25	0.0									not_selected				3672
residue_residue	PRO88-PRO1234	3982	0	25	0.0									not_selected				3673
residue_residue	PRO88-PRO1235	3982	0	25	0.0									not_selected				3674
residue_residue	PRO88-PRO1236	3982	0	25	0.0									not_selected				3675
residue_residue	PRO88-PRO1237	3982	0	25	0.0									not_selected				3676
residue_residue	PRO88-PRO124	3982	0	25	0.0									not_selected				3677
residue_residue	PRO88-PRO125	3982	0	25	0.0									not_selected				3678
residue_residue	PRO88-PRO1275	3982	0	25	0.0									not_selected				3679
residue_residue	PRO88-PRO1276	3982	0	25	0.0									not_selected				3680
residue_residue	PRO88-PRO1277	3982	0	25	0.0									not_selected				3681
residue_residue	PRO88-PRO1278	3982	0	25	0.0									not_selected				3682
residue_residue	PRO88-PRO1279	3982	0	25	0.0									not_selected				3683
residue_residue	PRO88-PRO1280	3982	0	25	0.0									not_selected				3684
residue_residue	PRO88-PRO1282	3982	0	25	0.0									not_selected				3685
residue_residue	PRO88-PRO1283	3982	0	25	0.0									not_selected				3686
residue_residue	PRO88-PRO1286	3982	0	25	0.0									not_selected				3687
residue_residue	PRO88-PRO133	3982	0	25	0.0									not_selected				3688
residue_residue	PRO88-PRO1391	3982	0	25	0.0									not_selected				3689
residue_residue	PRO88-PRO89	3982	0	25	0.0									not_selected				3690
residue_residue	PRO88-PRO90	3982	0	25	0.0									not_selected				3691
residue_residue	PRO88-PRO91	3982	0	25	0.0									not_selected				3692
residue_residue	PRO88-PRO92	3982	0	25	0.0									not_selected				3693
residue_residue	PRO88-PRO95	3982	0	25	0.0									not_selected				3694
residue_residue	PRO88-PRO96	3982	0	25	0.0									not_selected				3695
residue_residue	PRO89-PRO114	3982	0	25	0.0									not_selected				3696
residue_residue	PRO89-PRO115	3982	0	25	0.0									not_selected				3697
residue_residue	PRO89-PRO116	3982	0	25	0.0									not_selected				3698
residue_residue	PRO89-PRO117	3982	0	25	0.0									not_selected				3699
residue_residue	PRO89-PRO123	3982	0	25	0.0									not_selected				3700
residue_residue	PRO89-PRO1233	3982	0	25	0.0									not_selected				3701
residue_residue	PRO89-PRO1234	3982	0	25	0.0									not_selected				3702
residue_residue	PRO89-PRO1236	3982	0	25	0.0									not_selected				3703
residue_residue	PRO89-PRO124	3982	0	25	0.0									not_selected				3704
residue_residue	PRO89-PRO125	3982	0	25	0.0									not_selected				3705
residue_residue	PRO89-PRO1276	3982	0	25	0.0									not_selected				3706
residue_residue	PRO89-PRO1279	3982	0	25	0.0									not_selected				3707
residue_residue	PRO89-PRO130	3982	0	25	0.0									not_selected				3708
residue_residue	PRO89-PRO133	3982	0	25	0.0									not_selected				3709
residue_residue	PRO89-PRO137	3982	0	25	0.0									not_selected				3710
residue_residue	PRO89-PRO141	3982	0	25	0.0									not_selected				3711
residue_residue	PRO89-PRO90	3982	0	25	0.0									not_selected				3712
residue_residue	PRO89-PRO92	3982	0	25	0.0									not_selected				3713
residue_residue	PRO89-PRO94	3982	0	25	0.0									not_selected				3714
residue_residue	PRO89-PRO95	3982	0	25	0.0									not_selected				3715
residue_residue	PRO89-PRO96	3982	0	25	0.0									not_selected				3716
residue_residue	PRO89-PRO97	3982	0	25	0.0									not_selected				3717
residue_residue	PRO9-PRO10	3982	0	25	0.0									not_selected				3718
residue_residue	PRO9-PRO100	3982	0	25	0.0									not_selected				3719
residue_residue	PRO9-PRO101	3982	0	25	0.0									not_selected				3720
residue_residue	PRO9-PRO103	3982	0	25	0.0									not_selected				3721
residue_residue	PRO9-PRO104	3982	0	25	0.0									not_selected				3722
residue_residue	PRO9-PRO109	3982	0	25	0.0									not_selected				3723
residue_residue	PRO9-PRO11	3982	0	25	0.0									not_selected				3724
residue_residue	PRO9-PRO110	3982	0	25	0.0									not_selected				3725
residue_residue	PRO9-PRO111	3982	0	25	0.0									not_selected				3726
residue_residue	PRO9-PRO112	3982	0	25	0.0									not_selected				3727
residue_residue	PRO9-PRO113	3982	0	25	0.0									not_selected				3728
residue_residue	PRO9-PRO114	3982	0	25	0.0									not_selected				3729
residue_residue	PRO9-PRO115	3982	0	25	0.0									not_selected				3730
residue_residue	PRO9-PRO116	3982	0	25	0.0									not_selected				3731
residue_residue	PRO9-PRO12	3982	0	25	0.0									not_selected				3732
residue_residue	PRO9-PRO13	3982	0	25	0.0									not_selected				3733
residue_residue	PRO9-PRO139	3982	0	25	0.0									not_selected				3734
residue_residue	PRO9-PRO14	3982	0	25	0.0									not_selected				3735
residue_residue	PRO9-PRO15	3982	0	25	0.0									not_selected				3736
residue_residue	PRO9-PRO155	3982	0	25	0.0									not_selected				3737
residue_residue	PRO9-PRO156	3982	0	25	0.0									not_selected				3738
residue_residue	PRO9-PRO159	3982	0	25	0.0									not_selected				3739
residue_residue	PRO9-PRO16	3982	0	25	0.0									not_selected				3740
residue_residue	PRO9-PRO17	3982	0	25	0.0									not_selected				3741
residue_residue	PRO9-PRO19	3982	0	25	0.0									not_selected				3742
residue_residue	PRO9-PRO20	3982	0	25	0.0									not_selected				3743
residue_residue	PRO9-PRO35	3982	0	25	0.0									not_selected				3744
residue_residue	PRO9-PRO37	3982	0	25	0.0									not_selected				3745
residue_residue	PRO9-PRO55	3982	0	25	0.0									not_selected				3746
residue_residue	PRO9-PRO56	3982	0	25	0.0									not_selected				3747
residue_residue	PRO9-PRO57	3982	0	25	0.0									not_selected				3748
residue_residue	PRO9-PRO58	3982	0	25	0.0									not_selected				3749
residue_residue	PRO9-PRO59	3982	0	25	0.0									not_selected				3750
residue_residue	PRO9-PRO60	3982	0	25	0.0									not_selected				3751
residue_residue	PRO9-PRO61	3982	0	25	0.0									not_selected				3752
residue_residue	PRO9-PRO64	3982	0	25	0.0									not_selected				3753
residue_residue	PRO9-PRO65	3982	0	25	0.0									not_selected				3754
residue_residue	PRO9-PRO67	3982	0	25	0.0									not_selected				3755
residue_residue	PRO9-PRO68	3982	0	25	0.0									not_selected				3756
residue_residue	PRO9-PRO69	3982	0	25	0.0									not_selected				3757
residue_residue	PRO9-PRO70	3982	0	25	0.0									not_selected				3758
residue_residue	PRO9-PRO71	3982	0	25	0.0									not_selected				3759
residue_residue	PRO9-PRO72	3982	0	25	0.0									not_selected				3760
residue_residue	PRO9-PRO73	3982	0	25	0.0									not_selected				3761
residue_residue	PRO9-PRO74	3982	0	25	0.0									not_selected				3762
residue_residue	PRO9-PRO75	3982	0	25	0.0									not_selected				3763
residue_residue	PRO9-PRO76	3982	0	25	0.0									not_selected				3764
residue_residue	PRO9-PRO77	3982	0	25	0.0									not_selected				3765
residue_residue	PRO9-PRO78	3982	0	25	0.0									not_selected				3766
residue_residue	PRO9-PRO79	3982	0	25	0.0									not_selected				3767
residue_residue	PRO9-PRO80	3982	0	25	0.0									not_selected				3768
residue_residue	PRO9-PRO81	3982	0	25	0.0									not_selected				3769
residue_residue	PRO9-PRO82	3982	0	25	0.0									not_selected				3770
residue_residue	PRO9-PRO83	3982	0	25	0.0									not_selected				3771
residue_residue	PRO9-PRO89	3982	0	25	0.0									not_selected				3772
residue_residue	PRO9-PRO90	3982	0	25	0.0									not_selected				3773
residue_residue	PRO9-PRO92	3982	0	25	0.0									not_selected				3774
residue_residue	PRO9-PRO93	3982	0	25	0.0									not_selected				3775
residue_residue	PRO9-PRO94	3982	0	25	0.0									not_selected				3776
residue_residue	PRO9-PRO95	3982	0	25	0.0									not_selected				3777
residue_residue	PRO9-PRO96	3982	0	25	0.0									not_selected				3778
residue_residue	PRO9-PRO97	3982	0	25	0.0									not_selected				3779
residue_residue	PRO9-PRO98	3982	0	25	0.0									not_selected				3780
residue_residue	PRO9-PRO99	3982	0	25	0.0									not_selected				3781
residue_residue	PRO90-PRO113	3982	0	25	0.0									not_selected				3782
residue_residue	PRO90-PRO114	3982	0	25	0.0									not_selected				3783
residue_residue	PRO90-PRO115	3982	0	25	0.0									not_selected				3784
residue_residue	PRO90-PRO116	3982	0	25	0.0									not_selected				3785
residue_residue	PRO90-PRO123	3982	0	25	0.0									not_selected				3786
residue_residue	PRO90-PRO1233	3982	0	25	0.0									not_selected				3787
residue_residue	PRO90-PRO1234	3982	0	25	0.0									not_selected				3788
residue_residue	PRO90-PRO124	3982	0	25	0.0									not_selected				3789
residue_residue	PRO90-PRO125	3982	0	25	0.0									not_selected				3790
residue_residue	PRO90-PRO127	3982	0	25	0.0									not_selected				3791
residue_residue	PRO90-PRO1277	3982	0	25	0.0									not_selected				3792
residue_residue	PRO90-PRO1278	3982	0	25	0.0									not_selected				3793
residue_residue	PRO90-PRO129	3982	0	25	0.0									not_selected				3794
residue_residue	PRO90-PRO130	3982	0	25	0.0									not_selected				3795
residue_residue	PRO90-PRO133	3982	0	25	0.0									not_selected				3796
residue_residue	PRO90-PRO134	3982	0	25	0.0									not_selected				3797
residue_residue	PRO90-PRO136	3982	0	25	0.0									not_selected				3798
residue_residue	PRO90-PRO137	3982	0	25	0.0									not_selected				3799
residue_residue	PRO90-PRO139	3982	0	25	0.0									not_selected				3800
residue_residue	PRO90-PRO141	3982	0	25	0.0									not_selected				3801
residue_residue	PRO90-PRO142	3982	0	25	0.0									not_selected				3802
residue_residue	PRO90-PRO143	3982	0	25	0.0									not_selected				3803
residue_residue	PRO90-PRO91	3982	0	25	0.0									not_selected				3804
residue_residue	PRO90-PRO93	3982	0	25	0.0									not_selected				3805
residue_residue	PRO90-PRO94	3982	0	25	0.0									not_selected				3806
residue_residue	PRO90-PRO95	3982	0	25	0.0									not_selected				3807
residue_residue	PRO90-PRO96	3982	0	25	0.0									not_selected				3808
residue_residue	PRO90-PRO97	3982	0	25	0.0									not_selected				3809
residue_residue	PRO90-PRO98	3982	0	25	0.0									not_selected				3810
residue_residue	PRO91-PRO113	3982	0	25	0.0									not_selected				3811
residue_residue	PRO91-PRO1231	3982	0	25	0.0									not_selected				3812
residue_residue	PRO91-PRO1232	3982	0	25	0.0									not_selected				3813
residue_residue	PRO91-PRO1233	3982	0	25	0.0									not_selected				3814
residue_residue	PRO91-PRO1234	3982	0	25	0.0									not_selected				3815
residue_residue	PRO91-PRO1235	3982	0	25	0.0									not_selected				3816
residue_residue	PRO91-PRO1236	3982	0	25	0.0									not_selected				3817
residue_residue	PRO91-PRO124	3982	0	25	0.0									not_selected				3818
residue_residue	PRO91-PRO125	3982	0	25	0.0									not_selected				3819
residue_residue	PRO91-PRO1278	3982	0	25	0.0									not_selected				3820
residue_residue	PRO91-PRO129	3982	0	25	0.0									not_selected				3821
residue_residue	PRO91-PRO130	3982	0	25	0.0									not_selected				3822
residue_residue	PRO91-PRO133	3982	0	25	0.0									not_selected				3823
residue_residue	PRO91-PRO137	3982	0	25	0.0									not_selected				3824
residue_residue	PRO91-PRO92	3982	0	25	0.0									not_selected				3825
residue_residue	PRO91-PRO93	3982	0	25	0.0									not_selected				3826
residue_residue	PRO91-PRO95	3982	0	25	0.0									not_selected				3827
residue_residue	PRO91-PRO96	3982	0	25	0.0									not_selected				3828
residue_residue	PRO91-PRO99	3982	0	25	0.0									not_selected				3829
residue_residue	PRO92-PRO100	3982	0	25	0.0									not_selected				3830
residue_residue	PRO92-PRO111	3982	0	25	0.0									not_selected				3831
residue_residue	PRO92-PRO113	3982	0	25	0.0									not_selected				3832
residue_residue	PRO92-PRO114	3982	0	25	0.0									not_selected				3833
residue_residue	PRO92-PRO1233	3982	0	25	0.0									not_selected				3834
residue_residue	PRO92-PRO1234	3982	0	25	0.0									not_selected				3835
residue_residue	PRO92-PRO1235	3982	0	25	0.0									not_selected				3836
residue_residue	PRO92-PRO1237	3982	0	25	0.0									not_selected				3837
residue_residue	PRO92-PRO125	3982	0	25	0.0									not_selected				3838
residue_residue	PRO92-PRO1277	3982	0	25	0.0									not_selected				3839
residue_residue	PRO92-PRO1278	3982	0	25	0.0									not_selected				3840
residue_residue	PRO92-PRO1283	3982	0	25	0.0									not_selected				3841
residue_residue	PRO92-PRO133	3982	0	25	0.0									not_selected				3842
residue_residue	PRO92-PRO137	3982	0	25	0.0									not_selected				3843
residue_residue	PRO92-PRO139	3982	0	25	0.0									not_selected				3844
residue_residue	PRO92-PRO93	3982	0	25	0.0									not_selected				3845
residue_residue	PRO92-PRO94	3982	0	25	0.0									not_selected				3846
residue_residue	PRO92-PRO95	3982	0	25	0.0									not_selected				3847
residue_residue	PRO92-PRO96	3982	0	25	0.0									not_selected				3848
residue_residue	PRO92-PRO97	3982	0	25	0.0									not_selected				3849
residue_residue	PRO92-PRO98	3982	0	25	0.0									not_selected				3850
residue_residue	PRO92-PRO99	3982	0	25	0.0									not_selected				3851
residue_residue	PRO93-PRO100	3982	0	25	0.0									not_selected				3852
residue_residue	PRO93-PRO101	3982	0	25	0.0									not_selected				3853
residue_residue	PRO93-PRO111	3982	0	25	0.0									not_selected				3854
residue_residue	PRO93-PRO112	3982	0	25	0.0									not_selected				3855
residue_residue	PRO93-PRO113	3982	0	25	0.0									not_selected				3856
residue_residue	PRO93-PRO114	3982	0	25	0.0									not_selected				3857
residue_residue	PRO93-PRO115	3982	0	25	0.0									not_selected				3858
residue_residue	PRO93-PRO116	3982	0	25	0.0									not_selected				3859
residue_residue	PRO93-PRO123	3982	0	25	0.0									not_selected				3860
residue_residue	PRO93-PRO1233	3982	0	25	0.0									not_selected				3861
residue_residue	PRO93-PRO1234	3982	0	25	0.0									not_selected				3862
residue_residue	PRO93-PRO125	3982	0	25	0.0									not_selected				3863
residue_residue	PRO93-PRO127	3982	0	25	0.0									not_selected				3864
residue_residue	PRO93-PRO129	3982	0	25	0.0									not_selected				3865
residue_residue	PRO93-PRO130	3982	0	25	0.0									not_selected				3866
residue_residue	PRO93-PRO133	3982	0	25	0.0									not_selected				3867
residue_residue	PRO93-PRO134	3982	0	25	0.0									not_selected				3868
residue_residue	PRO93-PRO136	3982	0	25	0.0									not_selected				3869
residue_residue	PRO93-PRO137	3982	0	25	0.0									not_selected				3870
residue_residue	PRO93-PRO139	3982	0	25	0.0									not_selected				3871
residue_residue	PRO93-PRO141	3982	0	25	0.0									not_selected				3872
residue_residue	PRO93-PRO142	3982	0	25	0.0									not_selected				3873
residue_residue	PRO93-PRO143	3982	0	25	0.0									not_selected				3874
residue_residue	PRO93-PRO94	3982	0	25	0.0									not_selected				3875
residue_residue	PRO93-PRO95	3982	0	25	0.0									not_selected				3876
residue_residue	PRO93-PRO96	3982	0	25	0.0									not_selected				3877
residue_residue	PRO93-PRO97	3982	0	25	0.0									not_selected				3878
residue_residue	PRO93-PRO98	3982	0	25	0.0									not_selected				3879
residue_residue	PRO93-PRO99	3982	0	25	0.0									not_selected				3880
residue_residue	PRO94-PRO100	3982	0	25	0.0									not_selected				3881
residue_residue	PRO94-PRO101	3982	0	25	0.0									not_selected				3882
residue_residue	PRO94-PRO102	3982	0	25	0.0									not_selected				3883
residue_residue	PRO94-PRO107	3982	0	25	0.0									not_selected				3884
residue_residue	PRO94-PRO111	3982	0	25	0.0									not_selected				3885
residue_residue	PRO94-PRO113	3982	0	25	0.0									not_selected				3886
residue_residue	PRO94-PRO1234	3982	0	25	0.0									not_selected				3887
residue_residue	PRO94-PRO1235	3982	0	25	0.0									not_selected				3888
residue_residue	PRO94-PRO125	3982	0	25	0.0									not_selected				3889
residue_residue	PRO94-PRO129	3982	0	25	0.0									not_selected				3890
residue_residue	PRO94-PRO130	3982	0	25	0.0									not_selected				3891
residue_residue	PRO94-PRO133	3982	0	25	0.0									not_selected				3892
residue_residue	PRO94-PRO134	3982	0	25	0.0									not_selected				3893
residue_residue	PRO94-PRO136	3982	0	25	0.0									not_selected				3894
residue_residue	PRO94-PRO139	3982	0	25	0.0									not_selected				3895
residue_residue	PRO94-PRO95	3982	0	25	0.0									not_selected				3896
residue_residue	PRO94-PRO96	3982	0	25	0.0									not_selected				3897
residue_residue	PRO94-PRO97	3982	0	25	0.0									not_selected				3898
residue_residue	PRO94-PRO98	3982	0	25	0.0									not_selected				3899
residue_residue	PRO94-PRO99	3982	0	25	0.0									not_selected				3900
residue_residue	PRO95-PRO100	3982	0	25	0.0									not_selected				3901
residue_residue	PRO95-PRO101	3982	0	25	0.0									not_selected				3902
residue_residue	PRO95-PRO102	3982	0	25	0.0									not_selected				3903
residue_residue	PRO95-PRO103	3982	0	25	0.0									not_selected				3904
residue_residue	PRO95-PRO104	3982	0	25	0.0									not_selected				3905
residue_residue	PRO95-PRO111	3982	0	25	0.0									not_selected				3906
residue_residue	PRO95-PRO113	3982	0	25	0.0									not_selected				3907
residue_residue	PRO95-PRO1234	3982	0	25	0.0									not_selected				3908
residue_residue	PRO95-PRO1235	3982	0	25	0.0									not_selected				3909
residue_residue	PRO95-PRO1237	3982	0	25	0.0									not_selected				3910
residue_residue	PRO95-PRO133	3982	0	25	0.0									not_selected				3911
residue_residue	PRO95-PRO137	3982	0	25	0.0									not_selected				3912
residue_residue	PRO95-PRO139	3982	0	25	0.0									not_selected				3913
residue_residue	PRO95-PRO96	3982	0	25	0.0									not_selected				3914
residue_residue	PRO95-PRO97	3982	0	25	0.0									not_selected				3915
residue_residue	PRO95-PRO98	3982	0	25	0.0									not_selected				3916
residue_residue	PRO95-PRO99	3982	0	25	0.0									not_selected				3917
residue_residue	PRO96-PRO100	3982	0	25	0.0									not_selected				3918
residue_residue	PRO96-PRO101	3982	0	25	0.0									not_selected				3919
residue_residue	PRO96-PRO102	3982	0	25	0.0									not_selected				3920
residue_residue	PRO96-PRO103	3982	0	25	0.0									not_selected				3921
residue_residue	PRO96-PRO104	3982	0	25	0.0									not_selected				3922
residue_residue	PRO96-PRO105	3982	0	25	0.0									not_selected				3923
residue_residue	PRO96-PRO106	3982	0	25	0.0									not_selected				3924
residue_residue	PRO96-PRO107	3982	0	25	0.0									not_selected				3925
residue_residue	PRO96-PRO110	3982	0	25	0.0									not_selected				3926
residue_residue	PRO96-PRO111	3982	0	25	0.0									not_selected				3927
residue_residue	PRO96-PRO112	3982	0	25	0.0									not_selected				3928
residue_residue	PRO96-PRO113	3982	0	25	0.0									not_selected				3929
residue_residue	PRO96-PRO114	3982	0	25	0.0									not_selected				3930
residue_residue	PRO96-PRO133	3982	0	25	0.0									not_selected				3931
residue_residue	PRO96-PRO137	3982	0	25	0.0									not_selected				3932
residue_residue	PRO96-PRO139	3982	0	25	0.0									not_selected				3933
residue_residue	PRO96-PRO97	3982	0	25	0.0									not_selected				3934
residue_residue	PRO96-PRO98	3982	0	25	0.0									not_selected				3935
residue_residue	PRO96-PRO99	3982	0	25	0.0									not_selected				3936
residue_residue	PRO97-PRO100	3982	0	25	0.0									not_selected				3937
residue_residue	PRO97-PRO101	3982	0	25	0.0									not_selected				3938
residue_residue	PRO97-PRO102	3982	0	25	0.0									not_selected				3939
residue_residue	PRO97-PRO103	3982	0	25	0.0									not_selected				3940
residue_residue	PRO97-PRO104	3982	0	25	0.0									not_selected				3941
residue_residue	PRO97-PRO105	3982	0	25	0.0									not_selected				3942
residue_residue	PRO97-PRO106	3982	0	25	0.0									not_selected				3943
residue_residue	PRO97-PRO107	3982	0	25	0.0									not_selected				3944
residue_residue	PRO97-PRO109	3982	0	25	0.0									not_selected				3945
residue_residue	PRO97-PRO110	3982	0	25	0.0									not_selected				3946
residue_residue	PRO97-PRO111	3982	0	25	0.0									not_selected				3947
residue_residue	PRO97-PRO112	3982	0	25	0.0									not_selected				3948
residue_residue	PRO97-PRO113	3982	0	25	0.0									not_selected				3949
residue_residue	PRO97-PRO114	3982	0	25	0.0									not_selected				3950
residue_residue	PRO97-PRO133	3982	0	25	0.0									not_selected				3951
residue_residue	PRO97-PRO134	3982	0	25	0.0									not_selected				3952
residue_residue	PRO97-PRO136	3982	0	25	0.0									not_selected				3953
residue_residue	PRO97-PRO137	3982	0	25	0.0									not_selected				3954
residue_residue	PRO97-PRO139	3982	0	25	0.0									not_selected				3955
residue_residue	PRO97-PRO98	3982	0	25	0.0									not_selected				3956
residue_residue	PRO98-PRO101	3982	0	25	0.0									not_selected				3957
residue_residue	PRO98-PRO102	3982	0	25	0.0									not_selected				3958
residue_residue	PRO98-PRO103	3982	0	25	0.0									not_selected				3959
residue_residue	PRO98-PRO104	3982	0	25	0.0									not_selected				3960
residue_residue	PRO98-PRO105	3982	0	25	0.0									not_selected				3961
residue_residue	PRO98-PRO106	3982	0	25	0.0									not_selected				3962
residue_residue	PRO98-PRO107	3982	0	25	0.0									not_selected				3963
residue_residue	PRO98-PRO109	3982	0	25	0.0									not_selected				3964
residue_residue	PRO98-PRO111	3982	0	25	0.0									not_selected				3965
residue_residue	PRO98-PRO113	3982	0	25	0.0									not_selected				3966
residue_residue	PRO98-PRO133	3982	0	25	0.0									not_selected				3967
residue_residue	PRO98-PRO136	3982	0	25	0.0									not_selected				3968
residue_residue	PRO98-PRO137	3982	0	25	0.0									not_selected				3969
residue_residue	PRO98-PRO139	3982	0	25	0.0									not_selected				3970
residue_residue	PRO98-PRO99	3982	0	25	0.0									not_selected				3971
residue_residue	PRO99-PRO100	3982	0	25	0.0									not_selected				3972
residue_residue	PRO99-PRO101	3982	0	25	0.0									not_selected				3973
residue_residue	PRO99-PRO102	3982	0	25	0.0									not_selected				3974
residue_residue	PRO99-PRO103	3982	0	25	0.0									not_selected				3975
residue_residue	PRO99-PRO104	3982	0	25	0.0									not_selected				3976
residue_residue	PRO99-PRO105	3982	0	25	0.0									not_selected				3977
residue_residue	PRO99-PRO106	3982	0	25	0.0									not_selected				3978
residue_residue	PRO99-PRO107	3982	0	25	0.0									not_selected				3979
residue_residue	PRO99-PRO109	3982	0	25	0.0									not_selected				3980
residue_residue	PRO99-PRO111	3982	0	25	0.0									not_selected				3981
residue_residue	PRO99-PRO137	3982	0	25	0.0									not_selected				3982
