feature_set	feature	n_features_in_set	selected_outer_folds	total_outer_folds	selection_frequency	mean_coefficient_for_low	median_coefficient_for_low	coefficient_std	mean_absolute_coefficient	median_absolute_coefficient	positive_direction_fraction	negative_direction_fraction	zero_direction_fraction	dominant_direction	dominant_direction_fraction	mean_outer_training_f_score	median_outer_training_f_score	stability_rank_within_feature_set
combined_all	PRO62-PRO1279	4086	25	25	1.0	2.1852357440902095	1.5901650919815586	1.989820449600086	2.1852357440902095	1.5901650919815586	1.0	0.0	0.0	towards_low	1.0	24.45739842972209	21.001633403507963	1
combined_all	PRO1275-PRO1276	4086	21	25	0.84	1.3799926663546205	0.9778252821435872	1.5647498022840796	1.4423821082690582	0.9778252821435872	0.9523809523809523	0.047619047619047616	0.0	towards_low	0.9523809523809523	15.88421662483532	14.91466083006246	2
combined_all	PRO90-PRO92	4086	20	25	0.8	1.3863183550454854	1.1327173930174157	1.2562398377277437	1.3863183550454854	1.1327173930174157	1.0	0.0	0.0	towards_low	1.0	14.567133511703512	14.305641193610134	3
combined_all	PRO1423-PRO1424	4086	15	25	0.6	0.8869720756014075	0.3815159596573508	1.2717032856102468	0.9440409671176978	0.3815159596573508	0.8666666666666667	0.13333333333333333	0.0	towards_low	0.8666666666666667	16.65138597085811	15.91543340884073	4
combined_all	PRO62-PRO1280	4086	13	25	0.52	0.650579025814265	0.4397052006963153	0.6866488407235196	0.7420135779999253	0.5825675396189413	0.8461538461538461	0.15384615384615385	0.0	towards_low	0.8461538461538461	13.148666110822713	13.18431438919446	5
combined_all	PRO6-PRO72	4086	9	25	0.36	1.2963709684991507	0.944583746557504	1.4756126854140563	1.2963709684991507	0.944583746557504	1.0	0.0	0.0	towards_low	1.0	12.462219099248664	12.28489558748341	6
combined_all	PRO88-PRO93	4086	9	25	0.36	-1.4177958251675962	-0.4675983352943914	1.4949257988227418	1.4177958251675962	0.4675983352943914	0.0	1.0	0.0	towards_high	1.0	12.568345414858648	11.145367845235317	7
combined_all	PRO86-PRO116	4086	9	25	0.36	0.7217829228613686	0.3768138702876802	0.7517298167216185	0.7217829228613686	0.3768138702876802	1.0	0.0	0.0	towards_low	1.0	11.687711437829186	10.823627734827635	8
combined_all	PRO111-PRO112	4086	7	25	0.28	0.4957127665510991	0.4538632749937608	0.34731174881203863	0.4957127665510991	0.4538632749937608	1.0	0.0	0.0	towards_low	1.0	15.711679993742107	13.6781002745415	9
combined_all	PRO85-PRO116	4086	6	25	0.24	0.4339102835105688	0.2595549000027758	0.42217580397954046	0.4339102835105688	0.2595549000027758	1.0	0.0	0.0	towards_low	1.0	10.594576607647621	10.465166203851112	10
combined_all	PRO94-PRO137	4086	5	25	0.2	0.7536872192075352	0.8983451672870109	0.4381220802657139	0.7536872192075352	0.8983451672870109	1.0	0.0	0.0	towards_low	1.0	10.107940800124315	10.302316194295033	11
combined_all	PRO1424-PRO1425	4086	5	25	0.2	0.5036588570571073	0.297193545108467	0.525669196025971	0.5036588570571073	0.297193545108467	1.0	0.0	0.0	towards_low	1.0	36.59685401087374	36.136054468080985	12
combined_all	PRO19-PRO147	4086	5	25	0.2	0.3694875403817141	0.291937607848075	0.2922053252430618	0.3694875403817141	0.291937607848075	1.0	0.0	0.0	towards_low	1.0	11.423170750121397	9.970759038720551	13
combined_all	PRO66-LIG	4086	5	25	0.2	0.1878342713963345	0.1988525788194398	0.09039629585488917	0.1878342713963345	0.1988525788194398	1.0	0.0	0.0	towards_low	1.0	11.67878772821985	11.653655723863034	14
combined_all	PRO79-PRO80	4086	5	25	0.2	0.22842078665868087	0.1436713256709021	0.5670513849005522	0.45315097231031365	0.5441224716565383	0.8	0.2	0.0	towards_low	0.8	15.559297769585163	11.972111563187726	15
combined_all	PRO85-PRO144	4086	5	25	0.2	0.014687684258343926	0.1651612450140264	0.6046419201265968	0.4289257886800929	0.2736891662032119	0.8	0.2	0.0	towards_low	0.8	11.242065464214445	10.887897031646585	16
combined_all	PRO21-PRO22	4086	5	25	0.2	-0.1757623850431722	-0.2169532536824279	0.23099162364891163	0.23557602225508445	0.2169532536824279	0.2	0.8	0.0	towards_high	0.8	17.117386190804943	16.179968969563788	17
combined_all	PRO78-PRO79	4086	5	25	0.2	-0.028396664190577604	-0.0598166153770699	0.08079875217422117	0.07227580655612167	0.087570382918608	0.4	0.6	0.0	towards_high	0.6	20.523359724702278	21.650557601839516	18
combined_all	PRO19-PRO148	4086	4	25	0.16	1.350505008411732	1.1826461469042255	1.3163177360214204	1.350505008411732	1.1826461469042255	1.0	0.0	0.0	towards_low	1.0	11.198896752512203	10.938413219512132	19
combined_all	PRO146-PRO147	4086	4	25	0.16	0.5436511175204513	0.47100517429074196	0.33437623692865465	0.5436511175204513	0.47100517429074196	1.0	0.0	0.0	towards_low	1.0	10.60747208800025	10.576187232890886	20
combined_all	PRO84-PRO141	4086	4	25	0.16	0.743053899353554	0.3853866087326603	0.8945028490578945	0.743053899353554	0.3853866087326603	1.0	0.0	0.0	towards_low	1.0	10.278363008021957	11.235823684712106	21
combined_all	PRO1384-PRO1385	4086	4	25	0.16	0.43995886938476136	0.3841574971279409	0.4466054648858051	0.43995886938476136	0.3841574971279409	1.0	0.0	0.0	towards_low	1.0	16.533229957898808	14.52388320700372	22
combined_all	PRO62-PRO1283	4086	4	25	0.16	0.361983104047084	0.3552412030957601	0.1308719146322536	0.361983104047084	0.3552412030957601	1.0	0.0	0.0	towards_low	1.0	9.55354451069973	9.562166122079788	23
combined_all	PRO145-PRO146	4086	4	25	0.16	-0.589967731315712	-0.29871568557172323	0.6366381833059388	0.589967731315712	0.29871568557172323	0.0	1.0	0.0	towards_high	1.0	13.872887023396874	13.986064061520047	24
combined_all	PRO1274-GTP	4086	4	25	0.16	0.2961033988556704	0.24622193844699905	0.13079303174876045	0.2961033988556704	0.24622193844699905	1.0	0.0	0.0	towards_low	1.0	9.345125813925442	9.398977223379003	25
combined_all	PRO56-PRO78	4086	4	25	0.16	-0.3018570537254163	-0.2355043657091616	0.15964927711860538	0.3018570537254163	0.2355043657091616	0.0	1.0	0.0	towards_high	1.0	9.325161914940526	9.290407976218113	26
combined_all	PRO67-LIG	4086	4	25	0.16	0.16922435852923118	0.1884371840235484	0.04485177373958111	0.16922435852923118	0.1884371840235484	1.0	0.0	0.0	towards_low	1.0	10.702316227754954	11.355089439715638	27
combined_all	PRO64-LIG	4086	4	25	0.16	0.16313676260371443	0.1664549480630407	0.02060976309779775	0.16313676260371443	0.1664549480630407	1.0	0.0	0.0	towards_low	1.0	10.92713129101668	9.990198631235284	28
combined_all	PRO1387-PRO1390	4086	3	25	0.12	1.0400154394717835	1.2596470514640044	0.6359709907980701	1.0400154394717835	1.2596470514640044	1.0	0.0	0.0	towards_low	1.0	10.86130744539564	11.109667478515329	29
combined_all	PRO1264-PRO1265	4086	3	25	0.12	-0.5833062433690971	-0.5123618352155066	0.18894273718273363	0.5833062433690971	0.5123618352155066	0.0	1.0	0.0	towards_high	1.0	10.854469980092913	11.406430130017672	30
combined_all	PRO6-PRO110	4086	3	25	0.12	-0.5461697682565357	-0.500603402128403	0.1908724121051773	0.5461697682565357	0.500603402128403	0.0	1.0	0.0	towards_high	1.0	10.743321414353511	10.194872081913744	31
combined_all	PRO65-LIG	4086	3	25	0.12	1.2879623908042714	0.428433692738897	1.6344877428473719	1.2879623908042714	0.428433692738897	1.0	0.0	0.0	towards_low	1.0	12.907661799690635	11.701635502756018	32
combined_all	PRO143-PRO144	4086	3	25	0.12	0.6368312384536028	0.3680333192641451	0.7068472631019858	0.6368312384536028	0.3680333192641451	1.0	0.0	0.0	towards_low	1.0	10.712517690930618	10.7234366127664	33
combined_all	PRO16-PRO28	4086	3	25	0.12	0.3737914373029625	0.3658429192410532	0.02250277472211088	0.3737914373029625	0.3658429192410532	1.0	0.0	0.0	towards_low	1.0	10.573332360454286	10.951449107309411	34
combined_all	PRO7-PRO73	4086	3	25	0.12	0.4178080604723931	0.3309838757486631	0.23370828227330237	0.4178080604723931	0.3309838757486631	1.0	0.0	0.0	towards_low	1.0	12.576260873018237	12.93970893970894	35
combined_all	PRO1275-PRO1278	4086	3	25	0.12	-0.3407356579501298	-0.3093157186910228	0.21457962743294348	0.3407356579501298	0.3093157186910228	0.0	1.0	0.0	towards_high	1.0	10.08880093446034	10.27648390565728	36
combined_all	PRO1383-PRO1384	4086	3	25	0.12	-0.3690113380403383	-0.1960047191430109	0.32682747333432743	0.3690113380403383	0.1960047191430109	0.0	1.0	0.0	towards_high	1.0	11.025039160173206	10.958625081522388	37
combined_all	PRO91-PRO94	4086	3	25	0.12	-0.1949365893797996	-0.1820491976482751	0.06044879562723566	0.1949365893797996	0.1820491976482751	0.0	1.0	0.0	towards_high	1.0	9.595415928324664	9.68563664214527	38
combined_all	PRO82-PRO119	4086	3	25	0.12	-0.171079830490513	-0.1618496377888749	0.0812516793459626	0.171079830490513	0.1618496377888749	0.0	1.0	0.0	towards_high	1.0	12.360386947776469	14.480195609674231	39
combined_all	PRO116-PRO119	4086	3	25	0.12	-0.17921782080752421	-0.16140117218898	0.10531401793065417	0.17921782080752421	0.16140117218898	0.0	1.0	0.0	towards_high	1.0	9.614756139139908	10.94410114719009	40
combined_all	PRO91-PRO97	4086	3	25	0.12	-0.4044247424055931	-0.1570424277267467	0.5017949267441209	0.4044247424055931	0.1570424277267467	0.0	1.0	0.0	towards_high	1.0	9.248889173684352	10.013689599094144	41
combined_all	PRO114-PRO115	4086	3	25	0.12	-0.4340846675760764	-0.1195208902055668	0.656633606354106	0.4381449905275983	0.1195208902055668	0.3333333333333333	0.6666666666666666	0.0	towards_high	0.6666666666666666	12.952745534633456	10.58230515006198	42
combined_all	PRO1275-PRO1277	4086	2	25	0.08	-1.4337724340630373	-1.4337724340630373	1.749044162273565	1.4337724340630373	1.4337724340630373	0.0	1.0	0.0	towards_high	1.0	10.45310648968373	10.45310648968373	43
combined_all	PRO25-PRO26	4086	2	25	0.08	1.3716935182634542	1.3716935182634542	0.7357609112796482	1.3716935182634542	1.3716935182634542	1.0	0.0	0.0	towards_low	1.0	9.670458506048133	9.670458506048133	44
combined_all	PRO109-PRO159	4086	2	25	0.08	-1.264087106411433	-1.264087106411433	0.6387197369545563	1.264087106411433	1.264087106411433	0.0	1.0	0.0	towards_high	1.0	10.813195168464594	10.813195168464594	45
combined_all	PRO39-PRO156	4086	2	25	0.08	-0.8889854033770693	-0.8889854033770693	0.5494157304321985	0.8889854033770693	0.8889854033770693	0.0	1.0	0.0	towards_high	1.0	13.975098347998564	13.975098347998564	46
combined_all	PRO1265-PRO1276	4086	2	25	0.08	0.6408713086496001	0.6408713086496001	0.23277130152489575	0.6408713086496001	0.6408713086496001	1.0	0.0	0.0	towards_low	1.0	10.633579090156974	10.633579090156974	47
combined_all	PRO20-PRO21	4086	2	25	0.08	0.5200010856811867	0.5200010856811867	0.027205919502311486	0.5200010856811867	0.5200010856811867	1.0	0.0	0.0	towards_low	1.0	23.642057248692595	23.642057248692595	48
combined_all	PRO1235-LIG	4086	2	25	0.08	-0.38981007851419797	-0.38981007851419797	0.2123040123221238	0.38981007851419797	0.38981007851419797	0.0	1.0	0.0	towards_high	1.0	14.826277130661236	14.826277130661236	49
combined_all	PRO25-PRO152	4086	2	25	0.08	-0.36780198310799206	-0.36780198310799206	0.018880384126601764	0.36780198310799206	0.36780198310799206	0.0	1.0	0.0	towards_high	1.0	8.143221291024448	8.143221291024448	50
combined_all	PRO1273-PRO1274	4086	2	25	0.08	0.3480788144997584	0.3480788144997584	0.20300351900697658	0.3480788144997584	0.3480788144997584	1.0	0.0	0.0	towards_low	1.0	11.634357151793065	11.634357151793065	51
combined_all	PRO16-PRO147	4086	2	25	0.08	0.306044936449106	0.306044936449106	0.25486742403098595	0.306044936449106	0.306044936449106	1.0	0.0	0.0	towards_low	1.0	9.33122647805769	9.33122647805769	52
combined_all	PRO17-PRO147	4086	2	25	0.08	0.27640969901418316	0.27640969901418316	0.16159505744477948	0.27640969901418316	0.27640969901418316	1.0	0.0	0.0	towards_low	1.0	10.481795093830332	10.481795093830332	53
combined_all	PRO35-PRO36	4086	2	25	0.08	-0.26600889178026677	-0.26600889178026677	0.0005422542086027525	0.26600889178026677	0.26600889178026677	0.0	1.0	0.0	towards_high	1.0	10.070919334875754	10.070919334875754	54
combined_all	PRO1234-LIG	4086	2	25	0.08	-0.2549205693301872	-0.2549205693301872	0.2500482814149367	0.2549205693301872	0.2549205693301872	0.0	1.0	0.0	towards_high	1.0	11.884077339022573	11.884077339022573	55
combined_all	PRO59-PRO60	4086	2	25	0.08	-0.2534224304156897	-0.2534224304156897	0.11486433529077542	0.2534224304156897	0.2534224304156897	0.0	1.0	0.0	towards_high	1.0	10.767090963889657	10.767090963889657	56
combined_all	PRO1273-GTP	4086	2	25	0.08	0.21799310581121625	0.21799310581121625	0.13286500003436924	0.21799310581121625	0.21799310581121625	1.0	0.0	0.0	towards_low	1.0	8.889537226979577	8.889537226979577	57
combined_all	PRO1280-PRO1287	4086	2	25	0.08	0.21065248699406064	0.21065248699406064	0.004615823048226265	0.21065248699406064	0.21065248699406064	1.0	0.0	0.0	towards_low	1.0	10.526926426109625	10.526926426109625	58
combined_all	PRO1274-PRO1276	4086	2	25	0.08	0.17381944632265056	0.17381944632265056	0.20912692286251564	0.17381944632265056	0.17381944632265056	1.0	0.0	0.0	towards_low	1.0	9.996832459074703	9.996832459074703	59
combined_all	PRO1242-PRO1243	4086	2	25	0.08	-0.09390381867598405	-0.09390381867598405	0.030285521882113246	0.09390381867598405	0.09390381867598405	0.0	1.0	0.0	towards_high	1.0	10.344659697744994	10.344659697744994	60
combined_all	PRO91-PRO98	4086	2	25	0.08	0.4079388859974375	0.4079388859974375	0.6281613741978012	0.4441771673747256	0.4441771673747256	0.5	0.5	0.0	towards_low	0.5	10.751582823141632	10.751582823141632	61
combined_all	PRO88-PRO94	4086	2	25	0.08	0.30041023054670324	0.30041023054670324	0.5221571326712637	0.36922084935677435	0.36922084935677435	0.5	0.5	0.0	towards_low	0.5	10.717627922603558	10.717627922603558	62
combined_all	PRO154-PRO155	4086	2	25	0.08	-0.24927331319122692	-0.24927331319122692	0.36337814609737296	0.2569471512404484	0.2569471512404484	0.5	0.5	0.0	towards_low	0.5	17.175896224180512	17.175896224180512	63
combined_all	PRO1391-PRO1392	4086	2	25	0.08	0.09407199814959641	0.09407199814959641	0.17315632224287977	0.1224400096632633	0.1224400096632633	0.5	0.5	0.0	towards_low	0.5	13.10369222368136	13.10369222368136	64
combined_all	PRO85-PRO89	4086	2	25	0.08	-0.048744345241867604	-0.048744345241867604	0.13362143002735388	0.0944846192841857	0.0944846192841857	0.5	0.5	0.0	towards_low	0.5	9.01501059511724	9.01501059511724	65
combined_all	PRO1278-LIG	4086	2	25	0.08	-0.037004518915222745	-0.037004518915222745	0.1258862509754339	0.08901502172288095	0.08901502172288095	0.5	0.5	0.0	towards_low	0.5	13.083881816979808	13.083881816979808	66
combined_all	PRO16-PRO92	4086	1	25	0.04	-1.828168230526584	-1.828168230526584		1.828168230526584	1.828168230526584	0.0	1.0	0.0	towards_high	1.0	10.09729120652007	10.09729120652007	67
combined_all	PRO6-PRO73	4086	1	25	0.04	1.3543309425092014	1.3543309425092014		1.3543309425092014	1.3543309425092014	1.0	0.0	0.0	towards_low	1.0	10.448862318131493	10.448862318131493	68
combined_all	PRO89-PRO1278	4086	1	25	0.04	1.2979340442481166	1.2979340442481166		1.2979340442481166	1.2979340442481166	1.0	0.0	0.0	towards_low	1.0	9.572216452777877	9.572216452777877	69
combined_all	PRO143-PRO146	4086	1	25	0.04	1.0548026347141315	1.0548026347141315		1.0548026347141315	1.0548026347141315	1.0	0.0	0.0	towards_low	1.0	13.801378643850612	13.801378643850612	70
combined_all	PRO12-PRO90	4086	1	25	0.04	1.011953118825197	1.011953118825197		1.011953118825197	1.011953118825197	1.0	0.0	0.0	towards_low	1.0	10.344268734771177	10.344268734771177	71
combined_all	PRO11-PRO60	4086	1	25	0.04	-0.969753265404914	-0.969753265404914		0.969753265404914	0.969753265404914	0.0	1.0	0.0	towards_high	1.0	12.181397416052082	12.181397416052082	72
combined_all	PRO22-PRO81	4086	1	25	0.04	-0.8805205973705921	-0.8805205973705921		0.8805205973705921	0.8805205973705921	0.0	1.0	0.0	towards_high	1.0	12.578755243206077	12.578755243206077	73
combined_all	PRO82-PRO1277	4086	1	25	0.04	-0.8326016114273315	-0.8326016114273315		0.8326016114273315	0.8326016114273315	0.0	1.0	0.0	towards_high	1.0	10.245732223129538	10.245732223129538	74
combined_all	PRO89-PRO1277	4086	1	25	0.04	0.720239862519087	0.720239862519087		0.720239862519087	0.720239862519087	1.0	0.0	0.0	towards_low	1.0	11.805436360510653	11.805436360510653	75
combined_all	PRO70-PRO104	4086	1	25	0.04	0.7056462913958313	0.7056462913958313		0.7056462913958313	0.7056462913958313	1.0	0.0	0.0	towards_low	1.0	8.74551990268771	8.74551990268771	76
combined_all	PRO78-PRO102	4086	1	25	0.04	0.6943378400402196	0.6943378400402196		0.6943378400402196	0.6943378400402196	1.0	0.0	0.0	towards_low	1.0	12.384607597696766	12.384607597696766	77
combined_all	PRO73-PRO102	4086	1	25	0.04	-0.6715770064682696	-0.6715770064682696		0.6715770064682696	0.6715770064682696	0.0	1.0	0.0	towards_high	1.0	6.611215739889841	6.611215739889841	78
combined_all	PRO19-PRO20	4086	1	25	0.04	-0.477309164049535	-0.477309164049535		0.477309164049535	0.477309164049535	0.0	1.0	0.0	towards_high	1.0	11.241110155077736	11.241110155077736	79
combined_all	PRO1241-PRO1287	4086	1	25	0.04	0.4184023746653845	0.4184023746653845		0.4184023746653845	0.4184023746653845	1.0	0.0	0.0	towards_low	1.0	12.14638297554959	12.14638297554959	80
combined_all	PRO1280-PRO1284	4086	1	25	0.04	0.4004631062758255	0.4004631062758255		0.4004631062758255	0.4004631062758255	1.0	0.0	0.0	towards_low	1.0	7.064389271794646	7.064389271794646	81
combined_all	PRO37-PRO39	4086	1	25	0.04	0.3948145549876113	0.3948145549876113		0.3948145549876113	0.3948145549876113	1.0	0.0	0.0	towards_low	1.0	7.490583916429858	7.490583916429858	82
combined_all	PRO32-PRO1383	4086	1	25	0.04	0.3880618765615488	0.3880618765615488		0.3880618765615488	0.3880618765615488	1.0	0.0	0.0	towards_low	1.0	13.770684888559424	13.770684888559424	83
combined_all	PRO106-PRO110	4086	1	25	0.04	-0.3846060069487931	-0.3846060069487931		0.3846060069487931	0.3846060069487931	0.0	1.0	0.0	towards_high	1.0	6.68836714980676	6.68836714980676	84
combined_all	PRO81-PRO146	4086	1	25	0.04	0.3832715876018018	0.3832715876018018		0.3832715876018018	0.3832715876018018	1.0	0.0	0.0	towards_low	1.0	12.590284956294768	12.590284956294768	85
combined_all	PRO1267-PRO1268	4086	1	25	0.04	0.3797724184893719	0.3797724184893719		0.3797724184893719	0.3797724184893719	1.0	0.0	0.0	towards_low	1.0	12.727886563328536	12.727886563328536	86
combined_all	PRO1265-PRO1274	4086	1	25	0.04	0.3582810128127054	0.3582810128127054		0.3582810128127054	0.3582810128127054	1.0	0.0	0.0	towards_low	1.0	9.54947389351976	9.54947389351976	87
combined_all	PRO1386-PRO1391	4086	1	25	0.04	-0.354346225980264	-0.354346225980264		0.354346225980264	0.354346225980264	0.0	1.0	0.0	towards_high	1.0	8.039236281954855	8.039236281954855	88
combined_all	PRO11-GTP	4086	1	25	0.04	-0.3319321051356483	-0.3319321051356483		0.3319321051356483	0.3319321051356483	0.0	1.0	0.0	towards_high	1.0	11.058027419926674	11.058027419926674	89
combined_all	PRO14-PRO146	4086	1	25	0.04	0.3285142547677054	0.3285142547677054		0.3285142547677054	0.3285142547677054	1.0	0.0	0.0	towards_low	1.0	10.111761436073891	10.111761436073891	90
combined_all	PRO22-PRO155	4086	1	25	0.04	-0.3244539291200541	-0.3244539291200541		0.3244539291200541	0.3244539291200541	0.0	1.0	0.0	towards_high	1.0	9.609832853435163	9.609832853435163	91
combined_all	PRO1290-PRO1388	4086	1	25	0.04	-0.3226425858332171	-0.3226425858332171		0.3226425858332171	0.3226425858332171	0.0	1.0	0.0	towards_high	1.0	9.982577960199876	9.982577960199876	92
combined_all	PRO40-PRO156	4086	1	25	0.04	-0.2977342128438409	-0.2977342128438409		0.2977342128438409	0.2977342128438409	0.0	1.0	0.0	towards_high	1.0	8.318427342164577	8.318427342164577	93
combined_all	PRO63-PRO71	4086	1	25	0.04	-0.2935695089165379	-0.2935695089165379		0.2935695089165379	0.2935695089165379	0.0	1.0	0.0	towards_high	1.0	6.908801683738141	6.908801683738141	94
combined_all	PRO7-PRO72	4086	1	25	0.04	0.2825161757131403	0.2825161757131403		0.2825161757131403	0.2825161757131403	1.0	0.0	0.0	towards_low	1.0	8.964725356193814	8.964725356193814	95
combined_all	PRO1264-PRO1272	4086	1	25	0.04	0.274877551485951	0.274877551485951		0.274877551485951	0.274877551485951	1.0	0.0	0.0	towards_low	1.0	13.030728515362672	13.030728515362672	96
combined_all	PRO8-PRO110	4086	1	25	0.04	-0.2712311914464546	-0.2712311914464546		0.2712311914464546	0.2712311914464546	0.0	1.0	0.0	towards_high	1.0	9.820926950551902	9.820926950551902	97
combined_all	PRO37-PRO1420	4086	1	25	0.04	0.2701266585947874	0.2701266585947874		0.2701266585947874	0.2701266585947874	1.0	0.0	0.0	towards_low	1.0	9.346672458354826	9.346672458354826	98
combined_all	PRO1280-PRO1391	4086	1	25	0.04	0.2697500551163264	0.2697500551163264		0.2697500551163264	0.2697500551163264	1.0	0.0	0.0	towards_low	1.0	9.819848320749486	9.819848320749486	99
combined_all	PRO11-PRO64	4086	1	25	0.04	0.2611083201315024	0.2611083201315024		0.2611083201315024	0.2611083201315024	1.0	0.0	0.0	towards_low	1.0	12.252664487706568	12.252664487706568	100
combined_all	PRO7-PRO8	4086	1	25	0.04	-0.2494556257580421	-0.2494556257580421		0.2494556257580421	0.2494556257580421	0.0	1.0	0.0	towards_high	1.0	9.342428384176054	9.342428384176054	101
combined_all	PRO60-PRO89	4086	1	25	0.04	0.2473837357199814	0.2473837357199814		0.2473837357199814	0.2473837357199814	1.0	0.0	0.0	towards_low	1.0	11.05517016869676	11.05517016869676	102
combined_all	PRO11-PRO59	4086	1	25	0.04	0.2419624358249274	0.2419624358249274		0.2419624358249274	0.2419624358249274	1.0	0.0	0.0	towards_low	1.0	9.785282380421688	9.785282380421688	103
combined_all	PRO81-PRO90	4086	1	25	0.04	0.2368552190385503	0.2368552190385503		0.2368552190385503	0.2368552190385503	1.0	0.0	0.0	towards_low	1.0	8.105674577632847	8.105674577632847	104
combined_all	PRO96-PRO109	4086	1	25	0.04	0.2035618615925061	0.2035618615925061		0.2035618615925061	0.2035618615925061	1.0	0.0	0.0	towards_low	1.0	8.35975061550163	8.35975061550163	105
combined_all	PRO22-GTP	4086	1	25	0.04	-0.1980970265859803	-0.1980970265859803		0.1980970265859803	0.1980970265859803	0.0	1.0	0.0	towards_high	1.0	9.717571655713712	9.717571655713712	106
combined_all	PRO76-PRO109	4086	1	25	0.04	-0.1783767764927022	-0.1783767764927022		0.1783767764927022	0.1783767764927022	0.0	1.0	0.0	towards_high	1.0	8.166512827929965	8.166512827929965	107
combined_all	PRO61-PRO71	4086	1	25	0.04	0.1698340686852651	0.1698340686852651		0.1698340686852651	0.1698340686852651	1.0	0.0	0.0	towards_low	1.0	7.399393274123743	7.399393274123743	108
combined_all	PRO7-PRO69	4086	1	25	0.04	0.1666135656022663	0.1666135656022663		0.1666135656022663	0.1666135656022663	1.0	0.0	0.0	towards_low	1.0	8.47852299403335	8.47852299403335	109
combined_all	PRO62-PRO71	4086	1	25	0.04	-0.1650533041996503	-0.1650533041996503		0.1650533041996503	0.1650533041996503	0.0	1.0	0.0	towards_high	1.0	9.902620665607293	9.902620665607293	110
combined_all	PRO18-PRO147	4086	1	25	0.04	0.1612534263692032	0.1612534263692032		0.1612534263692032	0.1612534263692032	1.0	0.0	0.0	towards_low	1.0	9.150786398037672	9.150786398037672	111
combined_all	PRO1280-PRO1281	4086	1	25	0.04	-0.1524853985537878	-0.1524853985537878		0.1524853985537878	0.1524853985537878	0.0	1.0	0.0	towards_high	1.0	8.570535848335089	8.570535848335089	112
combined_all	PRO1241-PRO1242	4086	1	25	0.04	0.147950989561866	0.147950989561866		0.147950989561866	0.147950989561866	1.0	0.0	0.0	towards_low	1.0	9.368378482886769	9.368378482886769	113
combined_all	PRO71-PRO109	4086	1	25	0.04	-0.1423329911603043	-0.1423329911603043		0.1423329911603043	0.1423329911603043	0.0	1.0	0.0	towards_high	1.0	7.788465124633144	7.788465124633144	114
combined_all	PRO84-PRO116	4086	1	25	0.04	0.1270897382217256	0.1270897382217256		0.1270897382217256	0.1270897382217256	1.0	0.0	0.0	towards_low	1.0	13.346119615196647	13.346119615196647	115
combined_all	PRO61-PRO89	4086	1	25	0.04	0.1151192157390638	0.1151192157390638		0.1151192157390638	0.1151192157390638	1.0	0.0	0.0	towards_low	1.0	11.121491004977557	11.121491004977557	116
combined_all	PRO118-PRO146	4086	1	25	0.04	0.1064899018816982	0.1064899018816982		0.1064899018816982	0.1064899018816982	1.0	0.0	0.0	towards_low	1.0	10.710222514252482	10.710222514252482	117
combined_all	PRO20-PRO22	4086	1	25	0.04	-0.0889332179280745	-0.0889332179280745		0.0889332179280745	0.0889332179280745	0.0	1.0	0.0	towards_high	1.0	10.419557600457203	10.419557600457203	118
combined_all	PRO60-PRO82	4086	1	25	0.04	-0.0878301406076863	-0.0878301406076863		0.0878301406076863	0.0878301406076863	0.0	1.0	0.0	towards_high	1.0	11.226923013322056	11.226923013322056	119
combined_all	PRO1238-PRO1239	4086	1	25	0.04	0.0791000387111295	0.0791000387111295		0.0791000387111295	0.0791000387111295	1.0	0.0	0.0	towards_low	1.0	11.130434781391816	11.130434781391816	120
combined_all	PRO1277-GTP	4086	1	25	0.04	0.0720935565965594	0.0720935565965594		0.0720935565965594	0.0720935565965594	1.0	0.0	0.0	towards_low	1.0	11.73187318118101	11.73187318118101	121
combined_all	PRO10-PRO11	4086	1	25	0.04	-0.0675155815645106	-0.0675155815645106		0.0675155815645106	0.0675155815645106	0.0	1.0	0.0	towards_high	1.0	11.542522001149711	11.542522001149711	122
combined_all	PRO88-LIG	4086	1	25	0.04	-0.0422910721732552	-0.0422910721732552		0.0422910721732552	0.0422910721732552	0.0	1.0	0.0	towards_high	1.0	12.924214938034094	12.924214938034094	123
combined_all	PRO1274-PRO1275	4086	1	25	0.04	0.0288604065511953	0.0288604065511953		0.0288604065511953	0.0288604065511953	1.0	0.0	0.0	towards_low	1.0	8.659698024294176	8.659698024294176	124
combined_all	PRO1390-PRO1391	4086	1	25	0.04	0.0274886486641905	0.0274886486641905		0.0274886486641905	0.0274886486641905	1.0	0.0	0.0	towards_low	1.0	12.826722345573742	12.826722345573742	125
combined_all	PRO119-PRO148	4086	1	25	0.04	-0.0227913176049827	-0.0227913176049827		0.0227913176049827	0.0227913176049827	0.0	1.0	0.0	towards_high	1.0	6.6409490353816665	6.6409490353816665	126
combined_all	PRO1283-PRO1287	4086	1	25	0.04	-0.0175232083628552	-0.0175232083628552		0.0175232083628552	0.0175232083628552	0.0	1.0	0.0	towards_high	1.0	7.851126820716191	7.851126820716191	127
combined_all	PRO10-GTP	4086	0	25	0.0									not_selected				128
combined_all	PRO10-PRO100	4086	0	25	0.0									not_selected				129
combined_all	PRO10-PRO112	4086	0	25	0.0									not_selected				130
combined_all	PRO10-PRO113	4086	0	25	0.0									not_selected				131
combined_all	PRO10-PRO114	4086	0	25	0.0									not_selected				132
combined_all	PRO10-PRO115	4086	0	25	0.0									not_selected				133
combined_all	PRO10-PRO116	4086	0	25	0.0									not_selected				134
combined_all	PRO10-PRO117	4086	0	25	0.0									not_selected				135
combined_all	PRO10-PRO12	4086	0	25	0.0									not_selected				136
combined_all	PRO10-PRO1276	4086	0	25	0.0									not_selected				137
combined_all	PRO10-PRO1277	4086	0	25	0.0									not_selected				138
combined_all	PRO10-PRO1278	4086	0	25	0.0									not_selected				139
combined_all	PRO10-PRO13	4086	0	25	0.0									not_selected				140
combined_all	PRO10-PRO14	4086	0	25	0.0									not_selected				141
combined_all	PRO10-PRO15	4086	0	25	0.0									not_selected				142
combined_all	PRO10-PRO16	4086	0	25	0.0									not_selected				143
combined_all	PRO10-PRO17	4086	0	25	0.0									not_selected				144
combined_all	PRO10-PRO19	4086	0	25	0.0									not_selected				145
combined_all	PRO10-PRO20	4086	0	25	0.0									not_selected				146
combined_all	PRO10-PRO35	4086	0	25	0.0									not_selected				147
combined_all	PRO10-PRO56	4086	0	25	0.0									not_selected				148
combined_all	PRO10-PRO57	4086	0	25	0.0									not_selected				149
combined_all	PRO10-PRO58	4086	0	25	0.0									not_selected				150
combined_all	PRO10-PRO59	4086	0	25	0.0									not_selected				151
combined_all	PRO10-PRO60	4086	0	25	0.0									not_selected				152
combined_all	PRO10-PRO61	4086	0	25	0.0									not_selected				153
combined_all	PRO10-PRO62	4086	0	25	0.0									not_selected				154
combined_all	PRO10-PRO64	4086	0	25	0.0									not_selected				155
combined_all	PRO10-PRO65	4086	0	25	0.0									not_selected				156
combined_all	PRO10-PRO68	4086	0	25	0.0									not_selected				157
combined_all	PRO10-PRO71	4086	0	25	0.0									not_selected				158
combined_all	PRO10-PRO72	4086	0	25	0.0									not_selected				159
combined_all	PRO10-PRO78	4086	0	25	0.0									not_selected				160
combined_all	PRO10-PRO79	4086	0	25	0.0									not_selected				161
combined_all	PRO10-PRO80	4086	0	25	0.0									not_selected				162
combined_all	PRO10-PRO81	4086	0	25	0.0									not_selected				163
combined_all	PRO10-PRO82	4086	0	25	0.0									not_selected				164
combined_all	PRO10-PRO83	4086	0	25	0.0									not_selected				165
combined_all	PRO10-PRO86	4086	0	25	0.0									not_selected				166
combined_all	PRO10-PRO88	4086	0	25	0.0									not_selected				167
combined_all	PRO10-PRO89	4086	0	25	0.0									not_selected				168
combined_all	PRO10-PRO90	4086	0	25	0.0									not_selected				169
combined_all	PRO10-PRO91	4086	0	25	0.0									not_selected				170
combined_all	PRO10-PRO92	4086	0	25	0.0									not_selected				171
combined_all	PRO10-PRO93	4086	0	25	0.0									not_selected				172
combined_all	PRO10-PRO94	4086	0	25	0.0									not_selected				173
combined_all	PRO10-PRO95	4086	0	25	0.0									not_selected				174
combined_all	PRO10-PRO96	4086	0	25	0.0									not_selected				175
combined_all	PRO10-PRO97	4086	0	25	0.0									not_selected				176
combined_all	PRO10-PRO99	4086	0	25	0.0									not_selected				177
combined_all	PRO100-PRO101	4086	0	25	0.0									not_selected				178
combined_all	PRO100-PRO102	4086	0	25	0.0									not_selected				179
combined_all	PRO100-PRO103	4086	0	25	0.0									not_selected				180
combined_all	PRO100-PRO104	4086	0	25	0.0									not_selected				181
combined_all	PRO100-PRO105	4086	0	25	0.0									not_selected				182
combined_all	PRO100-PRO106	4086	0	25	0.0									not_selected				183
combined_all	PRO100-PRO107	4086	0	25	0.0									not_selected				184
combined_all	PRO100-PRO109	4086	0	25	0.0									not_selected				185
combined_all	PRO100-PRO110	4086	0	25	0.0									not_selected				186
combined_all	PRO100-PRO111	4086	0	25	0.0									not_selected				187
combined_all	PRO100-PRO112	4086	0	25	0.0									not_selected				188
combined_all	PRO100-PRO113	4086	0	25	0.0									not_selected				189
combined_all	PRO100-PRO114	4086	0	25	0.0									not_selected				190
combined_all	PRO100-PRO133	4086	0	25	0.0									not_selected				191
combined_all	PRO100-PRO137	4086	0	25	0.0									not_selected				192
combined_all	PRO100-PRO139	4086	0	25	0.0									not_selected				193
combined_all	PRO100-PRO159	4086	0	25	0.0									not_selected				194
combined_all	PRO101-PRO102	4086	0	25	0.0									not_selected				195
combined_all	PRO101-PRO103	4086	0	25	0.0									not_selected				196
combined_all	PRO101-PRO104	4086	0	25	0.0									not_selected				197
combined_all	PRO101-PRO105	4086	0	25	0.0									not_selected				198
combined_all	PRO101-PRO106	4086	0	25	0.0									not_selected				199
combined_all	PRO101-PRO107	4086	0	25	0.0									not_selected				200
combined_all	PRO101-PRO109	4086	0	25	0.0									not_selected				201
combined_all	PRO101-PRO110	4086	0	25	0.0									not_selected				202
combined_all	PRO101-PRO111	4086	0	25	0.0									not_selected				203
combined_all	PRO101-PRO133	4086	0	25	0.0									not_selected				204
combined_all	PRO101-PRO136	4086	0	25	0.0									not_selected				205
combined_all	PRO101-PRO137	4086	0	25	0.0									not_selected				206
combined_all	PRO101-PRO139	4086	0	25	0.0									not_selected				207
combined_all	PRO102-PRO103	4086	0	25	0.0									not_selected				208
combined_all	PRO102-PRO104	4086	0	25	0.0									not_selected				209
combined_all	PRO102-PRO105	4086	0	25	0.0									not_selected				210
combined_all	PRO102-PRO106	4086	0	25	0.0									not_selected				211
combined_all	PRO102-PRO107	4086	0	25	0.0									not_selected				212
combined_all	PRO102-PRO109	4086	0	25	0.0									not_selected				213
combined_all	PRO102-PRO111	4086	0	25	0.0									not_selected				214
combined_all	PRO103-PRO104	4086	0	25	0.0									not_selected				215
combined_all	PRO103-PRO105	4086	0	25	0.0									not_selected				216
combined_all	PRO103-PRO106	4086	0	25	0.0									not_selected				217
combined_all	PRO103-PRO107	4086	0	25	0.0									not_selected				218
combined_all	PRO103-PRO109	4086	0	25	0.0									not_selected				219
combined_all	PRO103-PRO110	4086	0	25	0.0									not_selected				220
combined_all	PRO103-PRO111	4086	0	25	0.0									not_selected				221
combined_all	PRO104-PRO105	4086	0	25	0.0									not_selected				222
combined_all	PRO104-PRO106	4086	0	25	0.0									not_selected				223
combined_all	PRO104-PRO107	4086	0	25	0.0									not_selected				224
combined_all	PRO104-PRO109	4086	0	25	0.0									not_selected				225
combined_all	PRO104-PRO110	4086	0	25	0.0									not_selected				226
combined_all	PRO104-PRO111	4086	0	25	0.0									not_selected				227
combined_all	PRO104-PRO159	4086	0	25	0.0									not_selected				228
combined_all	PRO105-PRO106	4086	0	25	0.0									not_selected				229
combined_all	PRO105-PRO107	4086	0	25	0.0									not_selected				230
combined_all	PRO105-PRO109	4086	0	25	0.0									not_selected				231
combined_all	PRO105-PRO110	4086	0	25	0.0									not_selected				232
combined_all	PRO105-PRO111	4086	0	25	0.0									not_selected				233
combined_all	PRO106-PRO107	4086	0	25	0.0									not_selected				234
combined_all	PRO106-PRO109	4086	0	25	0.0									not_selected				235
combined_all	PRO106-PRO111	4086	0	25	0.0									not_selected				236
combined_all	PRO106-PRO137	4086	0	25	0.0									not_selected				237
combined_all	PRO106-PRO139	4086	0	25	0.0									not_selected				238
combined_all	PRO107-PRO109	4086	0	25	0.0									not_selected				239
combined_all	PRO107-PRO110	4086	0	25	0.0									not_selected				240
combined_all	PRO107-PRO111	4086	0	25	0.0									not_selected				241
combined_all	PRO107-PRO112	4086	0	25	0.0									not_selected				242
combined_all	PRO107-PRO136	4086	0	25	0.0									not_selected				243
combined_all	PRO107-PRO137	4086	0	25	0.0									not_selected				244
combined_all	PRO107-PRO139	4086	0	25	0.0									not_selected				245
combined_all	PRO109-PRO110	4086	0	25	0.0									not_selected				246
combined_all	PRO109-PRO111	4086	0	25	0.0									not_selected				247
combined_all	PRO109-PRO112	4086	0	25	0.0									not_selected				248
combined_all	PRO109-PRO113	4086	0	25	0.0									not_selected				249
combined_all	PRO109-PRO137	4086	0	25	0.0									not_selected				250
combined_all	PRO109-PRO139	4086	0	25	0.0									not_selected				251
combined_all	PRO11-PRO113	4086	0	25	0.0									not_selected				252
combined_all	PRO11-PRO114	4086	0	25	0.0									not_selected				253
combined_all	PRO11-PRO115	4086	0	25	0.0									not_selected				254
combined_all	PRO11-PRO116	4086	0	25	0.0									not_selected				255
combined_all	PRO11-PRO117	4086	0	25	0.0									not_selected				256
combined_all	PRO11-PRO12	4086	0	25	0.0									not_selected				257
combined_all	PRO11-PRO1233	4086	0	25	0.0									not_selected				258
combined_all	PRO11-PRO1234	4086	0	25	0.0									not_selected				259
combined_all	PRO11-PRO125	4086	0	25	0.0									not_selected				260
combined_all	PRO11-PRO1275	4086	0	25	0.0									not_selected				261
combined_all	PRO11-PRO1276	4086	0	25	0.0									not_selected				262
combined_all	PRO11-PRO1277	4086	0	25	0.0									not_selected				263
combined_all	PRO11-PRO1278	4086	0	25	0.0									not_selected				264
combined_all	PRO11-PRO1279	4086	0	25	0.0									not_selected				265
combined_all	PRO11-PRO1282	4086	0	25	0.0									not_selected				266
combined_all	PRO11-PRO1283	4086	0	25	0.0									not_selected				267
combined_all	PRO11-PRO13	4086	0	25	0.0									not_selected				268
combined_all	PRO11-PRO14	4086	0	25	0.0									not_selected				269
combined_all	PRO11-PRO15	4086	0	25	0.0									not_selected				270
combined_all	PRO11-PRO16	4086	0	25	0.0									not_selected				271
combined_all	PRO11-PRO17	4086	0	25	0.0									not_selected				272
combined_all	PRO11-PRO18	4086	0	25	0.0									not_selected				273
combined_all	PRO11-PRO19	4086	0	25	0.0									not_selected				274
combined_all	PRO11-PRO35	4086	0	25	0.0									not_selected				275
combined_all	PRO11-PRO57	4086	0	25	0.0									not_selected				276
combined_all	PRO11-PRO58	4086	0	25	0.0									not_selected				277
combined_all	PRO11-PRO61	4086	0	25	0.0									not_selected				278
combined_all	PRO11-PRO62	4086	0	25	0.0									not_selected				279
combined_all	PRO11-PRO63	4086	0	25	0.0									not_selected				280
combined_all	PRO11-PRO65	4086	0	25	0.0									not_selected				281
combined_all	PRO11-PRO68	4086	0	25	0.0									not_selected				282
combined_all	PRO11-PRO72	4086	0	25	0.0									not_selected				283
combined_all	PRO11-PRO79	4086	0	25	0.0									not_selected				284
combined_all	PRO11-PRO80	4086	0	25	0.0									not_selected				285
combined_all	PRO11-PRO81	4086	0	25	0.0									not_selected				286
combined_all	PRO11-PRO82	4086	0	25	0.0									not_selected				287
combined_all	PRO11-PRO83	4086	0	25	0.0									not_selected				288
combined_all	PRO11-PRO84	4086	0	25	0.0									not_selected				289
combined_all	PRO11-PRO85	4086	0	25	0.0									not_selected				290
combined_all	PRO11-PRO86	4086	0	25	0.0									not_selected				291
combined_all	PRO11-PRO87	4086	0	25	0.0									not_selected				292
combined_all	PRO11-PRO88	4086	0	25	0.0									not_selected				293
combined_all	PRO11-PRO89	4086	0	25	0.0									not_selected				294
combined_all	PRO11-PRO90	4086	0	25	0.0									not_selected				295
combined_all	PRO11-PRO91	4086	0	25	0.0									not_selected				296
combined_all	PRO11-PRO92	4086	0	25	0.0									not_selected				297
combined_all	PRO11-PRO93	4086	0	25	0.0									not_selected				298
combined_all	PRO11-PRO94	4086	0	25	0.0									not_selected				299
combined_all	PRO11-PRO95	4086	0	25	0.0									not_selected				300
combined_all	PRO11-PRO96	4086	0	25	0.0									not_selected				301
combined_all	PRO110-PRO111	4086	0	25	0.0									not_selected				302
combined_all	PRO110-PRO112	4086	0	25	0.0									not_selected				303
combined_all	PRO110-PRO113	4086	0	25	0.0									not_selected				304
combined_all	PRO110-PRO114	4086	0	25	0.0									not_selected				305
combined_all	PRO110-PRO137	4086	0	25	0.0									not_selected				306
combined_all	PRO110-PRO139	4086	0	25	0.0									not_selected				307
combined_all	PRO110-PRO155	4086	0	25	0.0									not_selected				308
combined_all	PRO110-PRO156	4086	0	25	0.0									not_selected				309
combined_all	PRO110-PRO159	4086	0	25	0.0									not_selected				310
combined_all	PRO111-PRO113	4086	0	25	0.0									not_selected				311
combined_all	PRO111-PRO114	4086	0	25	0.0									not_selected				312
combined_all	PRO111-PRO133	4086	0	25	0.0									not_selected				313
combined_all	PRO111-PRO134	4086	0	25	0.0									not_selected				314
combined_all	PRO111-PRO136	4086	0	25	0.0									not_selected				315
combined_all	PRO111-PRO137	4086	0	25	0.0									not_selected				316
combined_all	PRO111-PRO139	4086	0	25	0.0									not_selected				317
combined_all	PRO111-PRO141	4086	0	25	0.0									not_selected				318
combined_all	PRO111-PRO142	4086	0	25	0.0									not_selected				319
combined_all	PRO111-PRO155	4086	0	25	0.0									not_selected				320
combined_all	PRO111-PRO156	4086	0	25	0.0									not_selected				321
combined_all	PRO111-PRO159	4086	0	25	0.0									not_selected				322
combined_all	PRO112-PRO113	4086	0	25	0.0									not_selected				323
combined_all	PRO112-PRO114	4086	0	25	0.0									not_selected				324
combined_all	PRO112-PRO115	4086	0	25	0.0									not_selected				325
combined_all	PRO112-PRO116	4086	0	25	0.0									not_selected				326
combined_all	PRO112-PRO130	4086	0	25	0.0									not_selected				327
combined_all	PRO112-PRO133	4086	0	25	0.0									not_selected				328
combined_all	PRO112-PRO134	4086	0	25	0.0									not_selected				329
combined_all	PRO112-PRO137	4086	0	25	0.0									not_selected				330
combined_all	PRO112-PRO139	4086	0	25	0.0									not_selected				331
combined_all	PRO112-PRO141	4086	0	25	0.0									not_selected				332
combined_all	PRO112-PRO142	4086	0	25	0.0									not_selected				333
combined_all	PRO112-PRO143	4086	0	25	0.0									not_selected				334
combined_all	PRO112-PRO144	4086	0	25	0.0									not_selected				335
combined_all	PRO112-PRO151	4086	0	25	0.0									not_selected				336
combined_all	PRO112-PRO152	4086	0	25	0.0									not_selected				337
combined_all	PRO112-PRO153	4086	0	25	0.0									not_selected				338
combined_all	PRO112-PRO154	4086	0	25	0.0									not_selected				339
combined_all	PRO112-PRO155	4086	0	25	0.0									not_selected				340
combined_all	PRO112-PRO156	4086	0	25	0.0									not_selected				341
combined_all	PRO112-PRO159	4086	0	25	0.0									not_selected				342
combined_all	PRO113-PRO114	4086	0	25	0.0									not_selected				343
combined_all	PRO113-PRO115	4086	0	25	0.0									not_selected				344
combined_all	PRO113-PRO116	4086	0	25	0.0									not_selected				345
combined_all	PRO113-PRO118	4086	0	25	0.0									not_selected				346
combined_all	PRO113-PRO123	4086	0	25	0.0									not_selected				347
combined_all	PRO113-PRO125	4086	0	25	0.0									not_selected				348
combined_all	PRO113-PRO127	4086	0	25	0.0									not_selected				349
combined_all	PRO113-PRO129	4086	0	25	0.0									not_selected				350
combined_all	PRO113-PRO130	4086	0	25	0.0									not_selected				351
combined_all	PRO113-PRO133	4086	0	25	0.0									not_selected				352
combined_all	PRO113-PRO134	4086	0	25	0.0									not_selected				353
combined_all	PRO113-PRO136	4086	0	25	0.0									not_selected				354
combined_all	PRO113-PRO137	4086	0	25	0.0									not_selected				355
combined_all	PRO113-PRO139	4086	0	25	0.0									not_selected				356
combined_all	PRO113-PRO141	4086	0	25	0.0									not_selected				357
combined_all	PRO113-PRO142	4086	0	25	0.0									not_selected				358
combined_all	PRO113-PRO143	4086	0	25	0.0									not_selected				359
combined_all	PRO113-PRO144	4086	0	25	0.0									not_selected				360
combined_all	PRO113-PRO151	4086	0	25	0.0									not_selected				361
combined_all	PRO113-PRO152	4086	0	25	0.0									not_selected				362
combined_all	PRO113-PRO154	4086	0	25	0.0									not_selected				363
combined_all	PRO113-PRO155	4086	0	25	0.0									not_selected				364
combined_all	PRO113-PRO156	4086	0	25	0.0									not_selected				365
combined_all	PRO113-PRO159	4086	0	25	0.0									not_selected				366
combined_all	PRO114-GTP	4086	0	25	0.0									not_selected				367
combined_all	PRO114-PRO116	4086	0	25	0.0									not_selected				368
combined_all	PRO114-PRO117	4086	0	25	0.0									not_selected				369
combined_all	PRO114-PRO118	4086	0	25	0.0									not_selected				370
combined_all	PRO114-PRO119	4086	0	25	0.0									not_selected				371
combined_all	PRO114-PRO123	4086	0	25	0.0									not_selected				372
combined_all	PRO114-PRO125	4086	0	25	0.0									not_selected				373
combined_all	PRO114-PRO127	4086	0	25	0.0									not_selected				374
combined_all	PRO114-PRO130	4086	0	25	0.0									not_selected				375
combined_all	PRO114-PRO133	4086	0	25	0.0									not_selected				376
combined_all	PRO114-PRO134	4086	0	25	0.0									not_selected				377
combined_all	PRO114-PRO137	4086	0	25	0.0									not_selected				378
combined_all	PRO114-PRO139	4086	0	25	0.0									not_selected				379
combined_all	PRO114-PRO141	4086	0	25	0.0									not_selected				380
combined_all	PRO114-PRO142	4086	0	25	0.0									not_selected				381
combined_all	PRO114-PRO143	4086	0	25	0.0									not_selected				382
combined_all	PRO114-PRO144	4086	0	25	0.0									not_selected				383
combined_all	PRO114-PRO145	4086	0	25	0.0									not_selected				384
combined_all	PRO114-PRO146	4086	0	25	0.0									not_selected				385
combined_all	PRO114-PRO147	4086	0	25	0.0									not_selected				386
combined_all	PRO114-PRO150	4086	0	25	0.0									not_selected				387
combined_all	PRO114-PRO151	4086	0	25	0.0									not_selected				388
combined_all	PRO114-PRO152	4086	0	25	0.0									not_selected				389
combined_all	PRO114-PRO153	4086	0	25	0.0									not_selected				390
combined_all	PRO114-PRO154	4086	0	25	0.0									not_selected				391
combined_all	PRO114-PRO155	4086	0	25	0.0									not_selected				392
combined_all	PRO114-PRO156	4086	0	25	0.0									not_selected				393
combined_all	PRO114-PRO159	4086	0	25	0.0									not_selected				394
combined_all	PRO115-GTP	4086	0	25	0.0									not_selected				395
combined_all	PRO115-PRO116	4086	0	25	0.0									not_selected				396
combined_all	PRO115-PRO117	4086	0	25	0.0									not_selected				397
combined_all	PRO115-PRO118	4086	0	25	0.0									not_selected				398
combined_all	PRO115-PRO119	4086	0	25	0.0									not_selected				399
combined_all	PRO115-PRO120	4086	0	25	0.0									not_selected				400
combined_all	PRO115-PRO123	4086	0	25	0.0									not_selected				401
combined_all	PRO115-PRO124	4086	0	25	0.0									not_selected				402
combined_all	PRO115-PRO125	4086	0	25	0.0									not_selected				403
combined_all	PRO115-PRO127	4086	0	25	0.0									not_selected				404
combined_all	PRO115-PRO129	4086	0	25	0.0									not_selected				405
combined_all	PRO115-PRO130	4086	0	25	0.0									not_selected				406
combined_all	PRO115-PRO133	4086	0	25	0.0									not_selected				407
combined_all	PRO115-PRO134	4086	0	25	0.0									not_selected				408
combined_all	PRO115-PRO139	4086	0	25	0.0									not_selected				409
combined_all	PRO115-PRO141	4086	0	25	0.0									not_selected				410
combined_all	PRO115-PRO142	4086	0	25	0.0									not_selected				411
combined_all	PRO115-PRO143	4086	0	25	0.0									not_selected				412
combined_all	PRO115-PRO144	4086	0	25	0.0									not_selected				413
combined_all	PRO115-PRO145	4086	0	25	0.0									not_selected				414
combined_all	PRO115-PRO146	4086	0	25	0.0									not_selected				415
combined_all	PRO115-PRO147	4086	0	25	0.0									not_selected				416
combined_all	PRO115-PRO150	4086	0	25	0.0									not_selected				417
combined_all	PRO115-PRO151	4086	0	25	0.0									not_selected				418
combined_all	PRO115-PRO152	4086	0	25	0.0									not_selected				419
combined_all	PRO115-PRO154	4086	0	25	0.0									not_selected				420
combined_all	PRO115-PRO155	4086	0	25	0.0									not_selected				421
combined_all	PRO116-GTP	4086	0	25	0.0									not_selected				422
combined_all	PRO116-PRO117	4086	0	25	0.0									not_selected				423
combined_all	PRO116-PRO118	4086	0	25	0.0									not_selected				424
combined_all	PRO116-PRO120	4086	0	25	0.0									not_selected				425
combined_all	PRO116-PRO121	4086	0	25	0.0									not_selected				426
combined_all	PRO116-PRO122	4086	0	25	0.0									not_selected				427
combined_all	PRO116-PRO123	4086	0	25	0.0									not_selected				428
combined_all	PRO116-PRO124	4086	0	25	0.0									not_selected				429
combined_all	PRO116-PRO125	4086	0	25	0.0									not_selected				430
combined_all	PRO116-PRO127	4086	0	25	0.0									not_selected				431
combined_all	PRO116-PRO1276	4086	0	25	0.0									not_selected				432
combined_all	PRO116-PRO130	4086	0	25	0.0									not_selected				433
combined_all	PRO116-PRO141	4086	0	25	0.0									not_selected				434
combined_all	PRO116-PRO142	4086	0	25	0.0									not_selected				435
combined_all	PRO116-PRO143	4086	0	25	0.0									not_selected				436
combined_all	PRO116-PRO144	4086	0	25	0.0									not_selected				437
combined_all	PRO116-PRO145	4086	0	25	0.0									not_selected				438
combined_all	PRO116-PRO146	4086	0	25	0.0									not_selected				439
combined_all	PRO116-PRO147	4086	0	25	0.0									not_selected				440
combined_all	PRO116-PRO148	4086	0	25	0.0									not_selected				441
combined_all	PRO116-PRO149	4086	0	25	0.0									not_selected				442
combined_all	PRO116-PRO150	4086	0	25	0.0									not_selected				443
combined_all	PRO116-PRO151	4086	0	25	0.0									not_selected				444
combined_all	PRO116-PRO152	4086	0	25	0.0									not_selected				445
combined_all	PRO116-PRO153	4086	0	25	0.0									not_selected				446
combined_all	PRO116-PRO154	4086	0	25	0.0									not_selected				447
combined_all	PRO116-PRO155	4086	0	25	0.0									not_selected				448
combined_all	PRO116-PRO156	4086	0	25	0.0									not_selected				449
combined_all	PRO117-GTP	4086	0	25	0.0									not_selected				450
combined_all	PRO117-PRO118	4086	0	25	0.0									not_selected				451
combined_all	PRO117-PRO119	4086	0	25	0.0									not_selected				452
combined_all	PRO117-PRO120	4086	0	25	0.0									not_selected				453
combined_all	PRO117-PRO121	4086	0	25	0.0									not_selected				454
combined_all	PRO117-PRO122	4086	0	25	0.0									not_selected				455
combined_all	PRO117-PRO123	4086	0	25	0.0									not_selected				456
combined_all	PRO117-PRO124	4086	0	25	0.0									not_selected				457
combined_all	PRO117-PRO125	4086	0	25	0.0									not_selected				458
combined_all	PRO117-PRO1269	4086	0	25	0.0									not_selected				459
combined_all	PRO117-PRO127	4086	0	25	0.0									not_selected				460
combined_all	PRO117-PRO1270	4086	0	25	0.0									not_selected				461
combined_all	PRO117-PRO1273	4086	0	25	0.0									not_selected				462
combined_all	PRO117-PRO1275	4086	0	25	0.0									not_selected				463
combined_all	PRO117-PRO1276	4086	0	25	0.0									not_selected				464
combined_all	PRO117-PRO1277	4086	0	25	0.0									not_selected				465
combined_all	PRO117-PRO1278	4086	0	25	0.0									not_selected				466
combined_all	PRO117-PRO141	4086	0	25	0.0									not_selected				467
combined_all	PRO117-PRO142	4086	0	25	0.0									not_selected				468
combined_all	PRO117-PRO143	4086	0	25	0.0									not_selected				469
combined_all	PRO117-PRO144	4086	0	25	0.0									not_selected				470
combined_all	PRO117-PRO145	4086	0	25	0.0									not_selected				471
combined_all	PRO117-PRO146	4086	0	25	0.0									not_selected				472
combined_all	PRO117-PRO147	4086	0	25	0.0									not_selected				473
combined_all	PRO117-PRO148	4086	0	25	0.0									not_selected				474
combined_all	PRO117-PRO149	4086	0	25	0.0									not_selected				475
combined_all	PRO117-PRO150	4086	0	25	0.0									not_selected				476
combined_all	PRO117-PRO151	4086	0	25	0.0									not_selected				477
combined_all	PRO117-PRO152	4086	0	25	0.0									not_selected				478
combined_all	PRO117-PRO155	4086	0	25	0.0									not_selected				479
combined_all	PRO118-GTP	4086	0	25	0.0									not_selected				480
combined_all	PRO118-PRO119	4086	0	25	0.0									not_selected				481
combined_all	PRO118-PRO120	4086	0	25	0.0									not_selected				482
combined_all	PRO118-PRO121	4086	0	25	0.0									not_selected				483
combined_all	PRO118-PRO122	4086	0	25	0.0									not_selected				484
combined_all	PRO118-PRO123	4086	0	25	0.0									not_selected				485
combined_all	PRO118-PRO124	4086	0	25	0.0									not_selected				486
combined_all	PRO118-PRO125	4086	0	25	0.0									not_selected				487
combined_all	PRO118-PRO127	4086	0	25	0.0									not_selected				488
combined_all	PRO118-PRO130	4086	0	25	0.0									not_selected				489
combined_all	PRO118-PRO141	4086	0	25	0.0									not_selected				490
combined_all	PRO118-PRO142	4086	0	25	0.0									not_selected				491
combined_all	PRO118-PRO143	4086	0	25	0.0									not_selected				492
combined_all	PRO118-PRO144	4086	0	25	0.0									not_selected				493
combined_all	PRO118-PRO145	4086	0	25	0.0									not_selected				494
combined_all	PRO118-PRO147	4086	0	25	0.0									not_selected				495
combined_all	PRO118-PRO148	4086	0	25	0.0									not_selected				496
combined_all	PRO118-PRO149	4086	0	25	0.0									not_selected				497
combined_all	PRO118-PRO150	4086	0	25	0.0									not_selected				498
combined_all	PRO118-PRO151	4086	0	25	0.0									not_selected				499
combined_all	PRO118-PRO152	4086	0	25	0.0									not_selected				500
combined_all	PRO118-PRO154	4086	0	25	0.0									not_selected				501
combined_all	PRO118-PRO155	4086	0	25	0.0									not_selected				502
combined_all	PRO119-GTP	4086	0	25	0.0									not_selected				503
combined_all	PRO119-PRO120	4086	0	25	0.0									not_selected				504
combined_all	PRO119-PRO121	4086	0	25	0.0									not_selected				505
combined_all	PRO119-PRO122	4086	0	25	0.0									not_selected				506
combined_all	PRO119-PRO123	4086	0	25	0.0									not_selected				507
combined_all	PRO119-PRO143	4086	0	25	0.0									not_selected				508
combined_all	PRO119-PRO144	4086	0	25	0.0									not_selected				509
combined_all	PRO119-PRO145	4086	0	25	0.0									not_selected				510
combined_all	PRO119-PRO146	4086	0	25	0.0									not_selected				511
combined_all	PRO119-PRO147	4086	0	25	0.0									not_selected				512
combined_all	PRO119-PRO149	4086	0	25	0.0									not_selected				513
combined_all	PRO119-PRO150	4086	0	25	0.0									not_selected				514
combined_all	PRO119-PRO151	4086	0	25	0.0									not_selected				515
combined_all	PRO119-PRO152	4086	0	25	0.0									not_selected				516
combined_all	PRO12-GTP	4086	0	25	0.0									not_selected				517
combined_all	PRO12-PRO116	4086	0	25	0.0									not_selected				518
combined_all	PRO12-PRO117	4086	0	25	0.0									not_selected				519
combined_all	PRO12-PRO1233	4086	0	25	0.0									not_selected				520
combined_all	PRO12-PRO1236	4086	0	25	0.0									not_selected				521
combined_all	PRO12-PRO1272	4086	0	25	0.0									not_selected				522
combined_all	PRO12-PRO1273	4086	0	25	0.0									not_selected				523
combined_all	PRO12-PRO1274	4086	0	25	0.0									not_selected				524
combined_all	PRO12-PRO1275	4086	0	25	0.0									not_selected				525
combined_all	PRO12-PRO1276	4086	0	25	0.0									not_selected				526
combined_all	PRO12-PRO1277	4086	0	25	0.0									not_selected				527
combined_all	PRO12-PRO1278	4086	0	25	0.0									not_selected				528
combined_all	PRO12-PRO1279	4086	0	25	0.0									not_selected				529
combined_all	PRO12-PRO1280	4086	0	25	0.0									not_selected				530
combined_all	PRO12-PRO1282	4086	0	25	0.0									not_selected				531
combined_all	PRO12-PRO1283	4086	0	25	0.0									not_selected				532
combined_all	PRO12-PRO1285	4086	0	25	0.0									not_selected				533
combined_all	PRO12-PRO1286	4086	0	25	0.0									not_selected				534
combined_all	PRO12-PRO13	4086	0	25	0.0									not_selected				535
combined_all	PRO12-PRO1390	4086	0	25	0.0									not_selected				536
combined_all	PRO12-PRO1391	4086	0	25	0.0									not_selected				537
combined_all	PRO12-PRO14	4086	0	25	0.0									not_selected				538
combined_all	PRO12-PRO15	4086	0	25	0.0									not_selected				539
combined_all	PRO12-PRO16	4086	0	25	0.0									not_selected				540
combined_all	PRO12-PRO17	4086	0	25	0.0									not_selected				541
combined_all	PRO12-PRO18	4086	0	25	0.0									not_selected				542
combined_all	PRO12-PRO32	4086	0	25	0.0									not_selected				543
combined_all	PRO12-PRO33	4086	0	25	0.0									not_selected				544
combined_all	PRO12-PRO34	4086	0	25	0.0									not_selected				545
combined_all	PRO12-PRO35	4086	0	25	0.0									not_selected				546
combined_all	PRO12-PRO36	4086	0	25	0.0									not_selected				547
combined_all	PRO12-PRO57	4086	0	25	0.0									not_selected				548
combined_all	PRO12-PRO58	4086	0	25	0.0									not_selected				549
combined_all	PRO12-PRO59	4086	0	25	0.0									not_selected				550
combined_all	PRO12-PRO60	4086	0	25	0.0									not_selected				551
combined_all	PRO12-PRO61	4086	0	25	0.0									not_selected				552
combined_all	PRO12-PRO62	4086	0	25	0.0									not_selected				553
combined_all	PRO12-PRO63	4086	0	25	0.0									not_selected				554
combined_all	PRO12-PRO64	4086	0	25	0.0									not_selected				555
combined_all	PRO12-PRO65	4086	0	25	0.0									not_selected				556
combined_all	PRO12-PRO68	4086	0	25	0.0									not_selected				557
combined_all	PRO12-PRO81	4086	0	25	0.0									not_selected				558
combined_all	PRO12-PRO82	4086	0	25	0.0									not_selected				559
combined_all	PRO12-PRO83	4086	0	25	0.0									not_selected				560
combined_all	PRO12-PRO84	4086	0	25	0.0									not_selected				561
combined_all	PRO12-PRO85	4086	0	25	0.0									not_selected				562
combined_all	PRO12-PRO86	4086	0	25	0.0									not_selected				563
combined_all	PRO12-PRO87	4086	0	25	0.0									not_selected				564
combined_all	PRO12-PRO88	4086	0	25	0.0									not_selected				565
combined_all	PRO12-PRO89	4086	0	25	0.0									not_selected				566
combined_all	PRO12-PRO92	4086	0	25	0.0									not_selected				567
combined_all	PRO12-PRO93	4086	0	25	0.0									not_selected				568
combined_all	PRO12-PRO96	4086	0	25	0.0									not_selected				569
combined_all	PRO120-GTP	4086	0	25	0.0									not_selected				570
combined_all	PRO120-PRO121	4086	0	25	0.0									not_selected				571
combined_all	PRO120-PRO122	4086	0	25	0.0									not_selected				572
combined_all	PRO120-PRO123	4086	0	25	0.0									not_selected				573
combined_all	PRO120-PRO124	4086	0	25	0.0									not_selected				574
combined_all	PRO120-PRO125	4086	0	25	0.0									not_selected				575
combined_all	PRO120-PRO1269	4086	0	25	0.0									not_selected				576
combined_all	PRO120-PRO127	4086	0	25	0.0									not_selected				577
combined_all	PRO120-PRO1273	4086	0	25	0.0									not_selected				578
combined_all	PRO120-PRO1276	4086	0	25	0.0									not_selected				579
combined_all	PRO120-PRO143	4086	0	25	0.0									not_selected				580
combined_all	PRO120-PRO144	4086	0	25	0.0									not_selected				581
combined_all	PRO120-PRO145	4086	0	25	0.0									not_selected				582
combined_all	PRO120-PRO146	4086	0	25	0.0									not_selected				583
combined_all	PRO120-PRO147	4086	0	25	0.0									not_selected				584
combined_all	PRO120-PRO148	4086	0	25	0.0									not_selected				585
combined_all	PRO120-PRO149	4086	0	25	0.0									not_selected				586
combined_all	PRO120-PRO150	4086	0	25	0.0									not_selected				587
combined_all	PRO121-GTP	4086	0	25	0.0									not_selected				588
combined_all	PRO121-PRO122	4086	0	25	0.0									not_selected				589
combined_all	PRO121-PRO123	4086	0	25	0.0									not_selected				590
combined_all	PRO121-PRO124	4086	0	25	0.0									not_selected				591
combined_all	PRO121-PRO125	4086	0	25	0.0									not_selected				592
combined_all	PRO121-PRO145	4086	0	25	0.0									not_selected				593
combined_all	PRO121-PRO147	4086	0	25	0.0									not_selected				594
combined_all	PRO121-PRO148	4086	0	25	0.0									not_selected				595
combined_all	PRO122-GTP	4086	0	25	0.0									not_selected				596
combined_all	PRO122-PRO123	4086	0	25	0.0									not_selected				597
combined_all	PRO122-PRO124	4086	0	25	0.0									not_selected				598
combined_all	PRO122-PRO125	4086	0	25	0.0									not_selected				599
combined_all	PRO122-PRO127	4086	0	25	0.0									not_selected				600
combined_all	PRO122-PRO143	4086	0	25	0.0									not_selected				601
combined_all	PRO122-PRO145	4086	0	25	0.0									not_selected				602
combined_all	PRO1227-PRO1228	4086	0	25	0.0									not_selected				603
combined_all	PRO1227-PRO1230	4086	0	25	0.0									not_selected				604
combined_all	PRO1227-PRO1231	4086	0	25	0.0									not_selected				605
combined_all	PRO1227-PRO1232	4086	0	25	0.0									not_selected				606
combined_all	PRO1227-PRO1233	4086	0	25	0.0									not_selected				607
combined_all	PRO1227-PRO1234	4086	0	25	0.0									not_selected				608
combined_all	PRO1227-PRO1235	4086	0	25	0.0									not_selected				609
combined_all	PRO1227-PRO1236	4086	0	25	0.0									not_selected				610
combined_all	PRO1227-PRO1237	4086	0	25	0.0									not_selected				611
combined_all	PRO1227-PRO1238	4086	0	25	0.0									not_selected				612
combined_all	PRO1227-PRO1239	4086	0	25	0.0									not_selected				613
combined_all	PRO1227-PRO1240	4086	0	25	0.0									not_selected				614
combined_all	PRO1227-PRO1241	4086	0	25	0.0									not_selected				615
combined_all	PRO1227-PRO1242	4086	0	25	0.0									not_selected				616
combined_all	PRO1227-PRO1243	4086	0	25	0.0									not_selected				617
combined_all	PRO1227-PRO1278	4086	0	25	0.0									not_selected				618
combined_all	PRO1227-PRO1279	4086	0	25	0.0									not_selected				619
combined_all	PRO1227-PRO1280	4086	0	25	0.0									not_selected				620
combined_all	PRO1227-PRO1281	4086	0	25	0.0									not_selected				621
combined_all	PRO1227-PRO1283	4086	0	25	0.0									not_selected				622
combined_all	PRO1227-PRO1284	4086	0	25	0.0									not_selected				623
combined_all	PRO1228-PRO1230	4086	0	25	0.0									not_selected				624
combined_all	PRO1228-PRO1231	4086	0	25	0.0									not_selected				625
combined_all	PRO1228-PRO1232	4086	0	25	0.0									not_selected				626
combined_all	PRO1228-PRO1233	4086	0	25	0.0									not_selected				627
combined_all	PRO1228-PRO1234	4086	0	25	0.0									not_selected				628
combined_all	PRO1228-PRO1235	4086	0	25	0.0									not_selected				629
combined_all	PRO1228-PRO1236	4086	0	25	0.0									not_selected				630
combined_all	PRO1228-PRO1237	4086	0	25	0.0									not_selected				631
combined_all	PRO1228-PRO1238	4086	0	25	0.0									not_selected				632
combined_all	PRO1228-PRO1239	4086	0	25	0.0									not_selected				633
combined_all	PRO1228-PRO1240	4086	0	25	0.0									not_selected				634
combined_all	PRO1228-PRO1243	4086	0	25	0.0									not_selected				635
combined_all	PRO1228-PRO1264	4086	0	25	0.0									not_selected				636
combined_all	PRO1228-PRO1267	4086	0	25	0.0									not_selected				637
combined_all	PRO1228-PRO1278	4086	0	25	0.0									not_selected				638
combined_all	PRO1228-PRO1279	4086	0	25	0.0									not_selected				639
combined_all	PRO1228-PRO1280	4086	0	25	0.0									not_selected				640
combined_all	PRO1228-PRO1281	4086	0	25	0.0									not_selected				641
combined_all	PRO1228-PRO1282	4086	0	25	0.0									not_selected				642
combined_all	PRO1228-PRO1283	4086	0	25	0.0									not_selected				643
combined_all	PRO1228-PRO1284	4086	0	25	0.0									not_selected				644
combined_all	PRO123-PRO124	4086	0	25	0.0									not_selected				645
combined_all	PRO123-PRO125	4086	0	25	0.0									not_selected				646
combined_all	PRO123-PRO127	4086	0	25	0.0									not_selected				647
combined_all	PRO123-PRO129	4086	0	25	0.0									not_selected				648
combined_all	PRO123-PRO130	4086	0	25	0.0									not_selected				649
combined_all	PRO123-PRO133	4086	0	25	0.0									not_selected				650
combined_all	PRO123-PRO134	4086	0	25	0.0									not_selected				651
combined_all	PRO123-PRO141	4086	0	25	0.0									not_selected				652
combined_all	PRO123-PRO142	4086	0	25	0.0									not_selected				653
combined_all	PRO123-PRO143	4086	0	25	0.0									not_selected				654
combined_all	PRO123-PRO144	4086	0	25	0.0									not_selected				655
combined_all	PRO123-PRO145	4086	0	25	0.0									not_selected				656
combined_all	PRO1230-PRO1231	4086	0	25	0.0									not_selected				657
combined_all	PRO1230-PRO1232	4086	0	25	0.0									not_selected				658
combined_all	PRO1230-PRO1233	4086	0	25	0.0									not_selected				659
combined_all	PRO1230-PRO1234	4086	0	25	0.0									not_selected				660
combined_all	PRO1230-PRO1235	4086	0	25	0.0									not_selected				661
combined_all	PRO1230-PRO1236	4086	0	25	0.0									not_selected				662
combined_all	PRO1230-PRO1239	4086	0	25	0.0									not_selected				663
combined_all	PRO1230-PRO1243	4086	0	25	0.0									not_selected				664
combined_all	PRO1230-PRO1280	4086	0	25	0.0									not_selected				665
combined_all	PRO1231-PRO1232	4086	0	25	0.0									not_selected				666
combined_all	PRO1231-PRO1233	4086	0	25	0.0									not_selected				667
combined_all	PRO1231-PRO1234	4086	0	25	0.0									not_selected				668
combined_all	PRO1231-PRO1235	4086	0	25	0.0									not_selected				669
combined_all	PRO1231-PRO1236	4086	0	25	0.0									not_selected				670
combined_all	PRO1231-PRO1237	4086	0	25	0.0									not_selected				671
combined_all	PRO1231-PRO1238	4086	0	25	0.0									not_selected				672
combined_all	PRO1231-PRO1239	4086	0	25	0.0									not_selected				673
combined_all	PRO1231-PRO1240	4086	0	25	0.0									not_selected				674
combined_all	PRO1231-PRO1241	4086	0	25	0.0									not_selected				675
combined_all	PRO1231-PRO1242	4086	0	25	0.0									not_selected				676
combined_all	PRO1231-PRO1243	4086	0	25	0.0									not_selected				677
combined_all	PRO1231-PRO1278	4086	0	25	0.0									not_selected				678
combined_all	PRO1231-PRO1279	4086	0	25	0.0									not_selected				679
combined_all	PRO1231-PRO1280	4086	0	25	0.0									not_selected				680
combined_all	PRO1231-PRO1283	4086	0	25	0.0									not_selected				681
combined_all	PRO1231-PRO1284	4086	0	25	0.0									not_selected				682
combined_all	PRO1232-PRO1233	4086	0	25	0.0									not_selected				683
combined_all	PRO1232-PRO1234	4086	0	25	0.0									not_selected				684
combined_all	PRO1232-PRO1235	4086	0	25	0.0									not_selected				685
combined_all	PRO1232-PRO1236	4086	0	25	0.0									not_selected				686
combined_all	PRO1232-PRO1237	4086	0	25	0.0									not_selected				687
combined_all	PRO1232-PRO1238	4086	0	25	0.0									not_selected				688
combined_all	PRO1232-PRO1239	4086	0	25	0.0									not_selected				689
combined_all	PRO1232-PRO1240	4086	0	25	0.0									not_selected				690
combined_all	PRO1232-PRO1278	4086	0	25	0.0									not_selected				691
combined_all	PRO1232-PRO1279	4086	0	25	0.0									not_selected				692
combined_all	PRO1232-PRO1280	4086	0	25	0.0									not_selected				693
combined_all	PRO1232-PRO1283	4086	0	25	0.0									not_selected				694
combined_all	PRO1233-PRO1234	4086	0	25	0.0									not_selected				695
combined_all	PRO1233-PRO1235	4086	0	25	0.0									not_selected				696
combined_all	PRO1233-PRO1236	4086	0	25	0.0									not_selected				697
combined_all	PRO1233-PRO1237	4086	0	25	0.0									not_selected				698
combined_all	PRO1233-PRO1238	4086	0	25	0.0									not_selected				699
combined_all	PRO1233-PRO1239	4086	0	25	0.0									not_selected				700
combined_all	PRO1233-PRO1240	4086	0	25	0.0									not_selected				701
combined_all	PRO1233-PRO1277	4086	0	25	0.0									not_selected				702
combined_all	PRO1233-PRO1278	4086	0	25	0.0									not_selected				703
combined_all	PRO1233-PRO1279	4086	0	25	0.0									not_selected				704
combined_all	PRO1233-PRO1280	4086	0	25	0.0									not_selected				705
combined_all	PRO1233-PRO1281	4086	0	25	0.0									not_selected				706
combined_all	PRO1233-PRO1282	4086	0	25	0.0									not_selected				707
combined_all	PRO1233-PRO1283	4086	0	25	0.0									not_selected				708
combined_all	PRO1234-PRO1235	4086	0	25	0.0									not_selected				709
combined_all	PRO1234-PRO1236	4086	0	25	0.0									not_selected				710
combined_all	PRO1234-PRO1237	4086	0	25	0.0									not_selected				711
combined_all	PRO1234-PRO1238	4086	0	25	0.0									not_selected				712
combined_all	PRO1234-PRO1239	4086	0	25	0.0									not_selected				713
combined_all	PRO1234-PRO1240	4086	0	25	0.0									not_selected				714
combined_all	PRO1234-PRO1241	4086	0	25	0.0									not_selected				715
combined_all	PRO1234-PRO1278	4086	0	25	0.0									not_selected				716
combined_all	PRO1234-PRO1279	4086	0	25	0.0									not_selected				717
combined_all	PRO1234-PRO1280	4086	0	25	0.0									not_selected				718
combined_all	PRO1234-PRO1283	4086	0	25	0.0									not_selected				719
combined_all	PRO1235-PRO1236	4086	0	25	0.0									not_selected				720
combined_all	PRO1235-PRO1237	4086	0	25	0.0									not_selected				721
combined_all	PRO1235-PRO1238	4086	0	25	0.0									not_selected				722
combined_all	PRO1235-PRO1239	4086	0	25	0.0									not_selected				723
combined_all	PRO1235-PRO1240	4086	0	25	0.0									not_selected				724
combined_all	PRO1235-PRO1241	4086	0	25	0.0									not_selected				725
combined_all	PRO1235-PRO1242	4086	0	25	0.0									not_selected				726
combined_all	PRO1235-PRO1243	4086	0	25	0.0									not_selected				727
combined_all	PRO1235-PRO1278	4086	0	25	0.0									not_selected				728
combined_all	PRO1235-PRO1279	4086	0	25	0.0									not_selected				729
combined_all	PRO1235-PRO1280	4086	0	25	0.0									not_selected				730
combined_all	PRO1235-PRO1283	4086	0	25	0.0									not_selected				731
combined_all	PRO1235-PRO1284	4086	0	25	0.0									not_selected				732
combined_all	PRO1236-PRO1237	4086	0	25	0.0									not_selected				733
combined_all	PRO1236-PRO1238	4086	0	25	0.0									not_selected				734
combined_all	PRO1236-PRO1239	4086	0	25	0.0									not_selected				735
combined_all	PRO1236-PRO1240	4086	0	25	0.0									not_selected				736
combined_all	PRO1236-PRO1241	4086	0	25	0.0									not_selected				737
combined_all	PRO1236-PRO1242	4086	0	25	0.0									not_selected				738
combined_all	PRO1236-PRO1243	4086	0	25	0.0									not_selected				739
combined_all	PRO1236-PRO1264	4086	0	25	0.0									not_selected				740
combined_all	PRO1236-PRO1267	4086	0	25	0.0									not_selected				741
combined_all	PRO1236-PRO1274	4086	0	25	0.0									not_selected				742
combined_all	PRO1236-PRO1275	4086	0	25	0.0									not_selected				743
combined_all	PRO1236-PRO1276	4086	0	25	0.0									not_selected				744
combined_all	PRO1236-PRO1277	4086	0	25	0.0									not_selected				745
combined_all	PRO1236-PRO1278	4086	0	25	0.0									not_selected				746
combined_all	PRO1236-PRO1279	4086	0	25	0.0									not_selected				747
combined_all	PRO1236-PRO1280	4086	0	25	0.0									not_selected				748
combined_all	PRO1236-PRO1281	4086	0	25	0.0									not_selected				749
combined_all	PRO1236-PRO1282	4086	0	25	0.0									not_selected				750
combined_all	PRO1236-PRO1283	4086	0	25	0.0									not_selected				751
combined_all	PRO1236-PRO1284	4086	0	25	0.0									not_selected				752
combined_all	PRO1236-PRO1285	4086	0	25	0.0									not_selected				753
combined_all	PRO1236-PRO1286	4086	0	25	0.0									not_selected				754
combined_all	PRO1236-PRO1287	4086	0	25	0.0									not_selected				755
combined_all	PRO1236-PRO1391	4086	0	25	0.0									not_selected				756
combined_all	PRO1237-LIG	4086	0	25	0.0									not_selected				757
combined_all	PRO1237-PRO1238	4086	0	25	0.0									not_selected				758
combined_all	PRO1237-PRO1239	4086	0	25	0.0									not_selected				759
combined_all	PRO1237-PRO1240	4086	0	25	0.0									not_selected				760
combined_all	PRO1237-PRO1241	4086	0	25	0.0									not_selected				761
combined_all	PRO1237-PRO1242	4086	0	25	0.0									not_selected				762
combined_all	PRO1237-PRO1243	4086	0	25	0.0									not_selected				763
combined_all	PRO1237-PRO1278	4086	0	25	0.0									not_selected				764
combined_all	PRO1237-PRO1279	4086	0	25	0.0									not_selected				765
combined_all	PRO1237-PRO1280	4086	0	25	0.0									not_selected				766
combined_all	PRO1237-PRO1281	4086	0	25	0.0									not_selected				767
combined_all	PRO1237-PRO1282	4086	0	25	0.0									not_selected				768
combined_all	PRO1237-PRO1283	4086	0	25	0.0									not_selected				769
combined_all	PRO1237-PRO1284	4086	0	25	0.0									not_selected				770
combined_all	PRO1237-PRO1285	4086	0	25	0.0									not_selected				771
combined_all	PRO1237-PRO1286	4086	0	25	0.0									not_selected				772
combined_all	PRO1237-PRO1287	4086	0	25	0.0									not_selected				773
combined_all	PRO1237-PRO1290	4086	0	25	0.0									not_selected				774
combined_all	PRO1237-PRO1391	4086	0	25	0.0									not_selected				775
combined_all	PRO1238-PRO1240	4086	0	25	0.0									not_selected				776
combined_all	PRO1238-PRO1241	4086	0	25	0.0									not_selected				777
combined_all	PRO1238-PRO1242	4086	0	25	0.0									not_selected				778
combined_all	PRO1238-PRO1243	4086	0	25	0.0									not_selected				779
combined_all	PRO1238-PRO1278	4086	0	25	0.0									not_selected				780
combined_all	PRO1238-PRO1279	4086	0	25	0.0									not_selected				781
combined_all	PRO1238-PRO1280	4086	0	25	0.0									not_selected				782
combined_all	PRO1238-PRO1283	4086	0	25	0.0									not_selected				783
combined_all	PRO1238-PRO1284	4086	0	25	0.0									not_selected				784
combined_all	PRO1238-PRO1286	4086	0	25	0.0									not_selected				785
combined_all	PRO1238-PRO1287	4086	0	25	0.0									not_selected				786
combined_all	PRO1238-PRO1290	4086	0	25	0.0									not_selected				787
combined_all	PRO1239-PRO1240	4086	0	25	0.0									not_selected				788
combined_all	PRO1239-PRO1241	4086	0	25	0.0									not_selected				789
combined_all	PRO1239-PRO1242	4086	0	25	0.0									not_selected				790
combined_all	PRO1239-PRO1243	4086	0	25	0.0									not_selected				791
combined_all	PRO1239-PRO1278	4086	0	25	0.0									not_selected				792
combined_all	PRO1239-PRO1279	4086	0	25	0.0									not_selected				793
combined_all	PRO1239-PRO1280	4086	0	25	0.0									not_selected				794
combined_all	PRO1239-PRO1281	4086	0	25	0.0									not_selected				795
combined_all	PRO1239-PRO1282	4086	0	25	0.0									not_selected				796
combined_all	PRO1239-PRO1283	4086	0	25	0.0									not_selected				797
combined_all	PRO1239-PRO1284	4086	0	25	0.0									not_selected				798
combined_all	PRO1239-PRO1285	4086	0	25	0.0									not_selected				799
combined_all	PRO1239-PRO1286	4086	0	25	0.0									not_selected				800
combined_all	PRO1239-PRO1287	4086	0	25	0.0									not_selected				801
combined_all	PRO124-PRO1233	4086	0	25	0.0									not_selected				802
combined_all	PRO124-PRO1236	4086	0	25	0.0									not_selected				803
combined_all	PRO124-PRO125	4086	0	25	0.0									not_selected				804
combined_all	PRO124-PRO1267	4086	0	25	0.0									not_selected				805
combined_all	PRO124-PRO127	4086	0	25	0.0									not_selected				806
combined_all	PRO124-PRO1277	4086	0	25	0.0									not_selected				807
combined_all	PRO124-PRO1278	4086	0	25	0.0									not_selected				808
combined_all	PRO124-PRO129	4086	0	25	0.0									not_selected				809
combined_all	PRO124-PRO130	4086	0	25	0.0									not_selected				810
combined_all	PRO124-PRO143	4086	0	25	0.0									not_selected				811
combined_all	PRO1240-PRO1241	4086	0	25	0.0									not_selected				812
combined_all	PRO1240-PRO1242	4086	0	25	0.0									not_selected				813
combined_all	PRO1240-PRO1243	4086	0	25	0.0									not_selected				814
combined_all	PRO1240-PRO1278	4086	0	25	0.0									not_selected				815
combined_all	PRO1240-PRO1279	4086	0	25	0.0									not_selected				816
combined_all	PRO1240-PRO1280	4086	0	25	0.0									not_selected				817
combined_all	PRO1240-PRO1281	4086	0	25	0.0									not_selected				818
combined_all	PRO1240-PRO1282	4086	0	25	0.0									not_selected				819
combined_all	PRO1240-PRO1283	4086	0	25	0.0									not_selected				820
combined_all	PRO1240-PRO1284	4086	0	25	0.0									not_selected				821
combined_all	PRO1240-PRO1285	4086	0	25	0.0									not_selected				822
combined_all	PRO1240-PRO1286	4086	0	25	0.0									not_selected				823
combined_all	PRO1240-PRO1287	4086	0	25	0.0									not_selected				824
combined_all	PRO1240-PRO1289	4086	0	25	0.0									not_selected				825
combined_all	PRO1240-PRO1290	4086	0	25	0.0									not_selected				826
combined_all	PRO1240-PRO1391	4086	0	25	0.0									not_selected				827
combined_all	PRO1241-LIG	4086	0	25	0.0									not_selected				828
combined_all	PRO1241-PRO1243	4086	0	25	0.0									not_selected				829
combined_all	PRO1241-PRO1278	4086	0	25	0.0									not_selected				830
combined_all	PRO1241-PRO1280	4086	0	25	0.0									not_selected				831
combined_all	PRO1241-PRO1282	4086	0	25	0.0									not_selected				832
combined_all	PRO1241-PRO1283	4086	0	25	0.0									not_selected				833
combined_all	PRO1241-PRO1284	4086	0	25	0.0									not_selected				834
combined_all	PRO1241-PRO1285	4086	0	25	0.0									not_selected				835
combined_all	PRO1241-PRO1286	4086	0	25	0.0									not_selected				836
combined_all	PRO1241-PRO1289	4086	0	25	0.0									not_selected				837
combined_all	PRO1241-PRO1290	4086	0	25	0.0									not_selected				838
combined_all	PRO1242-PRO1280	4086	0	25	0.0									not_selected				839
combined_all	PRO1242-PRO1283	4086	0	25	0.0									not_selected				840
combined_all	PRO1242-PRO1284	4086	0	25	0.0									not_selected				841
combined_all	PRO1242-PRO1287	4086	0	25	0.0									not_selected				842
combined_all	PRO1243-PRO1279	4086	0	25	0.0									not_selected				843
combined_all	PRO1243-PRO1280	4086	0	25	0.0									not_selected				844
combined_all	PRO1243-PRO1281	4086	0	25	0.0									not_selected				845
combined_all	PRO1243-PRO1282	4086	0	25	0.0									not_selected				846
combined_all	PRO1243-PRO1283	4086	0	25	0.0									not_selected				847
combined_all	PRO1243-PRO1284	4086	0	25	0.0									not_selected				848
combined_all	PRO1243-PRO1285	4086	0	25	0.0									not_selected				849
combined_all	PRO1243-PRO1286	4086	0	25	0.0									not_selected				850
combined_all	PRO1243-PRO1287	4086	0	25	0.0									not_selected				851
combined_all	PRO125-PRO1233	4086	0	25	0.0									not_selected				852
combined_all	PRO125-PRO127	4086	0	25	0.0									not_selected				853
combined_all	PRO125-PRO129	4086	0	25	0.0									not_selected				854
combined_all	PRO125-PRO130	4086	0	25	0.0									not_selected				855
combined_all	PRO125-PRO133	4086	0	25	0.0									not_selected				856
combined_all	PRO125-PRO134	4086	0	25	0.0									not_selected				857
combined_all	PRO125-PRO141	4086	0	25	0.0									not_selected				858
combined_all	PRO125-PRO142	4086	0	25	0.0									not_selected				859
combined_all	PRO125-PRO143	4086	0	25	0.0									not_selected				860
combined_all	PRO125-PRO144	4086	0	25	0.0									not_selected				861
combined_all	PRO1264-PRO1267	4086	0	25	0.0									not_selected				862
combined_all	PRO1264-PRO1268	4086	0	25	0.0									not_selected				863
combined_all	PRO1264-PRO1269	4086	0	25	0.0									not_selected				864
combined_all	PRO1264-PRO1270	4086	0	25	0.0									not_selected				865
combined_all	PRO1264-PRO1271	4086	0	25	0.0									not_selected				866
combined_all	PRO1264-PRO1273	4086	0	25	0.0									not_selected				867
combined_all	PRO1264-PRO1274	4086	0	25	0.0									not_selected				868
combined_all	PRO1264-PRO1275	4086	0	25	0.0									not_selected				869
combined_all	PRO1264-PRO1276	4086	0	25	0.0									not_selected				870
combined_all	PRO1264-PRO1277	4086	0	25	0.0									not_selected				871
combined_all	PRO1264-PRO1278	4086	0	25	0.0									not_selected				872
combined_all	PRO1264-PRO1279	4086	0	25	0.0									not_selected				873
combined_all	PRO1264-PRO1280	4086	0	25	0.0									not_selected				874
combined_all	PRO1264-PRO1281	4086	0	25	0.0									not_selected				875
combined_all	PRO1264-PRO1282	4086	0	25	0.0									not_selected				876
combined_all	PRO1264-PRO1283	4086	0	25	0.0									not_selected				877
combined_all	PRO1264-PRO1284	4086	0	25	0.0									not_selected				878
combined_all	PRO1264-PRO1285	4086	0	25	0.0									not_selected				879
combined_all	PRO1264-PRO1286	4086	0	25	0.0									not_selected				880
combined_all	PRO1264-PRO1368	4086	0	25	0.0									not_selected				881
combined_all	PRO1264-PRO1383	4086	0	25	0.0									not_selected				882
combined_all	PRO1264-PRO1391	4086	0	25	0.0									not_selected				883
combined_all	PRO1265-PRO1267	4086	0	25	0.0									not_selected				884
combined_all	PRO1265-PRO1268	4086	0	25	0.0									not_selected				885
combined_all	PRO1265-PRO1269	4086	0	25	0.0									not_selected				886
combined_all	PRO1265-PRO1270	4086	0	25	0.0									not_selected				887
combined_all	PRO1265-PRO1271	4086	0	25	0.0									not_selected				888
combined_all	PRO1265-PRO1272	4086	0	25	0.0									not_selected				889
combined_all	PRO1265-PRO1273	4086	0	25	0.0									not_selected				890
combined_all	PRO1265-PRO1275	4086	0	25	0.0									not_selected				891
combined_all	PRO1265-PRO1279	4086	0	25	0.0									not_selected				892
combined_all	PRO1265-PRO1281	4086	0	25	0.0									not_selected				893
combined_all	PRO1265-PRO1282	4086	0	25	0.0									not_selected				894
combined_all	PRO1265-PRO1285	4086	0	25	0.0									not_selected				895
combined_all	PRO1265-PRO1368	4086	0	25	0.0									not_selected				896
combined_all	PRO1265-PRO1379	4086	0	25	0.0									not_selected				897
combined_all	PRO1265-PRO1383	4086	0	25	0.0									not_selected				898
combined_all	PRO1265-PRO1384	4086	0	25	0.0									not_selected				899
combined_all	PRO1265-PRO1387	4086	0	25	0.0									not_selected				900
combined_all	PRO1267-PRO1269	4086	0	25	0.0									not_selected				901
combined_all	PRO1267-PRO1270	4086	0	25	0.0									not_selected				902
combined_all	PRO1267-PRO1271	4086	0	25	0.0									not_selected				903
combined_all	PRO1267-PRO1273	4086	0	25	0.0									not_selected				904
combined_all	PRO1267-PRO1274	4086	0	25	0.0									not_selected				905
combined_all	PRO1267-PRO1275	4086	0	25	0.0									not_selected				906
combined_all	PRO1267-PRO1276	4086	0	25	0.0									not_selected				907
combined_all	PRO1267-PRO1277	4086	0	25	0.0									not_selected				908
combined_all	PRO1267-PRO1278	4086	0	25	0.0									not_selected				909
combined_all	PRO1267-PRO1279	4086	0	25	0.0									not_selected				910
combined_all	PRO1267-PRO1280	4086	0	25	0.0									not_selected				911
combined_all	PRO1267-PRO1281	4086	0	25	0.0									not_selected				912
combined_all	PRO1267-PRO1282	4086	0	25	0.0									not_selected				913
combined_all	PRO1268-PRO1269	4086	0	25	0.0									not_selected				914
combined_all	PRO1268-PRO1270	4086	0	25	0.0									not_selected				915
combined_all	PRO1268-PRO1271	4086	0	25	0.0									not_selected				916
combined_all	PRO1268-PRO1272	4086	0	25	0.0									not_selected				917
combined_all	PRO1268-PRO1273	4086	0	25	0.0									not_selected				918
combined_all	PRO1268-PRO1274	4086	0	25	0.0									not_selected				919
combined_all	PRO1268-PRO1275	4086	0	25	0.0									not_selected				920
combined_all	PRO1268-PRO1276	4086	0	25	0.0									not_selected				921
combined_all	PRO1268-PRO1277	4086	0	25	0.0									not_selected				922
combined_all	PRO1268-PRO1279	4086	0	25	0.0									not_selected				923
combined_all	PRO1268-PRO1281	4086	0	25	0.0									not_selected				924
combined_all	PRO1268-PRO1368	4086	0	25	0.0									not_selected				925
combined_all	PRO1268-PRO1379	4086	0	25	0.0									not_selected				926
combined_all	PRO1268-PRO1383	4086	0	25	0.0									not_selected				927
combined_all	PRO1269-GTP	4086	0	25	0.0									not_selected				928
combined_all	PRO1269-PRO1270	4086	0	25	0.0									not_selected				929
combined_all	PRO1269-PRO1271	4086	0	25	0.0									not_selected				930
combined_all	PRO1269-PRO1272	4086	0	25	0.0									not_selected				931
combined_all	PRO1269-PRO1273	4086	0	25	0.0									not_selected				932
combined_all	PRO1269-PRO1274	4086	0	25	0.0									not_selected				933
combined_all	PRO1269-PRO1275	4086	0	25	0.0									not_selected				934
combined_all	PRO1269-PRO1276	4086	0	25	0.0									not_selected				935
combined_all	PRO1269-PRO1379	4086	0	25	0.0									not_selected				936
combined_all	PRO127-PRO129	4086	0	25	0.0									not_selected				937
combined_all	PRO127-PRO130	4086	0	25	0.0									not_selected				938
combined_all	PRO127-PRO133	4086	0	25	0.0									not_selected				939
combined_all	PRO127-PRO134	4086	0	25	0.0									not_selected				940
combined_all	PRO127-PRO136	4086	0	25	0.0									not_selected				941
combined_all	PRO127-PRO141	4086	0	25	0.0									not_selected				942
combined_all	PRO127-PRO142	4086	0	25	0.0									not_selected				943
combined_all	PRO127-PRO143	4086	0	25	0.0									not_selected				944
combined_all	PRO127-PRO144	4086	0	25	0.0									not_selected				945
combined_all	PRO1270-GTP	4086	0	25	0.0									not_selected				946
combined_all	PRO1270-PRO1271	4086	0	25	0.0									not_selected				947
combined_all	PRO1270-PRO1272	4086	0	25	0.0									not_selected				948
combined_all	PRO1270-PRO1273	4086	0	25	0.0									not_selected				949
combined_all	PRO1270-PRO1274	4086	0	25	0.0									not_selected				950
combined_all	PRO1270-PRO1275	4086	0	25	0.0									not_selected				951
combined_all	PRO1270-PRO1276	4086	0	25	0.0									not_selected				952
combined_all	PRO1270-PRO1379	4086	0	25	0.0									not_selected				953
combined_all	PRO1270-PRO1382	4086	0	25	0.0									not_selected				954
combined_all	PRO1270-PRO1383	4086	0	25	0.0									not_selected				955
combined_all	PRO1271-PRO1272	4086	0	25	0.0									not_selected				956
combined_all	PRO1271-PRO1273	4086	0	25	0.0									not_selected				957
combined_all	PRO1271-PRO1274	4086	0	25	0.0									not_selected				958
combined_all	PRO1271-PRO1275	4086	0	25	0.0									not_selected				959
combined_all	PRO1271-PRO1276	4086	0	25	0.0									not_selected				960
combined_all	PRO1271-PRO1285	4086	0	25	0.0									not_selected				961
combined_all	PRO1271-PRO1368	4086	0	25	0.0									not_selected				962
combined_all	PRO1271-PRO1379	4086	0	25	0.0									not_selected				963
combined_all	PRO1271-PRO1382	4086	0	25	0.0									not_selected				964
combined_all	PRO1271-PRO1383	4086	0	25	0.0									not_selected				965
combined_all	PRO1271-PRO1384	4086	0	25	0.0									not_selected				966
combined_all	PRO1271-PRO1385	4086	0	25	0.0									not_selected				967
combined_all	PRO1271-PRO1386	4086	0	25	0.0									not_selected				968
combined_all	PRO1271-PRO1387	4086	0	25	0.0									not_selected				969
combined_all	PRO1271-PRO1390	4086	0	25	0.0									not_selected				970
combined_all	PRO1271-PRO1430	4086	0	25	0.0									not_selected				971
combined_all	PRO1272-GTP	4086	0	25	0.0									not_selected				972
combined_all	PRO1272-PRO1273	4086	0	25	0.0									not_selected				973
combined_all	PRO1272-PRO1274	4086	0	25	0.0									not_selected				974
combined_all	PRO1272-PRO1275	4086	0	25	0.0									not_selected				975
combined_all	PRO1272-PRO1276	4086	0	25	0.0									not_selected				976
combined_all	PRO1272-PRO1277	4086	0	25	0.0									not_selected				977
combined_all	PRO1272-PRO1368	4086	0	25	0.0									not_selected				978
combined_all	PRO1272-PRO1379	4086	0	25	0.0									not_selected				979
combined_all	PRO1272-PRO1382	4086	0	25	0.0									not_selected				980
combined_all	PRO1272-PRO1383	4086	0	25	0.0									not_selected				981
combined_all	PRO1272-PRO1384	4086	0	25	0.0									not_selected				982
combined_all	PRO1272-PRO1385	4086	0	25	0.0									not_selected				983
combined_all	PRO1272-PRO1386	4086	0	25	0.0									not_selected				984
combined_all	PRO1272-PRO1387	4086	0	25	0.0									not_selected				985
combined_all	PRO1272-PRO1390	4086	0	25	0.0									not_selected				986
combined_all	PRO1272-PRO1391	4086	0	25	0.0									not_selected				987
combined_all	PRO1272-PRO1426	4086	0	25	0.0									not_selected				988
combined_all	PRO1272-PRO1427	4086	0	25	0.0									not_selected				989
combined_all	PRO1272-PRO1429	4086	0	25	0.0									not_selected				990
combined_all	PRO1272-PRO1430	4086	0	25	0.0									not_selected				991
combined_all	PRO1272-PRO1431	4086	0	25	0.0									not_selected				992
combined_all	PRO1272-PRO1432	4086	0	25	0.0									not_selected				993
combined_all	PRO1272-PRO1433	4086	0	25	0.0									not_selected				994
combined_all	PRO1273-PRO1275	4086	0	25	0.0									not_selected				995
combined_all	PRO1273-PRO1276	4086	0	25	0.0									not_selected				996
combined_all	PRO1273-PRO1277	4086	0	25	0.0									not_selected				997
combined_all	PRO1273-PRO1278	4086	0	25	0.0									not_selected				998
combined_all	PRO1273-PRO1279	4086	0	25	0.0									not_selected				999
combined_all	PRO1273-PRO1282	4086	0	25	0.0									not_selected				1000
combined_all	PRO1273-PRO1368	4086	0	25	0.0									not_selected				1001
combined_all	PRO1273-PRO1379	4086	0	25	0.0									not_selected				1002
combined_all	PRO1273-PRO1382	4086	0	25	0.0									not_selected				1003
combined_all	PRO1273-PRO1383	4086	0	25	0.0									not_selected				1004
combined_all	PRO1273-PRO1386	4086	0	25	0.0									not_selected				1005
combined_all	PRO1273-PRO1387	4086	0	25	0.0									not_selected				1006
combined_all	PRO1273-PRO1390	4086	0	25	0.0									not_selected				1007
combined_all	PRO1273-PRO1391	4086	0	25	0.0									not_selected				1008
combined_all	PRO1273-PRO1430	4086	0	25	0.0									not_selected				1009
combined_all	PRO1274-PRO1277	4086	0	25	0.0									not_selected				1010
combined_all	PRO1274-PRO1278	4086	0	25	0.0									not_selected				1011
combined_all	PRO1274-PRO1279	4086	0	25	0.0									not_selected				1012
combined_all	PRO1274-PRO1280	4086	0	25	0.0									not_selected				1013
combined_all	PRO1274-PRO1281	4086	0	25	0.0									not_selected				1014
combined_all	PRO1274-PRO1282	4086	0	25	0.0									not_selected				1015
combined_all	PRO1274-PRO1283	4086	0	25	0.0									not_selected				1016
combined_all	PRO1274-PRO1285	4086	0	25	0.0									not_selected				1017
combined_all	PRO1274-PRO1289	4086	0	25	0.0									not_selected				1018
combined_all	PRO1274-PRO1368	4086	0	25	0.0									not_selected				1019
combined_all	PRO1274-PRO1379	4086	0	25	0.0									not_selected				1020
combined_all	PRO1274-PRO1382	4086	0	25	0.0									not_selected				1021
combined_all	PRO1274-PRO1383	4086	0	25	0.0									not_selected				1022
combined_all	PRO1274-PRO1384	4086	0	25	0.0									not_selected				1023
combined_all	PRO1274-PRO1385	4086	0	25	0.0									not_selected				1024
combined_all	PRO1274-PRO1386	4086	0	25	0.0									not_selected				1025
combined_all	PRO1274-PRO1387	4086	0	25	0.0									not_selected				1026
combined_all	PRO1274-PRO1388	4086	0	25	0.0									not_selected				1027
combined_all	PRO1274-PRO1390	4086	0	25	0.0									not_selected				1028
combined_all	PRO1274-PRO1391	4086	0	25	0.0									not_selected				1029
combined_all	PRO1275-GTP	4086	0	25	0.0									not_selected				1030
combined_all	PRO1275-PRO1279	4086	0	25	0.0									not_selected				1031
combined_all	PRO1275-PRO1280	4086	0	25	0.0									not_selected				1032
combined_all	PRO1275-PRO1281	4086	0	25	0.0									not_selected				1033
combined_all	PRO1275-PRO1282	4086	0	25	0.0									not_selected				1034
combined_all	PRO1275-PRO1283	4086	0	25	0.0									not_selected				1035
combined_all	PRO1275-PRO1284	4086	0	25	0.0									not_selected				1036
combined_all	PRO1275-PRO1285	4086	0	25	0.0									not_selected				1037
combined_all	PRO1275-PRO1286	4086	0	25	0.0									not_selected				1038
combined_all	PRO1275-PRO1287	4086	0	25	0.0									not_selected				1039
combined_all	PRO1275-PRO1289	4086	0	25	0.0									not_selected				1040
combined_all	PRO1275-PRO1368	4086	0	25	0.0									not_selected				1041
combined_all	PRO1275-PRO1379	4086	0	25	0.0									not_selected				1042
combined_all	PRO1275-PRO1382	4086	0	25	0.0									not_selected				1043
combined_all	PRO1275-PRO1383	4086	0	25	0.0									not_selected				1044
combined_all	PRO1275-PRO1384	4086	0	25	0.0									not_selected				1045
combined_all	PRO1275-PRO1385	4086	0	25	0.0									not_selected				1046
combined_all	PRO1275-PRO1386	4086	0	25	0.0									not_selected				1047
combined_all	PRO1275-PRO1387	4086	0	25	0.0									not_selected				1048
combined_all	PRO1275-PRO1388	4086	0	25	0.0									not_selected				1049
combined_all	PRO1275-PRO1389	4086	0	25	0.0									not_selected				1050
combined_all	PRO1275-PRO1390	4086	0	25	0.0									not_selected				1051
combined_all	PRO1275-PRO1391	4086	0	25	0.0									not_selected				1052
combined_all	PRO1275-PRO1426	4086	0	25	0.0									not_selected				1053
combined_all	PRO1276-GTP	4086	0	25	0.0									not_selected				1054
combined_all	PRO1276-PRO1277	4086	0	25	0.0									not_selected				1055
combined_all	PRO1276-PRO1278	4086	0	25	0.0									not_selected				1056
combined_all	PRO1276-PRO1279	4086	0	25	0.0									not_selected				1057
combined_all	PRO1276-PRO1280	4086	0	25	0.0									not_selected				1058
combined_all	PRO1276-PRO1281	4086	0	25	0.0									not_selected				1059
combined_all	PRO1276-PRO1282	4086	0	25	0.0									not_selected				1060
combined_all	PRO1276-PRO1285	4086	0	25	0.0									not_selected				1061
combined_all	PRO1276-PRO1368	4086	0	25	0.0									not_selected				1062
combined_all	PRO1276-PRO1382	4086	0	25	0.0									not_selected				1063
combined_all	PRO1276-PRO1383	4086	0	25	0.0									not_selected				1064
combined_all	PRO1276-PRO1386	4086	0	25	0.0									not_selected				1065
combined_all	PRO1276-PRO1387	4086	0	25	0.0									not_selected				1066
combined_all	PRO1276-PRO1390	4086	0	25	0.0									not_selected				1067
combined_all	PRO1276-PRO1391	4086	0	25	0.0									not_selected				1068
combined_all	PRO1276-PRO1426	4086	0	25	0.0									not_selected				1069
combined_all	PRO1276-PRO1430	4086	0	25	0.0									not_selected				1070
combined_all	PRO1276-PRO1432	4086	0	25	0.0									not_selected				1071
combined_all	PRO1276-PRO1436	4086	0	25	0.0									not_selected				1072
combined_all	PRO1277-PRO1278	4086	0	25	0.0									not_selected				1073
combined_all	PRO1277-PRO1279	4086	0	25	0.0									not_selected				1074
combined_all	PRO1277-PRO1280	4086	0	25	0.0									not_selected				1075
combined_all	PRO1277-PRO1281	4086	0	25	0.0									not_selected				1076
combined_all	PRO1277-PRO1282	4086	0	25	0.0									not_selected				1077
combined_all	PRO1277-PRO1283	4086	0	25	0.0									not_selected				1078
combined_all	PRO1277-PRO1285	4086	0	25	0.0									not_selected				1079
combined_all	PRO1277-PRO1286	4086	0	25	0.0									not_selected				1080
combined_all	PRO1277-PRO1390	4086	0	25	0.0									not_selected				1081
combined_all	PRO1277-PRO1391	4086	0	25	0.0									not_selected				1082
combined_all	PRO1278-GTP	4086	0	25	0.0									not_selected				1083
combined_all	PRO1278-PRO1279	4086	0	25	0.0									not_selected				1084
combined_all	PRO1278-PRO1280	4086	0	25	0.0									not_selected				1085
combined_all	PRO1278-PRO1281	4086	0	25	0.0									not_selected				1086
combined_all	PRO1278-PRO1282	4086	0	25	0.0									not_selected				1087
combined_all	PRO1278-PRO1283	4086	0	25	0.0									not_selected				1088
combined_all	PRO1278-PRO1284	4086	0	25	0.0									not_selected				1089
combined_all	PRO1278-PRO1285	4086	0	25	0.0									not_selected				1090
combined_all	PRO1278-PRO1286	4086	0	25	0.0									not_selected				1091
combined_all	PRO1278-PRO1391	4086	0	25	0.0									not_selected				1092
combined_all	PRO1279-PRO1280	4086	0	25	0.0									not_selected				1093
combined_all	PRO1279-PRO1281	4086	0	25	0.0									not_selected				1094
combined_all	PRO1279-PRO1282	4086	0	25	0.0									not_selected				1095
combined_all	PRO1279-PRO1283	4086	0	25	0.0									not_selected				1096
combined_all	PRO1279-PRO1284	4086	0	25	0.0									not_selected				1097
combined_all	PRO1279-PRO1285	4086	0	25	0.0									not_selected				1098
combined_all	PRO1279-PRO1286	4086	0	25	0.0									not_selected				1099
combined_all	PRO1279-PRO1287	4086	0	25	0.0									not_selected				1100
combined_all	PRO1279-PRO1368	4086	0	25	0.0									not_selected				1101
combined_all	PRO1279-PRO1387	4086	0	25	0.0									not_selected				1102
combined_all	PRO1279-PRO1391	4086	0	25	0.0									not_selected				1103
combined_all	PRO1280-PRO1282	4086	0	25	0.0									not_selected				1104
combined_all	PRO1280-PRO1283	4086	0	25	0.0									not_selected				1105
combined_all	PRO1280-PRO1285	4086	0	25	0.0									not_selected				1106
combined_all	PRO1280-PRO1286	4086	0	25	0.0									not_selected				1107
combined_all	PRO1280-PRO1289	4086	0	25	0.0									not_selected				1108
combined_all	PRO1280-PRO1368	4086	0	25	0.0									not_selected				1109
combined_all	PRO1281-PRO1282	4086	0	25	0.0									not_selected				1110
combined_all	PRO1281-PRO1283	4086	0	25	0.0									not_selected				1111
combined_all	PRO1281-PRO1284	4086	0	25	0.0									not_selected				1112
combined_all	PRO1281-PRO1285	4086	0	25	0.0									not_selected				1113
combined_all	PRO1281-PRO1286	4086	0	25	0.0									not_selected				1114
combined_all	PRO1281-PRO1287	4086	0	25	0.0									not_selected				1115
combined_all	PRO1281-PRO1289	4086	0	25	0.0									not_selected				1116
combined_all	PRO1281-PRO1290	4086	0	25	0.0									not_selected				1117
combined_all	PRO1281-PRO1368	4086	0	25	0.0									not_selected				1118
combined_all	PRO1281-PRO1387	4086	0	25	0.0									not_selected				1119
combined_all	PRO1281-PRO1391	4086	0	25	0.0									not_selected				1120
combined_all	PRO1282-PRO1283	4086	0	25	0.0									not_selected				1121
combined_all	PRO1282-PRO1284	4086	0	25	0.0									not_selected				1122
combined_all	PRO1282-PRO1285	4086	0	25	0.0									not_selected				1123
combined_all	PRO1282-PRO1286	4086	0	25	0.0									not_selected				1124
combined_all	PRO1282-PRO1287	4086	0	25	0.0									not_selected				1125
combined_all	PRO1282-PRO1289	4086	0	25	0.0									not_selected				1126
combined_all	PRO1282-PRO1290	4086	0	25	0.0									not_selected				1127
combined_all	PRO1282-PRO1368	4086	0	25	0.0									not_selected				1128
combined_all	PRO1282-PRO1383	4086	0	25	0.0									not_selected				1129
combined_all	PRO1282-PRO1387	4086	0	25	0.0									not_selected				1130
combined_all	PRO1282-PRO1390	4086	0	25	0.0									not_selected				1131
combined_all	PRO1282-PRO1391	4086	0	25	0.0									not_selected				1132
combined_all	PRO1282-PRO1392	4086	0	25	0.0									not_selected				1133
combined_all	PRO1283-LIG	4086	0	25	0.0									not_selected				1134
combined_all	PRO1283-PRO1284	4086	0	25	0.0									not_selected				1135
combined_all	PRO1283-PRO1285	4086	0	25	0.0									not_selected				1136
combined_all	PRO1283-PRO1286	4086	0	25	0.0									not_selected				1137
combined_all	PRO1283-PRO1289	4086	0	25	0.0									not_selected				1138
combined_all	PRO1283-PRO1290	4086	0	25	0.0									not_selected				1139
combined_all	PRO1283-PRO1368	4086	0	25	0.0									not_selected				1140
combined_all	PRO1283-PRO1387	4086	0	25	0.0									not_selected				1141
combined_all	PRO1283-PRO1391	4086	0	25	0.0									not_selected				1142
combined_all	PRO1284-PRO1285	4086	0	25	0.0									not_selected				1143
combined_all	PRO1284-PRO1286	4086	0	25	0.0									not_selected				1144
combined_all	PRO1284-PRO1287	4086	0	25	0.0									not_selected				1145
combined_all	PRO1284-PRO1289	4086	0	25	0.0									not_selected				1146
combined_all	PRO1284-PRO1290	4086	0	25	0.0									not_selected				1147
combined_all	PRO1284-PRO1368	4086	0	25	0.0									not_selected				1148
combined_all	PRO1284-PRO1391	4086	0	25	0.0									not_selected				1149
combined_all	PRO1284-PRO1392	4086	0	25	0.0									not_selected				1150
combined_all	PRO1285-PRO1286	4086	0	25	0.0									not_selected				1151
combined_all	PRO1285-PRO1287	4086	0	25	0.0									not_selected				1152
combined_all	PRO1285-PRO1289	4086	0	25	0.0									not_selected				1153
combined_all	PRO1285-PRO1290	4086	0	25	0.0									not_selected				1154
combined_all	PRO1285-PRO1368	4086	0	25	0.0									not_selected				1155
combined_all	PRO1285-PRO1382	4086	0	25	0.0									not_selected				1156
combined_all	PRO1285-PRO1383	4086	0	25	0.0									not_selected				1157
combined_all	PRO1285-PRO1384	4086	0	25	0.0									not_selected				1158
combined_all	PRO1285-PRO1385	4086	0	25	0.0									not_selected				1159
combined_all	PRO1285-PRO1386	4086	0	25	0.0									not_selected				1160
combined_all	PRO1285-PRO1387	4086	0	25	0.0									not_selected				1161
combined_all	PRO1285-PRO1388	4086	0	25	0.0									not_selected				1162
combined_all	PRO1285-PRO1389	4086	0	25	0.0									not_selected				1163
combined_all	PRO1285-PRO1390	4086	0	25	0.0									not_selected				1164
combined_all	PRO1285-PRO1391	4086	0	25	0.0									not_selected				1165
combined_all	PRO1285-PRO1392	4086	0	25	0.0									not_selected				1166
combined_all	PRO1285-PRO1393	4086	0	25	0.0									not_selected				1167
combined_all	PRO1285-PRO1395	4086	0	25	0.0									not_selected				1168
combined_all	PRO1286-PRO1287	4086	0	25	0.0									not_selected				1169
combined_all	PRO1286-PRO1289	4086	0	25	0.0									not_selected				1170
combined_all	PRO1286-PRO1290	4086	0	25	0.0									not_selected				1171
combined_all	PRO1286-PRO1368	4086	0	25	0.0									not_selected				1172
combined_all	PRO1286-PRO1387	4086	0	25	0.0									not_selected				1173
combined_all	PRO1286-PRO1388	4086	0	25	0.0									not_selected				1174
combined_all	PRO1286-PRO1389	4086	0	25	0.0									not_selected				1175
combined_all	PRO1286-PRO1390	4086	0	25	0.0									not_selected				1176
combined_all	PRO1286-PRO1391	4086	0	25	0.0									not_selected				1177
combined_all	PRO1286-PRO1392	4086	0	25	0.0									not_selected				1178
combined_all	PRO1286-PRO1393	4086	0	25	0.0									not_selected				1179
combined_all	PRO1286-PRO1395	4086	0	25	0.0									not_selected				1180
combined_all	PRO1287-PRO1289	4086	0	25	0.0									not_selected				1181
combined_all	PRO1287-PRO1290	4086	0	25	0.0									not_selected				1182
combined_all	PRO1287-PRO1368	4086	0	25	0.0									not_selected				1183
combined_all	PRO1287-PRO1391	4086	0	25	0.0									not_selected				1184
combined_all	PRO1287-PRO1392	4086	0	25	0.0									not_selected				1185
combined_all	PRO1289-PRO1290	4086	0	25	0.0									not_selected				1186
combined_all	PRO1289-PRO1368	4086	0	25	0.0									not_selected				1187
combined_all	PRO1289-PRO1382	4086	0	25	0.0									not_selected				1188
combined_all	PRO1289-PRO1383	4086	0	25	0.0									not_selected				1189
combined_all	PRO1289-PRO1384	4086	0	25	0.0									not_selected				1190
combined_all	PRO1289-PRO1385	4086	0	25	0.0									not_selected				1191
combined_all	PRO1289-PRO1386	4086	0	25	0.0									not_selected				1192
combined_all	PRO1289-PRO1387	4086	0	25	0.0									not_selected				1193
combined_all	PRO1289-PRO1388	4086	0	25	0.0									not_selected				1194
combined_all	PRO1289-PRO1389	4086	0	25	0.0									not_selected				1195
combined_all	PRO1289-PRO1390	4086	0	25	0.0									not_selected				1196
combined_all	PRO1289-PRO1391	4086	0	25	0.0									not_selected				1197
combined_all	PRO1289-PRO1392	4086	0	25	0.0									not_selected				1198
combined_all	PRO1289-PRO1393	4086	0	25	0.0									not_selected				1199
combined_all	PRO1289-PRO1394	4086	0	25	0.0									not_selected				1200
combined_all	PRO1289-PRO1395	4086	0	25	0.0									not_selected				1201
combined_all	PRO1289-PRO1426	4086	0	25	0.0									not_selected				1202
combined_all	PRO129-PRO130	4086	0	25	0.0									not_selected				1203
combined_all	PRO129-PRO133	4086	0	25	0.0									not_selected				1204
combined_all	PRO129-PRO134	4086	0	25	0.0									not_selected				1205
combined_all	PRO129-PRO136	4086	0	25	0.0									not_selected				1206
combined_all	PRO129-PRO137	4086	0	25	0.0									not_selected				1207
combined_all	PRO129-PRO139	4086	0	25	0.0									not_selected				1208
combined_all	PRO129-PRO141	4086	0	25	0.0									not_selected				1209
combined_all	PRO129-PRO143	4086	0	25	0.0									not_selected				1210
combined_all	PRO1290-LIG	4086	0	25	0.0									not_selected				1211
combined_all	PRO1290-PRO1387	4086	0	25	0.0									not_selected				1212
combined_all	PRO1290-PRO1390	4086	0	25	0.0									not_selected				1213
combined_all	PRO1290-PRO1391	4086	0	25	0.0									not_selected				1214
combined_all	PRO1290-PRO1392	4086	0	25	0.0									not_selected				1215
combined_all	PRO1290-PRO1393	4086	0	25	0.0									not_selected				1216
combined_all	PRO1290-PRO1395	4086	0	25	0.0									not_selected				1217
combined_all	PRO1290-PRO1402	4086	0	25	0.0									not_selected				1218
combined_all	PRO13-GTP	4086	0	25	0.0									not_selected				1219
combined_all	PRO13-PRO116	4086	0	25	0.0									not_selected				1220
combined_all	PRO13-PRO117	4086	0	25	0.0									not_selected				1221
combined_all	PRO13-PRO120	4086	0	25	0.0									not_selected				1222
combined_all	PRO13-PRO1272	4086	0	25	0.0									not_selected				1223
combined_all	PRO13-PRO1273	4086	0	25	0.0									not_selected				1224
combined_all	PRO13-PRO1274	4086	0	25	0.0									not_selected				1225
combined_all	PRO13-PRO1275	4086	0	25	0.0									not_selected				1226
combined_all	PRO13-PRO1276	4086	0	25	0.0									not_selected				1227
combined_all	PRO13-PRO1277	4086	0	25	0.0									not_selected				1228
combined_all	PRO13-PRO1278	4086	0	25	0.0									not_selected				1229
combined_all	PRO13-PRO1279	4086	0	25	0.0									not_selected				1230
combined_all	PRO13-PRO1390	4086	0	25	0.0									not_selected				1231
combined_all	PRO13-PRO1391	4086	0	25	0.0									not_selected				1232
combined_all	PRO13-PRO14	4086	0	25	0.0									not_selected				1233
combined_all	PRO13-PRO146	4086	0	25	0.0									not_selected				1234
combined_all	PRO13-PRO15	4086	0	25	0.0									not_selected				1235
combined_all	PRO13-PRO16	4086	0	25	0.0									not_selected				1236
combined_all	PRO13-PRO17	4086	0	25	0.0									not_selected				1237
combined_all	PRO13-PRO18	4086	0	25	0.0									not_selected				1238
combined_all	PRO13-PRO19	4086	0	25	0.0									not_selected				1239
combined_all	PRO13-PRO28	4086	0	25	0.0									not_selected				1240
combined_all	PRO13-PRO29	4086	0	25	0.0									not_selected				1241
combined_all	PRO13-PRO30	4086	0	25	0.0									not_selected				1242
combined_all	PRO13-PRO31	4086	0	25	0.0									not_selected				1243
combined_all	PRO13-PRO32	4086	0	25	0.0									not_selected				1244
combined_all	PRO13-PRO33	4086	0	25	0.0									not_selected				1245
combined_all	PRO13-PRO34	4086	0	25	0.0									not_selected				1246
combined_all	PRO13-PRO35	4086	0	25	0.0									not_selected				1247
combined_all	PRO13-PRO57	4086	0	25	0.0									not_selected				1248
combined_all	PRO13-PRO58	4086	0	25	0.0									not_selected				1249
combined_all	PRO13-PRO59	4086	0	25	0.0									not_selected				1250
combined_all	PRO13-PRO60	4086	0	25	0.0									not_selected				1251
combined_all	PRO13-PRO61	4086	0	25	0.0									not_selected				1252
combined_all	PRO13-PRO62	4086	0	25	0.0									not_selected				1253
combined_all	PRO13-PRO64	4086	0	25	0.0									not_selected				1254
combined_all	PRO13-PRO68	4086	0	25	0.0									not_selected				1255
combined_all	PRO13-PRO81	4086	0	25	0.0									not_selected				1256
combined_all	PRO13-PRO82	4086	0	25	0.0									not_selected				1257
combined_all	PRO13-PRO83	4086	0	25	0.0									not_selected				1258
combined_all	PRO13-PRO84	4086	0	25	0.0									not_selected				1259
combined_all	PRO13-PRO85	4086	0	25	0.0									not_selected				1260
combined_all	PRO13-PRO86	4086	0	25	0.0									not_selected				1261
combined_all	PRO13-PRO87	4086	0	25	0.0									not_selected				1262
combined_all	PRO13-PRO88	4086	0	25	0.0									not_selected				1263
combined_all	PRO13-PRO89	4086	0	25	0.0									not_selected				1264
combined_all	PRO13-PRO92	4086	0	25	0.0									not_selected				1265
combined_all	PRO13-PRO96	4086	0	25	0.0									not_selected				1266
combined_all	PRO130-PRO133	4086	0	25	0.0									not_selected				1267
combined_all	PRO130-PRO134	4086	0	25	0.0									not_selected				1268
combined_all	PRO130-PRO136	4086	0	25	0.0									not_selected				1269
combined_all	PRO130-PRO137	4086	0	25	0.0									not_selected				1270
combined_all	PRO130-PRO139	4086	0	25	0.0									not_selected				1271
combined_all	PRO130-PRO141	4086	0	25	0.0									not_selected				1272
combined_all	PRO130-PRO142	4086	0	25	0.0									not_selected				1273
combined_all	PRO130-PRO143	4086	0	25	0.0									not_selected				1274
combined_all	PRO130-PRO144	4086	0	25	0.0									not_selected				1275
combined_all	PRO133-PRO134	4086	0	25	0.0									not_selected				1276
combined_all	PRO133-PRO136	4086	0	25	0.0									not_selected				1277
combined_all	PRO133-PRO137	4086	0	25	0.0									not_selected				1278
combined_all	PRO133-PRO139	4086	0	25	0.0									not_selected				1279
combined_all	PRO133-PRO141	4086	0	25	0.0									not_selected				1280
combined_all	PRO133-PRO142	4086	0	25	0.0									not_selected				1281
combined_all	PRO133-PRO143	4086	0	25	0.0									not_selected				1282
combined_all	PRO134-PRO136	4086	0	25	0.0									not_selected				1283
combined_all	PRO134-PRO137	4086	0	25	0.0									not_selected				1284
combined_all	PRO134-PRO139	4086	0	25	0.0									not_selected				1285
combined_all	PRO134-PRO141	4086	0	25	0.0									not_selected				1286
combined_all	PRO134-PRO142	4086	0	25	0.0									not_selected				1287
combined_all	PRO134-PRO143	4086	0	25	0.0									not_selected				1288
combined_all	PRO136-PRO137	4086	0	25	0.0									not_selected				1289
combined_all	PRO136-PRO139	4086	0	25	0.0									not_selected				1290
combined_all	PRO136-PRO141	4086	0	25	0.0									not_selected				1291
combined_all	PRO1368-PRO1379	4086	0	25	0.0									not_selected				1292
combined_all	PRO1368-PRO1382	4086	0	25	0.0									not_selected				1293
combined_all	PRO1368-PRO1383	4086	0	25	0.0									not_selected				1294
combined_all	PRO1368-PRO1384	4086	0	25	0.0									not_selected				1295
combined_all	PRO1368-PRO1385	4086	0	25	0.0									not_selected				1296
combined_all	PRO1368-PRO1386	4086	0	25	0.0									not_selected				1297
combined_all	PRO1368-PRO1387	4086	0	25	0.0									not_selected				1298
combined_all	PRO1368-PRO1388	4086	0	25	0.0									not_selected				1299
combined_all	PRO1368-PRO1389	4086	0	25	0.0									not_selected				1300
combined_all	PRO1368-PRO1390	4086	0	25	0.0									not_selected				1301
combined_all	PRO1368-PRO1391	4086	0	25	0.0									not_selected				1302
combined_all	PRO1368-PRO1392	4086	0	25	0.0									not_selected				1303
combined_all	PRO137-PRO139	4086	0	25	0.0									not_selected				1304
combined_all	PRO137-PRO141	4086	0	25	0.0									not_selected				1305
combined_all	PRO1379-PRO1382	4086	0	25	0.0									not_selected				1306
combined_all	PRO1379-PRO1383	4086	0	25	0.0									not_selected				1307
combined_all	PRO1379-PRO1384	4086	0	25	0.0									not_selected				1308
combined_all	PRO1379-PRO1385	4086	0	25	0.0									not_selected				1309
combined_all	PRO1379-PRO1386	4086	0	25	0.0									not_selected				1310
combined_all	PRO1379-PRO1387	4086	0	25	0.0									not_selected				1311
combined_all	PRO1379-PRO1429	4086	0	25	0.0									not_selected				1312
combined_all	PRO1379-PRO1430	4086	0	25	0.0									not_selected				1313
combined_all	PRO1379-PRO1431	4086	0	25	0.0									not_selected				1314
combined_all	PRO1379-PRO1432	4086	0	25	0.0									not_selected				1315
combined_all	PRO1382-PRO1383	4086	0	25	0.0									not_selected				1316
combined_all	PRO1382-PRO1384	4086	0	25	0.0									not_selected				1317
combined_all	PRO1382-PRO1385	4086	0	25	0.0									not_selected				1318
combined_all	PRO1382-PRO1386	4086	0	25	0.0									not_selected				1319
combined_all	PRO1382-PRO1387	4086	0	25	0.0									not_selected				1320
combined_all	PRO1382-PRO1388	4086	0	25	0.0									not_selected				1321
combined_all	PRO1382-PRO1389	4086	0	25	0.0									not_selected				1322
combined_all	PRO1382-PRO1390	4086	0	25	0.0									not_selected				1323
combined_all	PRO1382-PRO1391	4086	0	25	0.0									not_selected				1324
combined_all	PRO1382-PRO1425	4086	0	25	0.0									not_selected				1325
combined_all	PRO1382-PRO1426	4086	0	25	0.0									not_selected				1326
combined_all	PRO1382-PRO1427	4086	0	25	0.0									not_selected				1327
combined_all	PRO1382-PRO1429	4086	0	25	0.0									not_selected				1328
combined_all	PRO1382-PRO1430	4086	0	25	0.0									not_selected				1329
combined_all	PRO1382-PRO1431	4086	0	25	0.0									not_selected				1330
combined_all	PRO1382-PRO1432	4086	0	25	0.0									not_selected				1331
combined_all	PRO1383-PRO1385	4086	0	25	0.0									not_selected				1332
combined_all	PRO1383-PRO1386	4086	0	25	0.0									not_selected				1333
combined_all	PRO1383-PRO1387	4086	0	25	0.0									not_selected				1334
combined_all	PRO1383-PRO1388	4086	0	25	0.0									not_selected				1335
combined_all	PRO1383-PRO1389	4086	0	25	0.0									not_selected				1336
combined_all	PRO1383-PRO1390	4086	0	25	0.0									not_selected				1337
combined_all	PRO1383-PRO1391	4086	0	25	0.0									not_selected				1338
combined_all	PRO1383-PRO1392	4086	0	25	0.0									not_selected				1339
combined_all	PRO1383-PRO1426	4086	0	25	0.0									not_selected				1340
combined_all	PRO1383-PRO1429	4086	0	25	0.0									not_selected				1341
combined_all	PRO1383-PRO1430	4086	0	25	0.0									not_selected				1342
combined_all	PRO1383-PRO1431	4086	0	25	0.0									not_selected				1343
combined_all	PRO1384-PRO1386	4086	0	25	0.0									not_selected				1344
combined_all	PRO1384-PRO1387	4086	0	25	0.0									not_selected				1345
combined_all	PRO1384-PRO1388	4086	0	25	0.0									not_selected				1346
combined_all	PRO1384-PRO1389	4086	0	25	0.0									not_selected				1347
combined_all	PRO1384-PRO1390	4086	0	25	0.0									not_selected				1348
combined_all	PRO1384-PRO1391	4086	0	25	0.0									not_selected				1349
combined_all	PRO1384-PRO1392	4086	0	25	0.0									not_selected				1350
combined_all	PRO1384-PRO1393	4086	0	25	0.0									not_selected				1351
combined_all	PRO1384-PRO1394	4086	0	25	0.0									not_selected				1352
combined_all	PRO1384-PRO1426	4086	0	25	0.0									not_selected				1353
combined_all	PRO1384-PRO1429	4086	0	25	0.0									not_selected				1354
combined_all	PRO1384-PRO1430	4086	0	25	0.0									not_selected				1355
combined_all	PRO1384-PRO1431	4086	0	25	0.0									not_selected				1356
combined_all	PRO1385-PRO1386	4086	0	25	0.0									not_selected				1357
combined_all	PRO1385-PRO1387	4086	0	25	0.0									not_selected				1358
combined_all	PRO1385-PRO1388	4086	0	25	0.0									not_selected				1359
combined_all	PRO1385-PRO1389	4086	0	25	0.0									not_selected				1360
combined_all	PRO1385-PRO1390	4086	0	25	0.0									not_selected				1361
combined_all	PRO1385-PRO1391	4086	0	25	0.0									not_selected				1362
combined_all	PRO1385-PRO1392	4086	0	25	0.0									not_selected				1363
combined_all	PRO1385-PRO1393	4086	0	25	0.0									not_selected				1364
combined_all	PRO1385-PRO1394	4086	0	25	0.0									not_selected				1365
combined_all	PRO1385-PRO1395	4086	0	25	0.0									not_selected				1366
combined_all	PRO1385-PRO1425	4086	0	25	0.0									not_selected				1367
combined_all	PRO1385-PRO1426	4086	0	25	0.0									not_selected				1368
combined_all	PRO1385-PRO1427	4086	0	25	0.0									not_selected				1369
combined_all	PRO1385-PRO1429	4086	0	25	0.0									not_selected				1370
combined_all	PRO1385-PRO1430	4086	0	25	0.0									not_selected				1371
combined_all	PRO1385-PRO1431	4086	0	25	0.0									not_selected				1372
combined_all	PRO1386-GTP	4086	0	25	0.0									not_selected				1373
combined_all	PRO1386-PRO1387	4086	0	25	0.0									not_selected				1374
combined_all	PRO1386-PRO1388	4086	0	25	0.0									not_selected				1375
combined_all	PRO1386-PRO1389	4086	0	25	0.0									not_selected				1376
combined_all	PRO1386-PRO1390	4086	0	25	0.0									not_selected				1377
combined_all	PRO1386-PRO1392	4086	0	25	0.0									not_selected				1378
combined_all	PRO1386-PRO1393	4086	0	25	0.0									not_selected				1379
combined_all	PRO1386-PRO1394	4086	0	25	0.0									not_selected				1380
combined_all	PRO1386-PRO1395	4086	0	25	0.0									not_selected				1381
combined_all	PRO1386-PRO1422	4086	0	25	0.0									not_selected				1382
combined_all	PRO1386-PRO1423	4086	0	25	0.0									not_selected				1383
combined_all	PRO1386-PRO1424	4086	0	25	0.0									not_selected				1384
combined_all	PRO1386-PRO1425	4086	0	25	0.0									not_selected				1385
combined_all	PRO1386-PRO1426	4086	0	25	0.0									not_selected				1386
combined_all	PRO1386-PRO1427	4086	0	25	0.0									not_selected				1387
combined_all	PRO1386-PRO1429	4086	0	25	0.0									not_selected				1388
combined_all	PRO1386-PRO1430	4086	0	25	0.0									not_selected				1389
combined_all	PRO1386-PRO1431	4086	0	25	0.0									not_selected				1390
combined_all	PRO1386-PRO1432	4086	0	25	0.0									not_selected				1391
combined_all	PRO1387-PRO1388	4086	0	25	0.0									not_selected				1392
combined_all	PRO1387-PRO1389	4086	0	25	0.0									not_selected				1393
combined_all	PRO1387-PRO1391	4086	0	25	0.0									not_selected				1394
combined_all	PRO1387-PRO1392	4086	0	25	0.0									not_selected				1395
combined_all	PRO1387-PRO1393	4086	0	25	0.0									not_selected				1396
combined_all	PRO1387-PRO1394	4086	0	25	0.0									not_selected				1397
combined_all	PRO1387-PRO1395	4086	0	25	0.0									not_selected				1398
combined_all	PRO1387-PRO1425	4086	0	25	0.0									not_selected				1399
combined_all	PRO1387-PRO1426	4086	0	25	0.0									not_selected				1400
combined_all	PRO1387-PRO1429	4086	0	25	0.0									not_selected				1401
combined_all	PRO1387-PRO1430	4086	0	25	0.0									not_selected				1402
combined_all	PRO1387-PRO1431	4086	0	25	0.0									not_selected				1403
combined_all	PRO1388-PRO1389	4086	0	25	0.0									not_selected				1404
combined_all	PRO1388-PRO1390	4086	0	25	0.0									not_selected				1405
combined_all	PRO1388-PRO1391	4086	0	25	0.0									not_selected				1406
combined_all	PRO1388-PRO1392	4086	0	25	0.0									not_selected				1407
combined_all	PRO1388-PRO1393	4086	0	25	0.0									not_selected				1408
combined_all	PRO1388-PRO1394	4086	0	25	0.0									not_selected				1409
combined_all	PRO1388-PRO1395	4086	0	25	0.0									not_selected				1410
combined_all	PRO1388-PRO1422	4086	0	25	0.0									not_selected				1411
combined_all	PRO1388-PRO1425	4086	0	25	0.0									not_selected				1412
combined_all	PRO1388-PRO1426	4086	0	25	0.0									not_selected				1413
combined_all	PRO1388-PRO1429	4086	0	25	0.0									not_selected				1414
combined_all	PRO1388-PRO1430	4086	0	25	0.0									not_selected				1415
combined_all	PRO1389-PRO1390	4086	0	25	0.0									not_selected				1416
combined_all	PRO1389-PRO1391	4086	0	25	0.0									not_selected				1417
combined_all	PRO1389-PRO1392	4086	0	25	0.0									not_selected				1418
combined_all	PRO1389-PRO1393	4086	0	25	0.0									not_selected				1419
combined_all	PRO1389-PRO1394	4086	0	25	0.0									not_selected				1420
combined_all	PRO1389-PRO1395	4086	0	25	0.0									not_selected				1421
combined_all	PRO1389-PRO1398	4086	0	25	0.0									not_selected				1422
combined_all	PRO1389-PRO1399	4086	0	25	0.0									not_selected				1423
combined_all	PRO1389-PRO1419	4086	0	25	0.0									not_selected				1424
combined_all	PRO1389-PRO1422	4086	0	25	0.0									not_selected				1425
combined_all	PRO1389-PRO1423	4086	0	25	0.0									not_selected				1426
combined_all	PRO1389-PRO1424	4086	0	25	0.0									not_selected				1427
combined_all	PRO1389-PRO1425	4086	0	25	0.0									not_selected				1428
combined_all	PRO1389-PRO1426	4086	0	25	0.0									not_selected				1429
combined_all	PRO1389-PRO1427	4086	0	25	0.0									not_selected				1430
combined_all	PRO1389-PRO1429	4086	0	25	0.0									not_selected				1431
combined_all	PRO1389-PRO1430	4086	0	25	0.0									not_selected				1432
combined_all	PRO1389-PRO1431	4086	0	25	0.0									not_selected				1433
combined_all	PRO1389-PRO1432	4086	0	25	0.0									not_selected				1434
combined_all	PRO139-PRO141	4086	0	25	0.0									not_selected				1435
combined_all	PRO139-PRO142	4086	0	25	0.0									not_selected				1436
combined_all	PRO139-PRO155	4086	0	25	0.0									not_selected				1437
combined_all	PRO139-PRO159	4086	0	25	0.0									not_selected				1438
combined_all	PRO1390-GTP	4086	0	25	0.0									not_selected				1439
combined_all	PRO1390-PRO1392	4086	0	25	0.0									not_selected				1440
combined_all	PRO1390-PRO1393	4086	0	25	0.0									not_selected				1441
combined_all	PRO1390-PRO1394	4086	0	25	0.0									not_selected				1442
combined_all	PRO1390-PRO1395	4086	0	25	0.0									not_selected				1443
combined_all	PRO1390-PRO1398	4086	0	25	0.0									not_selected				1444
combined_all	PRO1390-PRO1399	4086	0	25	0.0									not_selected				1445
combined_all	PRO1390-PRO1422	4086	0	25	0.0									not_selected				1446
combined_all	PRO1390-PRO1423	4086	0	25	0.0									not_selected				1447
combined_all	PRO1390-PRO1425	4086	0	25	0.0									not_selected				1448
combined_all	PRO1390-PRO1426	4086	0	25	0.0									not_selected				1449
combined_all	PRO1390-PRO1427	4086	0	25	0.0									not_selected				1450
combined_all	PRO1390-PRO1429	4086	0	25	0.0									not_selected				1451
combined_all	PRO1390-PRO1430	4086	0	25	0.0									not_selected				1452
combined_all	PRO1391-GTP	4086	0	25	0.0									not_selected				1453
combined_all	PRO1391-PRO1393	4086	0	25	0.0									not_selected				1454
combined_all	PRO1391-PRO1394	4086	0	25	0.0									not_selected				1455
combined_all	PRO1391-PRO1395	4086	0	25	0.0									not_selected				1456
combined_all	PRO1391-PRO1398	4086	0	25	0.0									not_selected				1457
combined_all	PRO1391-PRO1422	4086	0	25	0.0									not_selected				1458
combined_all	PRO1391-PRO1426	4086	0	25	0.0									not_selected				1459
combined_all	PRO1391-PRO1429	4086	0	25	0.0									not_selected				1460
combined_all	PRO1392-PRO1393	4086	0	25	0.0									not_selected				1461
combined_all	PRO1392-PRO1394	4086	0	25	0.0									not_selected				1462
combined_all	PRO1392-PRO1395	4086	0	25	0.0									not_selected				1463
combined_all	PRO1392-PRO1398	4086	0	25	0.0									not_selected				1464
combined_all	PRO1392-PRO1399	4086	0	25	0.0									not_selected				1465
combined_all	PRO1392-PRO1402	4086	0	25	0.0									not_selected				1466
combined_all	PRO1392-PRO1422	4086	0	25	0.0									not_selected				1467
combined_all	PRO1392-PRO1425	4086	0	25	0.0									not_selected				1468
combined_all	PRO1392-PRO1426	4086	0	25	0.0									not_selected				1469
combined_all	PRO1392-PRO1429	4086	0	25	0.0									not_selected				1470
combined_all	PRO1393-PRO1394	4086	0	25	0.0									not_selected				1471
combined_all	PRO1393-PRO1395	4086	0	25	0.0									not_selected				1472
combined_all	PRO1393-PRO1398	4086	0	25	0.0									not_selected				1473
combined_all	PRO1393-PRO1399	4086	0	25	0.0									not_selected				1474
combined_all	PRO1393-PRO1402	4086	0	25	0.0									not_selected				1475
combined_all	PRO1393-PRO1419	4086	0	25	0.0									not_selected				1476
combined_all	PRO1393-PRO1422	4086	0	25	0.0									not_selected				1477
combined_all	PRO1393-PRO1423	4086	0	25	0.0									not_selected				1478
combined_all	PRO1393-PRO1424	4086	0	25	0.0									not_selected				1479
combined_all	PRO1393-PRO1425	4086	0	25	0.0									not_selected				1480
combined_all	PRO1393-PRO1426	4086	0	25	0.0									not_selected				1481
combined_all	PRO1393-PRO1429	4086	0	25	0.0									not_selected				1482
combined_all	PRO1393-PRO1430	4086	0	25	0.0									not_selected				1483
combined_all	PRO1394-PRO1395	4086	0	25	0.0									not_selected				1484
combined_all	PRO1394-PRO1398	4086	0	25	0.0									not_selected				1485
combined_all	PRO1394-PRO1399	4086	0	25	0.0									not_selected				1486
combined_all	PRO1394-PRO1401	4086	0	25	0.0									not_selected				1487
combined_all	PRO1394-PRO1402	4086	0	25	0.0									not_selected				1488
combined_all	PRO1394-PRO1419	4086	0	25	0.0									not_selected				1489
combined_all	PRO1394-PRO1420	4086	0	25	0.0									not_selected				1490
combined_all	PRO1394-PRO1422	4086	0	25	0.0									not_selected				1491
combined_all	PRO1394-PRO1423	4086	0	25	0.0									not_selected				1492
combined_all	PRO1394-PRO1424	4086	0	25	0.0									not_selected				1493
combined_all	PRO1394-PRO1425	4086	0	25	0.0									not_selected				1494
combined_all	PRO1394-PRO1426	4086	0	25	0.0									not_selected				1495
combined_all	PRO1394-PRO1427	4086	0	25	0.0									not_selected				1496
combined_all	PRO1394-PRO1429	4086	0	25	0.0									not_selected				1497
combined_all	PRO1394-PRO1430	4086	0	25	0.0									not_selected				1498
combined_all	PRO1394-PRO1431	4086	0	25	0.0									not_selected				1499
combined_all	PRO1394-PRO1432	4086	0	25	0.0									not_selected				1500
combined_all	PRO1394-PRO1434	4086	0	25	0.0									not_selected				1501
combined_all	PRO1395-PRO1398	4086	0	25	0.0									not_selected				1502
combined_all	PRO1395-PRO1399	4086	0	25	0.0									not_selected				1503
combined_all	PRO1395-PRO1401	4086	0	25	0.0									not_selected				1504
combined_all	PRO1395-PRO1402	4086	0	25	0.0									not_selected				1505
combined_all	PRO1395-PRO1409	4086	0	25	0.0									not_selected				1506
combined_all	PRO1395-PRO1419	4086	0	25	0.0									not_selected				1507
combined_all	PRO1395-PRO1422	4086	0	25	0.0									not_selected				1508
combined_all	PRO1395-PRO1425	4086	0	25	0.0									not_selected				1509
combined_all	PRO1395-PRO1426	4086	0	25	0.0									not_selected				1510
combined_all	PRO1398-PRO1399	4086	0	25	0.0									not_selected				1511
combined_all	PRO1398-PRO1401	4086	0	25	0.0									not_selected				1512
combined_all	PRO1398-PRO1402	4086	0	25	0.0									not_selected				1513
combined_all	PRO1398-PRO1409	4086	0	25	0.0									not_selected				1514
combined_all	PRO1398-PRO1416	4086	0	25	0.0									not_selected				1515
combined_all	PRO1398-PRO1419	4086	0	25	0.0									not_selected				1516
combined_all	PRO1398-PRO1420	4086	0	25	0.0									not_selected				1517
combined_all	PRO1398-PRO1422	4086	0	25	0.0									not_selected				1518
combined_all	PRO1398-PRO1423	4086	0	25	0.0									not_selected				1519
combined_all	PRO1398-PRO1424	4086	0	25	0.0									not_selected				1520
combined_all	PRO1398-PRO1425	4086	0	25	0.0									not_selected				1521
combined_all	PRO1398-PRO1426	4086	0	25	0.0									not_selected				1522
combined_all	PRO1399-PRO1401	4086	0	25	0.0									not_selected				1523
combined_all	PRO1399-PRO1402	4086	0	25	0.0									not_selected				1524
combined_all	PRO1399-PRO1409	4086	0	25	0.0									not_selected				1525
combined_all	PRO1399-PRO1416	4086	0	25	0.0									not_selected				1526
combined_all	PRO1399-PRO1419	4086	0	25	0.0									not_selected				1527
combined_all	PRO1399-PRO1422	4086	0	25	0.0									not_selected				1528
combined_all	PRO14-GTP	4086	0	25	0.0									not_selected				1529
combined_all	PRO14-PRO112	4086	0	25	0.0									not_selected				1530
combined_all	PRO14-PRO113	4086	0	25	0.0									not_selected				1531
combined_all	PRO14-PRO114	4086	0	25	0.0									not_selected				1532
combined_all	PRO14-PRO115	4086	0	25	0.0									not_selected				1533
combined_all	PRO14-PRO116	4086	0	25	0.0									not_selected				1534
combined_all	PRO14-PRO117	4086	0	25	0.0									not_selected				1535
combined_all	PRO14-PRO118	4086	0	25	0.0									not_selected				1536
combined_all	PRO14-PRO119	4086	0	25	0.0									not_selected				1537
combined_all	PRO14-PRO120	4086	0	25	0.0									not_selected				1538
combined_all	PRO14-PRO124	4086	0	25	0.0									not_selected				1539
combined_all	PRO14-PRO125	4086	0	25	0.0									not_selected				1540
combined_all	PRO14-PRO1273	4086	0	25	0.0									not_selected				1541
combined_all	PRO14-PRO1275	4086	0	25	0.0									not_selected				1542
combined_all	PRO14-PRO1276	4086	0	25	0.0									not_selected				1543
combined_all	PRO14-PRO1277	4086	0	25	0.0									not_selected				1544
combined_all	PRO14-PRO1278	4086	0	25	0.0									not_selected				1545
combined_all	PRO14-PRO141	4086	0	25	0.0									not_selected				1546
combined_all	PRO14-PRO142	4086	0	25	0.0									not_selected				1547
combined_all	PRO14-PRO143	4086	0	25	0.0									not_selected				1548
combined_all	PRO14-PRO144	4086	0	25	0.0									not_selected				1549
combined_all	PRO14-PRO145	4086	0	25	0.0									not_selected				1550
combined_all	PRO14-PRO147	4086	0	25	0.0									not_selected				1551
combined_all	PRO14-PRO15	4086	0	25	0.0									not_selected				1552
combined_all	PRO14-PRO152	4086	0	25	0.0									not_selected				1553
combined_all	PRO14-PRO156	4086	0	25	0.0									not_selected				1554
combined_all	PRO14-PRO16	4086	0	25	0.0									not_selected				1555
combined_all	PRO14-PRO17	4086	0	25	0.0									not_selected				1556
combined_all	PRO14-PRO18	4086	0	25	0.0									not_selected				1557
combined_all	PRO14-PRO19	4086	0	25	0.0									not_selected				1558
combined_all	PRO14-PRO20	4086	0	25	0.0									not_selected				1559
combined_all	PRO14-PRO28	4086	0	25	0.0									not_selected				1560
combined_all	PRO14-PRO35	4086	0	25	0.0									not_selected				1561
combined_all	PRO14-PRO57	4086	0	25	0.0									not_selected				1562
combined_all	PRO14-PRO58	4086	0	25	0.0									not_selected				1563
combined_all	PRO14-PRO59	4086	0	25	0.0									not_selected				1564
combined_all	PRO14-PRO60	4086	0	25	0.0									not_selected				1565
combined_all	PRO14-PRO61	4086	0	25	0.0									not_selected				1566
combined_all	PRO14-PRO62	4086	0	25	0.0									not_selected				1567
combined_all	PRO14-PRO68	4086	0	25	0.0									not_selected				1568
combined_all	PRO14-PRO79	4086	0	25	0.0									not_selected				1569
combined_all	PRO14-PRO80	4086	0	25	0.0									not_selected				1570
combined_all	PRO14-PRO81	4086	0	25	0.0									not_selected				1571
combined_all	PRO14-PRO82	4086	0	25	0.0									not_selected				1572
combined_all	PRO14-PRO83	4086	0	25	0.0									not_selected				1573
combined_all	PRO14-PRO84	4086	0	25	0.0									not_selected				1574
combined_all	PRO14-PRO85	4086	0	25	0.0									not_selected				1575
combined_all	PRO14-PRO86	4086	0	25	0.0									not_selected				1576
combined_all	PRO14-PRO87	4086	0	25	0.0									not_selected				1577
combined_all	PRO14-PRO88	4086	0	25	0.0									not_selected				1578
combined_all	PRO14-PRO89	4086	0	25	0.0									not_selected				1579
combined_all	PRO14-PRO90	4086	0	25	0.0									not_selected				1580
combined_all	PRO14-PRO91	4086	0	25	0.0									not_selected				1581
combined_all	PRO14-PRO92	4086	0	25	0.0									not_selected				1582
combined_all	PRO14-PRO93	4086	0	25	0.0									not_selected				1583
combined_all	PRO14-PRO96	4086	0	25	0.0									not_selected				1584
combined_all	PRO1401-PRO1402	4086	0	25	0.0									not_selected				1585
combined_all	PRO1401-PRO1409	4086	0	25	0.0									not_selected				1586
combined_all	PRO1401-PRO1419	4086	0	25	0.0									not_selected				1587
combined_all	PRO1402-PRO1409	4086	0	25	0.0									not_selected				1588
combined_all	PRO1409-PRO1416	4086	0	25	0.0									not_selected				1589
combined_all	PRO1409-PRO1419	4086	0	25	0.0									not_selected				1590
combined_all	PRO141-PRO142	4086	0	25	0.0									not_selected				1591
combined_all	PRO141-PRO143	4086	0	25	0.0									not_selected				1592
combined_all	PRO141-PRO144	4086	0	25	0.0									not_selected				1593
combined_all	PRO141-PRO151	4086	0	25	0.0									not_selected				1594
combined_all	PRO141-PRO154	4086	0	25	0.0									not_selected				1595
combined_all	PRO141-PRO155	4086	0	25	0.0									not_selected				1596
combined_all	PRO141-PRO156	4086	0	25	0.0									not_selected				1597
combined_all	PRO141-PRO159	4086	0	25	0.0									not_selected				1598
combined_all	PRO1416-PRO1419	4086	0	25	0.0									not_selected				1599
combined_all	PRO1416-PRO1420	4086	0	25	0.0									not_selected				1600
combined_all	PRO1416-PRO1422	4086	0	25	0.0									not_selected				1601
combined_all	PRO1416-PRO1423	4086	0	25	0.0									not_selected				1602
combined_all	PRO1416-PRO1424	4086	0	25	0.0									not_selected				1603
combined_all	PRO1416-PRO1434	4086	0	25	0.0									not_selected				1604
combined_all	PRO1416-PRO1436	4086	0	25	0.0									not_selected				1605
combined_all	PRO1416-PRO1437	4086	0	25	0.0									not_selected				1606
combined_all	PRO1419-PRO1420	4086	0	25	0.0									not_selected				1607
combined_all	PRO1419-PRO1422	4086	0	25	0.0									not_selected				1608
combined_all	PRO1419-PRO1423	4086	0	25	0.0									not_selected				1609
combined_all	PRO1419-PRO1424	4086	0	25	0.0									not_selected				1610
combined_all	PRO1419-PRO1425	4086	0	25	0.0									not_selected				1611
combined_all	PRO1419-PRO1426	4086	0	25	0.0									not_selected				1612
combined_all	PRO1419-PRO1427	4086	0	25	0.0									not_selected				1613
combined_all	PRO1419-PRO1434	4086	0	25	0.0									not_selected				1614
combined_all	PRO1419-PRO1437	4086	0	25	0.0									not_selected				1615
combined_all	PRO142-PRO143	4086	0	25	0.0									not_selected				1616
combined_all	PRO142-PRO144	4086	0	25	0.0									not_selected				1617
combined_all	PRO142-PRO145	4086	0	25	0.0									not_selected				1618
combined_all	PRO142-PRO146	4086	0	25	0.0									not_selected				1619
combined_all	PRO142-PRO149	4086	0	25	0.0									not_selected				1620
combined_all	PRO142-PRO150	4086	0	25	0.0									not_selected				1621
combined_all	PRO142-PRO151	4086	0	25	0.0									not_selected				1622
combined_all	PRO142-PRO152	4086	0	25	0.0									not_selected				1623
combined_all	PRO142-PRO153	4086	0	25	0.0									not_selected				1624
combined_all	PRO142-PRO154	4086	0	25	0.0									not_selected				1625
combined_all	PRO142-PRO155	4086	0	25	0.0									not_selected				1626
combined_all	PRO142-PRO156	4086	0	25	0.0									not_selected				1627
combined_all	PRO142-PRO159	4086	0	25	0.0									not_selected				1628
combined_all	PRO1420-PRO1422	4086	0	25	0.0									not_selected				1629
combined_all	PRO1420-PRO1423	4086	0	25	0.0									not_selected				1630
combined_all	PRO1420-PRO1424	4086	0	25	0.0									not_selected				1631
combined_all	PRO1420-PRO1425	4086	0	25	0.0									not_selected				1632
combined_all	PRO1420-PRO1426	4086	0	25	0.0									not_selected				1633
combined_all	PRO1420-PRO1427	4086	0	25	0.0									not_selected				1634
combined_all	PRO1420-PRO1434	4086	0	25	0.0									not_selected				1635
combined_all	PRO1420-PRO1436	4086	0	25	0.0									not_selected				1636
combined_all	PRO1420-PRO1437	4086	0	25	0.0									not_selected				1637
combined_all	PRO1422-PRO1423	4086	0	25	0.0									not_selected				1638
combined_all	PRO1422-PRO1424	4086	0	25	0.0									not_selected				1639
combined_all	PRO1422-PRO1425	4086	0	25	0.0									not_selected				1640
combined_all	PRO1422-PRO1426	4086	0	25	0.0									not_selected				1641
combined_all	PRO1422-PRO1427	4086	0	25	0.0									not_selected				1642
combined_all	PRO1422-PRO1429	4086	0	25	0.0									not_selected				1643
combined_all	PRO1422-PRO1430	4086	0	25	0.0									not_selected				1644
combined_all	PRO1422-PRO1431	4086	0	25	0.0									not_selected				1645
combined_all	PRO1422-PRO1432	4086	0	25	0.0									not_selected				1646
combined_all	PRO1422-PRO1434	4086	0	25	0.0									not_selected				1647
combined_all	PRO1422-PRO1437	4086	0	25	0.0									not_selected				1648
combined_all	PRO1423-PRO1425	4086	0	25	0.0									not_selected				1649
combined_all	PRO1423-PRO1426	4086	0	25	0.0									not_selected				1650
combined_all	PRO1423-PRO1427	4086	0	25	0.0									not_selected				1651
combined_all	PRO1423-PRO1429	4086	0	25	0.0									not_selected				1652
combined_all	PRO1423-PRO1430	4086	0	25	0.0									not_selected				1653
combined_all	PRO1423-PRO1431	4086	0	25	0.0									not_selected				1654
combined_all	PRO1423-PRO1432	4086	0	25	0.0									not_selected				1655
combined_all	PRO1423-PRO1433	4086	0	25	0.0									not_selected				1656
combined_all	PRO1423-PRO1434	4086	0	25	0.0									not_selected				1657
combined_all	PRO1423-PRO1435	4086	0	25	0.0									not_selected				1658
combined_all	PRO1423-PRO1436	4086	0	25	0.0									not_selected				1659
combined_all	PRO1423-PRO1437	4086	0	25	0.0									not_selected				1660
combined_all	PRO1424-PRO1426	4086	0	25	0.0									not_selected				1661
combined_all	PRO1424-PRO1427	4086	0	25	0.0									not_selected				1662
combined_all	PRO1424-PRO1429	4086	0	25	0.0									not_selected				1663
combined_all	PRO1424-PRO1430	4086	0	25	0.0									not_selected				1664
combined_all	PRO1424-PRO1431	4086	0	25	0.0									not_selected				1665
combined_all	PRO1424-PRO1432	4086	0	25	0.0									not_selected				1666
combined_all	PRO1424-PRO1433	4086	0	25	0.0									not_selected				1667
combined_all	PRO1424-PRO1434	4086	0	25	0.0									not_selected				1668
combined_all	PRO1424-PRO1435	4086	0	25	0.0									not_selected				1669
combined_all	PRO1424-PRO1437	4086	0	25	0.0									not_selected				1670
combined_all	PRO1425-PRO1426	4086	0	25	0.0									not_selected				1671
combined_all	PRO1425-PRO1427	4086	0	25	0.0									not_selected				1672
combined_all	PRO1425-PRO1429	4086	0	25	0.0									not_selected				1673
combined_all	PRO1425-PRO1430	4086	0	25	0.0									not_selected				1674
combined_all	PRO1425-PRO1431	4086	0	25	0.0									not_selected				1675
combined_all	PRO1425-PRO1432	4086	0	25	0.0									not_selected				1676
combined_all	PRO1425-PRO1433	4086	0	25	0.0									not_selected				1677
combined_all	PRO1425-PRO1434	4086	0	25	0.0									not_selected				1678
combined_all	PRO1426-GTP	4086	0	25	0.0									not_selected				1679
combined_all	PRO1426-PRO1427	4086	0	25	0.0									not_selected				1680
combined_all	PRO1426-PRO1429	4086	0	25	0.0									not_selected				1681
combined_all	PRO1426-PRO1430	4086	0	25	0.0									not_selected				1682
combined_all	PRO1426-PRO1431	4086	0	25	0.0									not_selected				1683
combined_all	PRO1426-PRO1432	4086	0	25	0.0									not_selected				1684
combined_all	PRO1426-PRO1433	4086	0	25	0.0									not_selected				1685
combined_all	PRO1426-PRO1434	4086	0	25	0.0									not_selected				1686
combined_all	PRO1426-PRO1436	4086	0	25	0.0									not_selected				1687
combined_all	PRO1426-PRO1437	4086	0	25	0.0									not_selected				1688
combined_all	PRO1427-PRO1429	4086	0	25	0.0									not_selected				1689
combined_all	PRO1427-PRO1430	4086	0	25	0.0									not_selected				1690
combined_all	PRO1427-PRO1431	4086	0	25	0.0									not_selected				1691
combined_all	PRO1427-PRO1432	4086	0	25	0.0									not_selected				1692
combined_all	PRO1427-PRO1433	4086	0	25	0.0									not_selected				1693
combined_all	PRO1427-PRO1434	4086	0	25	0.0									not_selected				1694
combined_all	PRO1427-PRO1435	4086	0	25	0.0									not_selected				1695
combined_all	PRO1427-PRO1436	4086	0	25	0.0									not_selected				1696
combined_all	PRO1427-PRO1437	4086	0	25	0.0									not_selected				1697
combined_all	PRO1429-PRO1430	4086	0	25	0.0									not_selected				1698
combined_all	PRO1429-PRO1431	4086	0	25	0.0									not_selected				1699
combined_all	PRO1429-PRO1432	4086	0	25	0.0									not_selected				1700
combined_all	PRO1429-PRO1433	4086	0	25	0.0									not_selected				1701
combined_all	PRO1429-PRO1434	4086	0	25	0.0									not_selected				1702
combined_all	PRO143-GTP	4086	0	25	0.0									not_selected				1703
combined_all	PRO143-PRO145	4086	0	25	0.0									not_selected				1704
combined_all	PRO143-PRO147	4086	0	25	0.0									not_selected				1705
combined_all	PRO143-PRO148	4086	0	25	0.0									not_selected				1706
combined_all	PRO143-PRO149	4086	0	25	0.0									not_selected				1707
combined_all	PRO143-PRO150	4086	0	25	0.0									not_selected				1708
combined_all	PRO143-PRO151	4086	0	25	0.0									not_selected				1709
combined_all	PRO143-PRO152	4086	0	25	0.0									not_selected				1710
combined_all	PRO143-PRO153	4086	0	25	0.0									not_selected				1711
combined_all	PRO143-PRO154	4086	0	25	0.0									not_selected				1712
combined_all	PRO143-PRO155	4086	0	25	0.0									not_selected				1713
combined_all	PRO143-PRO156	4086	0	25	0.0									not_selected				1714
combined_all	PRO1430-GTP	4086	0	25	0.0									not_selected				1715
combined_all	PRO1430-PRO1431	4086	0	25	0.0									not_selected				1716
combined_all	PRO1430-PRO1432	4086	0	25	0.0									not_selected				1717
combined_all	PRO1430-PRO1433	4086	0	25	0.0									not_selected				1718
combined_all	PRO1430-PRO1434	4086	0	25	0.0									not_selected				1719
combined_all	PRO1430-PRO1435	4086	0	25	0.0									not_selected				1720
combined_all	PRO1430-PRO1436	4086	0	25	0.0									not_selected				1721
combined_all	PRO1431-PRO1432	4086	0	25	0.0									not_selected				1722
combined_all	PRO1431-PRO1433	4086	0	25	0.0									not_selected				1723
combined_all	PRO1431-PRO1434	4086	0	25	0.0									not_selected				1724
combined_all	PRO1431-PRO1435	4086	0	25	0.0									not_selected				1725
combined_all	PRO1432-PRO1433	4086	0	25	0.0									not_selected				1726
combined_all	PRO1432-PRO1434	4086	0	25	0.0									not_selected				1727
combined_all	PRO1432-PRO1435	4086	0	25	0.0									not_selected				1728
combined_all	PRO1432-PRO1436	4086	0	25	0.0									not_selected				1729
combined_all	PRO1432-PRO1437	4086	0	25	0.0									not_selected				1730
combined_all	PRO1433-PRO1434	4086	0	25	0.0									not_selected				1731
combined_all	PRO1433-PRO1435	4086	0	25	0.0									not_selected				1732
combined_all	PRO1433-PRO1436	4086	0	25	0.0									not_selected				1733
combined_all	PRO1433-PRO1437	4086	0	25	0.0									not_selected				1734
combined_all	PRO1434-PRO1435	4086	0	25	0.0									not_selected				1735
combined_all	PRO1434-PRO1436	4086	0	25	0.0									not_selected				1736
combined_all	PRO1434-PRO1437	4086	0	25	0.0									not_selected				1737
combined_all	PRO1435-PRO1436	4086	0	25	0.0									not_selected				1738
combined_all	PRO1435-PRO1437	4086	0	25	0.0									not_selected				1739
combined_all	PRO1436-GTP	4086	0	25	0.0									not_selected				1740
combined_all	PRO1436-PRO1437	4086	0	25	0.0									not_selected				1741
combined_all	PRO144-GTP	4086	0	25	0.0									not_selected				1742
combined_all	PRO144-PRO145	4086	0	25	0.0									not_selected				1743
combined_all	PRO144-PRO146	4086	0	25	0.0									not_selected				1744
combined_all	PRO144-PRO147	4086	0	25	0.0									not_selected				1745
combined_all	PRO144-PRO148	4086	0	25	0.0									not_selected				1746
combined_all	PRO144-PRO149	4086	0	25	0.0									not_selected				1747
combined_all	PRO144-PRO150	4086	0	25	0.0									not_selected				1748
combined_all	PRO144-PRO151	4086	0	25	0.0									not_selected				1749
combined_all	PRO144-PRO152	4086	0	25	0.0									not_selected				1750
combined_all	PRO144-PRO153	4086	0	25	0.0									not_selected				1751
combined_all	PRO144-PRO154	4086	0	25	0.0									not_selected				1752
combined_all	PRO144-PRO155	4086	0	25	0.0									not_selected				1753
combined_all	PRO144-PRO156	4086	0	25	0.0									not_selected				1754
combined_all	PRO144-PRO159	4086	0	25	0.0									not_selected				1755
combined_all	PRO145-GTP	4086	0	25	0.0									not_selected				1756
combined_all	PRO145-PRO147	4086	0	25	0.0									not_selected				1757
combined_all	PRO145-PRO148	4086	0	25	0.0									not_selected				1758
combined_all	PRO145-PRO149	4086	0	25	0.0									not_selected				1759
combined_all	PRO145-PRO150	4086	0	25	0.0									not_selected				1760
combined_all	PRO145-PRO151	4086	0	25	0.0									not_selected				1761
combined_all	PRO145-PRO152	4086	0	25	0.0									not_selected				1762
combined_all	PRO145-PRO153	4086	0	25	0.0									not_selected				1763
combined_all	PRO145-PRO154	4086	0	25	0.0									not_selected				1764
combined_all	PRO145-PRO155	4086	0	25	0.0									not_selected				1765
combined_all	PRO145-PRO156	4086	0	25	0.0									not_selected				1766
combined_all	PRO146-GTP	4086	0	25	0.0									not_selected				1767
combined_all	PRO146-PRO148	4086	0	25	0.0									not_selected				1768
combined_all	PRO146-PRO149	4086	0	25	0.0									not_selected				1769
combined_all	PRO146-PRO150	4086	0	25	0.0									not_selected				1770
combined_all	PRO146-PRO151	4086	0	25	0.0									not_selected				1771
combined_all	PRO146-PRO152	4086	0	25	0.0									not_selected				1772
combined_all	PRO146-PRO153	4086	0	25	0.0									not_selected				1773
combined_all	PRO146-PRO154	4086	0	25	0.0									not_selected				1774
combined_all	PRO146-PRO155	4086	0	25	0.0									not_selected				1775
combined_all	PRO146-PRO156	4086	0	25	0.0									not_selected				1776
combined_all	PRO147-GTP	4086	0	25	0.0									not_selected				1777
combined_all	PRO147-PRO148	4086	0	25	0.0									not_selected				1778
combined_all	PRO147-PRO149	4086	0	25	0.0									not_selected				1779
combined_all	PRO147-PRO150	4086	0	25	0.0									not_selected				1780
combined_all	PRO147-PRO151	4086	0	25	0.0									not_selected				1781
combined_all	PRO147-PRO152	4086	0	25	0.0									not_selected				1782
combined_all	PRO147-PRO153	4086	0	25	0.0									not_selected				1783
combined_all	PRO148-GTP	4086	0	25	0.0									not_selected				1784
combined_all	PRO148-PRO149	4086	0	25	0.0									not_selected				1785
combined_all	PRO148-PRO150	4086	0	25	0.0									not_selected				1786
combined_all	PRO148-PRO151	4086	0	25	0.0									not_selected				1787
combined_all	PRO148-PRO152	4086	0	25	0.0									not_selected				1788
combined_all	PRO148-PRO153	4086	0	25	0.0									not_selected				1789
combined_all	PRO149-GTP	4086	0	25	0.0									not_selected				1790
combined_all	PRO149-PRO150	4086	0	25	0.0									not_selected				1791
combined_all	PRO149-PRO151	4086	0	25	0.0									not_selected				1792
combined_all	PRO149-PRO152	4086	0	25	0.0									not_selected				1793
combined_all	PRO149-PRO153	4086	0	25	0.0									not_selected				1794
combined_all	PRO149-PRO154	4086	0	25	0.0									not_selected				1795
combined_all	PRO149-PRO155	4086	0	25	0.0									not_selected				1796
combined_all	PRO149-PRO156	4086	0	25	0.0									not_selected				1797
combined_all	PRO15-GTP	4086	0	25	0.0									not_selected				1798
combined_all	PRO15-PRO114	4086	0	25	0.0									not_selected				1799
combined_all	PRO15-PRO115	4086	0	25	0.0									not_selected				1800
combined_all	PRO15-PRO116	4086	0	25	0.0									not_selected				1801
combined_all	PRO15-PRO117	4086	0	25	0.0									not_selected				1802
combined_all	PRO15-PRO118	4086	0	25	0.0									not_selected				1803
combined_all	PRO15-PRO119	4086	0	25	0.0									not_selected				1804
combined_all	PRO15-PRO120	4086	0	25	0.0									not_selected				1805
combined_all	PRO15-PRO1273	4086	0	25	0.0									not_selected				1806
combined_all	PRO15-PRO1276	4086	0	25	0.0									not_selected				1807
combined_all	PRO15-PRO1277	4086	0	25	0.0									not_selected				1808
combined_all	PRO15-PRO1436	4086	0	25	0.0									not_selected				1809
combined_all	PRO15-PRO144	4086	0	25	0.0									not_selected				1810
combined_all	PRO15-PRO145	4086	0	25	0.0									not_selected				1811
combined_all	PRO15-PRO146	4086	0	25	0.0									not_selected				1812
combined_all	PRO15-PRO147	4086	0	25	0.0									not_selected				1813
combined_all	PRO15-PRO148	4086	0	25	0.0									not_selected				1814
combined_all	PRO15-PRO152	4086	0	25	0.0									not_selected				1815
combined_all	PRO15-PRO156	4086	0	25	0.0									not_selected				1816
combined_all	PRO15-PRO16	4086	0	25	0.0									not_selected				1817
combined_all	PRO15-PRO17	4086	0	25	0.0									not_selected				1818
combined_all	PRO15-PRO18	4086	0	25	0.0									not_selected				1819
combined_all	PRO15-PRO19	4086	0	25	0.0									not_selected				1820
combined_all	PRO15-PRO20	4086	0	25	0.0									not_selected				1821
combined_all	PRO15-PRO21	4086	0	25	0.0									not_selected				1822
combined_all	PRO15-PRO22	4086	0	25	0.0									not_selected				1823
combined_all	PRO15-PRO23	4086	0	25	0.0									not_selected				1824
combined_all	PRO15-PRO24	4086	0	25	0.0									not_selected				1825
combined_all	PRO15-PRO27	4086	0	25	0.0									not_selected				1826
combined_all	PRO15-PRO28	4086	0	25	0.0									not_selected				1827
combined_all	PRO15-PRO29	4086	0	25	0.0									not_selected				1828
combined_all	PRO15-PRO30	4086	0	25	0.0									not_selected				1829
combined_all	PRO15-PRO31	4086	0	25	0.0									not_selected				1830
combined_all	PRO15-PRO32	4086	0	25	0.0									not_selected				1831
combined_all	PRO15-PRO33	4086	0	25	0.0									not_selected				1832
combined_all	PRO15-PRO34	4086	0	25	0.0									not_selected				1833
combined_all	PRO15-PRO35	4086	0	25	0.0									not_selected				1834
combined_all	PRO15-PRO40	4086	0	25	0.0									not_selected				1835
combined_all	PRO15-PRO55	4086	0	25	0.0									not_selected				1836
combined_all	PRO15-PRO57	4086	0	25	0.0									not_selected				1837
combined_all	PRO15-PRO58	4086	0	25	0.0									not_selected				1838
combined_all	PRO15-PRO59	4086	0	25	0.0									not_selected				1839
combined_all	PRO15-PRO60	4086	0	25	0.0									not_selected				1840
combined_all	PRO15-PRO61	4086	0	25	0.0									not_selected				1841
combined_all	PRO15-PRO79	4086	0	25	0.0									not_selected				1842
combined_all	PRO15-PRO81	4086	0	25	0.0									not_selected				1843
combined_all	PRO15-PRO82	4086	0	25	0.0									not_selected				1844
combined_all	PRO15-PRO83	4086	0	25	0.0									not_selected				1845
combined_all	PRO15-PRO84	4086	0	25	0.0									not_selected				1846
combined_all	PRO15-PRO85	4086	0	25	0.0									not_selected				1847
combined_all	PRO15-PRO86	4086	0	25	0.0									not_selected				1848
combined_all	PRO15-PRO89	4086	0	25	0.0									not_selected				1849
combined_all	PRO150-GTP	4086	0	25	0.0									not_selected				1850
combined_all	PRO150-PRO151	4086	0	25	0.0									not_selected				1851
combined_all	PRO150-PRO152	4086	0	25	0.0									not_selected				1852
combined_all	PRO150-PRO153	4086	0	25	0.0									not_selected				1853
combined_all	PRO150-PRO154	4086	0	25	0.0									not_selected				1854
combined_all	PRO150-PRO155	4086	0	25	0.0									not_selected				1855
combined_all	PRO150-PRO156	4086	0	25	0.0									not_selected				1856
combined_all	PRO151-GTP	4086	0	25	0.0									not_selected				1857
combined_all	PRO151-PRO152	4086	0	25	0.0									not_selected				1858
combined_all	PRO151-PRO153	4086	0	25	0.0									not_selected				1859
combined_all	PRO151-PRO154	4086	0	25	0.0									not_selected				1860
combined_all	PRO151-PRO155	4086	0	25	0.0									not_selected				1861
combined_all	PRO151-PRO156	4086	0	25	0.0									not_selected				1862
combined_all	PRO151-PRO159	4086	0	25	0.0									not_selected				1863
combined_all	PRO152-GTP	4086	0	25	0.0									not_selected				1864
combined_all	PRO152-PRO153	4086	0	25	0.0									not_selected				1865
combined_all	PRO152-PRO154	4086	0	25	0.0									not_selected				1866
combined_all	PRO152-PRO155	4086	0	25	0.0									not_selected				1867
combined_all	PRO152-PRO156	4086	0	25	0.0									not_selected				1868
combined_all	PRO152-PRO159	4086	0	25	0.0									not_selected				1869
combined_all	PRO153-PRO154	4086	0	25	0.0									not_selected				1870
combined_all	PRO153-PRO155	4086	0	25	0.0									not_selected				1871
combined_all	PRO153-PRO156	4086	0	25	0.0									not_selected				1872
combined_all	PRO153-PRO159	4086	0	25	0.0									not_selected				1873
combined_all	PRO154-PRO156	4086	0	25	0.0									not_selected				1874
combined_all	PRO154-PRO159	4086	0	25	0.0									not_selected				1875
combined_all	PRO155-PRO156	4086	0	25	0.0									not_selected				1876
combined_all	PRO155-PRO159	4086	0	25	0.0									not_selected				1877
combined_all	PRO156-PRO159	4086	0	25	0.0									not_selected				1878
combined_all	PRO16-GTP	4086	0	25	0.0									not_selected				1879
combined_all	PRO16-PRO112	4086	0	25	0.0									not_selected				1880
combined_all	PRO16-PRO113	4086	0	25	0.0									not_selected				1881
combined_all	PRO16-PRO114	4086	0	25	0.0									not_selected				1882
combined_all	PRO16-PRO115	4086	0	25	0.0									not_selected				1883
combined_all	PRO16-PRO116	4086	0	25	0.0									not_selected				1884
combined_all	PRO16-PRO117	4086	0	25	0.0									not_selected				1885
combined_all	PRO16-PRO1275	4086	0	25	0.0									not_selected				1886
combined_all	PRO16-PRO1276	4086	0	25	0.0									not_selected				1887
combined_all	PRO16-PRO1277	4086	0	25	0.0									not_selected				1888
combined_all	PRO16-PRO1278	4086	0	25	0.0									not_selected				1889
combined_all	PRO16-PRO1390	4086	0	25	0.0									not_selected				1890
combined_all	PRO16-PRO1436	4086	0	25	0.0									not_selected				1891
combined_all	PRO16-PRO144	4086	0	25	0.0									not_selected				1892
combined_all	PRO16-PRO145	4086	0	25	0.0									not_selected				1893
combined_all	PRO16-PRO146	4086	0	25	0.0									not_selected				1894
combined_all	PRO16-PRO152	4086	0	25	0.0									not_selected				1895
combined_all	PRO16-PRO155	4086	0	25	0.0									not_selected				1896
combined_all	PRO16-PRO156	4086	0	25	0.0									not_selected				1897
combined_all	PRO16-PRO17	4086	0	25	0.0									not_selected				1898
combined_all	PRO16-PRO18	4086	0	25	0.0									not_selected				1899
combined_all	PRO16-PRO19	4086	0	25	0.0									not_selected				1900
combined_all	PRO16-PRO20	4086	0	25	0.0									not_selected				1901
combined_all	PRO16-PRO21	4086	0	25	0.0									not_selected				1902
combined_all	PRO16-PRO22	4086	0	25	0.0									not_selected				1903
combined_all	PRO16-PRO23	4086	0	25	0.0									not_selected				1904
combined_all	PRO16-PRO24	4086	0	25	0.0									not_selected				1905
combined_all	PRO16-PRO25	4086	0	25	0.0									not_selected				1906
combined_all	PRO16-PRO27	4086	0	25	0.0									not_selected				1907
combined_all	PRO16-PRO29	4086	0	25	0.0									not_selected				1908
combined_all	PRO16-PRO33	4086	0	25	0.0									not_selected				1909
combined_all	PRO16-PRO34	4086	0	25	0.0									not_selected				1910
combined_all	PRO16-PRO35	4086	0	25	0.0									not_selected				1911
combined_all	PRO16-PRO36	4086	0	25	0.0									not_selected				1912
combined_all	PRO16-PRO37	4086	0	25	0.0									not_selected				1913
combined_all	PRO16-PRO38	4086	0	25	0.0									not_selected				1914
combined_all	PRO16-PRO39	4086	0	25	0.0									not_selected				1915
combined_all	PRO16-PRO40	4086	0	25	0.0									not_selected				1916
combined_all	PRO16-PRO55	4086	0	25	0.0									not_selected				1917
combined_all	PRO16-PRO56	4086	0	25	0.0									not_selected				1918
combined_all	PRO16-PRO57	4086	0	25	0.0									not_selected				1919
combined_all	PRO16-PRO58	4086	0	25	0.0									not_selected				1920
combined_all	PRO16-PRO59	4086	0	25	0.0									not_selected				1921
combined_all	PRO16-PRO60	4086	0	25	0.0									not_selected				1922
combined_all	PRO16-PRO61	4086	0	25	0.0									not_selected				1923
combined_all	PRO16-PRO62	4086	0	25	0.0									not_selected				1924
combined_all	PRO16-PRO64	4086	0	25	0.0									not_selected				1925
combined_all	PRO16-PRO68	4086	0	25	0.0									not_selected				1926
combined_all	PRO16-PRO71	4086	0	25	0.0									not_selected				1927
combined_all	PRO16-PRO72	4086	0	25	0.0									not_selected				1928
combined_all	PRO16-PRO78	4086	0	25	0.0									not_selected				1929
combined_all	PRO16-PRO79	4086	0	25	0.0									not_selected				1930
combined_all	PRO16-PRO80	4086	0	25	0.0									not_selected				1931
combined_all	PRO16-PRO81	4086	0	25	0.0									not_selected				1932
combined_all	PRO16-PRO82	4086	0	25	0.0									not_selected				1933
combined_all	PRO16-PRO83	4086	0	25	0.0									not_selected				1934
combined_all	PRO16-PRO84	4086	0	25	0.0									not_selected				1935
combined_all	PRO16-PRO86	4086	0	25	0.0									not_selected				1936
combined_all	PRO16-PRO88	4086	0	25	0.0									not_selected				1937
combined_all	PRO16-PRO89	4086	0	25	0.0									not_selected				1938
combined_all	PRO16-PRO93	4086	0	25	0.0									not_selected				1939
combined_all	PRO16-PRO96	4086	0	25	0.0									not_selected				1940
combined_all	PRO17-GTP	4086	0	25	0.0									not_selected				1941
combined_all	PRO17-PRO114	4086	0	25	0.0									not_selected				1942
combined_all	PRO17-PRO116	4086	0	25	0.0									not_selected				1943
combined_all	PRO17-PRO117	4086	0	25	0.0									not_selected				1944
combined_all	PRO17-PRO1276	4086	0	25	0.0									not_selected				1945
combined_all	PRO17-PRO1390	4086	0	25	0.0									not_selected				1946
combined_all	PRO17-PRO1423	4086	0	25	0.0									not_selected				1947
combined_all	PRO17-PRO1436	4086	0	25	0.0									not_selected				1948
combined_all	PRO17-PRO1437	4086	0	25	0.0									not_selected				1949
combined_all	PRO17-PRO144	4086	0	25	0.0									not_selected				1950
combined_all	PRO17-PRO146	4086	0	25	0.0									not_selected				1951
combined_all	PRO17-PRO152	4086	0	25	0.0									not_selected				1952
combined_all	PRO17-PRO156	4086	0	25	0.0									not_selected				1953
combined_all	PRO17-PRO18	4086	0	25	0.0									not_selected				1954
combined_all	PRO17-PRO19	4086	0	25	0.0									not_selected				1955
combined_all	PRO17-PRO20	4086	0	25	0.0									not_selected				1956
combined_all	PRO17-PRO21	4086	0	25	0.0									not_selected				1957
combined_all	PRO17-PRO22	4086	0	25	0.0									not_selected				1958
combined_all	PRO17-PRO23	4086	0	25	0.0									not_selected				1959
combined_all	PRO17-PRO24	4086	0	25	0.0									not_selected				1960
combined_all	PRO17-PRO25	4086	0	25	0.0									not_selected				1961
combined_all	PRO17-PRO26	4086	0	25	0.0									not_selected				1962
combined_all	PRO17-PRO27	4086	0	25	0.0									not_selected				1963
combined_all	PRO17-PRO28	4086	0	25	0.0									not_selected				1964
combined_all	PRO17-PRO29	4086	0	25	0.0									not_selected				1965
combined_all	PRO17-PRO30	4086	0	25	0.0									not_selected				1966
combined_all	PRO17-PRO31	4086	0	25	0.0									not_selected				1967
combined_all	PRO17-PRO32	4086	0	25	0.0									not_selected				1968
combined_all	PRO17-PRO33	4086	0	25	0.0									not_selected				1969
combined_all	PRO17-PRO34	4086	0	25	0.0									not_selected				1970
combined_all	PRO17-PRO35	4086	0	25	0.0									not_selected				1971
combined_all	PRO17-PRO36	4086	0	25	0.0									not_selected				1972
combined_all	PRO17-PRO37	4086	0	25	0.0									not_selected				1973
combined_all	PRO17-PRO38	4086	0	25	0.0									not_selected				1974
combined_all	PRO17-PRO39	4086	0	25	0.0									not_selected				1975
combined_all	PRO17-PRO40	4086	0	25	0.0									not_selected				1976
combined_all	PRO17-PRO55	4086	0	25	0.0									not_selected				1977
combined_all	PRO17-PRO56	4086	0	25	0.0									not_selected				1978
combined_all	PRO17-PRO57	4086	0	25	0.0									not_selected				1979
combined_all	PRO17-PRO58	4086	0	25	0.0									not_selected				1980
combined_all	PRO17-PRO59	4086	0	25	0.0									not_selected				1981
combined_all	PRO17-PRO60	4086	0	25	0.0									not_selected				1982
combined_all	PRO17-PRO61	4086	0	25	0.0									not_selected				1983
combined_all	PRO17-PRO79	4086	0	25	0.0									not_selected				1984
combined_all	PRO17-PRO81	4086	0	25	0.0									not_selected				1985
combined_all	PRO17-PRO83	4086	0	25	0.0									not_selected				1986
combined_all	PRO18-GTP	4086	0	25	0.0									not_selected				1987
combined_all	PRO18-PRO114	4086	0	25	0.0									not_selected				1988
combined_all	PRO18-PRO116	4086	0	25	0.0									not_selected				1989
combined_all	PRO18-PRO117	4086	0	25	0.0									not_selected				1990
combined_all	PRO18-PRO118	4086	0	25	0.0									not_selected				1991
combined_all	PRO18-PRO119	4086	0	25	0.0									not_selected				1992
combined_all	PRO18-PRO120	4086	0	25	0.0									not_selected				1993
combined_all	PRO18-PRO1276	4086	0	25	0.0									not_selected				1994
combined_all	PRO18-PRO1436	4086	0	25	0.0									not_selected				1995
combined_all	PRO18-PRO144	4086	0	25	0.0									not_selected				1996
combined_all	PRO18-PRO145	4086	0	25	0.0									not_selected				1997
combined_all	PRO18-PRO146	4086	0	25	0.0									not_selected				1998
combined_all	PRO18-PRO148	4086	0	25	0.0									not_selected				1999
combined_all	PRO18-PRO149	4086	0	25	0.0									not_selected				2000
combined_all	PRO18-PRO150	4086	0	25	0.0									not_selected				2001
combined_all	PRO18-PRO152	4086	0	25	0.0									not_selected				2002
combined_all	PRO18-PRO153	4086	0	25	0.0									not_selected				2003
combined_all	PRO18-PRO156	4086	0	25	0.0									not_selected				2004
combined_all	PRO18-PRO19	4086	0	25	0.0									not_selected				2005
combined_all	PRO18-PRO20	4086	0	25	0.0									not_selected				2006
combined_all	PRO18-PRO21	4086	0	25	0.0									not_selected				2007
combined_all	PRO18-PRO22	4086	0	25	0.0									not_selected				2008
combined_all	PRO18-PRO23	4086	0	25	0.0									not_selected				2009
combined_all	PRO18-PRO24	4086	0	25	0.0									not_selected				2010
combined_all	PRO18-PRO25	4086	0	25	0.0									not_selected				2011
combined_all	PRO18-PRO26	4086	0	25	0.0									not_selected				2012
combined_all	PRO18-PRO27	4086	0	25	0.0									not_selected				2013
combined_all	PRO18-PRO28	4086	0	25	0.0									not_selected				2014
combined_all	PRO18-PRO29	4086	0	25	0.0									not_selected				2015
combined_all	PRO18-PRO30	4086	0	25	0.0									not_selected				2016
combined_all	PRO18-PRO31	4086	0	25	0.0									not_selected				2017
combined_all	PRO18-PRO32	4086	0	25	0.0									not_selected				2018
combined_all	PRO18-PRO33	4086	0	25	0.0									not_selected				2019
combined_all	PRO18-PRO34	4086	0	25	0.0									not_selected				2020
combined_all	PRO18-PRO35	4086	0	25	0.0									not_selected				2021
combined_all	PRO18-PRO38	4086	0	25	0.0									not_selected				2022
combined_all	PRO18-PRO40	4086	0	25	0.0									not_selected				2023
combined_all	PRO18-PRO55	4086	0	25	0.0									not_selected				2024
combined_all	PRO18-PRO57	4086	0	25	0.0									not_selected				2025
combined_all	PRO18-PRO58	4086	0	25	0.0									not_selected				2026
combined_all	PRO18-PRO60	4086	0	25	0.0									not_selected				2027
combined_all	PRO18-PRO79	4086	0	25	0.0									not_selected				2028
combined_all	PRO18-PRO81	4086	0	25	0.0									not_selected				2029
combined_all	PRO18-PRO83	4086	0	25	0.0									not_selected				2030
combined_all	PRO19-GTP	4086	0	25	0.0									not_selected				2031
combined_all	PRO19-PRO112	4086	0	25	0.0									not_selected				2032
combined_all	PRO19-PRO113	4086	0	25	0.0									not_selected				2033
combined_all	PRO19-PRO114	4086	0	25	0.0									not_selected				2034
combined_all	PRO19-PRO115	4086	0	25	0.0									not_selected				2035
combined_all	PRO19-PRO116	4086	0	25	0.0									not_selected				2036
combined_all	PRO19-PRO117	4086	0	25	0.0									not_selected				2037
combined_all	PRO19-PRO118	4086	0	25	0.0									not_selected				2038
combined_all	PRO19-PRO119	4086	0	25	0.0									not_selected				2039
combined_all	PRO19-PRO1276	4086	0	25	0.0									not_selected				2040
combined_all	PRO19-PRO142	4086	0	25	0.0									not_selected				2041
combined_all	PRO19-PRO143	4086	0	25	0.0									not_selected				2042
combined_all	PRO19-PRO1436	4086	0	25	0.0									not_selected				2043
combined_all	PRO19-PRO144	4086	0	25	0.0									not_selected				2044
combined_all	PRO19-PRO145	4086	0	25	0.0									not_selected				2045
combined_all	PRO19-PRO146	4086	0	25	0.0									not_selected				2046
combined_all	PRO19-PRO149	4086	0	25	0.0									not_selected				2047
combined_all	PRO19-PRO150	4086	0	25	0.0									not_selected				2048
combined_all	PRO19-PRO151	4086	0	25	0.0									not_selected				2049
combined_all	PRO19-PRO152	4086	0	25	0.0									not_selected				2050
combined_all	PRO19-PRO153	4086	0	25	0.0									not_selected				2051
combined_all	PRO19-PRO154	4086	0	25	0.0									not_selected				2052
combined_all	PRO19-PRO155	4086	0	25	0.0									not_selected				2053
combined_all	PRO19-PRO156	4086	0	25	0.0									not_selected				2054
combined_all	PRO19-PRO159	4086	0	25	0.0									not_selected				2055
combined_all	PRO19-PRO21	4086	0	25	0.0									not_selected				2056
combined_all	PRO19-PRO22	4086	0	25	0.0									not_selected				2057
combined_all	PRO19-PRO23	4086	0	25	0.0									not_selected				2058
combined_all	PRO19-PRO24	4086	0	25	0.0									not_selected				2059
combined_all	PRO19-PRO25	4086	0	25	0.0									not_selected				2060
combined_all	PRO19-PRO26	4086	0	25	0.0									not_selected				2061
combined_all	PRO19-PRO27	4086	0	25	0.0									not_selected				2062
combined_all	PRO19-PRO28	4086	0	25	0.0									not_selected				2063
combined_all	PRO19-PRO29	4086	0	25	0.0									not_selected				2064
combined_all	PRO19-PRO30	4086	0	25	0.0									not_selected				2065
combined_all	PRO19-PRO33	4086	0	25	0.0									not_selected				2066
combined_all	PRO19-PRO35	4086	0	25	0.0									not_selected				2067
combined_all	PRO19-PRO38	4086	0	25	0.0									not_selected				2068
combined_all	PRO19-PRO40	4086	0	25	0.0									not_selected				2069
combined_all	PRO19-PRO55	4086	0	25	0.0									not_selected				2070
combined_all	PRO19-PRO56	4086	0	25	0.0									not_selected				2071
combined_all	PRO19-PRO57	4086	0	25	0.0									not_selected				2072
combined_all	PRO19-PRO58	4086	0	25	0.0									not_selected				2073
combined_all	PRO19-PRO78	4086	0	25	0.0									not_selected				2074
combined_all	PRO19-PRO79	4086	0	25	0.0									not_selected				2075
combined_all	PRO19-PRO80	4086	0	25	0.0									not_selected				2076
combined_all	PRO19-PRO81	4086	0	25	0.0									not_selected				2077
combined_all	PRO19-PRO82	4086	0	25	0.0									not_selected				2078
combined_all	PRO19-PRO83	4086	0	25	0.0									not_selected				2079
combined_all	PRO19-PRO84	4086	0	25	0.0									not_selected				2080
combined_all	PRO19-PRO93	4086	0	25	0.0									not_selected				2081
combined_all	PRO20-GTP	4086	0	25	0.0									not_selected				2082
combined_all	PRO20-PRO114	4086	0	25	0.0									not_selected				2083
combined_all	PRO20-PRO116	4086	0	25	0.0									not_selected				2084
combined_all	PRO20-PRO117	4086	0	25	0.0									not_selected				2085
combined_all	PRO20-PRO1423	4086	0	25	0.0									not_selected				2086
combined_all	PRO20-PRO1436	4086	0	25	0.0									not_selected				2087
combined_all	PRO20-PRO1437	4086	0	25	0.0									not_selected				2088
combined_all	PRO20-PRO144	4086	0	25	0.0									not_selected				2089
combined_all	PRO20-PRO145	4086	0	25	0.0									not_selected				2090
combined_all	PRO20-PRO146	4086	0	25	0.0									not_selected				2091
combined_all	PRO20-PRO147	4086	0	25	0.0									not_selected				2092
combined_all	PRO20-PRO149	4086	0	25	0.0									not_selected				2093
combined_all	PRO20-PRO151	4086	0	25	0.0									not_selected				2094
combined_all	PRO20-PRO152	4086	0	25	0.0									not_selected				2095
combined_all	PRO20-PRO153	4086	0	25	0.0									not_selected				2096
combined_all	PRO20-PRO155	4086	0	25	0.0									not_selected				2097
combined_all	PRO20-PRO156	4086	0	25	0.0									not_selected				2098
combined_all	PRO20-PRO159	4086	0	25	0.0									not_selected				2099
combined_all	PRO20-PRO23	4086	0	25	0.0									not_selected				2100
combined_all	PRO20-PRO24	4086	0	25	0.0									not_selected				2101
combined_all	PRO20-PRO25	4086	0	25	0.0									not_selected				2102
combined_all	PRO20-PRO26	4086	0	25	0.0									not_selected				2103
combined_all	PRO20-PRO27	4086	0	25	0.0									not_selected				2104
combined_all	PRO20-PRO28	4086	0	25	0.0									not_selected				2105
combined_all	PRO20-PRO29	4086	0	25	0.0									not_selected				2106
combined_all	PRO20-PRO33	4086	0	25	0.0									not_selected				2107
combined_all	PRO20-PRO35	4086	0	25	0.0									not_selected				2108
combined_all	PRO20-PRO37	4086	0	25	0.0									not_selected				2109
combined_all	PRO20-PRO38	4086	0	25	0.0									not_selected				2110
combined_all	PRO20-PRO39	4086	0	25	0.0									not_selected				2111
combined_all	PRO20-PRO40	4086	0	25	0.0									not_selected				2112
combined_all	PRO20-PRO55	4086	0	25	0.0									not_selected				2113
combined_all	PRO20-PRO56	4086	0	25	0.0									not_selected				2114
combined_all	PRO20-PRO57	4086	0	25	0.0									not_selected				2115
combined_all	PRO20-PRO58	4086	0	25	0.0									not_selected				2116
combined_all	PRO20-PRO60	4086	0	25	0.0									not_selected				2117
combined_all	PRO20-PRO79	4086	0	25	0.0									not_selected				2118
combined_all	PRO20-PRO81	4086	0	25	0.0									not_selected				2119
combined_all	PRO21-GTP	4086	0	25	0.0									not_selected				2120
combined_all	PRO21-PRO116	4086	0	25	0.0									not_selected				2121
combined_all	PRO21-PRO1276	4086	0	25	0.0									not_selected				2122
combined_all	PRO21-PRO1423	4086	0	25	0.0									not_selected				2123
combined_all	PRO21-PRO1435	4086	0	25	0.0									not_selected				2124
combined_all	PRO21-PRO1436	4086	0	25	0.0									not_selected				2125
combined_all	PRO21-PRO1437	4086	0	25	0.0									not_selected				2126
combined_all	PRO21-PRO145	4086	0	25	0.0									not_selected				2127
combined_all	PRO21-PRO146	4086	0	25	0.0									not_selected				2128
combined_all	PRO21-PRO147	4086	0	25	0.0									not_selected				2129
combined_all	PRO21-PRO149	4086	0	25	0.0									not_selected				2130
combined_all	PRO21-PRO152	4086	0	25	0.0									not_selected				2131
combined_all	PRO21-PRO153	4086	0	25	0.0									not_selected				2132
combined_all	PRO21-PRO156	4086	0	25	0.0									not_selected				2133
combined_all	PRO21-PRO23	4086	0	25	0.0									not_selected				2134
combined_all	PRO21-PRO24	4086	0	25	0.0									not_selected				2135
combined_all	PRO21-PRO25	4086	0	25	0.0									not_selected				2136
combined_all	PRO21-PRO26	4086	0	25	0.0									not_selected				2137
combined_all	PRO21-PRO27	4086	0	25	0.0									not_selected				2138
combined_all	PRO21-PRO28	4086	0	25	0.0									not_selected				2139
combined_all	PRO21-PRO29	4086	0	25	0.0									not_selected				2140
combined_all	PRO21-PRO30	4086	0	25	0.0									not_selected				2141
combined_all	PRO21-PRO31	4086	0	25	0.0									not_selected				2142
combined_all	PRO21-PRO32	4086	0	25	0.0									not_selected				2143
combined_all	PRO21-PRO33	4086	0	25	0.0									not_selected				2144
combined_all	PRO21-PRO35	4086	0	25	0.0									not_selected				2145
combined_all	PRO21-PRO38	4086	0	25	0.0									not_selected				2146
combined_all	PRO21-PRO39	4086	0	25	0.0									not_selected				2147
combined_all	PRO21-PRO40	4086	0	25	0.0									not_selected				2148
combined_all	PRO21-PRO55	4086	0	25	0.0									not_selected				2149
combined_all	PRO21-PRO56	4086	0	25	0.0									not_selected				2150
combined_all	PRO21-PRO57	4086	0	25	0.0									not_selected				2151
combined_all	PRO21-PRO58	4086	0	25	0.0									not_selected				2152
combined_all	PRO21-PRO79	4086	0	25	0.0									not_selected				2153
combined_all	PRO21-PRO81	4086	0	25	0.0									not_selected				2154
combined_all	PRO22-PRO114	4086	0	25	0.0									not_selected				2155
combined_all	PRO22-PRO116	4086	0	25	0.0									not_selected				2156
combined_all	PRO22-PRO117	4086	0	25	0.0									not_selected				2157
combined_all	PRO22-PRO119	4086	0	25	0.0									not_selected				2158
combined_all	PRO22-PRO1436	4086	0	25	0.0									not_selected				2159
combined_all	PRO22-PRO144	4086	0	25	0.0									not_selected				2160
combined_all	PRO22-PRO145	4086	0	25	0.0									not_selected				2161
combined_all	PRO22-PRO146	4086	0	25	0.0									not_selected				2162
combined_all	PRO22-PRO147	4086	0	25	0.0									not_selected				2163
combined_all	PRO22-PRO148	4086	0	25	0.0									not_selected				2164
combined_all	PRO22-PRO149	4086	0	25	0.0									not_selected				2165
combined_all	PRO22-PRO150	4086	0	25	0.0									not_selected				2166
combined_all	PRO22-PRO151	4086	0	25	0.0									not_selected				2167
combined_all	PRO22-PRO152	4086	0	25	0.0									not_selected				2168
combined_all	PRO22-PRO153	4086	0	25	0.0									not_selected				2169
combined_all	PRO22-PRO154	4086	0	25	0.0									not_selected				2170
combined_all	PRO22-PRO156	4086	0	25	0.0									not_selected				2171
combined_all	PRO22-PRO23	4086	0	25	0.0									not_selected				2172
combined_all	PRO22-PRO24	4086	0	25	0.0									not_selected				2173
combined_all	PRO22-PRO25	4086	0	25	0.0									not_selected				2174
combined_all	PRO22-PRO26	4086	0	25	0.0									not_selected				2175
combined_all	PRO22-PRO27	4086	0	25	0.0									not_selected				2176
combined_all	PRO22-PRO28	4086	0	25	0.0									not_selected				2177
combined_all	PRO22-PRO29	4086	0	25	0.0									not_selected				2178
combined_all	PRO22-PRO30	4086	0	25	0.0									not_selected				2179
combined_all	PRO22-PRO38	4086	0	25	0.0									not_selected				2180
combined_all	PRO22-PRO40	4086	0	25	0.0									not_selected				2181
combined_all	PRO22-PRO55	4086	0	25	0.0									not_selected				2182
combined_all	PRO22-PRO57	4086	0	25	0.0									not_selected				2183
combined_all	PRO22-PRO79	4086	0	25	0.0									not_selected				2184
combined_all	PRO23-GTP	4086	0	25	0.0									not_selected				2185
combined_all	PRO23-PRO114	4086	0	25	0.0									not_selected				2186
combined_all	PRO23-PRO116	4086	0	25	0.0									not_selected				2187
combined_all	PRO23-PRO142	4086	0	25	0.0									not_selected				2188
combined_all	PRO23-PRO1436	4086	0	25	0.0									not_selected				2189
combined_all	PRO23-PRO144	4086	0	25	0.0									not_selected				2190
combined_all	PRO23-PRO145	4086	0	25	0.0									not_selected				2191
combined_all	PRO23-PRO146	4086	0	25	0.0									not_selected				2192
combined_all	PRO23-PRO147	4086	0	25	0.0									not_selected				2193
combined_all	PRO23-PRO149	4086	0	25	0.0									not_selected				2194
combined_all	PRO23-PRO150	4086	0	25	0.0									not_selected				2195
combined_all	PRO23-PRO151	4086	0	25	0.0									not_selected				2196
combined_all	PRO23-PRO152	4086	0	25	0.0									not_selected				2197
combined_all	PRO23-PRO153	4086	0	25	0.0									not_selected				2198
combined_all	PRO23-PRO154	4086	0	25	0.0									not_selected				2199
combined_all	PRO23-PRO155	4086	0	25	0.0									not_selected				2200
combined_all	PRO23-PRO156	4086	0	25	0.0									not_selected				2201
combined_all	PRO23-PRO159	4086	0	25	0.0									not_selected				2202
combined_all	PRO23-PRO24	4086	0	25	0.0									not_selected				2203
combined_all	PRO23-PRO25	4086	0	25	0.0									not_selected				2204
combined_all	PRO23-PRO26	4086	0	25	0.0									not_selected				2205
combined_all	PRO23-PRO27	4086	0	25	0.0									not_selected				2206
combined_all	PRO23-PRO28	4086	0	25	0.0									not_selected				2207
combined_all	PRO23-PRO29	4086	0	25	0.0									not_selected				2208
combined_all	PRO23-PRO39	4086	0	25	0.0									not_selected				2209
combined_all	PRO23-PRO40	4086	0	25	0.0									not_selected				2210
combined_all	PRO23-PRO55	4086	0	25	0.0									not_selected				2211
combined_all	PRO23-PRO56	4086	0	25	0.0									not_selected				2212
combined_all	PRO23-PRO57	4086	0	25	0.0									not_selected				2213
combined_all	PRO23-PRO79	4086	0	25	0.0									not_selected				2214
combined_all	PRO23-PRO81	4086	0	25	0.0									not_selected				2215
combined_all	PRO24-PRO1435	4086	0	25	0.0									not_selected				2216
combined_all	PRO24-PRO1436	4086	0	25	0.0									not_selected				2217
combined_all	PRO24-PRO1437	4086	0	25	0.0									not_selected				2218
combined_all	PRO24-PRO146	4086	0	25	0.0									not_selected				2219
combined_all	PRO24-PRO152	4086	0	25	0.0									not_selected				2220
combined_all	PRO24-PRO153	4086	0	25	0.0									not_selected				2221
combined_all	PRO24-PRO156	4086	0	25	0.0									not_selected				2222
combined_all	PRO24-PRO25	4086	0	25	0.0									not_selected				2223
combined_all	PRO24-PRO26	4086	0	25	0.0									not_selected				2224
combined_all	PRO24-PRO27	4086	0	25	0.0									not_selected				2225
combined_all	PRO24-PRO28	4086	0	25	0.0									not_selected				2226
combined_all	PRO24-PRO29	4086	0	25	0.0									not_selected				2227
combined_all	PRO24-PRO38	4086	0	25	0.0									not_selected				2228
combined_all	PRO24-PRO39	4086	0	25	0.0									not_selected				2229
combined_all	PRO24-PRO40	4086	0	25	0.0									not_selected				2230
combined_all	PRO24-PRO55	4086	0	25	0.0									not_selected				2231
combined_all	PRO24-PRO56	4086	0	25	0.0									not_selected				2232
combined_all	PRO24-PRO57	4086	0	25	0.0									not_selected				2233
combined_all	PRO24-PRO79	4086	0	25	0.0									not_selected				2234
combined_all	PRO25-PRO1434	4086	0	25	0.0									not_selected				2235
combined_all	PRO25-PRO1435	4086	0	25	0.0									not_selected				2236
combined_all	PRO25-PRO1436	4086	0	25	0.0									not_selected				2237
combined_all	PRO25-PRO1437	4086	0	25	0.0									not_selected				2238
combined_all	PRO25-PRO146	4086	0	25	0.0									not_selected				2239
combined_all	PRO25-PRO149	4086	0	25	0.0									not_selected				2240
combined_all	PRO25-PRO153	4086	0	25	0.0									not_selected				2241
combined_all	PRO25-PRO156	4086	0	25	0.0									not_selected				2242
combined_all	PRO25-PRO27	4086	0	25	0.0									not_selected				2243
combined_all	PRO25-PRO28	4086	0	25	0.0									not_selected				2244
combined_all	PRO25-PRO29	4086	0	25	0.0									not_selected				2245
combined_all	PRO25-PRO30	4086	0	25	0.0									not_selected				2246
combined_all	PRO25-PRO33	4086	0	25	0.0									not_selected				2247
combined_all	PRO25-PRO38	4086	0	25	0.0									not_selected				2248
combined_all	PRO25-PRO39	4086	0	25	0.0									not_selected				2249
combined_all	PRO25-PRO40	4086	0	25	0.0									not_selected				2250
combined_all	PRO25-PRO55	4086	0	25	0.0									not_selected				2251
combined_all	PRO26-PRO1436	4086	0	25	0.0									not_selected				2252
combined_all	PRO26-PRO145	4086	0	25	0.0									not_selected				2253
combined_all	PRO26-PRO146	4086	0	25	0.0									not_selected				2254
combined_all	PRO26-PRO147	4086	0	25	0.0									not_selected				2255
combined_all	PRO26-PRO148	4086	0	25	0.0									not_selected				2256
combined_all	PRO26-PRO149	4086	0	25	0.0									not_selected				2257
combined_all	PRO26-PRO150	4086	0	25	0.0									not_selected				2258
combined_all	PRO26-PRO151	4086	0	25	0.0									not_selected				2259
combined_all	PRO26-PRO152	4086	0	25	0.0									not_selected				2260
combined_all	PRO26-PRO153	4086	0	25	0.0									not_selected				2261
combined_all	PRO26-PRO154	4086	0	25	0.0									not_selected				2262
combined_all	PRO26-PRO156	4086	0	25	0.0									not_selected				2263
combined_all	PRO26-PRO27	4086	0	25	0.0									not_selected				2264
combined_all	PRO26-PRO28	4086	0	25	0.0									not_selected				2265
combined_all	PRO26-PRO29	4086	0	25	0.0									not_selected				2266
combined_all	PRO26-PRO40	4086	0	25	0.0									not_selected				2267
combined_all	PRO26-PRO55	4086	0	25	0.0									not_selected				2268
combined_all	PRO27-GTP	4086	0	25	0.0									not_selected				2269
combined_all	PRO27-PRO1433	4086	0	25	0.0									not_selected				2270
combined_all	PRO27-PRO1434	4086	0	25	0.0									not_selected				2271
combined_all	PRO27-PRO1435	4086	0	25	0.0									not_selected				2272
combined_all	PRO27-PRO1436	4086	0	25	0.0									not_selected				2273
combined_all	PRO27-PRO1437	4086	0	25	0.0									not_selected				2274
combined_all	PRO27-PRO145	4086	0	25	0.0									not_selected				2275
combined_all	PRO27-PRO146	4086	0	25	0.0									not_selected				2276
combined_all	PRO27-PRO147	4086	0	25	0.0									not_selected				2277
combined_all	PRO27-PRO148	4086	0	25	0.0									not_selected				2278
combined_all	PRO27-PRO149	4086	0	25	0.0									not_selected				2279
combined_all	PRO27-PRO150	4086	0	25	0.0									not_selected				2280
combined_all	PRO27-PRO152	4086	0	25	0.0									not_selected				2281
combined_all	PRO27-PRO156	4086	0	25	0.0									not_selected				2282
combined_all	PRO27-PRO28	4086	0	25	0.0									not_selected				2283
combined_all	PRO27-PRO29	4086	0	25	0.0									not_selected				2284
combined_all	PRO27-PRO30	4086	0	25	0.0									not_selected				2285
combined_all	PRO27-PRO31	4086	0	25	0.0									not_selected				2286
combined_all	PRO27-PRO32	4086	0	25	0.0									not_selected				2287
combined_all	PRO27-PRO33	4086	0	25	0.0									not_selected				2288
combined_all	PRO27-PRO40	4086	0	25	0.0									not_selected				2289
combined_all	PRO28-GTP	4086	0	25	0.0									not_selected				2290
combined_all	PRO28-PRO116	4086	0	25	0.0									not_selected				2291
combined_all	PRO28-PRO117	4086	0	25	0.0									not_selected				2292
combined_all	PRO28-PRO118	4086	0	25	0.0									not_selected				2293
combined_all	PRO28-PRO119	4086	0	25	0.0									not_selected				2294
combined_all	PRO28-PRO120	4086	0	25	0.0									not_selected				2295
combined_all	PRO28-PRO1273	4086	0	25	0.0									not_selected				2296
combined_all	PRO28-PRO1276	4086	0	25	0.0									not_selected				2297
combined_all	PRO28-PRO1435	4086	0	25	0.0									not_selected				2298
combined_all	PRO28-PRO1436	4086	0	25	0.0									not_selected				2299
combined_all	PRO28-PRO144	4086	0	25	0.0									not_selected				2300
combined_all	PRO28-PRO145	4086	0	25	0.0									not_selected				2301
combined_all	PRO28-PRO146	4086	0	25	0.0									not_selected				2302
combined_all	PRO28-PRO147	4086	0	25	0.0									not_selected				2303
combined_all	PRO28-PRO148	4086	0	25	0.0									not_selected				2304
combined_all	PRO28-PRO149	4086	0	25	0.0									not_selected				2305
combined_all	PRO28-PRO150	4086	0	25	0.0									not_selected				2306
combined_all	PRO28-PRO152	4086	0	25	0.0									not_selected				2307
combined_all	PRO28-PRO156	4086	0	25	0.0									not_selected				2308
combined_all	PRO28-PRO29	4086	0	25	0.0									not_selected				2309
combined_all	PRO28-PRO30	4086	0	25	0.0									not_selected				2310
combined_all	PRO28-PRO31	4086	0	25	0.0									not_selected				2311
combined_all	PRO28-PRO32	4086	0	25	0.0									not_selected				2312
combined_all	PRO28-PRO33	4086	0	25	0.0									not_selected				2313
combined_all	PRO28-PRO81	4086	0	25	0.0									not_selected				2314
combined_all	PRO28-PRO83	4086	0	25	0.0									not_selected				2315
combined_all	PRO28-PRO85	4086	0	25	0.0									not_selected				2316
combined_all	PRO29-GTP	4086	0	25	0.0									not_selected				2317
combined_all	PRO29-PRO116	4086	0	25	0.0									not_selected				2318
combined_all	PRO29-PRO117	4086	0	25	0.0									not_selected				2319
combined_all	PRO29-PRO1272	4086	0	25	0.0									not_selected				2320
combined_all	PRO29-PRO1273	4086	0	25	0.0									not_selected				2321
combined_all	PRO29-PRO1276	4086	0	25	0.0									not_selected				2322
combined_all	PRO29-PRO1430	4086	0	25	0.0									not_selected				2323
combined_all	PRO29-PRO1432	4086	0	25	0.0									not_selected				2324
combined_all	PRO29-PRO1433	4086	0	25	0.0									not_selected				2325
combined_all	PRO29-PRO1434	4086	0	25	0.0									not_selected				2326
combined_all	PRO29-PRO1435	4086	0	25	0.0									not_selected				2327
combined_all	PRO29-PRO1436	4086	0	25	0.0									not_selected				2328
combined_all	PRO29-PRO1437	4086	0	25	0.0									not_selected				2329
combined_all	PRO29-PRO145	4086	0	25	0.0									not_selected				2330
combined_all	PRO29-PRO146	4086	0	25	0.0									not_selected				2331
combined_all	PRO29-PRO147	4086	0	25	0.0									not_selected				2332
combined_all	PRO29-PRO148	4086	0	25	0.0									not_selected				2333
combined_all	PRO29-PRO149	4086	0	25	0.0									not_selected				2334
combined_all	PRO29-PRO152	4086	0	25	0.0									not_selected				2335
combined_all	PRO29-PRO30	4086	0	25	0.0									not_selected				2336
combined_all	PRO29-PRO31	4086	0	25	0.0									not_selected				2337
combined_all	PRO29-PRO32	4086	0	25	0.0									not_selected				2338
combined_all	PRO29-PRO33	4086	0	25	0.0									not_selected				2339
combined_all	PRO29-PRO34	4086	0	25	0.0									not_selected				2340
combined_all	PRO29-PRO35	4086	0	25	0.0									not_selected				2341
combined_all	PRO29-PRO38	4086	0	25	0.0									not_selected				2342
combined_all	PRO29-PRO40	4086	0	25	0.0									not_selected				2343
combined_all	PRO29-PRO57	4086	0	25	0.0									not_selected				2344
combined_all	PRO30-GTP	4086	0	25	0.0									not_selected				2345
combined_all	PRO30-PRO116	4086	0	25	0.0									not_selected				2346
combined_all	PRO30-PRO117	4086	0	25	0.0									not_selected				2347
combined_all	PRO30-PRO119	4086	0	25	0.0									not_selected				2348
combined_all	PRO30-PRO120	4086	0	25	0.0									not_selected				2349
combined_all	PRO30-PRO1270	4086	0	25	0.0									not_selected				2350
combined_all	PRO30-PRO1272	4086	0	25	0.0									not_selected				2351
combined_all	PRO30-PRO1273	4086	0	25	0.0									not_selected				2352
combined_all	PRO30-PRO1276	4086	0	25	0.0									not_selected				2353
combined_all	PRO30-PRO1430	4086	0	25	0.0									not_selected				2354
combined_all	PRO30-PRO1432	4086	0	25	0.0									not_selected				2355
combined_all	PRO30-PRO1435	4086	0	25	0.0									not_selected				2356
combined_all	PRO30-PRO1436	4086	0	25	0.0									not_selected				2357
combined_all	PRO30-PRO146	4086	0	25	0.0									not_selected				2358
combined_all	PRO30-PRO147	4086	0	25	0.0									not_selected				2359
combined_all	PRO30-PRO31	4086	0	25	0.0									not_selected				2360
combined_all	PRO30-PRO32	4086	0	25	0.0									not_selected				2361
combined_all	PRO30-PRO33	4086	0	25	0.0									not_selected				2362
combined_all	PRO30-PRO34	4086	0	25	0.0									not_selected				2363
combined_all	PRO31-GTP	4086	0	25	0.0									not_selected				2364
combined_all	PRO31-PRO117	4086	0	25	0.0									not_selected				2365
combined_all	PRO31-PRO1270	4086	0	25	0.0									not_selected				2366
combined_all	PRO31-PRO1272	4086	0	25	0.0									not_selected				2367
combined_all	PRO31-PRO1273	4086	0	25	0.0									not_selected				2368
combined_all	PRO31-PRO1276	4086	0	25	0.0									not_selected				2369
combined_all	PRO31-PRO1379	4086	0	25	0.0									not_selected				2370
combined_all	PRO31-PRO1427	4086	0	25	0.0									not_selected				2371
combined_all	PRO31-PRO1430	4086	0	25	0.0									not_selected				2372
combined_all	PRO31-PRO1431	4086	0	25	0.0									not_selected				2373
combined_all	PRO31-PRO1432	4086	0	25	0.0									not_selected				2374
combined_all	PRO31-PRO1433	4086	0	25	0.0									not_selected				2375
combined_all	PRO31-PRO1434	4086	0	25	0.0									not_selected				2376
combined_all	PRO31-PRO1435	4086	0	25	0.0									not_selected				2377
combined_all	PRO31-PRO1436	4086	0	25	0.0									not_selected				2378
combined_all	PRO31-PRO147	4086	0	25	0.0									not_selected				2379
combined_all	PRO31-PRO32	4086	0	25	0.0									not_selected				2380
combined_all	PRO31-PRO33	4086	0	25	0.0									not_selected				2381
combined_all	PRO31-PRO34	4086	0	25	0.0									not_selected				2382
combined_all	PRO31-PRO35	4086	0	25	0.0									not_selected				2383
combined_all	PRO32-GTP	4086	0	25	0.0									not_selected				2384
combined_all	PRO32-PRO117	4086	0	25	0.0									not_selected				2385
combined_all	PRO32-PRO1270	4086	0	25	0.0									not_selected				2386
combined_all	PRO32-PRO1271	4086	0	25	0.0									not_selected				2387
combined_all	PRO32-PRO1272	4086	0	25	0.0									not_selected				2388
combined_all	PRO32-PRO1273	4086	0	25	0.0									not_selected				2389
combined_all	PRO32-PRO1274	4086	0	25	0.0									not_selected				2390
combined_all	PRO32-PRO1275	4086	0	25	0.0									not_selected				2391
combined_all	PRO32-PRO1276	4086	0	25	0.0									not_selected				2392
combined_all	PRO32-PRO1277	4086	0	25	0.0									not_selected				2393
combined_all	PRO32-PRO1282	4086	0	25	0.0									not_selected				2394
combined_all	PRO32-PRO1285	4086	0	25	0.0									not_selected				2395
combined_all	PRO32-PRO1289	4086	0	25	0.0									not_selected				2396
combined_all	PRO32-PRO1368	4086	0	25	0.0									not_selected				2397
combined_all	PRO32-PRO1379	4086	0	25	0.0									not_selected				2398
combined_all	PRO32-PRO1382	4086	0	25	0.0									not_selected				2399
combined_all	PRO32-PRO1384	4086	0	25	0.0									not_selected				2400
combined_all	PRO32-PRO1385	4086	0	25	0.0									not_selected				2401
combined_all	PRO32-PRO1386	4086	0	25	0.0									not_selected				2402
combined_all	PRO32-PRO1387	4086	0	25	0.0									not_selected				2403
combined_all	PRO32-PRO1388	4086	0	25	0.0									not_selected				2404
combined_all	PRO32-PRO1389	4086	0	25	0.0									not_selected				2405
combined_all	PRO32-PRO1390	4086	0	25	0.0									not_selected				2406
combined_all	PRO32-PRO1391	4086	0	25	0.0									not_selected				2407
combined_all	PRO32-PRO1392	4086	0	25	0.0									not_selected				2408
combined_all	PRO32-PRO1394	4086	0	25	0.0									not_selected				2409
combined_all	PRO32-PRO1423	4086	0	25	0.0									not_selected				2410
combined_all	PRO32-PRO1426	4086	0	25	0.0									not_selected				2411
combined_all	PRO32-PRO1427	4086	0	25	0.0									not_selected				2412
combined_all	PRO32-PRO1429	4086	0	25	0.0									not_selected				2413
combined_all	PRO32-PRO1430	4086	0	25	0.0									not_selected				2414
combined_all	PRO32-PRO1431	4086	0	25	0.0									not_selected				2415
combined_all	PRO32-PRO1432	4086	0	25	0.0									not_selected				2416
combined_all	PRO32-PRO1433	4086	0	25	0.0									not_selected				2417
combined_all	PRO32-PRO1434	4086	0	25	0.0									not_selected				2418
combined_all	PRO32-PRO1435	4086	0	25	0.0									not_selected				2419
combined_all	PRO32-PRO1436	4086	0	25	0.0									not_selected				2420
combined_all	PRO32-PRO33	4086	0	25	0.0									not_selected				2421
combined_all	PRO32-PRO34	4086	0	25	0.0									not_selected				2422
combined_all	PRO32-PRO35	4086	0	25	0.0									not_selected				2423
combined_all	PRO32-PRO36	4086	0	25	0.0									not_selected				2424
combined_all	PRO32-PRO38	4086	0	25	0.0									not_selected				2425
combined_all	PRO32-PRO59	4086	0	25	0.0									not_selected				2426
combined_all	PRO32-PRO61	4086	0	25	0.0									not_selected				2427
combined_all	PRO32-PRO64	4086	0	25	0.0									not_selected				2428
combined_all	PRO33-GTP	4086	0	25	0.0									not_selected				2429
combined_all	PRO33-PRO1272	4086	0	25	0.0									not_selected				2430
combined_all	PRO33-PRO1273	4086	0	25	0.0									not_selected				2431
combined_all	PRO33-PRO1276	4086	0	25	0.0									not_selected				2432
combined_all	PRO33-PRO1386	4086	0	25	0.0									not_selected				2433
combined_all	PRO33-PRO1390	4086	0	25	0.0									not_selected				2434
combined_all	PRO33-PRO1394	4086	0	25	0.0									not_selected				2435
combined_all	PRO33-PRO1422	4086	0	25	0.0									not_selected				2436
combined_all	PRO33-PRO1423	4086	0	25	0.0									not_selected				2437
combined_all	PRO33-PRO1424	4086	0	25	0.0									not_selected				2438
combined_all	PRO33-PRO1426	4086	0	25	0.0									not_selected				2439
combined_all	PRO33-PRO1427	4086	0	25	0.0									not_selected				2440
combined_all	PRO33-PRO1429	4086	0	25	0.0									not_selected				2441
combined_all	PRO33-PRO1430	4086	0	25	0.0									not_selected				2442
combined_all	PRO33-PRO1431	4086	0	25	0.0									not_selected				2443
combined_all	PRO33-PRO1432	4086	0	25	0.0									not_selected				2444
combined_all	PRO33-PRO1433	4086	0	25	0.0									not_selected				2445
combined_all	PRO33-PRO1434	4086	0	25	0.0									not_selected				2446
combined_all	PRO33-PRO1435	4086	0	25	0.0									not_selected				2447
combined_all	PRO33-PRO1436	4086	0	25	0.0									not_selected				2448
combined_all	PRO33-PRO1437	4086	0	25	0.0									not_selected				2449
combined_all	PRO33-PRO34	4086	0	25	0.0									not_selected				2450
combined_all	PRO33-PRO35	4086	0	25	0.0									not_selected				2451
combined_all	PRO33-PRO36	4086	0	25	0.0									not_selected				2452
combined_all	PRO33-PRO37	4086	0	25	0.0									not_selected				2453
combined_all	PRO33-PRO38	4086	0	25	0.0									not_selected				2454
combined_all	PRO33-PRO39	4086	0	25	0.0									not_selected				2455
combined_all	PRO33-PRO40	4086	0	25	0.0									not_selected				2456
combined_all	PRO33-PRO57	4086	0	25	0.0									not_selected				2457
combined_all	PRO33-PRO58	4086	0	25	0.0									not_selected				2458
combined_all	PRO33-PRO59	4086	0	25	0.0									not_selected				2459
combined_all	PRO33-PRO60	4086	0	25	0.0									not_selected				2460
combined_all	PRO33-PRO61	4086	0	25	0.0									not_selected				2461
combined_all	PRO34-GTP	4086	0	25	0.0									not_selected				2462
combined_all	PRO34-PRO1271	4086	0	25	0.0									not_selected				2463
combined_all	PRO34-PRO1272	4086	0	25	0.0									not_selected				2464
combined_all	PRO34-PRO1273	4086	0	25	0.0									not_selected				2465
combined_all	PRO34-PRO1274	4086	0	25	0.0									not_selected				2466
combined_all	PRO34-PRO1275	4086	0	25	0.0									not_selected				2467
combined_all	PRO34-PRO1276	4086	0	25	0.0									not_selected				2468
combined_all	PRO34-PRO1277	4086	0	25	0.0									not_selected				2469
combined_all	PRO34-PRO1382	4086	0	25	0.0									not_selected				2470
combined_all	PRO34-PRO1383	4086	0	25	0.0									not_selected				2471
combined_all	PRO34-PRO1384	4086	0	25	0.0									not_selected				2472
combined_all	PRO34-PRO1385	4086	0	25	0.0									not_selected				2473
combined_all	PRO34-PRO1386	4086	0	25	0.0									not_selected				2474
combined_all	PRO34-PRO1387	4086	0	25	0.0									not_selected				2475
combined_all	PRO34-PRO1388	4086	0	25	0.0									not_selected				2476
combined_all	PRO34-PRO1389	4086	0	25	0.0									not_selected				2477
combined_all	PRO34-PRO1390	4086	0	25	0.0									not_selected				2478
combined_all	PRO34-PRO1391	4086	0	25	0.0									not_selected				2479
combined_all	PRO34-PRO1392	4086	0	25	0.0									not_selected				2480
combined_all	PRO34-PRO1394	4086	0	25	0.0									not_selected				2481
combined_all	PRO34-PRO1395	4086	0	25	0.0									not_selected				2482
combined_all	PRO34-PRO1398	4086	0	25	0.0									not_selected				2483
combined_all	PRO34-PRO1419	4086	0	25	0.0									not_selected				2484
combined_all	PRO34-PRO1420	4086	0	25	0.0									not_selected				2485
combined_all	PRO34-PRO1422	4086	0	25	0.0									not_selected				2486
combined_all	PRO34-PRO1423	4086	0	25	0.0									not_selected				2487
combined_all	PRO34-PRO1424	4086	0	25	0.0									not_selected				2488
combined_all	PRO34-PRO1425	4086	0	25	0.0									not_selected				2489
combined_all	PRO34-PRO1426	4086	0	25	0.0									not_selected				2490
combined_all	PRO34-PRO1427	4086	0	25	0.0									not_selected				2491
combined_all	PRO34-PRO1429	4086	0	25	0.0									not_selected				2492
combined_all	PRO34-PRO1430	4086	0	25	0.0									not_selected				2493
combined_all	PRO34-PRO1431	4086	0	25	0.0									not_selected				2494
combined_all	PRO34-PRO1432	4086	0	25	0.0									not_selected				2495
combined_all	PRO34-PRO1433	4086	0	25	0.0									not_selected				2496
combined_all	PRO34-PRO1434	4086	0	25	0.0									not_selected				2497
combined_all	PRO34-PRO1436	4086	0	25	0.0									not_selected				2498
combined_all	PRO34-PRO1437	4086	0	25	0.0									not_selected				2499
combined_all	PRO34-PRO35	4086	0	25	0.0									not_selected				2500
combined_all	PRO34-PRO36	4086	0	25	0.0									not_selected				2501
combined_all	PRO34-PRO37	4086	0	25	0.0									not_selected				2502
combined_all	PRO34-PRO38	4086	0	25	0.0									not_selected				2503
combined_all	PRO34-PRO40	4086	0	25	0.0									not_selected				2504
combined_all	PRO34-PRO57	4086	0	25	0.0									not_selected				2505
combined_all	PRO34-PRO58	4086	0	25	0.0									not_selected				2506
combined_all	PRO34-PRO59	4086	0	25	0.0									not_selected				2507
combined_all	PRO34-PRO60	4086	0	25	0.0									not_selected				2508
combined_all	PRO34-PRO61	4086	0	25	0.0									not_selected				2509
combined_all	PRO34-PRO63	4086	0	25	0.0									not_selected				2510
combined_all	PRO34-PRO64	4086	0	25	0.0									not_selected				2511
combined_all	PRO35-GTP	4086	0	25	0.0									not_selected				2512
combined_all	PRO35-PRO1276	4086	0	25	0.0									not_selected				2513
combined_all	PRO35-PRO1386	4086	0	25	0.0									not_selected				2514
combined_all	PRO35-PRO1389	4086	0	25	0.0									not_selected				2515
combined_all	PRO35-PRO1390	4086	0	25	0.0									not_selected				2516
combined_all	PRO35-PRO1391	4086	0	25	0.0									not_selected				2517
combined_all	PRO35-PRO1394	4086	0	25	0.0									not_selected				2518
combined_all	PRO35-PRO1395	4086	0	25	0.0									not_selected				2519
combined_all	PRO35-PRO1398	4086	0	25	0.0									not_selected				2520
combined_all	PRO35-PRO1416	4086	0	25	0.0									not_selected				2521
combined_all	PRO35-PRO1419	4086	0	25	0.0									not_selected				2522
combined_all	PRO35-PRO1420	4086	0	25	0.0									not_selected				2523
combined_all	PRO35-PRO1422	4086	0	25	0.0									not_selected				2524
combined_all	PRO35-PRO1423	4086	0	25	0.0									not_selected				2525
combined_all	PRO35-PRO1424	4086	0	25	0.0									not_selected				2526
combined_all	PRO35-PRO1426	4086	0	25	0.0									not_selected				2527
combined_all	PRO35-PRO1427	4086	0	25	0.0									not_selected				2528
combined_all	PRO35-PRO1430	4086	0	25	0.0									not_selected				2529
combined_all	PRO35-PRO1432	4086	0	25	0.0									not_selected				2530
combined_all	PRO35-PRO1434	4086	0	25	0.0									not_selected				2531
combined_all	PRO35-PRO1436	4086	0	25	0.0									not_selected				2532
combined_all	PRO35-PRO1437	4086	0	25	0.0									not_selected				2533
combined_all	PRO35-PRO37	4086	0	25	0.0									not_selected				2534
combined_all	PRO35-PRO38	4086	0	25	0.0									not_selected				2535
combined_all	PRO35-PRO39	4086	0	25	0.0									not_selected				2536
combined_all	PRO35-PRO40	4086	0	25	0.0									not_selected				2537
combined_all	PRO35-PRO55	4086	0	25	0.0									not_selected				2538
combined_all	PRO35-PRO56	4086	0	25	0.0									not_selected				2539
combined_all	PRO35-PRO57	4086	0	25	0.0									not_selected				2540
combined_all	PRO35-PRO58	4086	0	25	0.0									not_selected				2541
combined_all	PRO35-PRO59	4086	0	25	0.0									not_selected				2542
combined_all	PRO35-PRO60	4086	0	25	0.0									not_selected				2543
combined_all	PRO35-PRO61	4086	0	25	0.0									not_selected				2544
combined_all	PRO35-PRO62	4086	0	25	0.0									not_selected				2545
combined_all	PRO35-PRO63	4086	0	25	0.0									not_selected				2546
combined_all	PRO35-PRO64	4086	0	25	0.0									not_selected				2547
combined_all	PRO35-PRO67	4086	0	25	0.0									not_selected				2548
combined_all	PRO35-PRO68	4086	0	25	0.0									not_selected				2549
combined_all	PRO35-PRO71	4086	0	25	0.0									not_selected				2550
combined_all	PRO36-GTP	4086	0	25	0.0									not_selected				2551
combined_all	PRO36-PRO1276	4086	0	25	0.0									not_selected				2552
combined_all	PRO36-PRO1385	4086	0	25	0.0									not_selected				2553
combined_all	PRO36-PRO1386	4086	0	25	0.0									not_selected				2554
combined_all	PRO36-PRO1387	4086	0	25	0.0									not_selected				2555
combined_all	PRO36-PRO1388	4086	0	25	0.0									not_selected				2556
combined_all	PRO36-PRO1389	4086	0	25	0.0									not_selected				2557
combined_all	PRO36-PRO1390	4086	0	25	0.0									not_selected				2558
combined_all	PRO36-PRO1391	4086	0	25	0.0									not_selected				2559
combined_all	PRO36-PRO1392	4086	0	25	0.0									not_selected				2560
combined_all	PRO36-PRO1393	4086	0	25	0.0									not_selected				2561
combined_all	PRO36-PRO1394	4086	0	25	0.0									not_selected				2562
combined_all	PRO36-PRO1395	4086	0	25	0.0									not_selected				2563
combined_all	PRO36-PRO1398	4086	0	25	0.0									not_selected				2564
combined_all	PRO36-PRO1399	4086	0	25	0.0									not_selected				2565
combined_all	PRO36-PRO1416	4086	0	25	0.0									not_selected				2566
combined_all	PRO36-PRO1419	4086	0	25	0.0									not_selected				2567
combined_all	PRO36-PRO1420	4086	0	25	0.0									not_selected				2568
combined_all	PRO36-PRO1422	4086	0	25	0.0									not_selected				2569
combined_all	PRO36-PRO1423	4086	0	25	0.0									not_selected				2570
combined_all	PRO36-PRO1424	4086	0	25	0.0									not_selected				2571
combined_all	PRO36-PRO1425	4086	0	25	0.0									not_selected				2572
combined_all	PRO36-PRO1426	4086	0	25	0.0									not_selected				2573
combined_all	PRO36-PRO1427	4086	0	25	0.0									not_selected				2574
combined_all	PRO36-PRO1429	4086	0	25	0.0									not_selected				2575
combined_all	PRO36-PRO1430	4086	0	25	0.0									not_selected				2576
combined_all	PRO36-PRO1432	4086	0	25	0.0									not_selected				2577
combined_all	PRO36-PRO1434	4086	0	25	0.0									not_selected				2578
combined_all	PRO36-PRO1436	4086	0	25	0.0									not_selected				2579
combined_all	PRO36-PRO1437	4086	0	25	0.0									not_selected				2580
combined_all	PRO36-PRO37	4086	0	25	0.0									not_selected				2581
combined_all	PRO36-PRO38	4086	0	25	0.0									not_selected				2582
combined_all	PRO36-PRO39	4086	0	25	0.0									not_selected				2583
combined_all	PRO36-PRO40	4086	0	25	0.0									not_selected				2584
combined_all	PRO36-PRO56	4086	0	25	0.0									not_selected				2585
combined_all	PRO36-PRO57	4086	0	25	0.0									not_selected				2586
combined_all	PRO36-PRO58	4086	0	25	0.0									not_selected				2587
combined_all	PRO36-PRO59	4086	0	25	0.0									not_selected				2588
combined_all	PRO36-PRO60	4086	0	25	0.0									not_selected				2589
combined_all	PRO36-PRO61	4086	0	25	0.0									not_selected				2590
combined_all	PRO36-PRO63	4086	0	25	0.0									not_selected				2591
combined_all	PRO36-PRO64	4086	0	25	0.0									not_selected				2592
combined_all	PRO36-PRO67	4086	0	25	0.0									not_selected				2593
combined_all	PRO36-PRO68	4086	0	25	0.0									not_selected				2594
combined_all	PRO36-PRO70	4086	0	25	0.0									not_selected				2595
combined_all	PRO36-PRO71	4086	0	25	0.0									not_selected				2596
combined_all	PRO37-GTP	4086	0	25	0.0									not_selected				2597
combined_all	PRO37-PRO1390	4086	0	25	0.0									not_selected				2598
combined_all	PRO37-PRO1394	4086	0	25	0.0									not_selected				2599
combined_all	PRO37-PRO1395	4086	0	25	0.0									not_selected				2600
combined_all	PRO37-PRO1398	4086	0	25	0.0									not_selected				2601
combined_all	PRO37-PRO1399	4086	0	25	0.0									not_selected				2602
combined_all	PRO37-PRO1409	4086	0	25	0.0									not_selected				2603
combined_all	PRO37-PRO1416	4086	0	25	0.0									not_selected				2604
combined_all	PRO37-PRO1419	4086	0	25	0.0									not_selected				2605
combined_all	PRO37-PRO1422	4086	0	25	0.0									not_selected				2606
combined_all	PRO37-PRO1423	4086	0	25	0.0									not_selected				2607
combined_all	PRO37-PRO1424	4086	0	25	0.0									not_selected				2608
combined_all	PRO37-PRO1426	4086	0	25	0.0									not_selected				2609
combined_all	PRO37-PRO1427	4086	0	25	0.0									not_selected				2610
combined_all	PRO37-PRO1434	4086	0	25	0.0									not_selected				2611
combined_all	PRO37-PRO1436	4086	0	25	0.0									not_selected				2612
combined_all	PRO37-PRO1437	4086	0	25	0.0									not_selected				2613
combined_all	PRO37-PRO38	4086	0	25	0.0									not_selected				2614
combined_all	PRO37-PRO40	4086	0	25	0.0									not_selected				2615
combined_all	PRO37-PRO55	4086	0	25	0.0									not_selected				2616
combined_all	PRO37-PRO56	4086	0	25	0.0									not_selected				2617
combined_all	PRO37-PRO57	4086	0	25	0.0									not_selected				2618
combined_all	PRO37-PRO58	4086	0	25	0.0									not_selected				2619
combined_all	PRO37-PRO59	4086	0	25	0.0									not_selected				2620
combined_all	PRO37-PRO60	4086	0	25	0.0									not_selected				2621
combined_all	PRO37-PRO61	4086	0	25	0.0									not_selected				2622
combined_all	PRO37-PRO64	4086	0	25	0.0									not_selected				2623
combined_all	PRO37-PRO67	4086	0	25	0.0									not_selected				2624
combined_all	PRO37-PRO68	4086	0	25	0.0									not_selected				2625
combined_all	PRO37-PRO70	4086	0	25	0.0									not_selected				2626
combined_all	PRO37-PRO71	4086	0	25	0.0									not_selected				2627
combined_all	PRO37-PRO72	4086	0	25	0.0									not_selected				2628
combined_all	PRO37-PRO74	4086	0	25	0.0									not_selected				2629
combined_all	PRO38-GTP	4086	0	25	0.0									not_selected				2630
combined_all	PRO38-PRO1276	4086	0	25	0.0									not_selected				2631
combined_all	PRO38-PRO1398	4086	0	25	0.0									not_selected				2632
combined_all	PRO38-PRO1416	4086	0	25	0.0									not_selected				2633
combined_all	PRO38-PRO1419	4086	0	25	0.0									not_selected				2634
combined_all	PRO38-PRO1420	4086	0	25	0.0									not_selected				2635
combined_all	PRO38-PRO1422	4086	0	25	0.0									not_selected				2636
combined_all	PRO38-PRO1423	4086	0	25	0.0									not_selected				2637
combined_all	PRO38-PRO1424	4086	0	25	0.0									not_selected				2638
combined_all	PRO38-PRO1426	4086	0	25	0.0									not_selected				2639
combined_all	PRO38-PRO1427	4086	0	25	0.0									not_selected				2640
combined_all	PRO38-PRO1434	4086	0	25	0.0									not_selected				2641
combined_all	PRO38-PRO1435	4086	0	25	0.0									not_selected				2642
combined_all	PRO38-PRO1436	4086	0	25	0.0									not_selected				2643
combined_all	PRO38-PRO1437	4086	0	25	0.0									not_selected				2644
combined_all	PRO38-PRO156	4086	0	25	0.0									not_selected				2645
combined_all	PRO38-PRO39	4086	0	25	0.0									not_selected				2646
combined_all	PRO38-PRO40	4086	0	25	0.0									not_selected				2647
combined_all	PRO38-PRO55	4086	0	25	0.0									not_selected				2648
combined_all	PRO38-PRO56	4086	0	25	0.0									not_selected				2649
combined_all	PRO38-PRO57	4086	0	25	0.0									not_selected				2650
combined_all	PRO38-PRO58	4086	0	25	0.0									not_selected				2651
combined_all	PRO38-PRO59	4086	0	25	0.0									not_selected				2652
combined_all	PRO38-PRO60	4086	0	25	0.0									not_selected				2653
combined_all	PRO38-PRO64	4086	0	25	0.0									not_selected				2654
combined_all	PRO38-PRO71	4086	0	25	0.0									not_selected				2655
combined_all	PRO38-PRO74	4086	0	25	0.0									not_selected				2656
combined_all	PRO39-PRO1416	4086	0	25	0.0									not_selected				2657
combined_all	PRO39-PRO1419	4086	0	25	0.0									not_selected				2658
combined_all	PRO39-PRO1420	4086	0	25	0.0									not_selected				2659
combined_all	PRO39-PRO1423	4086	0	25	0.0									not_selected				2660
combined_all	PRO39-PRO1436	4086	0	25	0.0									not_selected				2661
combined_all	PRO39-PRO1437	4086	0	25	0.0									not_selected				2662
combined_all	PRO39-PRO40	4086	0	25	0.0									not_selected				2663
combined_all	PRO39-PRO55	4086	0	25	0.0									not_selected				2664
combined_all	PRO39-PRO56	4086	0	25	0.0									not_selected				2665
combined_all	PRO39-PRO57	4086	0	25	0.0									not_selected				2666
combined_all	PRO39-PRO58	4086	0	25	0.0									not_selected				2667
combined_all	PRO39-PRO59	4086	0	25	0.0									not_selected				2668
combined_all	PRO39-PRO71	4086	0	25	0.0									not_selected				2669
combined_all	PRO39-PRO74	4086	0	25	0.0									not_selected				2670
combined_all	PRO39-PRO75	4086	0	25	0.0									not_selected				2671
combined_all	PRO40-GTP	4086	0	25	0.0									not_selected				2672
combined_all	PRO40-PRO1416	4086	0	25	0.0									not_selected				2673
combined_all	PRO40-PRO1423	4086	0	25	0.0									not_selected				2674
combined_all	PRO40-PRO1434	4086	0	25	0.0									not_selected				2675
combined_all	PRO40-PRO1435	4086	0	25	0.0									not_selected				2676
combined_all	PRO40-PRO1436	4086	0	25	0.0									not_selected				2677
combined_all	PRO40-PRO1437	4086	0	25	0.0									not_selected				2678
combined_all	PRO40-PRO55	4086	0	25	0.0									not_selected				2679
combined_all	PRO40-PRO56	4086	0	25	0.0									not_selected				2680
combined_all	PRO40-PRO57	4086	0	25	0.0									not_selected				2681
combined_all	PRO40-PRO58	4086	0	25	0.0									not_selected				2682
combined_all	PRO40-PRO59	4086	0	25	0.0									not_selected				2683
combined_all	PRO40-PRO71	4086	0	25	0.0									not_selected				2684
combined_all	PRO40-PRO74	4086	0	25	0.0									not_selected				2685
combined_all	PRO40-PRO79	4086	0	25	0.0									not_selected				2686
combined_all	PRO55-PRO112	4086	0	25	0.0									not_selected				2687
combined_all	PRO55-PRO114	4086	0	25	0.0									not_selected				2688
combined_all	PRO55-PRO1416	4086	0	25	0.0									not_selected				2689
combined_all	PRO55-PRO1423	4086	0	25	0.0									not_selected				2690
combined_all	PRO55-PRO1436	4086	0	25	0.0									not_selected				2691
combined_all	PRO55-PRO1437	4086	0	25	0.0									not_selected				2692
combined_all	PRO55-PRO152	4086	0	25	0.0									not_selected				2693
combined_all	PRO55-PRO153	4086	0	25	0.0									not_selected				2694
combined_all	PRO55-PRO155	4086	0	25	0.0									not_selected				2695
combined_all	PRO55-PRO156	4086	0	25	0.0									not_selected				2696
combined_all	PRO55-PRO159	4086	0	25	0.0									not_selected				2697
combined_all	PRO55-PRO56	4086	0	25	0.0									not_selected				2698
combined_all	PRO55-PRO57	4086	0	25	0.0									not_selected				2699
combined_all	PRO55-PRO58	4086	0	25	0.0									not_selected				2700
combined_all	PRO55-PRO71	4086	0	25	0.0									not_selected				2701
combined_all	PRO55-PRO74	4086	0	25	0.0									not_selected				2702
combined_all	PRO55-PRO75	4086	0	25	0.0									not_selected				2703
combined_all	PRO55-PRO76	4086	0	25	0.0									not_selected				2704
combined_all	PRO55-PRO77	4086	0	25	0.0									not_selected				2705
combined_all	PRO55-PRO78	4086	0	25	0.0									not_selected				2706
combined_all	PRO55-PRO79	4086	0	25	0.0									not_selected				2707
combined_all	PRO55-PRO80	4086	0	25	0.0									not_selected				2708
combined_all	PRO55-PRO81	4086	0	25	0.0									not_selected				2709
combined_all	PRO56-GTP	4086	0	25	0.0									not_selected				2710
combined_all	PRO56-PRO104	4086	0	25	0.0									not_selected				2711
combined_all	PRO56-PRO1398	4086	0	25	0.0									not_selected				2712
combined_all	PRO56-PRO1416	4086	0	25	0.0									not_selected				2713
combined_all	PRO56-PRO1419	4086	0	25	0.0									not_selected				2714
combined_all	PRO56-PRO1423	4086	0	25	0.0									not_selected				2715
combined_all	PRO56-PRO1436	4086	0	25	0.0									not_selected				2716
combined_all	PRO56-PRO1437	4086	0	25	0.0									not_selected				2717
combined_all	PRO56-PRO156	4086	0	25	0.0									not_selected				2718
combined_all	PRO56-PRO159	4086	0	25	0.0									not_selected				2719
combined_all	PRO56-PRO57	4086	0	25	0.0									not_selected				2720
combined_all	PRO56-PRO58	4086	0	25	0.0									not_selected				2721
combined_all	PRO56-PRO59	4086	0	25	0.0									not_selected				2722
combined_all	PRO56-PRO60	4086	0	25	0.0									not_selected				2723
combined_all	PRO56-PRO64	4086	0	25	0.0									not_selected				2724
combined_all	PRO56-PRO67	4086	0	25	0.0									not_selected				2725
combined_all	PRO56-PRO68	4086	0	25	0.0									not_selected				2726
combined_all	PRO56-PRO69	4086	0	25	0.0									not_selected				2727
combined_all	PRO56-PRO70	4086	0	25	0.0									not_selected				2728
combined_all	PRO56-PRO71	4086	0	25	0.0									not_selected				2729
combined_all	PRO56-PRO72	4086	0	25	0.0									not_selected				2730
combined_all	PRO56-PRO73	4086	0	25	0.0									not_selected				2731
combined_all	PRO56-PRO74	4086	0	25	0.0									not_selected				2732
combined_all	PRO56-PRO75	4086	0	25	0.0									not_selected				2733
combined_all	PRO56-PRO76	4086	0	25	0.0									not_selected				2734
combined_all	PRO56-PRO77	4086	0	25	0.0									not_selected				2735
combined_all	PRO56-PRO79	4086	0	25	0.0									not_selected				2736
combined_all	PRO56-PRO80	4086	0	25	0.0									not_selected				2737
combined_all	PRO56-PRO81	4086	0	25	0.0									not_selected				2738
combined_all	PRO56-PRO96	4086	0	25	0.0									not_selected				2739
combined_all	PRO57-GTP	4086	0	25	0.0									not_selected				2740
combined_all	PRO57-PRO1276	4086	0	25	0.0									not_selected				2741
combined_all	PRO57-PRO1398	4086	0	25	0.0									not_selected				2742
combined_all	PRO57-PRO1416	4086	0	25	0.0									not_selected				2743
combined_all	PRO57-PRO1419	4086	0	25	0.0									not_selected				2744
combined_all	PRO57-PRO1423	4086	0	25	0.0									not_selected				2745
combined_all	PRO57-PRO1436	4086	0	25	0.0									not_selected				2746
combined_all	PRO57-PRO1437	4086	0	25	0.0									not_selected				2747
combined_all	PRO57-PRO156	4086	0	25	0.0									not_selected				2748
combined_all	PRO57-PRO58	4086	0	25	0.0									not_selected				2749
combined_all	PRO57-PRO59	4086	0	25	0.0									not_selected				2750
combined_all	PRO57-PRO60	4086	0	25	0.0									not_selected				2751
combined_all	PRO57-PRO61	4086	0	25	0.0									not_selected				2752
combined_all	PRO57-PRO64	4086	0	25	0.0									not_selected				2753
combined_all	PRO57-PRO67	4086	0	25	0.0									not_selected				2754
combined_all	PRO57-PRO68	4086	0	25	0.0									not_selected				2755
combined_all	PRO57-PRO71	4086	0	25	0.0									not_selected				2756
combined_all	PRO57-PRO74	4086	0	25	0.0									not_selected				2757
combined_all	PRO57-PRO75	4086	0	25	0.0									not_selected				2758
combined_all	PRO57-PRO77	4086	0	25	0.0									not_selected				2759
combined_all	PRO57-PRO78	4086	0	25	0.0									not_selected				2760
combined_all	PRO57-PRO79	4086	0	25	0.0									not_selected				2761
combined_all	PRO57-PRO80	4086	0	25	0.0									not_selected				2762
combined_all	PRO57-PRO81	4086	0	25	0.0									not_selected				2763
combined_all	PRO57-PRO96	4086	0	25	0.0									not_selected				2764
combined_all	PRO58-GTP	4086	0	25	0.0									not_selected				2765
combined_all	PRO58-PRO1276	4086	0	25	0.0									not_selected				2766
combined_all	PRO58-PRO1390	4086	0	25	0.0									not_selected				2767
combined_all	PRO58-PRO1394	4086	0	25	0.0									not_selected				2768
combined_all	PRO58-PRO1395	4086	0	25	0.0									not_selected				2769
combined_all	PRO58-PRO1398	4086	0	25	0.0									not_selected				2770
combined_all	PRO58-PRO1399	4086	0	25	0.0									not_selected				2771
combined_all	PRO58-PRO1416	4086	0	25	0.0									not_selected				2772
combined_all	PRO58-PRO1419	4086	0	25	0.0									not_selected				2773
combined_all	PRO58-PRO1422	4086	0	25	0.0									not_selected				2774
combined_all	PRO58-PRO1423	4086	0	25	0.0									not_selected				2775
combined_all	PRO58-PRO1436	4086	0	25	0.0									not_selected				2776
combined_all	PRO58-PRO156	4086	0	25	0.0									not_selected				2777
combined_all	PRO58-PRO59	4086	0	25	0.0									not_selected				2778
combined_all	PRO58-PRO60	4086	0	25	0.0									not_selected				2779
combined_all	PRO58-PRO61	4086	0	25	0.0									not_selected				2780
combined_all	PRO58-PRO62	4086	0	25	0.0									not_selected				2781
combined_all	PRO58-PRO63	4086	0	25	0.0									not_selected				2782
combined_all	PRO58-PRO64	4086	0	25	0.0									not_selected				2783
combined_all	PRO58-PRO65	4086	0	25	0.0									not_selected				2784
combined_all	PRO58-PRO66	4086	0	25	0.0									not_selected				2785
combined_all	PRO58-PRO67	4086	0	25	0.0									not_selected				2786
combined_all	PRO58-PRO68	4086	0	25	0.0									not_selected				2787
combined_all	PRO58-PRO69	4086	0	25	0.0									not_selected				2788
combined_all	PRO58-PRO70	4086	0	25	0.0									not_selected				2789
combined_all	PRO58-PRO71	4086	0	25	0.0									not_selected				2790
combined_all	PRO58-PRO72	4086	0	25	0.0									not_selected				2791
combined_all	PRO58-PRO73	4086	0	25	0.0									not_selected				2792
combined_all	PRO58-PRO74	4086	0	25	0.0									not_selected				2793
combined_all	PRO58-PRO75	4086	0	25	0.0									not_selected				2794
combined_all	PRO58-PRO78	4086	0	25	0.0									not_selected				2795
combined_all	PRO58-PRO79	4086	0	25	0.0									not_selected				2796
combined_all	PRO58-PRO80	4086	0	25	0.0									not_selected				2797
combined_all	PRO58-PRO81	4086	0	25	0.0									not_selected				2798
combined_all	PRO58-PRO96	4086	0	25	0.0									not_selected				2799
combined_all	PRO59-GTP	4086	0	25	0.0									not_selected				2800
combined_all	PRO59-PRO1276	4086	0	25	0.0									not_selected				2801
combined_all	PRO59-PRO1389	4086	0	25	0.0									not_selected				2802
combined_all	PRO59-PRO1390	4086	0	25	0.0									not_selected				2803
combined_all	PRO59-PRO1391	4086	0	25	0.0									not_selected				2804
combined_all	PRO59-PRO1392	4086	0	25	0.0									not_selected				2805
combined_all	PRO59-PRO1394	4086	0	25	0.0									not_selected				2806
combined_all	PRO59-PRO1395	4086	0	25	0.0									not_selected				2807
combined_all	PRO59-PRO1398	4086	0	25	0.0									not_selected				2808
combined_all	PRO59-PRO1399	4086	0	25	0.0									not_selected				2809
combined_all	PRO59-PRO1419	4086	0	25	0.0									not_selected				2810
combined_all	PRO59-PRO1422	4086	0	25	0.0									not_selected				2811
combined_all	PRO59-PRO1423	4086	0	25	0.0									not_selected				2812
combined_all	PRO59-PRO1426	4086	0	25	0.0									not_selected				2813
combined_all	PRO59-PRO1436	4086	0	25	0.0									not_selected				2814
combined_all	PRO59-PRO61	4086	0	25	0.0									not_selected				2815
combined_all	PRO59-PRO62	4086	0	25	0.0									not_selected				2816
combined_all	PRO59-PRO63	4086	0	25	0.0									not_selected				2817
combined_all	PRO59-PRO64	4086	0	25	0.0									not_selected				2818
combined_all	PRO59-PRO65	4086	0	25	0.0									not_selected				2819
combined_all	PRO59-PRO66	4086	0	25	0.0									not_selected				2820
combined_all	PRO59-PRO67	4086	0	25	0.0									not_selected				2821
combined_all	PRO59-PRO68	4086	0	25	0.0									not_selected				2822
combined_all	PRO59-PRO71	4086	0	25	0.0									not_selected				2823
combined_all	PRO59-PRO72	4086	0	25	0.0									not_selected				2824
combined_all	PRO59-PRO88	4086	0	25	0.0									not_selected				2825
combined_all	PRO59-PRO92	4086	0	25	0.0									not_selected				2826
combined_all	PRO59-PRO96	4086	0	25	0.0									not_selected				2827
combined_all	PRO6-PRO100	4086	0	25	0.0									not_selected				2828
combined_all	PRO6-PRO104	4086	0	25	0.0									not_selected				2829
combined_all	PRO6-PRO109	4086	0	25	0.0									not_selected				2830
combined_all	PRO6-PRO111	4086	0	25	0.0									not_selected				2831
combined_all	PRO6-PRO112	4086	0	25	0.0									not_selected				2832
combined_all	PRO6-PRO114	4086	0	25	0.0									not_selected				2833
combined_all	PRO6-PRO152	4086	0	25	0.0									not_selected				2834
combined_all	PRO6-PRO153	4086	0	25	0.0									not_selected				2835
combined_all	PRO6-PRO154	4086	0	25	0.0									not_selected				2836
combined_all	PRO6-PRO155	4086	0	25	0.0									not_selected				2837
combined_all	PRO6-PRO156	4086	0	25	0.0									not_selected				2838
combined_all	PRO6-PRO159	4086	0	25	0.0									not_selected				2839
combined_all	PRO6-PRO16	4086	0	25	0.0									not_selected				2840
combined_all	PRO6-PRO19	4086	0	25	0.0									not_selected				2841
combined_all	PRO6-PRO20	4086	0	25	0.0									not_selected				2842
combined_all	PRO6-PRO23	4086	0	25	0.0									not_selected				2843
combined_all	PRO6-PRO24	4086	0	25	0.0									not_selected				2844
combined_all	PRO6-PRO37	4086	0	25	0.0									not_selected				2845
combined_all	PRO6-PRO38	4086	0	25	0.0									not_selected				2846
combined_all	PRO6-PRO39	4086	0	25	0.0									not_selected				2847
combined_all	PRO6-PRO40	4086	0	25	0.0									not_selected				2848
combined_all	PRO6-PRO55	4086	0	25	0.0									not_selected				2849
combined_all	PRO6-PRO56	4086	0	25	0.0									not_selected				2850
combined_all	PRO6-PRO57	4086	0	25	0.0									not_selected				2851
combined_all	PRO6-PRO58	4086	0	25	0.0									not_selected				2852
combined_all	PRO6-PRO7	4086	0	25	0.0									not_selected				2853
combined_all	PRO6-PRO70	4086	0	25	0.0									not_selected				2854
combined_all	PRO6-PRO71	4086	0	25	0.0									not_selected				2855
combined_all	PRO6-PRO74	4086	0	25	0.0									not_selected				2856
combined_all	PRO6-PRO75	4086	0	25	0.0									not_selected				2857
combined_all	PRO6-PRO76	4086	0	25	0.0									not_selected				2858
combined_all	PRO6-PRO77	4086	0	25	0.0									not_selected				2859
combined_all	PRO6-PRO78	4086	0	25	0.0									not_selected				2860
combined_all	PRO6-PRO79	4086	0	25	0.0									not_selected				2861
combined_all	PRO6-PRO8	4086	0	25	0.0									not_selected				2862
combined_all	PRO6-PRO80	4086	0	25	0.0									not_selected				2863
combined_all	PRO6-PRO81	4086	0	25	0.0									not_selected				2864
combined_all	PRO6-PRO9	4086	0	25	0.0									not_selected				2865
combined_all	PRO60-GTP	4086	0	25	0.0									not_selected				2866
combined_all	PRO60-LIG	4086	0	25	0.0									not_selected				2867
combined_all	PRO60-PRO1275	4086	0	25	0.0									not_selected				2868
combined_all	PRO60-PRO1276	4086	0	25	0.0									not_selected				2869
combined_all	PRO60-PRO1277	4086	0	25	0.0									not_selected				2870
combined_all	PRO60-PRO1278	4086	0	25	0.0									not_selected				2871
combined_all	PRO60-PRO1282	4086	0	25	0.0									not_selected				2872
combined_all	PRO60-PRO1283	4086	0	25	0.0									not_selected				2873
combined_all	PRO60-PRO1390	4086	0	25	0.0									not_selected				2874
combined_all	PRO60-PRO1391	4086	0	25	0.0									not_selected				2875
combined_all	PRO60-PRO1395	4086	0	25	0.0									not_selected				2876
combined_all	PRO60-PRO1398	4086	0	25	0.0									not_selected				2877
combined_all	PRO60-PRO61	4086	0	25	0.0									not_selected				2878
combined_all	PRO60-PRO62	4086	0	25	0.0									not_selected				2879
combined_all	PRO60-PRO63	4086	0	25	0.0									not_selected				2880
combined_all	PRO60-PRO64	4086	0	25	0.0									not_selected				2881
combined_all	PRO60-PRO65	4086	0	25	0.0									not_selected				2882
combined_all	PRO60-PRO66	4086	0	25	0.0									not_selected				2883
combined_all	PRO60-PRO67	4086	0	25	0.0									not_selected				2884
combined_all	PRO60-PRO68	4086	0	25	0.0									not_selected				2885
combined_all	PRO60-PRO71	4086	0	25	0.0									not_selected				2886
combined_all	PRO60-PRO72	4086	0	25	0.0									not_selected				2887
combined_all	PRO60-PRO80	4086	0	25	0.0									not_selected				2888
combined_all	PRO60-PRO81	4086	0	25	0.0									not_selected				2889
combined_all	PRO60-PRO86	4086	0	25	0.0									not_selected				2890
combined_all	PRO60-PRO88	4086	0	25	0.0									not_selected				2891
combined_all	PRO60-PRO92	4086	0	25	0.0									not_selected				2892
combined_all	PRO60-PRO96	4086	0	25	0.0									not_selected				2893
combined_all	PRO61-GTP	4086	0	25	0.0									not_selected				2894
combined_all	PRO61-LIG	4086	0	25	0.0									not_selected				2895
combined_all	PRO61-PRO1237	4086	0	25	0.0									not_selected				2896
combined_all	PRO61-PRO1272	4086	0	25	0.0									not_selected				2897
combined_all	PRO61-PRO1273	4086	0	25	0.0									not_selected				2898
combined_all	PRO61-PRO1274	4086	0	25	0.0									not_selected				2899
combined_all	PRO61-PRO1275	4086	0	25	0.0									not_selected				2900
combined_all	PRO61-PRO1276	4086	0	25	0.0									not_selected				2901
combined_all	PRO61-PRO1277	4086	0	25	0.0									not_selected				2902
combined_all	PRO61-PRO1278	4086	0	25	0.0									not_selected				2903
combined_all	PRO61-PRO1279	4086	0	25	0.0									not_selected				2904
combined_all	PRO61-PRO1282	4086	0	25	0.0									not_selected				2905
combined_all	PRO61-PRO1283	4086	0	25	0.0									not_selected				2906
combined_all	PRO61-PRO1285	4086	0	25	0.0									not_selected				2907
combined_all	PRO61-PRO1286	4086	0	25	0.0									not_selected				2908
combined_all	PRO61-PRO1289	4086	0	25	0.0									not_selected				2909
combined_all	PRO61-PRO1290	4086	0	25	0.0									not_selected				2910
combined_all	PRO61-PRO1386	4086	0	25	0.0									not_selected				2911
combined_all	PRO61-PRO1387	4086	0	25	0.0									not_selected				2912
combined_all	PRO61-PRO1388	4086	0	25	0.0									not_selected				2913
combined_all	PRO61-PRO1389	4086	0	25	0.0									not_selected				2914
combined_all	PRO61-PRO1390	4086	0	25	0.0									not_selected				2915
combined_all	PRO61-PRO1391	4086	0	25	0.0									not_selected				2916
combined_all	PRO61-PRO1392	4086	0	25	0.0									not_selected				2917
combined_all	PRO61-PRO1394	4086	0	25	0.0									not_selected				2918
combined_all	PRO61-PRO1395	4086	0	25	0.0									not_selected				2919
combined_all	PRO61-PRO1398	4086	0	25	0.0									not_selected				2920
combined_all	PRO61-PRO1426	4086	0	25	0.0									not_selected				2921
combined_all	PRO61-PRO62	4086	0	25	0.0									not_selected				2922
combined_all	PRO61-PRO63	4086	0	25	0.0									not_selected				2923
combined_all	PRO61-PRO64	4086	0	25	0.0									not_selected				2924
combined_all	PRO61-PRO65	4086	0	25	0.0									not_selected				2925
combined_all	PRO61-PRO66	4086	0	25	0.0									not_selected				2926
combined_all	PRO61-PRO67	4086	0	25	0.0									not_selected				2927
combined_all	PRO61-PRO68	4086	0	25	0.0									not_selected				2928
combined_all	PRO61-PRO86	4086	0	25	0.0									not_selected				2929
combined_all	PRO61-PRO88	4086	0	25	0.0									not_selected				2930
combined_all	PRO61-PRO92	4086	0	25	0.0									not_selected				2931
combined_all	PRO61-PRO96	4086	0	25	0.0									not_selected				2932
combined_all	PRO62-GTP	4086	0	25	0.0									not_selected				2933
combined_all	PRO62-LIG	4086	0	25	0.0									not_selected				2934
combined_all	PRO62-PRO1233	4086	0	25	0.0									not_selected				2935
combined_all	PRO62-PRO1234	4086	0	25	0.0									not_selected				2936
combined_all	PRO62-PRO1235	4086	0	25	0.0									not_selected				2937
combined_all	PRO62-PRO1236	4086	0	25	0.0									not_selected				2938
combined_all	PRO62-PRO1237	4086	0	25	0.0									not_selected				2939
combined_all	PRO62-PRO1238	4086	0	25	0.0									not_selected				2940
combined_all	PRO62-PRO1240	4086	0	25	0.0									not_selected				2941
combined_all	PRO62-PRO1241	4086	0	25	0.0									not_selected				2942
combined_all	PRO62-PRO1275	4086	0	25	0.0									not_selected				2943
combined_all	PRO62-PRO1276	4086	0	25	0.0									not_selected				2944
combined_all	PRO62-PRO1277	4086	0	25	0.0									not_selected				2945
combined_all	PRO62-PRO1278	4086	0	25	0.0									not_selected				2946
combined_all	PRO62-PRO1282	4086	0	25	0.0									not_selected				2947
combined_all	PRO62-PRO1285	4086	0	25	0.0									not_selected				2948
combined_all	PRO62-PRO1286	4086	0	25	0.0									not_selected				2949
combined_all	PRO62-PRO1287	4086	0	25	0.0									not_selected				2950
combined_all	PRO62-PRO1290	4086	0	25	0.0									not_selected				2951
combined_all	PRO62-PRO1390	4086	0	25	0.0									not_selected				2952
combined_all	PRO62-PRO1391	4086	0	25	0.0									not_selected				2953
combined_all	PRO62-PRO1392	4086	0	25	0.0									not_selected				2954
combined_all	PRO62-PRO1395	4086	0	25	0.0									not_selected				2955
combined_all	PRO62-PRO1402	4086	0	25	0.0									not_selected				2956
combined_all	PRO62-PRO63	4086	0	25	0.0									not_selected				2957
combined_all	PRO62-PRO64	4086	0	25	0.0									not_selected				2958
combined_all	PRO62-PRO65	4086	0	25	0.0									not_selected				2959
combined_all	PRO62-PRO66	4086	0	25	0.0									not_selected				2960
combined_all	PRO62-PRO67	4086	0	25	0.0									not_selected				2961
combined_all	PRO62-PRO68	4086	0	25	0.0									not_selected				2962
combined_all	PRO62-PRO86	4086	0	25	0.0									not_selected				2963
combined_all	PRO62-PRO88	4086	0	25	0.0									not_selected				2964
combined_all	PRO62-PRO89	4086	0	25	0.0									not_selected				2965
combined_all	PRO62-PRO91	4086	0	25	0.0									not_selected				2966
combined_all	PRO62-PRO92	4086	0	25	0.0									not_selected				2967
combined_all	PRO62-PRO95	4086	0	25	0.0									not_selected				2968
combined_all	PRO62-PRO96	4086	0	25	0.0									not_selected				2969
combined_all	PRO63-GTP	4086	0	25	0.0									not_selected				2970
combined_all	PRO63-LIG	4086	0	25	0.0									not_selected				2971
combined_all	PRO63-PRO1237	4086	0	25	0.0									not_selected				2972
combined_all	PRO63-PRO1240	4086	0	25	0.0									not_selected				2973
combined_all	PRO63-PRO1241	4086	0	25	0.0									not_selected				2974
combined_all	PRO63-PRO1275	4086	0	25	0.0									not_selected				2975
combined_all	PRO63-PRO1277	4086	0	25	0.0									not_selected				2976
combined_all	PRO63-PRO1278	4086	0	25	0.0									not_selected				2977
combined_all	PRO63-PRO1279	4086	0	25	0.0									not_selected				2978
combined_all	PRO63-PRO1280	4086	0	25	0.0									not_selected				2979
combined_all	PRO63-PRO1281	4086	0	25	0.0									not_selected				2980
combined_all	PRO63-PRO1282	4086	0	25	0.0									not_selected				2981
combined_all	PRO63-PRO1283	4086	0	25	0.0									not_selected				2982
combined_all	PRO63-PRO1284	4086	0	25	0.0									not_selected				2983
combined_all	PRO63-PRO1285	4086	0	25	0.0									not_selected				2984
combined_all	PRO63-PRO1286	4086	0	25	0.0									not_selected				2985
combined_all	PRO63-PRO1287	4086	0	25	0.0									not_selected				2986
combined_all	PRO63-PRO1289	4086	0	25	0.0									not_selected				2987
combined_all	PRO63-PRO1290	4086	0	25	0.0									not_selected				2988
combined_all	PRO63-PRO1386	4086	0	25	0.0									not_selected				2989
combined_all	PRO63-PRO1387	4086	0	25	0.0									not_selected				2990
combined_all	PRO63-PRO1388	4086	0	25	0.0									not_selected				2991
combined_all	PRO63-PRO1389	4086	0	25	0.0									not_selected				2992
combined_all	PRO63-PRO1390	4086	0	25	0.0									not_selected				2993
combined_all	PRO63-PRO1391	4086	0	25	0.0									not_selected				2994
combined_all	PRO63-PRO1392	4086	0	25	0.0									not_selected				2995
combined_all	PRO63-PRO1393	4086	0	25	0.0									not_selected				2996
combined_all	PRO63-PRO1394	4086	0	25	0.0									not_selected				2997
combined_all	PRO63-PRO1395	4086	0	25	0.0									not_selected				2998
combined_all	PRO63-PRO1398	4086	0	25	0.0									not_selected				2999
combined_all	PRO63-PRO1399	4086	0	25	0.0									not_selected				3000
combined_all	PRO63-PRO1402	4086	0	25	0.0									not_selected				3001
combined_all	PRO63-PRO64	4086	0	25	0.0									not_selected				3002
combined_all	PRO63-PRO65	4086	0	25	0.0									not_selected				3003
combined_all	PRO63-PRO66	4086	0	25	0.0									not_selected				3004
combined_all	PRO63-PRO67	4086	0	25	0.0									not_selected				3005
combined_all	PRO63-PRO68	4086	0	25	0.0									not_selected				3006
combined_all	PRO63-PRO88	4086	0	25	0.0									not_selected				3007
combined_all	PRO63-PRO96	4086	0	25	0.0									not_selected				3008
combined_all	PRO64-GTP	4086	0	25	0.0									not_selected				3009
combined_all	PRO64-PRO1275	4086	0	25	0.0									not_selected				3010
combined_all	PRO64-PRO1276	4086	0	25	0.0									not_selected				3011
combined_all	PRO64-PRO1282	4086	0	25	0.0									not_selected				3012
combined_all	PRO64-PRO1283	4086	0	25	0.0									not_selected				3013
combined_all	PRO64-PRO1285	4086	0	25	0.0									not_selected				3014
combined_all	PRO64-PRO1286	4086	0	25	0.0									not_selected				3015
combined_all	PRO64-PRO1289	4086	0	25	0.0									not_selected				3016
combined_all	PRO64-PRO1290	4086	0	25	0.0									not_selected				3017
combined_all	PRO64-PRO1385	4086	0	25	0.0									not_selected				3018
combined_all	PRO64-PRO1386	4086	0	25	0.0									not_selected				3019
combined_all	PRO64-PRO1387	4086	0	25	0.0									not_selected				3020
combined_all	PRO64-PRO1388	4086	0	25	0.0									not_selected				3021
combined_all	PRO64-PRO1389	4086	0	25	0.0									not_selected				3022
combined_all	PRO64-PRO1390	4086	0	25	0.0									not_selected				3023
combined_all	PRO64-PRO1391	4086	0	25	0.0									not_selected				3024
combined_all	PRO64-PRO1392	4086	0	25	0.0									not_selected				3025
combined_all	PRO64-PRO1393	4086	0	25	0.0									not_selected				3026
combined_all	PRO64-PRO1394	4086	0	25	0.0									not_selected				3027
combined_all	PRO64-PRO1395	4086	0	25	0.0									not_selected				3028
combined_all	PRO64-PRO1398	4086	0	25	0.0									not_selected				3029
combined_all	PRO64-PRO1399	4086	0	25	0.0									not_selected				3030
combined_all	PRO64-PRO1402	4086	0	25	0.0									not_selected				3031
combined_all	PRO64-PRO1409	4086	0	25	0.0									not_selected				3032
combined_all	PRO64-PRO1419	4086	0	25	0.0									not_selected				3033
combined_all	PRO64-PRO1422	4086	0	25	0.0									not_selected				3034
combined_all	PRO64-PRO1423	4086	0	25	0.0									not_selected				3035
combined_all	PRO64-PRO1425	4086	0	25	0.0									not_selected				3036
combined_all	PRO64-PRO1426	4086	0	25	0.0									not_selected				3037
combined_all	PRO64-PRO65	4086	0	25	0.0									not_selected				3038
combined_all	PRO64-PRO66	4086	0	25	0.0									not_selected				3039
combined_all	PRO64-PRO67	4086	0	25	0.0									not_selected				3040
combined_all	PRO64-PRO68	4086	0	25	0.0									not_selected				3041
combined_all	PRO64-PRO69	4086	0	25	0.0									not_selected				3042
combined_all	PRO64-PRO70	4086	0	25	0.0									not_selected				3043
combined_all	PRO64-PRO71	4086	0	25	0.0									not_selected				3044
combined_all	PRO64-PRO72	4086	0	25	0.0									not_selected				3045
combined_all	PRO64-PRO88	4086	0	25	0.0									not_selected				3046
combined_all	PRO64-PRO96	4086	0	25	0.0									not_selected				3047
combined_all	PRO65-PRO103	4086	0	25	0.0									not_selected				3048
combined_all	PRO65-PRO1237	4086	0	25	0.0									not_selected				3049
combined_all	PRO65-PRO1241	4086	0	25	0.0									not_selected				3050
combined_all	PRO65-PRO1283	4086	0	25	0.0									not_selected				3051
combined_all	PRO65-PRO1286	4086	0	25	0.0									not_selected				3052
combined_all	PRO65-PRO1290	4086	0	25	0.0									not_selected				3053
combined_all	PRO65-PRO1390	4086	0	25	0.0									not_selected				3054
combined_all	PRO65-PRO1391	4086	0	25	0.0									not_selected				3055
combined_all	PRO65-PRO1395	4086	0	25	0.0									not_selected				3056
combined_all	PRO65-PRO1398	4086	0	25	0.0									not_selected				3057
combined_all	PRO65-PRO1399	4086	0	25	0.0									not_selected				3058
combined_all	PRO65-PRO1402	4086	0	25	0.0									not_selected				3059
combined_all	PRO65-PRO1409	4086	0	25	0.0									not_selected				3060
combined_all	PRO65-PRO66	4086	0	25	0.0									not_selected				3061
combined_all	PRO65-PRO67	4086	0	25	0.0									not_selected				3062
combined_all	PRO65-PRO68	4086	0	25	0.0									not_selected				3063
combined_all	PRO65-PRO69	4086	0	25	0.0									not_selected				3064
combined_all	PRO65-PRO70	4086	0	25	0.0									not_selected				3065
combined_all	PRO65-PRO71	4086	0	25	0.0									not_selected				3066
combined_all	PRO65-PRO72	4086	0	25	0.0									not_selected				3067
combined_all	PRO65-PRO88	4086	0	25	0.0									not_selected				3068
combined_all	PRO65-PRO92	4086	0	25	0.0									not_selected				3069
combined_all	PRO65-PRO95	4086	0	25	0.0									not_selected				3070
combined_all	PRO65-PRO96	4086	0	25	0.0									not_selected				3071
combined_all	PRO65-PRO99	4086	0	25	0.0									not_selected				3072
combined_all	PRO66-PRO103	4086	0	25	0.0									not_selected				3073
combined_all	PRO66-PRO1290	4086	0	25	0.0									not_selected				3074
combined_all	PRO66-PRO1395	4086	0	25	0.0									not_selected				3075
combined_all	PRO66-PRO1398	4086	0	25	0.0									not_selected				3076
combined_all	PRO66-PRO1399	4086	0	25	0.0									not_selected				3077
combined_all	PRO66-PRO1401	4086	0	25	0.0									not_selected				3078
combined_all	PRO66-PRO1402	4086	0	25	0.0									not_selected				3079
combined_all	PRO66-PRO1409	4086	0	25	0.0									not_selected				3080
combined_all	PRO66-PRO1419	4086	0	25	0.0									not_selected				3081
combined_all	PRO66-PRO67	4086	0	25	0.0									not_selected				3082
combined_all	PRO66-PRO68	4086	0	25	0.0									not_selected				3083
combined_all	PRO66-PRO69	4086	0	25	0.0									not_selected				3084
combined_all	PRO66-PRO70	4086	0	25	0.0									not_selected				3085
combined_all	PRO66-PRO71	4086	0	25	0.0									not_selected				3086
combined_all	PRO66-PRO72	4086	0	25	0.0									not_selected				3087
combined_all	PRO66-PRO73	4086	0	25	0.0									not_selected				3088
combined_all	PRO66-PRO96	4086	0	25	0.0									not_selected				3089
combined_all	PRO66-PRO99	4086	0	25	0.0									not_selected				3090
combined_all	PRO67-PRO103	4086	0	25	0.0									not_selected				3091
combined_all	PRO67-PRO1290	4086	0	25	0.0									not_selected				3092
combined_all	PRO67-PRO1389	4086	0	25	0.0									not_selected				3093
combined_all	PRO67-PRO1390	4086	0	25	0.0									not_selected				3094
combined_all	PRO67-PRO1391	4086	0	25	0.0									not_selected				3095
combined_all	PRO67-PRO1392	4086	0	25	0.0									not_selected				3096
combined_all	PRO67-PRO1393	4086	0	25	0.0									not_selected				3097
combined_all	PRO67-PRO1394	4086	0	25	0.0									not_selected				3098
combined_all	PRO67-PRO1395	4086	0	25	0.0									not_selected				3099
combined_all	PRO67-PRO1398	4086	0	25	0.0									not_selected				3100
combined_all	PRO67-PRO1399	4086	0	25	0.0									not_selected				3101
combined_all	PRO67-PRO1401	4086	0	25	0.0									not_selected				3102
combined_all	PRO67-PRO1402	4086	0	25	0.0									not_selected				3103
combined_all	PRO67-PRO1409	4086	0	25	0.0									not_selected				3104
combined_all	PRO67-PRO1419	4086	0	25	0.0									not_selected				3105
combined_all	PRO67-PRO1422	4086	0	25	0.0									not_selected				3106
combined_all	PRO67-PRO68	4086	0	25	0.0									not_selected				3107
combined_all	PRO67-PRO69	4086	0	25	0.0									not_selected				3108
combined_all	PRO67-PRO70	4086	0	25	0.0									not_selected				3109
combined_all	PRO67-PRO71	4086	0	25	0.0									not_selected				3110
combined_all	PRO67-PRO72	4086	0	25	0.0									not_selected				3111
combined_all	PRO67-PRO73	4086	0	25	0.0									not_selected				3112
combined_all	PRO67-PRO74	4086	0	25	0.0									not_selected				3113
combined_all	PRO67-PRO75	4086	0	25	0.0									not_selected				3114
combined_all	PRO67-PRO78	4086	0	25	0.0									not_selected				3115
combined_all	PRO67-PRO96	4086	0	25	0.0									not_selected				3116
combined_all	PRO67-PRO99	4086	0	25	0.0									not_selected				3117
combined_all	PRO68-GTP	4086	0	25	0.0									not_selected				3118
combined_all	PRO68-LIG	4086	0	25	0.0									not_selected				3119
combined_all	PRO68-PRO100	4086	0	25	0.0									not_selected				3120
combined_all	PRO68-PRO102	4086	0	25	0.0									not_selected				3121
combined_all	PRO68-PRO103	4086	0	25	0.0									not_selected				3122
combined_all	PRO68-PRO104	4086	0	25	0.0									not_selected				3123
combined_all	PRO68-PRO1234	4086	0	25	0.0									not_selected				3124
combined_all	PRO68-PRO1278	4086	0	25	0.0									not_selected				3125
combined_all	PRO68-PRO1283	4086	0	25	0.0									not_selected				3126
combined_all	PRO68-PRO1391	4086	0	25	0.0									not_selected				3127
combined_all	PRO68-PRO1395	4086	0	25	0.0									not_selected				3128
combined_all	PRO68-PRO1398	4086	0	25	0.0									not_selected				3129
combined_all	PRO68-PRO1399	4086	0	25	0.0									not_selected				3130
combined_all	PRO68-PRO1402	4086	0	25	0.0									not_selected				3131
combined_all	PRO68-PRO1409	4086	0	25	0.0									not_selected				3132
combined_all	PRO68-PRO1419	4086	0	25	0.0									not_selected				3133
combined_all	PRO68-PRO69	4086	0	25	0.0									not_selected				3134
combined_all	PRO68-PRO70	4086	0	25	0.0									not_selected				3135
combined_all	PRO68-PRO71	4086	0	25	0.0									not_selected				3136
combined_all	PRO68-PRO72	4086	0	25	0.0									not_selected				3137
combined_all	PRO68-PRO73	4086	0	25	0.0									not_selected				3138
combined_all	PRO68-PRO74	4086	0	25	0.0									not_selected				3139
combined_all	PRO68-PRO75	4086	0	25	0.0									not_selected				3140
combined_all	PRO68-PRO78	4086	0	25	0.0									not_selected				3141
combined_all	PRO68-PRO81	4086	0	25	0.0									not_selected				3142
combined_all	PRO68-PRO86	4086	0	25	0.0									not_selected				3143
combined_all	PRO68-PRO88	4086	0	25	0.0									not_selected				3144
combined_all	PRO68-PRO89	4086	0	25	0.0									not_selected				3145
combined_all	PRO68-PRO91	4086	0	25	0.0									not_selected				3146
combined_all	PRO68-PRO92	4086	0	25	0.0									not_selected				3147
combined_all	PRO68-PRO93	4086	0	25	0.0									not_selected				3148
combined_all	PRO68-PRO95	4086	0	25	0.0									not_selected				3149
combined_all	PRO68-PRO96	4086	0	25	0.0									not_selected				3150
combined_all	PRO68-PRO97	4086	0	25	0.0									not_selected				3151
combined_all	PRO68-PRO98	4086	0	25	0.0									not_selected				3152
combined_all	PRO68-PRO99	4086	0	25	0.0									not_selected				3153
combined_all	PRO69-LIG	4086	0	25	0.0									not_selected				3154
combined_all	PRO69-PRO100	4086	0	25	0.0									not_selected				3155
combined_all	PRO69-PRO101	4086	0	25	0.0									not_selected				3156
combined_all	PRO69-PRO102	4086	0	25	0.0									not_selected				3157
combined_all	PRO69-PRO103	4086	0	25	0.0									not_selected				3158
combined_all	PRO69-PRO104	4086	0	25	0.0									not_selected				3159
combined_all	PRO69-PRO1398	4086	0	25	0.0									not_selected				3160
combined_all	PRO69-PRO1399	4086	0	25	0.0									not_selected				3161
combined_all	PRO69-PRO1402	4086	0	25	0.0									not_selected				3162
combined_all	PRO69-PRO1409	4086	0	25	0.0									not_selected				3163
combined_all	PRO69-PRO70	4086	0	25	0.0									not_selected				3164
combined_all	PRO69-PRO71	4086	0	25	0.0									not_selected				3165
combined_all	PRO69-PRO72	4086	0	25	0.0									not_selected				3166
combined_all	PRO69-PRO73	4086	0	25	0.0									not_selected				3167
combined_all	PRO69-PRO74	4086	0	25	0.0									not_selected				3168
combined_all	PRO69-PRO75	4086	0	25	0.0									not_selected				3169
combined_all	PRO69-PRO76	4086	0	25	0.0									not_selected				3170
combined_all	PRO69-PRO78	4086	0	25	0.0									not_selected				3171
combined_all	PRO69-PRO96	4086	0	25	0.0									not_selected				3172
combined_all	PRO69-PRO98	4086	0	25	0.0									not_selected				3173
combined_all	PRO69-PRO99	4086	0	25	0.0									not_selected				3174
combined_all	PRO7-PRO10	4086	0	25	0.0									not_selected				3175
combined_all	PRO7-PRO100	4086	0	25	0.0									not_selected				3176
combined_all	PRO7-PRO103	4086	0	25	0.0									not_selected				3177
combined_all	PRO7-PRO104	4086	0	25	0.0									not_selected				3178
combined_all	PRO7-PRO109	4086	0	25	0.0									not_selected				3179
combined_all	PRO7-PRO110	4086	0	25	0.0									not_selected				3180
combined_all	PRO7-PRO111	4086	0	25	0.0									not_selected				3181
combined_all	PRO7-PRO112	4086	0	25	0.0									not_selected				3182
combined_all	PRO7-PRO113	4086	0	25	0.0									not_selected				3183
combined_all	PRO7-PRO114	4086	0	25	0.0									not_selected				3184
combined_all	PRO7-PRO155	4086	0	25	0.0									not_selected				3185
combined_all	PRO7-PRO156	4086	0	25	0.0									not_selected				3186
combined_all	PRO7-PRO159	4086	0	25	0.0									not_selected				3187
combined_all	PRO7-PRO16	4086	0	25	0.0									not_selected				3188
combined_all	PRO7-PRO17	4086	0	25	0.0									not_selected				3189
combined_all	PRO7-PRO19	4086	0	25	0.0									not_selected				3190
combined_all	PRO7-PRO20	4086	0	25	0.0									not_selected				3191
combined_all	PRO7-PRO24	4086	0	25	0.0									not_selected				3192
combined_all	PRO7-PRO35	4086	0	25	0.0									not_selected				3193
combined_all	PRO7-PRO36	4086	0	25	0.0									not_selected				3194
combined_all	PRO7-PRO37	4086	0	25	0.0									not_selected				3195
combined_all	PRO7-PRO38	4086	0	25	0.0									not_selected				3196
combined_all	PRO7-PRO39	4086	0	25	0.0									not_selected				3197
combined_all	PRO7-PRO40	4086	0	25	0.0									not_selected				3198
combined_all	PRO7-PRO55	4086	0	25	0.0									not_selected				3199
combined_all	PRO7-PRO56	4086	0	25	0.0									not_selected				3200
combined_all	PRO7-PRO57	4086	0	25	0.0									not_selected				3201
combined_all	PRO7-PRO58	4086	0	25	0.0									not_selected				3202
combined_all	PRO7-PRO59	4086	0	25	0.0									not_selected				3203
combined_all	PRO7-PRO60	4086	0	25	0.0									not_selected				3204
combined_all	PRO7-PRO67	4086	0	25	0.0									not_selected				3205
combined_all	PRO7-PRO68	4086	0	25	0.0									not_selected				3206
combined_all	PRO7-PRO70	4086	0	25	0.0									not_selected				3207
combined_all	PRO7-PRO71	4086	0	25	0.0									not_selected				3208
combined_all	PRO7-PRO74	4086	0	25	0.0									not_selected				3209
combined_all	PRO7-PRO75	4086	0	25	0.0									not_selected				3210
combined_all	PRO7-PRO76	4086	0	25	0.0									not_selected				3211
combined_all	PRO7-PRO77	4086	0	25	0.0									not_selected				3212
combined_all	PRO7-PRO78	4086	0	25	0.0									not_selected				3213
combined_all	PRO7-PRO79	4086	0	25	0.0									not_selected				3214
combined_all	PRO7-PRO80	4086	0	25	0.0									not_selected				3215
combined_all	PRO7-PRO81	4086	0	25	0.0									not_selected				3216
combined_all	PRO7-PRO9	4086	0	25	0.0									not_selected				3217
combined_all	PRO7-PRO96	4086	0	25	0.0									not_selected				3218
combined_all	PRO70-PRO100	4086	0	25	0.0									not_selected				3219
combined_all	PRO70-PRO103	4086	0	25	0.0									not_selected				3220
combined_all	PRO70-PRO1398	4086	0	25	0.0									not_selected				3221
combined_all	PRO70-PRO1399	4086	0	25	0.0									not_selected				3222
combined_all	PRO70-PRO1401	4086	0	25	0.0									not_selected				3223
combined_all	PRO70-PRO1402	4086	0	25	0.0									not_selected				3224
combined_all	PRO70-PRO1409	4086	0	25	0.0									not_selected				3225
combined_all	PRO70-PRO1419	4086	0	25	0.0									not_selected				3226
combined_all	PRO70-PRO71	4086	0	25	0.0									not_selected				3227
combined_all	PRO70-PRO72	4086	0	25	0.0									not_selected				3228
combined_all	PRO70-PRO73	4086	0	25	0.0									not_selected				3229
combined_all	PRO70-PRO74	4086	0	25	0.0									not_selected				3230
combined_all	PRO70-PRO75	4086	0	25	0.0									not_selected				3231
combined_all	PRO70-PRO76	4086	0	25	0.0									not_selected				3232
combined_all	PRO70-PRO78	4086	0	25	0.0									not_selected				3233
combined_all	PRO70-PRO99	4086	0	25	0.0									not_selected				3234
combined_all	PRO71-PRO100	4086	0	25	0.0									not_selected				3235
combined_all	PRO71-PRO103	4086	0	25	0.0									not_selected				3236
combined_all	PRO71-PRO104	4086	0	25	0.0									not_selected				3237
combined_all	PRO71-PRO1394	4086	0	25	0.0									not_selected				3238
combined_all	PRO71-PRO1395	4086	0	25	0.0									not_selected				3239
combined_all	PRO71-PRO1398	4086	0	25	0.0									not_selected				3240
combined_all	PRO71-PRO1399	4086	0	25	0.0									not_selected				3241
combined_all	PRO71-PRO1402	4086	0	25	0.0									not_selected				3242
combined_all	PRO71-PRO1409	4086	0	25	0.0									not_selected				3243
combined_all	PRO71-PRO1416	4086	0	25	0.0									not_selected				3244
combined_all	PRO71-PRO1419	4086	0	25	0.0									not_selected				3245
combined_all	PRO71-PRO1420	4086	0	25	0.0									not_selected				3246
combined_all	PRO71-PRO1422	4086	0	25	0.0									not_selected				3247
combined_all	PRO71-PRO1423	4086	0	25	0.0									not_selected				3248
combined_all	PRO71-PRO72	4086	0	25	0.0									not_selected				3249
combined_all	PRO71-PRO73	4086	0	25	0.0									not_selected				3250
combined_all	PRO71-PRO74	4086	0	25	0.0									not_selected				3251
combined_all	PRO71-PRO75	4086	0	25	0.0									not_selected				3252
combined_all	PRO71-PRO76	4086	0	25	0.0									not_selected				3253
combined_all	PRO71-PRO77	4086	0	25	0.0									not_selected				3254
combined_all	PRO71-PRO78	4086	0	25	0.0									not_selected				3255
combined_all	PRO71-PRO79	4086	0	25	0.0									not_selected				3256
combined_all	PRO71-PRO96	4086	0	25	0.0									not_selected				3257
combined_all	PRO71-PRO99	4086	0	25	0.0									not_selected				3258
combined_all	PRO72-PRO100	4086	0	25	0.0									not_selected				3259
combined_all	PRO72-PRO101	4086	0	25	0.0									not_selected				3260
combined_all	PRO72-PRO102	4086	0	25	0.0									not_selected				3261
combined_all	PRO72-PRO103	4086	0	25	0.0									not_selected				3262
combined_all	PRO72-PRO104	4086	0	25	0.0									not_selected				3263
combined_all	PRO72-PRO105	4086	0	25	0.0									not_selected				3264
combined_all	PRO72-PRO106	4086	0	25	0.0									not_selected				3265
combined_all	PRO72-PRO109	4086	0	25	0.0									not_selected				3266
combined_all	PRO72-PRO110	4086	0	25	0.0									not_selected				3267
combined_all	PRO72-PRO111	4086	0	25	0.0									not_selected				3268
combined_all	PRO72-PRO159	4086	0	25	0.0									not_selected				3269
combined_all	PRO72-PRO73	4086	0	25	0.0									not_selected				3270
combined_all	PRO72-PRO74	4086	0	25	0.0									not_selected				3271
combined_all	PRO72-PRO75	4086	0	25	0.0									not_selected				3272
combined_all	PRO72-PRO76	4086	0	25	0.0									not_selected				3273
combined_all	PRO72-PRO77	4086	0	25	0.0									not_selected				3274
combined_all	PRO72-PRO78	4086	0	25	0.0									not_selected				3275
combined_all	PRO72-PRO79	4086	0	25	0.0									not_selected				3276
combined_all	PRO72-PRO80	4086	0	25	0.0									not_selected				3277
combined_all	PRO72-PRO81	4086	0	25	0.0									not_selected				3278
combined_all	PRO72-PRO92	4086	0	25	0.0									not_selected				3279
combined_all	PRO72-PRO93	4086	0	25	0.0									not_selected				3280
combined_all	PRO72-PRO94	4086	0	25	0.0									not_selected				3281
combined_all	PRO72-PRO95	4086	0	25	0.0									not_selected				3282
combined_all	PRO72-PRO96	4086	0	25	0.0									not_selected				3283
combined_all	PRO72-PRO97	4086	0	25	0.0									not_selected				3284
combined_all	PRO72-PRO98	4086	0	25	0.0									not_selected				3285
combined_all	PRO72-PRO99	4086	0	25	0.0									not_selected				3286
combined_all	PRO73-PRO100	4086	0	25	0.0									not_selected				3287
combined_all	PRO73-PRO101	4086	0	25	0.0									not_selected				3288
combined_all	PRO73-PRO103	4086	0	25	0.0									not_selected				3289
combined_all	PRO73-PRO104	4086	0	25	0.0									not_selected				3290
combined_all	PRO73-PRO105	4086	0	25	0.0									not_selected				3291
combined_all	PRO73-PRO106	4086	0	25	0.0									not_selected				3292
combined_all	PRO73-PRO109	4086	0	25	0.0									not_selected				3293
combined_all	PRO73-PRO1409	4086	0	25	0.0									not_selected				3294
combined_all	PRO73-PRO74	4086	0	25	0.0									not_selected				3295
combined_all	PRO73-PRO75	4086	0	25	0.0									not_selected				3296
combined_all	PRO73-PRO76	4086	0	25	0.0									not_selected				3297
combined_all	PRO73-PRO77	4086	0	25	0.0									not_selected				3298
combined_all	PRO73-PRO78	4086	0	25	0.0									not_selected				3299
combined_all	PRO73-PRO99	4086	0	25	0.0									not_selected				3300
combined_all	PRO74-PRO100	4086	0	25	0.0									not_selected				3301
combined_all	PRO74-PRO103	4086	0	25	0.0									not_selected				3302
combined_all	PRO74-PRO104	4086	0	25	0.0									not_selected				3303
combined_all	PRO74-PRO109	4086	0	25	0.0									not_selected				3304
combined_all	PRO74-PRO110	4086	0	25	0.0									not_selected				3305
combined_all	PRO74-PRO1416	4086	0	25	0.0									not_selected				3306
combined_all	PRO74-PRO1419	4086	0	25	0.0									not_selected				3307
combined_all	PRO74-PRO75	4086	0	25	0.0									not_selected				3308
combined_all	PRO74-PRO76	4086	0	25	0.0									not_selected				3309
combined_all	PRO74-PRO77	4086	0	25	0.0									not_selected				3310
combined_all	PRO74-PRO78	4086	0	25	0.0									not_selected				3311
combined_all	PRO74-PRO79	4086	0	25	0.0									not_selected				3312
combined_all	PRO75-PRO100	4086	0	25	0.0									not_selected				3313
combined_all	PRO75-PRO103	4086	0	25	0.0									not_selected				3314
combined_all	PRO75-PRO104	4086	0	25	0.0									not_selected				3315
combined_all	PRO75-PRO109	4086	0	25	0.0									not_selected				3316
combined_all	PRO75-PRO110	4086	0	25	0.0									not_selected				3317
combined_all	PRO75-PRO111	4086	0	25	0.0									not_selected				3318
combined_all	PRO75-PRO156	4086	0	25	0.0									not_selected				3319
combined_all	PRO75-PRO159	4086	0	25	0.0									not_selected				3320
combined_all	PRO75-PRO76	4086	0	25	0.0									not_selected				3321
combined_all	PRO75-PRO77	4086	0	25	0.0									not_selected				3322
combined_all	PRO75-PRO78	4086	0	25	0.0									not_selected				3323
combined_all	PRO75-PRO79	4086	0	25	0.0									not_selected				3324
combined_all	PRO75-PRO80	4086	0	25	0.0									not_selected				3325
combined_all	PRO76-PRO100	4086	0	25	0.0									not_selected				3326
combined_all	PRO76-PRO103	4086	0	25	0.0									not_selected				3327
combined_all	PRO76-PRO104	4086	0	25	0.0									not_selected				3328
combined_all	PRO76-PRO106	4086	0	25	0.0									not_selected				3329
combined_all	PRO76-PRO110	4086	0	25	0.0									not_selected				3330
combined_all	PRO76-PRO111	4086	0	25	0.0									not_selected				3331
combined_all	PRO76-PRO112	4086	0	25	0.0									not_selected				3332
combined_all	PRO76-PRO156	4086	0	25	0.0									not_selected				3333
combined_all	PRO76-PRO159	4086	0	25	0.0									not_selected				3334
combined_all	PRO76-PRO77	4086	0	25	0.0									not_selected				3335
combined_all	PRO76-PRO78	4086	0	25	0.0									not_selected				3336
combined_all	PRO76-PRO79	4086	0	25	0.0									not_selected				3337
combined_all	PRO76-PRO80	4086	0	25	0.0									not_selected				3338
combined_all	PRO77-PRO100	4086	0	25	0.0									not_selected				3339
combined_all	PRO77-PRO103	4086	0	25	0.0									not_selected				3340
combined_all	PRO77-PRO104	4086	0	25	0.0									not_selected				3341
combined_all	PRO77-PRO107	4086	0	25	0.0									not_selected				3342
combined_all	PRO77-PRO109	4086	0	25	0.0									not_selected				3343
combined_all	PRO77-PRO110	4086	0	25	0.0									not_selected				3344
combined_all	PRO77-PRO111	4086	0	25	0.0									not_selected				3345
combined_all	PRO77-PRO112	4086	0	25	0.0									not_selected				3346
combined_all	PRO77-PRO113	4086	0	25	0.0									not_selected				3347
combined_all	PRO77-PRO114	4086	0	25	0.0									not_selected				3348
combined_all	PRO77-PRO139	4086	0	25	0.0									not_selected				3349
combined_all	PRO77-PRO155	4086	0	25	0.0									not_selected				3350
combined_all	PRO77-PRO156	4086	0	25	0.0									not_selected				3351
combined_all	PRO77-PRO159	4086	0	25	0.0									not_selected				3352
combined_all	PRO77-PRO78	4086	0	25	0.0									not_selected				3353
combined_all	PRO77-PRO79	4086	0	25	0.0									not_selected				3354
combined_all	PRO77-PRO80	4086	0	25	0.0									not_selected				3355
combined_all	PRO77-PRO81	4086	0	25	0.0									not_selected				3356
combined_all	PRO77-PRO96	4086	0	25	0.0									not_selected				3357
combined_all	PRO77-PRO97	4086	0	25	0.0									not_selected				3358
combined_all	PRO78-PRO100	4086	0	25	0.0									not_selected				3359
combined_all	PRO78-PRO101	4086	0	25	0.0									not_selected				3360
combined_all	PRO78-PRO103	4086	0	25	0.0									not_selected				3361
combined_all	PRO78-PRO104	4086	0	25	0.0									not_selected				3362
combined_all	PRO78-PRO105	4086	0	25	0.0									not_selected				3363
combined_all	PRO78-PRO106	4086	0	25	0.0									not_selected				3364
combined_all	PRO78-PRO107	4086	0	25	0.0									not_selected				3365
combined_all	PRO78-PRO109	4086	0	25	0.0									not_selected				3366
combined_all	PRO78-PRO110	4086	0	25	0.0									not_selected				3367
combined_all	PRO78-PRO111	4086	0	25	0.0									not_selected				3368
combined_all	PRO78-PRO112	4086	0	25	0.0									not_selected				3369
combined_all	PRO78-PRO113	4086	0	25	0.0									not_selected				3370
combined_all	PRO78-PRO114	4086	0	25	0.0									not_selected				3371
combined_all	PRO78-PRO137	4086	0	25	0.0									not_selected				3372
combined_all	PRO78-PRO139	4086	0	25	0.0									not_selected				3373
combined_all	PRO78-PRO141	4086	0	25	0.0									not_selected				3374
combined_all	PRO78-PRO142	4086	0	25	0.0									not_selected				3375
combined_all	PRO78-PRO155	4086	0	25	0.0									not_selected				3376
combined_all	PRO78-PRO156	4086	0	25	0.0									not_selected				3377
combined_all	PRO78-PRO159	4086	0	25	0.0									not_selected				3378
combined_all	PRO78-PRO80	4086	0	25	0.0									not_selected				3379
combined_all	PRO78-PRO81	4086	0	25	0.0									not_selected				3380
combined_all	PRO78-PRO93	4086	0	25	0.0									not_selected				3381
combined_all	PRO78-PRO95	4086	0	25	0.0									not_selected				3382
combined_all	PRO78-PRO96	4086	0	25	0.0									not_selected				3383
combined_all	PRO78-PRO97	4086	0	25	0.0									not_selected				3384
combined_all	PRO78-PRO98	4086	0	25	0.0									not_selected				3385
combined_all	PRO78-PRO99	4086	0	25	0.0									not_selected				3386
combined_all	PRO79-GTP	4086	0	25	0.0									not_selected				3387
combined_all	PRO79-PRO100	4086	0	25	0.0									not_selected				3388
combined_all	PRO79-PRO104	4086	0	25	0.0									not_selected				3389
combined_all	PRO79-PRO109	4086	0	25	0.0									not_selected				3390
combined_all	PRO79-PRO110	4086	0	25	0.0									not_selected				3391
combined_all	PRO79-PRO111	4086	0	25	0.0									not_selected				3392
combined_all	PRO79-PRO112	4086	0	25	0.0									not_selected				3393
combined_all	PRO79-PRO113	4086	0	25	0.0									not_selected				3394
combined_all	PRO79-PRO114	4086	0	25	0.0									not_selected				3395
combined_all	PRO79-PRO115	4086	0	25	0.0									not_selected				3396
combined_all	PRO79-PRO116	4086	0	25	0.0									not_selected				3397
combined_all	PRO79-PRO117	4086	0	25	0.0									not_selected				3398
combined_all	PRO79-PRO139	4086	0	25	0.0									not_selected				3399
combined_all	PRO79-PRO141	4086	0	25	0.0									not_selected				3400
combined_all	PRO79-PRO142	4086	0	25	0.0									not_selected				3401
combined_all	PRO79-PRO143	4086	0	25	0.0									not_selected				3402
combined_all	PRO79-PRO144	4086	0	25	0.0									not_selected				3403
combined_all	PRO79-PRO145	4086	0	25	0.0									not_selected				3404
combined_all	PRO79-PRO146	4086	0	25	0.0									not_selected				3405
combined_all	PRO79-PRO150	4086	0	25	0.0									not_selected				3406
combined_all	PRO79-PRO151	4086	0	25	0.0									not_selected				3407
combined_all	PRO79-PRO152	4086	0	25	0.0									not_selected				3408
combined_all	PRO79-PRO153	4086	0	25	0.0									not_selected				3409
combined_all	PRO79-PRO154	4086	0	25	0.0									not_selected				3410
combined_all	PRO79-PRO155	4086	0	25	0.0									not_selected				3411
combined_all	PRO79-PRO156	4086	0	25	0.0									not_selected				3412
combined_all	PRO79-PRO159	4086	0	25	0.0									not_selected				3413
combined_all	PRO79-PRO81	4086	0	25	0.0									not_selected				3414
combined_all	PRO79-PRO82	4086	0	25	0.0									not_selected				3415
combined_all	PRO79-PRO93	4086	0	25	0.0									not_selected				3416
combined_all	PRO79-PRO96	4086	0	25	0.0									not_selected				3417
combined_all	PRO79-PRO97	4086	0	25	0.0									not_selected				3418
combined_all	PRO8-GTP	4086	0	25	0.0									not_selected				3419
combined_all	PRO8-PRO10	4086	0	25	0.0									not_selected				3420
combined_all	PRO8-PRO100	4086	0	25	0.0									not_selected				3421
combined_all	PRO8-PRO11	4086	0	25	0.0									not_selected				3422
combined_all	PRO8-PRO111	4086	0	25	0.0									not_selected				3423
combined_all	PRO8-PRO112	4086	0	25	0.0									not_selected				3424
combined_all	PRO8-PRO113	4086	0	25	0.0									not_selected				3425
combined_all	PRO8-PRO114	4086	0	25	0.0									not_selected				3426
combined_all	PRO8-PRO115	4086	0	25	0.0									not_selected				3427
combined_all	PRO8-PRO116	4086	0	25	0.0									not_selected				3428
combined_all	PRO8-PRO12	4086	0	25	0.0									not_selected				3429
combined_all	PRO8-PRO13	4086	0	25	0.0									not_selected				3430
combined_all	PRO8-PRO14	4086	0	25	0.0									not_selected				3431
combined_all	PRO8-PRO142	4086	0	25	0.0									not_selected				3432
combined_all	PRO8-PRO144	4086	0	25	0.0									not_selected				3433
combined_all	PRO8-PRO146	4086	0	25	0.0									not_selected				3434
combined_all	PRO8-PRO15	4086	0	25	0.0									not_selected				3435
combined_all	PRO8-PRO152	4086	0	25	0.0									not_selected				3436
combined_all	PRO8-PRO155	4086	0	25	0.0									not_selected				3437
combined_all	PRO8-PRO156	4086	0	25	0.0									not_selected				3438
combined_all	PRO8-PRO159	4086	0	25	0.0									not_selected				3439
combined_all	PRO8-PRO16	4086	0	25	0.0									not_selected				3440
combined_all	PRO8-PRO17	4086	0	25	0.0									not_selected				3441
combined_all	PRO8-PRO18	4086	0	25	0.0									not_selected				3442
combined_all	PRO8-PRO19	4086	0	25	0.0									not_selected				3443
combined_all	PRO8-PRO20	4086	0	25	0.0									not_selected				3444
combined_all	PRO8-PRO21	4086	0	25	0.0									not_selected				3445
combined_all	PRO8-PRO22	4086	0	25	0.0									not_selected				3446
combined_all	PRO8-PRO23	4086	0	25	0.0									not_selected				3447
combined_all	PRO8-PRO24	4086	0	25	0.0									not_selected				3448
combined_all	PRO8-PRO35	4086	0	25	0.0									not_selected				3449
combined_all	PRO8-PRO37	4086	0	25	0.0									not_selected				3450
combined_all	PRO8-PRO38	4086	0	25	0.0									not_selected				3451
combined_all	PRO8-PRO39	4086	0	25	0.0									not_selected				3452
combined_all	PRO8-PRO40	4086	0	25	0.0									not_selected				3453
combined_all	PRO8-PRO55	4086	0	25	0.0									not_selected				3454
combined_all	PRO8-PRO56	4086	0	25	0.0									not_selected				3455
combined_all	PRO8-PRO57	4086	0	25	0.0									not_selected				3456
combined_all	PRO8-PRO58	4086	0	25	0.0									not_selected				3457
combined_all	PRO8-PRO59	4086	0	25	0.0									not_selected				3458
combined_all	PRO8-PRO60	4086	0	25	0.0									not_selected				3459
combined_all	PRO8-PRO61	4086	0	25	0.0									not_selected				3460
combined_all	PRO8-PRO68	4086	0	25	0.0									not_selected				3461
combined_all	PRO8-PRO71	4086	0	25	0.0									not_selected				3462
combined_all	PRO8-PRO72	4086	0	25	0.0									not_selected				3463
combined_all	PRO8-PRO74	4086	0	25	0.0									not_selected				3464
combined_all	PRO8-PRO75	4086	0	25	0.0									not_selected				3465
combined_all	PRO8-PRO76	4086	0	25	0.0									not_selected				3466
combined_all	PRO8-PRO77	4086	0	25	0.0									not_selected				3467
combined_all	PRO8-PRO78	4086	0	25	0.0									not_selected				3468
combined_all	PRO8-PRO79	4086	0	25	0.0									not_selected				3469
combined_all	PRO8-PRO80	4086	0	25	0.0									not_selected				3470
combined_all	PRO8-PRO81	4086	0	25	0.0									not_selected				3471
combined_all	PRO8-PRO82	4086	0	25	0.0									not_selected				3472
combined_all	PRO8-PRO83	4086	0	25	0.0									not_selected				3473
combined_all	PRO8-PRO89	4086	0	25	0.0									not_selected				3474
combined_all	PRO8-PRO9	4086	0	25	0.0									not_selected				3475
combined_all	PRO8-PRO93	4086	0	25	0.0									not_selected				3476
combined_all	PRO8-PRO96	4086	0	25	0.0									not_selected				3477
combined_all	PRO80-PRO100	4086	0	25	0.0									not_selected				3478
combined_all	PRO80-PRO101	4086	0	25	0.0									not_selected				3479
combined_all	PRO80-PRO104	4086	0	25	0.0									not_selected				3480
combined_all	PRO80-PRO109	4086	0	25	0.0									not_selected				3481
combined_all	PRO80-PRO110	4086	0	25	0.0									not_selected				3482
combined_all	PRO80-PRO111	4086	0	25	0.0									not_selected				3483
combined_all	PRO80-PRO112	4086	0	25	0.0									not_selected				3484
combined_all	PRO80-PRO113	4086	0	25	0.0									not_selected				3485
combined_all	PRO80-PRO114	4086	0	25	0.0									not_selected				3486
combined_all	PRO80-PRO115	4086	0	25	0.0									not_selected				3487
combined_all	PRO80-PRO116	4086	0	25	0.0									not_selected				3488
combined_all	PRO80-PRO125	4086	0	25	0.0									not_selected				3489
combined_all	PRO80-PRO130	4086	0	25	0.0									not_selected				3490
combined_all	PRO80-PRO133	4086	0	25	0.0									not_selected				3491
combined_all	PRO80-PRO134	4086	0	25	0.0									not_selected				3492
combined_all	PRO80-PRO137	4086	0	25	0.0									not_selected				3493
combined_all	PRO80-PRO139	4086	0	25	0.0									not_selected				3494
combined_all	PRO80-PRO141	4086	0	25	0.0									not_selected				3495
combined_all	PRO80-PRO142	4086	0	25	0.0									not_selected				3496
combined_all	PRO80-PRO143	4086	0	25	0.0									not_selected				3497
combined_all	PRO80-PRO144	4086	0	25	0.0									not_selected				3498
combined_all	PRO80-PRO155	4086	0	25	0.0									not_selected				3499
combined_all	PRO80-PRO156	4086	0	25	0.0									not_selected				3500
combined_all	PRO80-PRO159	4086	0	25	0.0									not_selected				3501
combined_all	PRO80-PRO81	4086	0	25	0.0									not_selected				3502
combined_all	PRO80-PRO82	4086	0	25	0.0									not_selected				3503
combined_all	PRO80-PRO83	4086	0	25	0.0									not_selected				3504
combined_all	PRO80-PRO84	4086	0	25	0.0									not_selected				3505
combined_all	PRO80-PRO89	4086	0	25	0.0									not_selected				3506
combined_all	PRO80-PRO90	4086	0	25	0.0									not_selected				3507
combined_all	PRO80-PRO91	4086	0	25	0.0									not_selected				3508
combined_all	PRO80-PRO92	4086	0	25	0.0									not_selected				3509
combined_all	PRO80-PRO93	4086	0	25	0.0									not_selected				3510
combined_all	PRO80-PRO94	4086	0	25	0.0									not_selected				3511
combined_all	PRO80-PRO95	4086	0	25	0.0									not_selected				3512
combined_all	PRO80-PRO96	4086	0	25	0.0									not_selected				3513
combined_all	PRO80-PRO97	4086	0	25	0.0									not_selected				3514
combined_all	PRO80-PRO98	4086	0	25	0.0									not_selected				3515
combined_all	PRO80-PRO99	4086	0	25	0.0									not_selected				3516
combined_all	PRO81-GTP	4086	0	25	0.0									not_selected				3517
combined_all	PRO81-PRO100	4086	0	25	0.0									not_selected				3518
combined_all	PRO81-PRO111	4086	0	25	0.0									not_selected				3519
combined_all	PRO81-PRO112	4086	0	25	0.0									not_selected				3520
combined_all	PRO81-PRO113	4086	0	25	0.0									not_selected				3521
combined_all	PRO81-PRO114	4086	0	25	0.0									not_selected				3522
combined_all	PRO81-PRO115	4086	0	25	0.0									not_selected				3523
combined_all	PRO81-PRO116	4086	0	25	0.0									not_selected				3524
combined_all	PRO81-PRO117	4086	0	25	0.0									not_selected				3525
combined_all	PRO81-PRO118	4086	0	25	0.0									not_selected				3526
combined_all	PRO81-PRO125	4086	0	25	0.0									not_selected				3527
combined_all	PRO81-PRO130	4086	0	25	0.0									not_selected				3528
combined_all	PRO81-PRO133	4086	0	25	0.0									not_selected				3529
combined_all	PRO81-PRO139	4086	0	25	0.0									not_selected				3530
combined_all	PRO81-PRO141	4086	0	25	0.0									not_selected				3531
combined_all	PRO81-PRO142	4086	0	25	0.0									not_selected				3532
combined_all	PRO81-PRO143	4086	0	25	0.0									not_selected				3533
combined_all	PRO81-PRO144	4086	0	25	0.0									not_selected				3534
combined_all	PRO81-PRO145	4086	0	25	0.0									not_selected				3535
combined_all	PRO81-PRO150	4086	0	25	0.0									not_selected				3536
combined_all	PRO81-PRO151	4086	0	25	0.0									not_selected				3537
combined_all	PRO81-PRO152	4086	0	25	0.0									not_selected				3538
combined_all	PRO81-PRO155	4086	0	25	0.0									not_selected				3539
combined_all	PRO81-PRO156	4086	0	25	0.0									not_selected				3540
combined_all	PRO81-PRO159	4086	0	25	0.0									not_selected				3541
combined_all	PRO81-PRO82	4086	0	25	0.0									not_selected				3542
combined_all	PRO81-PRO83	4086	0	25	0.0									not_selected				3543
combined_all	PRO81-PRO84	4086	0	25	0.0									not_selected				3544
combined_all	PRO81-PRO85	4086	0	25	0.0									not_selected				3545
combined_all	PRO81-PRO86	4086	0	25	0.0									not_selected				3546
combined_all	PRO81-PRO87	4086	0	25	0.0									not_selected				3547
combined_all	PRO81-PRO88	4086	0	25	0.0									not_selected				3548
combined_all	PRO81-PRO89	4086	0	25	0.0									not_selected				3549
combined_all	PRO81-PRO91	4086	0	25	0.0									not_selected				3550
combined_all	PRO81-PRO92	4086	0	25	0.0									not_selected				3551
combined_all	PRO81-PRO93	4086	0	25	0.0									not_selected				3552
combined_all	PRO81-PRO94	4086	0	25	0.0									not_selected				3553
combined_all	PRO81-PRO95	4086	0	25	0.0									not_selected				3554
combined_all	PRO81-PRO96	4086	0	25	0.0									not_selected				3555
combined_all	PRO81-PRO97	4086	0	25	0.0									not_selected				3556
combined_all	PRO82-GTP	4086	0	25	0.0									not_selected				3557
combined_all	PRO82-PRO111	4086	0	25	0.0									not_selected				3558
combined_all	PRO82-PRO112	4086	0	25	0.0									not_selected				3559
combined_all	PRO82-PRO113	4086	0	25	0.0									not_selected				3560
combined_all	PRO82-PRO114	4086	0	25	0.0									not_selected				3561
combined_all	PRO82-PRO115	4086	0	25	0.0									not_selected				3562
combined_all	PRO82-PRO116	4086	0	25	0.0									not_selected				3563
combined_all	PRO82-PRO117	4086	0	25	0.0									not_selected				3564
combined_all	PRO82-PRO118	4086	0	25	0.0									not_selected				3565
combined_all	PRO82-PRO120	4086	0	25	0.0									not_selected				3566
combined_all	PRO82-PRO122	4086	0	25	0.0									not_selected				3567
combined_all	PRO82-PRO123	4086	0	25	0.0									not_selected				3568
combined_all	PRO82-PRO124	4086	0	25	0.0									not_selected				3569
combined_all	PRO82-PRO125	4086	0	25	0.0									not_selected				3570
combined_all	PRO82-PRO127	4086	0	25	0.0									not_selected				3571
combined_all	PRO82-PRO129	4086	0	25	0.0									not_selected				3572
combined_all	PRO82-PRO130	4086	0	25	0.0									not_selected				3573
combined_all	PRO82-PRO133	4086	0	25	0.0									not_selected				3574
combined_all	PRO82-PRO134	4086	0	25	0.0									not_selected				3575
combined_all	PRO82-PRO137	4086	0	25	0.0									not_selected				3576
combined_all	PRO82-PRO139	4086	0	25	0.0									not_selected				3577
combined_all	PRO82-PRO141	4086	0	25	0.0									not_selected				3578
combined_all	PRO82-PRO142	4086	0	25	0.0									not_selected				3579
combined_all	PRO82-PRO143	4086	0	25	0.0									not_selected				3580
combined_all	PRO82-PRO144	4086	0	25	0.0									not_selected				3581
combined_all	PRO82-PRO145	4086	0	25	0.0									not_selected				3582
combined_all	PRO82-PRO146	4086	0	25	0.0									not_selected				3583
combined_all	PRO82-PRO152	4086	0	25	0.0									not_selected				3584
combined_all	PRO82-PRO155	4086	0	25	0.0									not_selected				3585
combined_all	PRO82-PRO83	4086	0	25	0.0									not_selected				3586
combined_all	PRO82-PRO84	4086	0	25	0.0									not_selected				3587
combined_all	PRO82-PRO85	4086	0	25	0.0									not_selected				3588
combined_all	PRO82-PRO86	4086	0	25	0.0									not_selected				3589
combined_all	PRO82-PRO87	4086	0	25	0.0									not_selected				3590
combined_all	PRO82-PRO88	4086	0	25	0.0									not_selected				3591
combined_all	PRO82-PRO89	4086	0	25	0.0									not_selected				3592
combined_all	PRO82-PRO90	4086	0	25	0.0									not_selected				3593
combined_all	PRO82-PRO91	4086	0	25	0.0									not_selected				3594
combined_all	PRO82-PRO92	4086	0	25	0.0									not_selected				3595
combined_all	PRO82-PRO93	4086	0	25	0.0									not_selected				3596
combined_all	PRO82-PRO94	4086	0	25	0.0									not_selected				3597
combined_all	PRO82-PRO95	4086	0	25	0.0									not_selected				3598
combined_all	PRO82-PRO96	4086	0	25	0.0									not_selected				3599
combined_all	PRO82-PRO97	4086	0	25	0.0									not_selected				3600
combined_all	PRO83-GTP	4086	0	25	0.0									not_selected				3601
combined_all	PRO83-PRO113	4086	0	25	0.0									not_selected				3602
combined_all	PRO83-PRO114	4086	0	25	0.0									not_selected				3603
combined_all	PRO83-PRO115	4086	0	25	0.0									not_selected				3604
combined_all	PRO83-PRO116	4086	0	25	0.0									not_selected				3605
combined_all	PRO83-PRO117	4086	0	25	0.0									not_selected				3606
combined_all	PRO83-PRO118	4086	0	25	0.0									not_selected				3607
combined_all	PRO83-PRO119	4086	0	25	0.0									not_selected				3608
combined_all	PRO83-PRO120	4086	0	25	0.0									not_selected				3609
combined_all	PRO83-PRO122	4086	0	25	0.0									not_selected				3610
combined_all	PRO83-PRO123	4086	0	25	0.0									not_selected				3611
combined_all	PRO83-PRO124	4086	0	25	0.0									not_selected				3612
combined_all	PRO83-PRO125	4086	0	25	0.0									not_selected				3613
combined_all	PRO83-PRO127	4086	0	25	0.0									not_selected				3614
combined_all	PRO83-PRO1276	4086	0	25	0.0									not_selected				3615
combined_all	PRO83-PRO1277	4086	0	25	0.0									not_selected				3616
combined_all	PRO83-PRO1278	4086	0	25	0.0									not_selected				3617
combined_all	PRO83-PRO129	4086	0	25	0.0									not_selected				3618
combined_all	PRO83-PRO130	4086	0	25	0.0									not_selected				3619
combined_all	PRO83-PRO133	4086	0	25	0.0									not_selected				3620
combined_all	PRO83-PRO141	4086	0	25	0.0									not_selected				3621
combined_all	PRO83-PRO142	4086	0	25	0.0									not_selected				3622
combined_all	PRO83-PRO143	4086	0	25	0.0									not_selected				3623
combined_all	PRO83-PRO144	4086	0	25	0.0									not_selected				3624
combined_all	PRO83-PRO145	4086	0	25	0.0									not_selected				3625
combined_all	PRO83-PRO146	4086	0	25	0.0									not_selected				3626
combined_all	PRO83-PRO84	4086	0	25	0.0									not_selected				3627
combined_all	PRO83-PRO85	4086	0	25	0.0									not_selected				3628
combined_all	PRO83-PRO86	4086	0	25	0.0									not_selected				3629
combined_all	PRO83-PRO87	4086	0	25	0.0									not_selected				3630
combined_all	PRO83-PRO88	4086	0	25	0.0									not_selected				3631
combined_all	PRO83-PRO89	4086	0	25	0.0									not_selected				3632
combined_all	PRO83-PRO90	4086	0	25	0.0									not_selected				3633
combined_all	PRO83-PRO91	4086	0	25	0.0									not_selected				3634
combined_all	PRO83-PRO92	4086	0	25	0.0									not_selected				3635
combined_all	PRO83-PRO93	4086	0	25	0.0									not_selected				3636
combined_all	PRO83-PRO96	4086	0	25	0.0									not_selected				3637
combined_all	PRO84-GTP	4086	0	25	0.0									not_selected				3638
combined_all	PRO84-PRO113	4086	0	25	0.0									not_selected				3639
combined_all	PRO84-PRO114	4086	0	25	0.0									not_selected				3640
combined_all	PRO84-PRO115	4086	0	25	0.0									not_selected				3641
combined_all	PRO84-PRO117	4086	0	25	0.0									not_selected				3642
combined_all	PRO84-PRO118	4086	0	25	0.0									not_selected				3643
combined_all	PRO84-PRO119	4086	0	25	0.0									not_selected				3644
combined_all	PRO84-PRO120	4086	0	25	0.0									not_selected				3645
combined_all	PRO84-PRO121	4086	0	25	0.0									not_selected				3646
combined_all	PRO84-PRO122	4086	0	25	0.0									not_selected				3647
combined_all	PRO84-PRO123	4086	0	25	0.0									not_selected				3648
combined_all	PRO84-PRO124	4086	0	25	0.0									not_selected				3649
combined_all	PRO84-PRO125	4086	0	25	0.0									not_selected				3650
combined_all	PRO84-PRO127	4086	0	25	0.0									not_selected				3651
combined_all	PRO84-PRO129	4086	0	25	0.0									not_selected				3652
combined_all	PRO84-PRO130	4086	0	25	0.0									not_selected				3653
combined_all	PRO84-PRO142	4086	0	25	0.0									not_selected				3654
combined_all	PRO84-PRO143	4086	0	25	0.0									not_selected				3655
combined_all	PRO84-PRO144	4086	0	25	0.0									not_selected				3656
combined_all	PRO84-PRO145	4086	0	25	0.0									not_selected				3657
combined_all	PRO84-PRO146	4086	0	25	0.0									not_selected				3658
combined_all	PRO84-PRO147	4086	0	25	0.0									not_selected				3659
combined_all	PRO84-PRO148	4086	0	25	0.0									not_selected				3660
combined_all	PRO84-PRO150	4086	0	25	0.0									not_selected				3661
combined_all	PRO84-PRO85	4086	0	25	0.0									not_selected				3662
combined_all	PRO84-PRO86	4086	0	25	0.0									not_selected				3663
combined_all	PRO84-PRO87	4086	0	25	0.0									not_selected				3664
combined_all	PRO84-PRO88	4086	0	25	0.0									not_selected				3665
combined_all	PRO84-PRO89	4086	0	25	0.0									not_selected				3666
combined_all	PRO84-PRO90	4086	0	25	0.0									not_selected				3667
combined_all	PRO84-PRO91	4086	0	25	0.0									not_selected				3668
combined_all	PRO84-PRO93	4086	0	25	0.0									not_selected				3669
combined_all	PRO85-GTP	4086	0	25	0.0									not_selected				3670
combined_all	PRO85-PRO114	4086	0	25	0.0									not_selected				3671
combined_all	PRO85-PRO115	4086	0	25	0.0									not_selected				3672
combined_all	PRO85-PRO117	4086	0	25	0.0									not_selected				3673
combined_all	PRO85-PRO118	4086	0	25	0.0									not_selected				3674
combined_all	PRO85-PRO119	4086	0	25	0.0									not_selected				3675
combined_all	PRO85-PRO120	4086	0	25	0.0									not_selected				3676
combined_all	PRO85-PRO121	4086	0	25	0.0									not_selected				3677
combined_all	PRO85-PRO122	4086	0	25	0.0									not_selected				3678
combined_all	PRO85-PRO123	4086	0	25	0.0									not_selected				3679
combined_all	PRO85-PRO1233	4086	0	25	0.0									not_selected				3680
combined_all	PRO85-PRO1236	4086	0	25	0.0									not_selected				3681
combined_all	PRO85-PRO124	4086	0	25	0.0									not_selected				3682
combined_all	PRO85-PRO125	4086	0	25	0.0									not_selected				3683
combined_all	PRO85-PRO1267	4086	0	25	0.0									not_selected				3684
combined_all	PRO85-PRO1269	4086	0	25	0.0									not_selected				3685
combined_all	PRO85-PRO127	4086	0	25	0.0									not_selected				3686
combined_all	PRO85-PRO1273	4086	0	25	0.0									not_selected				3687
combined_all	PRO85-PRO1276	4086	0	25	0.0									not_selected				3688
combined_all	PRO85-PRO1277	4086	0	25	0.0									not_selected				3689
combined_all	PRO85-PRO1278	4086	0	25	0.0									not_selected				3690
combined_all	PRO85-PRO130	4086	0	25	0.0									not_selected				3691
combined_all	PRO85-PRO143	4086	0	25	0.0									not_selected				3692
combined_all	PRO85-PRO145	4086	0	25	0.0									not_selected				3693
combined_all	PRO85-PRO147	4086	0	25	0.0									not_selected				3694
combined_all	PRO85-PRO86	4086	0	25	0.0									not_selected				3695
combined_all	PRO85-PRO87	4086	0	25	0.0									not_selected				3696
combined_all	PRO85-PRO88	4086	0	25	0.0									not_selected				3697
combined_all	PRO85-PRO90	4086	0	25	0.0									not_selected				3698
combined_all	PRO85-PRO91	4086	0	25	0.0									not_selected				3699
combined_all	PRO86-GTP	4086	0	25	0.0									not_selected				3700
combined_all	PRO86-PRO113	4086	0	25	0.0									not_selected				3701
combined_all	PRO86-PRO114	4086	0	25	0.0									not_selected				3702
combined_all	PRO86-PRO115	4086	0	25	0.0									not_selected				3703
combined_all	PRO86-PRO117	4086	0	25	0.0									not_selected				3704
combined_all	PRO86-PRO118	4086	0	25	0.0									not_selected				3705
combined_all	PRO86-PRO120	4086	0	25	0.0									not_selected				3706
combined_all	PRO86-PRO122	4086	0	25	0.0									not_selected				3707
combined_all	PRO86-PRO123	4086	0	25	0.0									not_selected				3708
combined_all	PRO86-PRO1233	4086	0	25	0.0									not_selected				3709
combined_all	PRO86-PRO1234	4086	0	25	0.0									not_selected				3710
combined_all	PRO86-PRO1236	4086	0	25	0.0									not_selected				3711
combined_all	PRO86-PRO124	4086	0	25	0.0									not_selected				3712
combined_all	PRO86-PRO125	4086	0	25	0.0									not_selected				3713
combined_all	PRO86-PRO1273	4086	0	25	0.0									not_selected				3714
combined_all	PRO86-PRO1275	4086	0	25	0.0									not_selected				3715
combined_all	PRO86-PRO1276	4086	0	25	0.0									not_selected				3716
combined_all	PRO86-PRO1277	4086	0	25	0.0									not_selected				3717
combined_all	PRO86-PRO1278	4086	0	25	0.0									not_selected				3718
combined_all	PRO86-PRO1279	4086	0	25	0.0									not_selected				3719
combined_all	PRO86-PRO1282	4086	0	25	0.0									not_selected				3720
combined_all	PRO86-PRO1283	4086	0	25	0.0									not_selected				3721
combined_all	PRO86-PRO130	4086	0	25	0.0									not_selected				3722
combined_all	PRO86-PRO87	4086	0	25	0.0									not_selected				3723
combined_all	PRO86-PRO88	4086	0	25	0.0									not_selected				3724
combined_all	PRO86-PRO89	4086	0	25	0.0									not_selected				3725
combined_all	PRO86-PRO90	4086	0	25	0.0									not_selected				3726
combined_all	PRO86-PRO91	4086	0	25	0.0									not_selected				3727
combined_all	PRO86-PRO92	4086	0	25	0.0									not_selected				3728
combined_all	PRO86-PRO93	4086	0	25	0.0									not_selected				3729
combined_all	PRO86-PRO96	4086	0	25	0.0									not_selected				3730
combined_all	PRO87-PRO113	4086	0	25	0.0									not_selected				3731
combined_all	PRO87-PRO115	4086	0	25	0.0									not_selected				3732
combined_all	PRO87-PRO116	4086	0	25	0.0									not_selected				3733
combined_all	PRO87-PRO117	4086	0	25	0.0									not_selected				3734
combined_all	PRO87-PRO122	4086	0	25	0.0									not_selected				3735
combined_all	PRO87-PRO123	4086	0	25	0.0									not_selected				3736
combined_all	PRO87-PRO1231	4086	0	25	0.0									not_selected				3737
combined_all	PRO87-PRO1232	4086	0	25	0.0									not_selected				3738
combined_all	PRO87-PRO1233	4086	0	25	0.0									not_selected				3739
combined_all	PRO87-PRO1234	4086	0	25	0.0									not_selected				3740
combined_all	PRO87-PRO1235	4086	0	25	0.0									not_selected				3741
combined_all	PRO87-PRO1236	4086	0	25	0.0									not_selected				3742
combined_all	PRO87-PRO124	4086	0	25	0.0									not_selected				3743
combined_all	PRO87-PRO125	4086	0	25	0.0									not_selected				3744
combined_all	PRO87-PRO127	4086	0	25	0.0									not_selected				3745
combined_all	PRO87-PRO1277	4086	0	25	0.0									not_selected				3746
combined_all	PRO87-PRO1278	4086	0	25	0.0									not_selected				3747
combined_all	PRO87-PRO1279	4086	0	25	0.0									not_selected				3748
combined_all	PRO87-PRO129	4086	0	25	0.0									not_selected				3749
combined_all	PRO87-PRO130	4086	0	25	0.0									not_selected				3750
combined_all	PRO87-PRO133	4086	0	25	0.0									not_selected				3751
combined_all	PRO87-PRO88	4086	0	25	0.0									not_selected				3752
combined_all	PRO87-PRO89	4086	0	25	0.0									not_selected				3753
combined_all	PRO87-PRO90	4086	0	25	0.0									not_selected				3754
combined_all	PRO87-PRO91	4086	0	25	0.0									not_selected				3755
combined_all	PRO87-PRO92	4086	0	25	0.0									not_selected				3756
combined_all	PRO87-PRO93	4086	0	25	0.0									not_selected				3757
combined_all	PRO87-PRO94	4086	0	25	0.0									not_selected				3758
combined_all	PRO87-PRO95	4086	0	25	0.0									not_selected				3759
combined_all	PRO87-PRO96	4086	0	25	0.0									not_selected				3760
combined_all	PRO88-GTP	4086	0	25	0.0									not_selected				3761
combined_all	PRO88-PRO113	4086	0	25	0.0									not_selected				3762
combined_all	PRO88-PRO1231	4086	0	25	0.0									not_selected				3763
combined_all	PRO88-PRO1232	4086	0	25	0.0									not_selected				3764
combined_all	PRO88-PRO1233	4086	0	25	0.0									not_selected				3765
combined_all	PRO88-PRO1234	4086	0	25	0.0									not_selected				3766
combined_all	PRO88-PRO1235	4086	0	25	0.0									not_selected				3767
combined_all	PRO88-PRO1236	4086	0	25	0.0									not_selected				3768
combined_all	PRO88-PRO1237	4086	0	25	0.0									not_selected				3769
combined_all	PRO88-PRO124	4086	0	25	0.0									not_selected				3770
combined_all	PRO88-PRO125	4086	0	25	0.0									not_selected				3771
combined_all	PRO88-PRO1275	4086	0	25	0.0									not_selected				3772
combined_all	PRO88-PRO1276	4086	0	25	0.0									not_selected				3773
combined_all	PRO88-PRO1277	4086	0	25	0.0									not_selected				3774
combined_all	PRO88-PRO1278	4086	0	25	0.0									not_selected				3775
combined_all	PRO88-PRO1279	4086	0	25	0.0									not_selected				3776
combined_all	PRO88-PRO1280	4086	0	25	0.0									not_selected				3777
combined_all	PRO88-PRO1282	4086	0	25	0.0									not_selected				3778
combined_all	PRO88-PRO1283	4086	0	25	0.0									not_selected				3779
combined_all	PRO88-PRO1286	4086	0	25	0.0									not_selected				3780
combined_all	PRO88-PRO133	4086	0	25	0.0									not_selected				3781
combined_all	PRO88-PRO1391	4086	0	25	0.0									not_selected				3782
combined_all	PRO88-PRO89	4086	0	25	0.0									not_selected				3783
combined_all	PRO88-PRO90	4086	0	25	0.0									not_selected				3784
combined_all	PRO88-PRO91	4086	0	25	0.0									not_selected				3785
combined_all	PRO88-PRO92	4086	0	25	0.0									not_selected				3786
combined_all	PRO88-PRO95	4086	0	25	0.0									not_selected				3787
combined_all	PRO88-PRO96	4086	0	25	0.0									not_selected				3788
combined_all	PRO89-GTP	4086	0	25	0.0									not_selected				3789
combined_all	PRO89-PRO113	4086	0	25	0.0									not_selected				3790
combined_all	PRO89-PRO114	4086	0	25	0.0									not_selected				3791
combined_all	PRO89-PRO115	4086	0	25	0.0									not_selected				3792
combined_all	PRO89-PRO116	4086	0	25	0.0									not_selected				3793
combined_all	PRO89-PRO117	4086	0	25	0.0									not_selected				3794
combined_all	PRO89-PRO123	4086	0	25	0.0									not_selected				3795
combined_all	PRO89-PRO1233	4086	0	25	0.0									not_selected				3796
combined_all	PRO89-PRO1234	4086	0	25	0.0									not_selected				3797
combined_all	PRO89-PRO1236	4086	0	25	0.0									not_selected				3798
combined_all	PRO89-PRO124	4086	0	25	0.0									not_selected				3799
combined_all	PRO89-PRO125	4086	0	25	0.0									not_selected				3800
combined_all	PRO89-PRO1276	4086	0	25	0.0									not_selected				3801
combined_all	PRO89-PRO1279	4086	0	25	0.0									not_selected				3802
combined_all	PRO89-PRO130	4086	0	25	0.0									not_selected				3803
combined_all	PRO89-PRO133	4086	0	25	0.0									not_selected				3804
combined_all	PRO89-PRO137	4086	0	25	0.0									not_selected				3805
combined_all	PRO89-PRO141	4086	0	25	0.0									not_selected				3806
combined_all	PRO89-PRO90	4086	0	25	0.0									not_selected				3807
combined_all	PRO89-PRO91	4086	0	25	0.0									not_selected				3808
combined_all	PRO89-PRO92	4086	0	25	0.0									not_selected				3809
combined_all	PRO89-PRO93	4086	0	25	0.0									not_selected				3810
combined_all	PRO89-PRO94	4086	0	25	0.0									not_selected				3811
combined_all	PRO89-PRO95	4086	0	25	0.0									not_selected				3812
combined_all	PRO89-PRO96	4086	0	25	0.0									not_selected				3813
combined_all	PRO89-PRO97	4086	0	25	0.0									not_selected				3814
combined_all	PRO9-GTP	4086	0	25	0.0									not_selected				3815
combined_all	PRO9-PRO10	4086	0	25	0.0									not_selected				3816
combined_all	PRO9-PRO100	4086	0	25	0.0									not_selected				3817
combined_all	PRO9-PRO101	4086	0	25	0.0									not_selected				3818
combined_all	PRO9-PRO103	4086	0	25	0.0									not_selected				3819
combined_all	PRO9-PRO104	4086	0	25	0.0									not_selected				3820
combined_all	PRO9-PRO109	4086	0	25	0.0									not_selected				3821
combined_all	PRO9-PRO11	4086	0	25	0.0									not_selected				3822
combined_all	PRO9-PRO110	4086	0	25	0.0									not_selected				3823
combined_all	PRO9-PRO111	4086	0	25	0.0									not_selected				3824
combined_all	PRO9-PRO112	4086	0	25	0.0									not_selected				3825
combined_all	PRO9-PRO113	4086	0	25	0.0									not_selected				3826
combined_all	PRO9-PRO114	4086	0	25	0.0									not_selected				3827
combined_all	PRO9-PRO115	4086	0	25	0.0									not_selected				3828
combined_all	PRO9-PRO116	4086	0	25	0.0									not_selected				3829
combined_all	PRO9-PRO12	4086	0	25	0.0									not_selected				3830
combined_all	PRO9-PRO13	4086	0	25	0.0									not_selected				3831
combined_all	PRO9-PRO139	4086	0	25	0.0									not_selected				3832
combined_all	PRO9-PRO14	4086	0	25	0.0									not_selected				3833
combined_all	PRO9-PRO15	4086	0	25	0.0									not_selected				3834
combined_all	PRO9-PRO155	4086	0	25	0.0									not_selected				3835
combined_all	PRO9-PRO156	4086	0	25	0.0									not_selected				3836
combined_all	PRO9-PRO159	4086	0	25	0.0									not_selected				3837
combined_all	PRO9-PRO16	4086	0	25	0.0									not_selected				3838
combined_all	PRO9-PRO17	4086	0	25	0.0									not_selected				3839
combined_all	PRO9-PRO19	4086	0	25	0.0									not_selected				3840
combined_all	PRO9-PRO20	4086	0	25	0.0									not_selected				3841
combined_all	PRO9-PRO35	4086	0	25	0.0									not_selected				3842
combined_all	PRO9-PRO37	4086	0	25	0.0									not_selected				3843
combined_all	PRO9-PRO55	4086	0	25	0.0									not_selected				3844
combined_all	PRO9-PRO56	4086	0	25	0.0									not_selected				3845
combined_all	PRO9-PRO57	4086	0	25	0.0									not_selected				3846
combined_all	PRO9-PRO58	4086	0	25	0.0									not_selected				3847
combined_all	PRO9-PRO59	4086	0	25	0.0									not_selected				3848
combined_all	PRO9-PRO60	4086	0	25	0.0									not_selected				3849
combined_all	PRO9-PRO61	4086	0	25	0.0									not_selected				3850
combined_all	PRO9-PRO64	4086	0	25	0.0									not_selected				3851
combined_all	PRO9-PRO65	4086	0	25	0.0									not_selected				3852
combined_all	PRO9-PRO67	4086	0	25	0.0									not_selected				3853
combined_all	PRO9-PRO68	4086	0	25	0.0									not_selected				3854
combined_all	PRO9-PRO69	4086	0	25	0.0									not_selected				3855
combined_all	PRO9-PRO70	4086	0	25	0.0									not_selected				3856
combined_all	PRO9-PRO71	4086	0	25	0.0									not_selected				3857
combined_all	PRO9-PRO72	4086	0	25	0.0									not_selected				3858
combined_all	PRO9-PRO73	4086	0	25	0.0									not_selected				3859
combined_all	PRO9-PRO74	4086	0	25	0.0									not_selected				3860
combined_all	PRO9-PRO75	4086	0	25	0.0									not_selected				3861
combined_all	PRO9-PRO76	4086	0	25	0.0									not_selected				3862
combined_all	PRO9-PRO77	4086	0	25	0.0									not_selected				3863
combined_all	PRO9-PRO78	4086	0	25	0.0									not_selected				3864
combined_all	PRO9-PRO79	4086	0	25	0.0									not_selected				3865
combined_all	PRO9-PRO80	4086	0	25	0.0									not_selected				3866
combined_all	PRO9-PRO81	4086	0	25	0.0									not_selected				3867
combined_all	PRO9-PRO82	4086	0	25	0.0									not_selected				3868
combined_all	PRO9-PRO83	4086	0	25	0.0									not_selected				3869
combined_all	PRO9-PRO89	4086	0	25	0.0									not_selected				3870
combined_all	PRO9-PRO90	4086	0	25	0.0									not_selected				3871
combined_all	PRO9-PRO92	4086	0	25	0.0									not_selected				3872
combined_all	PRO9-PRO93	4086	0	25	0.0									not_selected				3873
combined_all	PRO9-PRO94	4086	0	25	0.0									not_selected				3874
combined_all	PRO9-PRO95	4086	0	25	0.0									not_selected				3875
combined_all	PRO9-PRO96	4086	0	25	0.0									not_selected				3876
combined_all	PRO9-PRO97	4086	0	25	0.0									not_selected				3877
combined_all	PRO9-PRO98	4086	0	25	0.0									not_selected				3878
combined_all	PRO9-PRO99	4086	0	25	0.0									not_selected				3879
combined_all	PRO90-PRO113	4086	0	25	0.0									not_selected				3880
combined_all	PRO90-PRO114	4086	0	25	0.0									not_selected				3881
combined_all	PRO90-PRO115	4086	0	25	0.0									not_selected				3882
combined_all	PRO90-PRO116	4086	0	25	0.0									not_selected				3883
combined_all	PRO90-PRO123	4086	0	25	0.0									not_selected				3884
combined_all	PRO90-PRO1233	4086	0	25	0.0									not_selected				3885
combined_all	PRO90-PRO1234	4086	0	25	0.0									not_selected				3886
combined_all	PRO90-PRO124	4086	0	25	0.0									not_selected				3887
combined_all	PRO90-PRO125	4086	0	25	0.0									not_selected				3888
combined_all	PRO90-PRO127	4086	0	25	0.0									not_selected				3889
combined_all	PRO90-PRO1277	4086	0	25	0.0									not_selected				3890
combined_all	PRO90-PRO1278	4086	0	25	0.0									not_selected				3891
combined_all	PRO90-PRO129	4086	0	25	0.0									not_selected				3892
combined_all	PRO90-PRO130	4086	0	25	0.0									not_selected				3893
combined_all	PRO90-PRO133	4086	0	25	0.0									not_selected				3894
combined_all	PRO90-PRO134	4086	0	25	0.0									not_selected				3895
combined_all	PRO90-PRO136	4086	0	25	0.0									not_selected				3896
combined_all	PRO90-PRO137	4086	0	25	0.0									not_selected				3897
combined_all	PRO90-PRO139	4086	0	25	0.0									not_selected				3898
combined_all	PRO90-PRO141	4086	0	25	0.0									not_selected				3899
combined_all	PRO90-PRO142	4086	0	25	0.0									not_selected				3900
combined_all	PRO90-PRO143	4086	0	25	0.0									not_selected				3901
combined_all	PRO90-PRO91	4086	0	25	0.0									not_selected				3902
combined_all	PRO90-PRO93	4086	0	25	0.0									not_selected				3903
combined_all	PRO90-PRO94	4086	0	25	0.0									not_selected				3904
combined_all	PRO90-PRO95	4086	0	25	0.0									not_selected				3905
combined_all	PRO90-PRO96	4086	0	25	0.0									not_selected				3906
combined_all	PRO90-PRO97	4086	0	25	0.0									not_selected				3907
combined_all	PRO90-PRO98	4086	0	25	0.0									not_selected				3908
combined_all	PRO91-PRO113	4086	0	25	0.0									not_selected				3909
combined_all	PRO91-PRO1231	4086	0	25	0.0									not_selected				3910
combined_all	PRO91-PRO1232	4086	0	25	0.0									not_selected				3911
combined_all	PRO91-PRO1233	4086	0	25	0.0									not_selected				3912
combined_all	PRO91-PRO1234	4086	0	25	0.0									not_selected				3913
combined_all	PRO91-PRO1235	4086	0	25	0.0									not_selected				3914
combined_all	PRO91-PRO1236	4086	0	25	0.0									not_selected				3915
combined_all	PRO91-PRO124	4086	0	25	0.0									not_selected				3916
combined_all	PRO91-PRO125	4086	0	25	0.0									not_selected				3917
combined_all	PRO91-PRO1278	4086	0	25	0.0									not_selected				3918
combined_all	PRO91-PRO129	4086	0	25	0.0									not_selected				3919
combined_all	PRO91-PRO130	4086	0	25	0.0									not_selected				3920
combined_all	PRO91-PRO133	4086	0	25	0.0									not_selected				3921
combined_all	PRO91-PRO137	4086	0	25	0.0									not_selected				3922
combined_all	PRO91-PRO92	4086	0	25	0.0									not_selected				3923
combined_all	PRO91-PRO93	4086	0	25	0.0									not_selected				3924
combined_all	PRO91-PRO95	4086	0	25	0.0									not_selected				3925
combined_all	PRO91-PRO96	4086	0	25	0.0									not_selected				3926
combined_all	PRO91-PRO99	4086	0	25	0.0									not_selected				3927
combined_all	PRO92-LIG	4086	0	25	0.0									not_selected				3928
combined_all	PRO92-PRO100	4086	0	25	0.0									not_selected				3929
combined_all	PRO92-PRO111	4086	0	25	0.0									not_selected				3930
combined_all	PRO92-PRO113	4086	0	25	0.0									not_selected				3931
combined_all	PRO92-PRO114	4086	0	25	0.0									not_selected				3932
combined_all	PRO92-PRO1233	4086	0	25	0.0									not_selected				3933
combined_all	PRO92-PRO1234	4086	0	25	0.0									not_selected				3934
combined_all	PRO92-PRO1235	4086	0	25	0.0									not_selected				3935
combined_all	PRO92-PRO1237	4086	0	25	0.0									not_selected				3936
combined_all	PRO92-PRO125	4086	0	25	0.0									not_selected				3937
combined_all	PRO92-PRO1277	4086	0	25	0.0									not_selected				3938
combined_all	PRO92-PRO1278	4086	0	25	0.0									not_selected				3939
combined_all	PRO92-PRO1283	4086	0	25	0.0									not_selected				3940
combined_all	PRO92-PRO133	4086	0	25	0.0									not_selected				3941
combined_all	PRO92-PRO137	4086	0	25	0.0									not_selected				3942
combined_all	PRO92-PRO139	4086	0	25	0.0									not_selected				3943
combined_all	PRO92-PRO93	4086	0	25	0.0									not_selected				3944
combined_all	PRO92-PRO94	4086	0	25	0.0									not_selected				3945
combined_all	PRO92-PRO95	4086	0	25	0.0									not_selected				3946
combined_all	PRO92-PRO96	4086	0	25	0.0									not_selected				3947
combined_all	PRO92-PRO97	4086	0	25	0.0									not_selected				3948
combined_all	PRO92-PRO98	4086	0	25	0.0									not_selected				3949
combined_all	PRO92-PRO99	4086	0	25	0.0									not_selected				3950
combined_all	PRO93-PRO100	4086	0	25	0.0									not_selected				3951
combined_all	PRO93-PRO101	4086	0	25	0.0									not_selected				3952
combined_all	PRO93-PRO111	4086	0	25	0.0									not_selected				3953
combined_all	PRO93-PRO112	4086	0	25	0.0									not_selected				3954
combined_all	PRO93-PRO113	4086	0	25	0.0									not_selected				3955
combined_all	PRO93-PRO114	4086	0	25	0.0									not_selected				3956
combined_all	PRO93-PRO115	4086	0	25	0.0									not_selected				3957
combined_all	PRO93-PRO116	4086	0	25	0.0									not_selected				3958
combined_all	PRO93-PRO123	4086	0	25	0.0									not_selected				3959
combined_all	PRO93-PRO1233	4086	0	25	0.0									not_selected				3960
combined_all	PRO93-PRO1234	4086	0	25	0.0									not_selected				3961
combined_all	PRO93-PRO125	4086	0	25	0.0									not_selected				3962
combined_all	PRO93-PRO127	4086	0	25	0.0									not_selected				3963
combined_all	PRO93-PRO129	4086	0	25	0.0									not_selected				3964
combined_all	PRO93-PRO130	4086	0	25	0.0									not_selected				3965
combined_all	PRO93-PRO133	4086	0	25	0.0									not_selected				3966
combined_all	PRO93-PRO134	4086	0	25	0.0									not_selected				3967
combined_all	PRO93-PRO136	4086	0	25	0.0									not_selected				3968
combined_all	PRO93-PRO137	4086	0	25	0.0									not_selected				3969
combined_all	PRO93-PRO139	4086	0	25	0.0									not_selected				3970
combined_all	PRO93-PRO141	4086	0	25	0.0									not_selected				3971
combined_all	PRO93-PRO142	4086	0	25	0.0									not_selected				3972
combined_all	PRO93-PRO143	4086	0	25	0.0									not_selected				3973
combined_all	PRO93-PRO94	4086	0	25	0.0									not_selected				3974
combined_all	PRO93-PRO95	4086	0	25	0.0									not_selected				3975
combined_all	PRO93-PRO96	4086	0	25	0.0									not_selected				3976
combined_all	PRO93-PRO97	4086	0	25	0.0									not_selected				3977
combined_all	PRO93-PRO98	4086	0	25	0.0									not_selected				3978
combined_all	PRO93-PRO99	4086	0	25	0.0									not_selected				3979
combined_all	PRO94-PRO100	4086	0	25	0.0									not_selected				3980
combined_all	PRO94-PRO101	4086	0	25	0.0									not_selected				3981
combined_all	PRO94-PRO102	4086	0	25	0.0									not_selected				3982
combined_all	PRO94-PRO107	4086	0	25	0.0									not_selected				3983
combined_all	PRO94-PRO111	4086	0	25	0.0									not_selected				3984
combined_all	PRO94-PRO113	4086	0	25	0.0									not_selected				3985
combined_all	PRO94-PRO1234	4086	0	25	0.0									not_selected				3986
combined_all	PRO94-PRO1235	4086	0	25	0.0									not_selected				3987
combined_all	PRO94-PRO125	4086	0	25	0.0									not_selected				3988
combined_all	PRO94-PRO129	4086	0	25	0.0									not_selected				3989
combined_all	PRO94-PRO130	4086	0	25	0.0									not_selected				3990
combined_all	PRO94-PRO133	4086	0	25	0.0									not_selected				3991
combined_all	PRO94-PRO134	4086	0	25	0.0									not_selected				3992
combined_all	PRO94-PRO136	4086	0	25	0.0									not_selected				3993
combined_all	PRO94-PRO139	4086	0	25	0.0									not_selected				3994
combined_all	PRO94-PRO95	4086	0	25	0.0									not_selected				3995
combined_all	PRO94-PRO96	4086	0	25	0.0									not_selected				3996
combined_all	PRO94-PRO97	4086	0	25	0.0									not_selected				3997
combined_all	PRO94-PRO98	4086	0	25	0.0									not_selected				3998
combined_all	PRO94-PRO99	4086	0	25	0.0									not_selected				3999
combined_all	PRO95-LIG	4086	0	25	0.0									not_selected				4000
combined_all	PRO95-PRO100	4086	0	25	0.0									not_selected				4001
combined_all	PRO95-PRO101	4086	0	25	0.0									not_selected				4002
combined_all	PRO95-PRO102	4086	0	25	0.0									not_selected				4003
combined_all	PRO95-PRO103	4086	0	25	0.0									not_selected				4004
combined_all	PRO95-PRO104	4086	0	25	0.0									not_selected				4005
combined_all	PRO95-PRO111	4086	0	25	0.0									not_selected				4006
combined_all	PRO95-PRO113	4086	0	25	0.0									not_selected				4007
combined_all	PRO95-PRO1234	4086	0	25	0.0									not_selected				4008
combined_all	PRO95-PRO1235	4086	0	25	0.0									not_selected				4009
combined_all	PRO95-PRO1237	4086	0	25	0.0									not_selected				4010
combined_all	PRO95-PRO133	4086	0	25	0.0									not_selected				4011
combined_all	PRO95-PRO137	4086	0	25	0.0									not_selected				4012
combined_all	PRO95-PRO139	4086	0	25	0.0									not_selected				4013
combined_all	PRO95-PRO96	4086	0	25	0.0									not_selected				4014
combined_all	PRO95-PRO97	4086	0	25	0.0									not_selected				4015
combined_all	PRO95-PRO98	4086	0	25	0.0									not_selected				4016
combined_all	PRO95-PRO99	4086	0	25	0.0									not_selected				4017
combined_all	PRO96-GTP	4086	0	25	0.0									not_selected				4018
combined_all	PRO96-PRO100	4086	0	25	0.0									not_selected				4019
combined_all	PRO96-PRO101	4086	0	25	0.0									not_selected				4020
combined_all	PRO96-PRO102	4086	0	25	0.0									not_selected				4021
combined_all	PRO96-PRO103	4086	0	25	0.0									not_selected				4022
combined_all	PRO96-PRO104	4086	0	25	0.0									not_selected				4023
combined_all	PRO96-PRO105	4086	0	25	0.0									not_selected				4024
combined_all	PRO96-PRO106	4086	0	25	0.0									not_selected				4025
combined_all	PRO96-PRO107	4086	0	25	0.0									not_selected				4026
combined_all	PRO96-PRO110	4086	0	25	0.0									not_selected				4027
combined_all	PRO96-PRO111	4086	0	25	0.0									not_selected				4028
combined_all	PRO96-PRO112	4086	0	25	0.0									not_selected				4029
combined_all	PRO96-PRO113	4086	0	25	0.0									not_selected				4030
combined_all	PRO96-PRO114	4086	0	25	0.0									not_selected				4031
combined_all	PRO96-PRO133	4086	0	25	0.0									not_selected				4032
combined_all	PRO96-PRO137	4086	0	25	0.0									not_selected				4033
combined_all	PRO96-PRO139	4086	0	25	0.0									not_selected				4034
combined_all	PRO96-PRO97	4086	0	25	0.0									not_selected				4035
combined_all	PRO96-PRO98	4086	0	25	0.0									not_selected				4036
combined_all	PRO96-PRO99	4086	0	25	0.0									not_selected				4037
combined_all	PRO97-PRO100	4086	0	25	0.0									not_selected				4038
combined_all	PRO97-PRO101	4086	0	25	0.0									not_selected				4039
combined_all	PRO97-PRO102	4086	0	25	0.0									not_selected				4040
combined_all	PRO97-PRO103	4086	0	25	0.0									not_selected				4041
combined_all	PRO97-PRO104	4086	0	25	0.0									not_selected				4042
combined_all	PRO97-PRO105	4086	0	25	0.0									not_selected				4043
combined_all	PRO97-PRO106	4086	0	25	0.0									not_selected				4044
combined_all	PRO97-PRO107	4086	0	25	0.0									not_selected				4045
combined_all	PRO97-PRO109	4086	0	25	0.0									not_selected				4046
combined_all	PRO97-PRO110	4086	0	25	0.0									not_selected				4047
combined_all	PRO97-PRO111	4086	0	25	0.0									not_selected				4048
combined_all	PRO97-PRO112	4086	0	25	0.0									not_selected				4049
combined_all	PRO97-PRO113	4086	0	25	0.0									not_selected				4050
combined_all	PRO97-PRO114	4086	0	25	0.0									not_selected				4051
combined_all	PRO97-PRO133	4086	0	25	0.0									not_selected				4052
combined_all	PRO97-PRO134	4086	0	25	0.0									not_selected				4053
combined_all	PRO97-PRO136	4086	0	25	0.0									not_selected				4054
combined_all	PRO97-PRO137	4086	0	25	0.0									not_selected				4055
combined_all	PRO97-PRO139	4086	0	25	0.0									not_selected				4056
combined_all	PRO97-PRO98	4086	0	25	0.0									not_selected				4057
combined_all	PRO97-PRO99	4086	0	25	0.0									not_selected				4058
combined_all	PRO98-PRO100	4086	0	25	0.0									not_selected				4059
combined_all	PRO98-PRO101	4086	0	25	0.0									not_selected				4060
combined_all	PRO98-PRO102	4086	0	25	0.0									not_selected				4061
combined_all	PRO98-PRO103	4086	0	25	0.0									not_selected				4062
combined_all	PRO98-PRO104	4086	0	25	0.0									not_selected				4063
combined_all	PRO98-PRO105	4086	0	25	0.0									not_selected				4064
combined_all	PRO98-PRO106	4086	0	25	0.0									not_selected				4065
combined_all	PRO98-PRO107	4086	0	25	0.0									not_selected				4066
combined_all	PRO98-PRO109	4086	0	25	0.0									not_selected				4067
combined_all	PRO98-PRO111	4086	0	25	0.0									not_selected				4068
combined_all	PRO98-PRO113	4086	0	25	0.0									not_selected				4069
combined_all	PRO98-PRO133	4086	0	25	0.0									not_selected				4070
combined_all	PRO98-PRO136	4086	0	25	0.0									not_selected				4071
combined_all	PRO98-PRO137	4086	0	25	0.0									not_selected				4072
combined_all	PRO98-PRO139	4086	0	25	0.0									not_selected				4073
combined_all	PRO98-PRO99	4086	0	25	0.0									not_selected				4074
combined_all	PRO99-LIG	4086	0	25	0.0									not_selected				4075
combined_all	PRO99-PRO100	4086	0	25	0.0									not_selected				4076
combined_all	PRO99-PRO101	4086	0	25	0.0									not_selected				4077
combined_all	PRO99-PRO102	4086	0	25	0.0									not_selected				4078
combined_all	PRO99-PRO103	4086	0	25	0.0									not_selected				4079
combined_all	PRO99-PRO104	4086	0	25	0.0									not_selected				4080
combined_all	PRO99-PRO105	4086	0	25	0.0									not_selected				4081
combined_all	PRO99-PRO106	4086	0	25	0.0									not_selected				4082
combined_all	PRO99-PRO107	4086	0	25	0.0									not_selected				4083
combined_all	PRO99-PRO109	4086	0	25	0.0									not_selected				4084
combined_all	PRO99-PRO111	4086	0	25	0.0									not_selected				4085
combined_all	PRO99-PRO137	4086	0	25	0.0									not_selected				4086
