feature_set	outer_repeat	outer_fold	outer_split	best_k	best_c	n_input_features	n_after_variance	n_selected_features	selected_rank_by_f_score	feature	f_score_outer_training	f_p_value_outer_training	coefficient_for_low_class	absolute_coefficient	coefficient_direction
residue_ligand	1	1	1	all	0.01	21	21	21	18	PRO60-LIG	0.256104172995271	0.6145481710892843	-0.01532505707148999	0.01532505707148999	towards_high
residue_ligand	1	1	1	all	0.01	21	21	21	16	PRO61-LIG	0.7493022295709264	0.38993059183473844	0.021288409672925022	0.021288409672925022	towards_low
residue_ligand	1	1	1	all	0.01	21	21	21	13	PRO62-LIG	1.7611190964050467	0.18920012656976656	-0.02390406179076908	0.02390406179076908	towards_high
residue_ligand	1	1	1	all	0.01	21	21	21	17	PRO63-LIG	0.5832861976814233	0.4478335434409351	0.012894305964118802	0.012894305964118802	towards_low
residue_ligand	1	1	1	all	0.01	21	21	21	8	PRO64-LIG	3.284311599286022	0.07463613481820196	0.031142856437605258	0.031142856437605258	towards_low
residue_ligand	1	1	1	all	0.01	21	21	21	1	PRO65-LIG	3.96855574831362	0.05062723902787061	0.052705148936779744	0.052705148936779744	towards_low
residue_ligand	1	1	1	all	0.01	21	21	21	3	PRO66-LIG	3.8818551033452633	0.05314030010172747	0.032191132025309356	0.032191132025309356	towards_low
residue_ligand	1	1	1	all	0.01	21	21	21	6	PRO67-LIG	3.5976702116552506	0.062375262293384644	0.028992263419414733	0.028992263419414733	towards_low
residue_ligand	1	1	1	all	0.01	21	21	21	19	PRO68-LIG	0.1647224752368729	0.6861991123942901	0.014883067183272083	0.014883067183272083	towards_low
residue_ligand	1	1	1	all	0.01	21	21	21	10	PRO69-LIG	2.59437711241498	0.11216512577215093	0.03965837770959213	0.03965837770959213	towards_low
residue_ligand	1	1	1	all	0.01	21	21	21	4	PRO88-LIG	3.783175687990073	0.05616643088762899	-0.042262835287149185	0.042262835287149185	towards_high
residue_ligand	1	1	1	all	0.01	21	21	21	12	PRO92-LIG	1.9137353765892087	0.17135565160355268	-0.03125738288185209	0.03125738288185209	towards_high
residue_ligand	1	1	1	all	0.01	21	21	21	15	PRO95-LIG	0.9977858066162076	0.321608694020168	-0.017898738193859634	0.017898738193859634	towards_high
residue_ligand	1	1	1	all	0.01	21	21	21	20	PRO99-LIG	0.007057436991463656	0.9333118574472907	0.01087769124764909	0.01087769124764909	towards_low
residue_ligand	1	1	1	all	0.01	21	21	21	5	PRO1234-LIG	3.667626294036959	0.059950150959470656	-0.0358055473650558	0.0358055473650558	towards_high
residue_ligand	1	1	1	all	0.01	21	21	21	2	PRO1235-LIG	3.9575449500942663	0.05093912775629135	-0.037948828914564955	0.037948828914564955	towards_high
residue_ligand	1	1	1	all	0.01	21	21	21	11	PRO1237-LIG	2.3974408975127472	0.12646504924962804	-0.023388791775165497	0.023388791775165497	towards_high
residue_ligand	1	1	1	all	0.01	21	21	21	7	PRO1241-LIG	3.398514226969651	0.06988597559841407	-0.04329324862306068	0.04329324862306068	towards_high
residue_ligand	1	1	1	all	0.01	21	21	21	9	PRO1278-LIG	3.254258779401182	0.0759443606738637	-0.030505844622012734	0.030505844622012734	towards_high
residue_ligand	1	1	1	all	0.01	21	21	21	14	PRO1283-LIG	1.4097536041099799	0.23948552178104152	-0.011076091896683854	0.011076091896683854	towards_high
residue_ligand	1	1	1	all	0.01	21	21	21	21	PRO1290-LIG	0.0049019819051824435	0.9444007048241547	-0.010159578994447608	0.010159578994447608	towards_high
residue_ligand	1	2	2	all	0.01	21	21	21	18	PRO60-LIG	0.1510871634579867	0.6987887301430469	0.00192295577785096	0.00192295577785096	towards_low
residue_ligand	1	2	2	all	0.01	21	21	21	6	PRO61-LIG	3.5798309371686545	0.06301066968445035	0.04704113583556942	0.04704113583556942	towards_low
residue_ligand	1	2	2	all	0.01	21	21	21	16	PRO62-LIG	0.21547017525875492	0.6440884405944187	-0.0023207797162187044	0.0023207797162187044	towards_high
residue_ligand	1	2	2	all	0.01	21	21	21	11	PRO63-LIG	1.9853902835597612	0.16366403208729077	0.03540106117582671	0.03540106117582671	towards_low
residue_ligand	1	2	2	all	0.01	21	21	21	2	PRO64-LIG	8.521039787022438	0.004840749573980772	0.05965463009173669	0.05965463009173669	towards_low
residue_ligand	1	2	2	all	0.01	21	21	21	1	PRO65-LIG	9.770121025560858	0.0026666037698971808	0.0747157924115597	0.0747157924115597	towards_low
residue_ligand	1	2	2	all	0.01	21	21	21	3	PRO66-LIG	7.977564859101981	0.006307662690610711	0.05607082615273742	0.05607082615273742	towards_low
residue_ligand	1	2	2	all	0.01	21	21	21	4	PRO67-LIG	7.956445147609237	0.0063733178799671554	0.05448104233204478	0.05448104233204478	towards_low
residue_ligand	1	2	2	all	0.01	21	21	21	9	PRO68-LIG	2.402257543851466	0.12609155379293563	0.042384118334372244	0.042384118334372244	towards_low
residue_ligand	1	2	2	all	0.01	21	21	21	5	PRO69-LIG	3.843805944626759	0.05428561997032301	0.04055474011877199	0.04055474011877199	towards_low
residue_ligand	1	2	2	all	0.01	21	21	21	12	PRO88-LIG	1.3941432017315767	0.2420762267632847	-0.021962094396870885	0.021962094396870885	towards_high
residue_ligand	1	2	2	all	0.01	21	21	21	15	PRO92-LIG	0.4993278970454815	0.4823603934937003	-0.01450806559723914	0.01450806559723914	towards_high
residue_ligand	1	2	2	all	0.01	21	21	21	20	PRO95-LIG	0.09417382978974331	0.7599328402995852	0.002131235331955365	0.002131235331955365	towards_low
residue_ligand	1	2	2	all	0.01	21	21	21	19	PRO99-LIG	0.12414175089235598	0.7257427612418412	0.010850920306616831	0.010850920306616831	towards_low
residue_ligand	1	2	2	all	0.01	21	21	21	8	PRO1234-LIG	2.5406377936530653	0.11587708539540982	-0.03399495269776782	0.03399495269776782	towards_high
residue_ligand	1	2	2	all	0.01	21	21	21	7	PRO1235-LIG	3.308586511005224	0.07359751328693177	-0.040150751888150746	0.040150751888150746	towards_high
residue_ligand	1	2	2	all	0.01	21	21	21	14	PRO1237-LIG	0.7571672556825184	0.3874685092542076	-0.0037415302976301313	0.0037415302976301313	towards_high
residue_ligand	1	2	2	all	0.01	21	21	21	10	PRO1241-LIG	2.3951321066727087	0.12664452464517348	-0.03410257047352964	0.03410257047352964	towards_high
residue_ligand	1	2	2	all	0.01	21	21	21	13	PRO1278-LIG	1.3389855651386005	0.2515135899833856	-0.012511058595262201	0.012511058595262201	towards_high
residue_ligand	1	2	2	all	0.01	21	21	21	21	PRO1283-LIG	0.05774883457927446	0.8108581329652225	0.019484177046486542	0.019484177046486542	towards_low
residue_ligand	1	2	2	all	0.01	21	21	21	17	PRO1290-LIG	0.19157490533336027	0.663082660075434	0.01603402178424175	0.01603402178424175	towards_low
residue_ligand	1	3	3	4	0.01	21	21	4	2	PRO64-LIG	7.827524388375018	0.006789958273267194	0.07198623057867205	0.07198623057867205	towards_low
residue_ligand	1	3	3	4	0.01	21	21	4	1	PRO66-LIG	9.7962862443489	0.0026339501925592332	0.08187121903950374	0.08187121903950374	towards_low
residue_ligand	1	3	3	4	0.01	21	21	4	4	PRO67-LIG	7.32068812543382	0.00872648668198084	0.06538624855625055	0.06538624855625055	towards_low
residue_ligand	1	3	3	4	0.01	21	21	4	3	PRO1235-LIG	7.647381497708007	0.007420630116709171	-0.07773078584095797	0.07773078584095797	towards_high
residue_ligand	1	4	4	all	0.1	21	21	21	17	PRO60-LIG	2.041551913867493	0.15784158009817406	-0.031923267944598405	0.031923267944598405	towards_high
residue_ligand	1	4	4	all	0.1	21	21	21	20	PRO61-LIG	0.5244277399650291	0.4715575499342798	0.0649899613915182	0.0649899613915182	towards_low
residue_ligand	1	4	4	all	0.1	21	21	21	9	PRO62-LIG	7.3017600373492115	0.00877809985856212	-0.13367880141091074	0.13367880141091074	towards_high
residue_ligand	1	4	4	all	0.1	21	21	21	16	PRO63-LIG	2.4268736369185926	0.12412654196292369	-0.02581951985155872	0.02581951985155872	towards_high
residue_ligand	1	4	4	all	0.1	21	21	21	7	PRO64-LIG	10.042938233462719	0.002331847077670649	0.045300529982605545	0.045300529982605545	towards_low
residue_ligand	1	4	4	all	0.1	21	21	21	14	PRO65-LIG	4.259891974284804	0.043018687454538455	0.16239880015861438	0.16239880015861438	towards_low
residue_ligand	1	4	4	all	0.1	21	21	21	3	PRO66-LIG	13.281794547081025	0.0005336801955755486	0.06432808702925892	0.06432808702925892	towards_low
residue_ligand	1	4	4	all	0.1	21	21	21	5	PRO67-LIG	12.625854190567903	0.0007144544507838335	0.06732017896356594	0.06732017896356594	towards_low
residue_ligand	1	4	4	all	0.1	21	21	21	21	PRO68-LIG	0.2205407553319326	0.640199838245379	0.03734516106821329	0.03734516106821329	towards_low
residue_ligand	1	4	4	all	0.1	21	21	21	15	PRO69-LIG	3.4619933953538933	0.0673188915786536	0.16087353878409832	0.16087353878409832	towards_low
residue_ligand	1	4	4	all	0.1	21	21	21	4	PRO88-LIG	12.924214938034094	0.0006254167754339105	-0.22248402553353094	0.22248402553353094	towards_high
residue_ligand	1	4	4	all	0.1	21	21	21	10	PRO92-LIG	6.768555161900349	0.011477042651869782	-0.16200750734997774	0.16200750734997774	towards_high
residue_ligand	1	4	4	all	0.1	21	21	21	13	PRO95-LIG	4.396227876975784	0.03991430968532126	-0.11055907793332481	0.11055907793332481	towards_high
residue_ligand	1	4	4	all	0.1	21	21	21	19	PRO99-LIG	0.7890242673630021	0.3776706583689689	0.003973993075784152	0.003973993075784152	towards_low
residue_ligand	1	4	4	all	0.1	21	21	21	6	PRO1234-LIG	11.58275177343781	0.001144138606578537	-0.09256352796800585	0.09256352796800585	towards_high
residue_ligand	1	4	4	all	0.1	21	21	21	2	PRO1235-LIG	14.065504697042824	0.00037821783437095116	-0.2187409062402207	0.2187409062402207	towards_high
residue_ligand	1	4	4	all	0.1	21	21	21	8	PRO1237-LIG	7.8951724686160185	0.006541501031827138	-0.04405158089610046	0.04405158089610046	towards_high
residue_ligand	1	4	4	all	0.1	21	21	21	12	PRO1241-LIG	4.766949064906021	0.032627636758335736	-0.08600506420736383	0.08600506420736383	towards_high
residue_ligand	1	4	4	all	0.1	21	21	21	1	PRO1278-LIG	14.802846797548696	0.00027466164088066136	-0.2010147210229224	0.2010147210229224	towards_high
residue_ligand	1	4	4	all	0.1	21	21	21	11	PRO1283-LIG	5.4977651043582245	0.022105931190757454	0.04848627734320218	0.04848627734320218	towards_low
residue_ligand	1	4	4	all	0.1	21	21	21	18	PRO1290-LIG	1.124800800050657	0.29281204241461983	-0.04466704576120917	0.04466704576120917	towards_high
residue_ligand	1	5	5	12	0.1	21	21	12	12	PRO62-LIG	1.7123410563951045	0.19528999611038086	-0.09274303295542827	0.09274303295542827	towards_high
residue_ligand	1	5	5	12	0.1	21	21	12	4	PRO64-LIG	3.102994371855017	0.08285097092339984	0.06237488555319999	0.06237488555319999	towards_low
residue_ligand	1	5	5	12	0.1	21	21	12	1	PRO65-LIG	6.497340959454986	0.013173420493020897	0.308921265242788	0.308921265242788	towards_low
residue_ligand	1	5	5	12	0.1	21	21	12	2	PRO66-LIG	4.660319042067827	0.034564827463561064	0.025393808097838633	0.025393808097838633	towards_low
residue_ligand	1	5	5	12	0.1	21	21	12	5	PRO67-LIG	3.0339473118122817	0.08626988598225734	-0.06136770223927804	0.06136770223927804	towards_high
residue_ligand	1	5	5	12	0.1	21	21	12	3	PRO69-LIG	4.4125042412942195	0.03956012161533096	0.2048553576870212	0.2048553576870212	towards_low
residue_ligand	1	5	5	12	0.1	21	21	12	7	PRO88-LIG	2.9117457434308567	0.09271059480738617	-0.22593694606288198	0.22593694606288198	towards_high
residue_ligand	1	5	5	12	0.1	21	21	12	9	PRO1234-LIG	2.4599677618037292	0.12163689818640457	-0.05050547580907186	0.05050547580907186	towards_high
residue_ligand	1	5	5	12	0.1	21	21	12	8	PRO1235-LIG	2.7071111824259204	0.10472952970733689	0.008861824751736311	0.008861824751736311	towards_low
residue_ligand	1	5	5	12	0.1	21	21	12	11	PRO1237-LIG	1.866432902005662	0.17659224239894233	0.07115350482267599	0.07115350482267599	towards_low
residue_ligand	1	5	5	12	0.1	21	21	12	10	PRO1241-LIG	2.377539216896046	0.12794603071066685	-0.06776325131839409	0.06776325131839409	towards_high
residue_ligand	1	5	5	12	0.1	21	21	12	6	PRO1278-LIG	2.939150459197488	0.09122108456706393	-0.08689592758475818	0.08689592758475818	towards_high
residue_ligand	2	1	6	all	100.0	21	21	21	20	PRO60-LIG	0.08186787149193042	0.7757060409815866	-5.287048502751743	5.287048502751743	towards_high
residue_ligand	2	1	6	all	100.0	21	21	21	14	PRO61-LIG	1.8466396695671803	0.17894464553574854	3.427995455325287	3.427995455325287	towards_low
residue_ligand	2	1	6	all	100.0	21	21	21	12	PRO62-LIG	2.651142014614956	0.10838888291478879	-2.554500729615997	2.554500729615997	towards_high
residue_ligand	2	1	6	all	100.0	21	21	21	17	PRO63-LIG	0.37339863276485674	0.5433218201623883	0.061947288450847786	0.061947288450847786	towards_low
residue_ligand	2	1	6	all	100.0	21	21	21	5	PRO64-LIG	4.546402749659007	0.03683121471956817	4.152420515119434	4.152420515119434	towards_low
residue_ligand	2	1	6	all	100.0	21	21	21	1	PRO65-LIG	5.561033744895654	0.021431398607721492	-0.1551013146967828	0.1551013146967828	towards_high
residue_ligand	2	1	6	all	100.0	21	21	21	3	PRO66-LIG	4.951552617637588	0.029598454192083058	-3.5453476006626836	3.5453476006626836	towards_high
residue_ligand	2	1	6	all	100.0	21	21	21	6	PRO67-LIG	3.8856654506343924	0.053027057503531254	-4.6334708183372815	4.6334708183372815	towards_high
residue_ligand	2	1	6	all	100.0	21	21	21	15	PRO68-LIG	1.2346356303505648	0.2706643653156073	1.5092042598039637	1.5092042598039637	towards_low
residue_ligand	2	1	6	all	100.0	21	21	21	4	PRO69-LIG	4.815541221904321	0.03184045786451983	4.595807714817362	4.595807714817362	towards_low
residue_ligand	2	1	6	all	100.0	21	21	21	8	PRO88-LIG	3.621401509618387	0.06154080428364306	-4.454096866085725	4.454096866085725	towards_high
residue_ligand	2	1	6	all	100.0	21	21	21	16	PRO92-LIG	1.003703146169579	0.3201890386812267	0.2583290416874331	0.2583290416874331	towards_low
residue_ligand	2	1	6	all	100.0	21	21	21	18	PRO95-LIG	0.2932951252328375	0.589997058817653	4.006623832762384	4.006623832762384	towards_low
residue_ligand	2	1	6	all	100.0	21	21	21	19	PRO99-LIG	0.15361640532713636	0.6964051779909811	2.1905841623182574	2.1905841623182574	towards_low
residue_ligand	2	1	6	all	100.0	21	21	21	11	PRO1234-LIG	3.0901095033880033	0.0835510066608812	-1.0279628605270883	1.0279628605270883	towards_high
residue_ligand	2	1	6	all	100.0	21	21	21	10	PRO1235-LIG	3.2449504524135406	0.0763546625665738	0.8491121367287926	0.8491121367287926	towards_low
residue_ligand	2	1	6	all	100.0	21	21	21	9	PRO1237-LIG	3.335448983597603	0.07246665748715143	-3.409928625949186	3.409928625949186	towards_high
residue_ligand	2	1	6	all	100.0	21	21	21	2	PRO1241-LIG	4.965957693520474	0.029371081945409796	0.7017749415482907	0.7017749415482907	towards_low
residue_ligand	2	1	6	all	100.0	21	21	21	7	PRO1278-LIG	3.795760511739543	0.05577028999753553	0.1582986615899805	0.1582986615899805	towards_low
residue_ligand	2	1	6	all	100.0	21	21	21	13	PRO1283-LIG	2.1304823905583263	0.1492865872501192	4.5734897353376125	4.5734897353376125	towards_low
residue_ligand	2	1	6	all	100.0	21	21	21	21	PRO1290-LIG	0.002058546449220029	0.9639527038161847	2.301280584032521	2.301280584032521	towards_low
residue_ligand	2	2	7	4	0.01	21	21	4	1	PRO65-LIG	11.695457632667562	0.001095347971252923	0.08792245824419562	0.08792245824419562	towards_low
residue_ligand	2	2	7	4	0.01	21	21	4	2	PRO66-LIG	11.653655723863034	0.0011163264896772922	0.08709095330733085	0.08709095330733085	towards_low
residue_ligand	2	2	7	4	0.01	21	21	4	4	PRO67-LIG	8.543133415110598	0.004789277217654873	0.07346458921993601	0.07346458921993601	towards_low
residue_ligand	2	2	7	4	0.01	21	21	4	3	PRO69-LIG	8.930388172293572	0.003974376828386449	0.08375946622829257	0.08375946622829257	towards_low
residue_ligand	2	3	8	12	0.01	21	21	12	12	PRO63-LIG	1.6104048487657905	0.20903076117659916	0.028631675199124438	0.028631675199124438	towards_low
residue_ligand	2	3	8	12	0.01	21	21	12	2	PRO64-LIG	5.454512494966129	0.022664489679621178	0.04721810279331986	0.04721810279331986	towards_low
residue_ligand	2	3	8	12	0.01	21	21	12	4	PRO65-LIG	5.177282592679912	0.02624151181884956	0.059013755856104765	0.059013755856104765	towards_low
residue_ligand	2	3	8	12	0.01	21	21	12	1	PRO66-LIG	6.266204876362232	0.014868803241195475	0.04747143041348226	0.04747143041348226	towards_low
residue_ligand	2	3	8	12	0.01	21	21	12	3	PRO67-LIG	5.315178938041101	0.02439251711554371	0.040505393063177665	0.040505393063177665	towards_low
residue_ligand	2	3	8	12	0.01	21	21	12	9	PRO69-LIG	3.0742792162258445	0.08432794724451145	0.043237868979562194	0.043237868979562194	towards_low
residue_ligand	2	3	8	12	0.01	21	21	12	8	PRO88-LIG	3.473164320877992	0.06696066802861284	-0.04119650117969827	0.04119650117969827	towards_high
residue_ligand	2	3	8	12	0.01	21	21	12	7	PRO1234-LIG	3.7028116457635893	0.05876941494191122	-0.036985241427504874	0.036985241427504874	towards_high
residue_ligand	2	3	8	12	0.01	21	21	12	5	PRO1235-LIG	4.790508509619534	0.032272546274562594	-0.044982049053436154	0.044982049053436154	towards_high
residue_ligand	2	3	8	12	0.01	21	21	12	11	PRO1237-LIG	2.7481237951754305	0.10226286034883267	-0.02887370320773446	0.02887370320773446	towards_high
residue_ligand	2	3	8	12	0.01	21	21	12	6	PRO1241-LIG	4.692615833984962	0.034023541312518335	-0.05615817086843333	0.05615817086843333	towards_high
residue_ligand	2	3	8	12	0.01	21	21	12	10	PRO1278-LIG	3.0310150215762572	0.08649241841047459	-0.029698982300504596	0.029698982300504596	towards_high
residue_ligand	2	4	9	4	1.0	21	21	4	4	PRO64-LIG	7.410920772135989	0.008313101876185076	0.19396322728241855	0.19396322728241855	towards_low
residue_ligand	2	4	9	4	1.0	21	21	4	2	PRO65-LIG	8.582693065889933	0.00467686346981223	0.41429746192384564	0.41429746192384564	towards_low
residue_ligand	2	4	9	4	1.0	21	21	4	1	PRO66-LIG	8.724498685415261	0.004366998191281182	0.2150302156573849	0.2150302156573849	towards_low
residue_ligand	2	4	9	4	1.0	21	21	4	3	PRO67-LIG	7.869165173641839	0.006625767305942296	0.17065559614793374	0.17065559614793374	towards_low
residue_ligand	2	5	10	12	0.01	21	21	12	10	PRO62-LIG	3.4760072543282647	0.06678119644803052	-0.03884477501775692	0.03884477501775692	towards_high
residue_ligand	2	5	10	12	0.01	21	21	12	6	PRO64-LIG	6.275099357424237	0.014760457593621669	0.05392269549016212	0.05392269549016212	towards_low
residue_ligand	2	5	10	12	0.01	21	21	12	3	PRO66-LIG	6.750026745066263	0.011585258676561825	0.0534695638450678	0.0534695638450678	towards_low
residue_ligand	2	5	10	12	0.01	21	21	12	4	PRO67-LIG	6.542651707584205	0.01287256179473528	0.05107021793703235	0.05107021793703235	towards_low
residue_ligand	2	5	10	12	0.01	21	21	12	5	PRO88-LIG	6.3502918118334994	0.014202021824515408	-0.05160333107479593	0.05160333107479593	towards_high
residue_ligand	2	5	10	12	0.01	21	21	12	8	PRO92-LIG	4.6478477124567386	0.03479932596018453	-0.04837439626036062	0.04837439626036062	towards_high
residue_ligand	2	5	10	12	0.01	21	21	12	11	PRO95-LIG	3.0550058296321105	0.0852108982468711	-0.03644401933918091	0.03644401933918091	towards_high
residue_ligand	2	5	10	12	0.01	21	21	12	2	PRO1234-LIG	6.946717511032608	0.01048922891144771	-0.05157002211583765	0.05157002211583765	towards_high
residue_ligand	2	5	10	12	0.01	21	21	12	1	PRO1235-LIG	7.637925193531292	0.007427038923166499	-0.05731379865531637	0.05731379865531637	towards_high
residue_ligand	2	5	10	12	0.01	21	21	12	9	PRO1237-LIG	3.9290282802255443	0.05169010418033959	-0.03783585865109249	0.03783585865109249	towards_high
residue_ligand	2	5	10	12	0.01	21	21	12	7	PRO1278-LIG	5.845743466449852	0.01842731965931087	-0.04663800186668759	0.04663800186668759	towards_high
residue_ligand	2	5	10	12	0.01	21	21	12	12	PRO1283-LIG	2.5560340024506925	0.11472403586123156	-0.0253821303833031	0.0253821303833031	towards_high
residue_ligand	3	1	11	all	0.1	21	21	21	19	PRO60-LIG	0.36113570969048847	0.5499986539384618	-0.1336382535019012	0.1336382535019012	towards_high
residue_ligand	3	1	11	all	0.1	21	21	21	11	PRO61-LIG	2.857646580003917	0.09580585177092424	0.19697904574992342	0.19697904574992342	towards_low
residue_ligand	3	1	11	all	0.1	21	21	21	17	PRO62-LIG	0.8248585405613751	0.3671707844892101	0.027122850146049635	0.027122850146049635	towards_low
residue_ligand	3	1	11	all	0.1	21	21	21	9	PRO63-LIG	3.0029846394407986	0.0879275747004781	0.1087439414214733	0.1087439414214733	towards_low
residue_ligand	3	1	11	all	0.1	21	21	21	1	PRO64-LIG	7.374109104896826	0.008497435156608035	0.09584535645857392	0.09584535645857392	towards_low
residue_ligand	3	1	11	all	0.1	21	21	21	7	PRO65-LIG	4.586402566301459	0.03603921482901827	0.2184486778623231	0.2184486778623231	towards_low
residue_ligand	3	1	11	all	0.1	21	21	21	3	PRO66-LIG	6.1639328459492	0.015670796470524478	0.007734682032036451	0.007734682032036451	towards_low
residue_ligand	3	1	11	all	0.1	21	21	21	5	PRO67-LIG	6.009645734199064	0.01696845366838849	-0.042124007500668297	0.042124007500668297	towards_high
residue_ligand	3	1	11	all	0.1	21	21	21	21	PRO68-LIG	0.038228040933736065	0.8456053736654342	0.09042230147109226	0.09042230147109226	towards_low
residue_ligand	3	1	11	all	0.1	21	21	21	14	PRO69-LIG	1.9215834999207295	0.1704928997469637	0.1347683427402436	0.1347683427402436	towards_low
residue_ligand	3	1	11	all	0.1	21	21	21	8	PRO88-LIG	3.992109305077389	0.04996699125775677	-0.0805871223467178	0.0805871223467178	towards_high
residue_ligand	3	1	11	all	0.1	21	21	21	12	PRO92-LIG	2.670513971315491	0.10713304476408926	-0.1003008494877465	0.1003008494877465	towards_high
residue_ligand	3	1	11	all	0.1	21	21	21	15	PRO95-LIG	1.3353795844112628	0.2521464068061368	0.03325617985890546	0.03325617985890546	towards_low
residue_ligand	3	1	11	all	0.1	21	21	21	20	PRO99-LIG	0.2197085841017105	0.6408547545272035	0.03440283338986465	0.03440283338986465	towards_low
residue_ligand	3	1	11	all	0.1	21	21	21	4	PRO1234-LIG	6.06944667167824	0.016452475514796082	-0.16018894692316096	0.16018894692316096	towards_high
residue_ligand	3	1	11	all	0.1	21	21	21	2	PRO1235-LIG	6.4801418082390905	0.013328180853051465	-0.17840414990739242	0.17840414990739242	towards_high
residue_ligand	3	1	11	all	0.1	21	21	21	13	PRO1237-LIG	2.114321935316011	0.15081336350962746	0.0683722180682501	0.0683722180682501	towards_low
residue_ligand	3	1	11	all	0.1	21	21	21	10	PRO1241-LIG	2.939674203378018	0.09126728228546124	-0.20298988582148142	0.20298988582148142	towards_high
residue_ligand	3	1	11	all	0.1	21	21	21	6	PRO1278-LIG	5.572533043140279	0.021302612119596737	-0.1288098694161948	0.1288098694161948	towards_high
residue_ligand	3	1	11	all	0.1	21	21	21	16	PRO1283-LIG	1.2178688471068349	0.2739114958224753	0.13680563675384586	0.13680563675384586	towards_low
residue_ligand	3	1	11	all	0.1	21	21	21	18	PRO1290-LIG	0.6793968993654841	0.41285582769358997	0.0657346630826607	0.0657346630826607	towards_low
residue_ligand	3	2	12	all	0.1	21	21	21	21	PRO60-LIG	0.08898769962099277	0.7664344143286551	-0.032016763824510526	0.032016763824510526	towards_high
residue_ligand	3	2	12	all	0.1	21	21	21	11	PRO61-LIG	3.64829481298114	0.060609851727872865	0.1985490153707967	0.1985490153707967	towards_low
residue_ligand	3	2	12	all	0.1	21	21	21	15	PRO62-LIG	2.881707805092483	0.0944490404728972	-0.1029103530857772	0.1029103530857772	towards_high
residue_ligand	3	2	12	all	0.1	21	21	21	16	PRO63-LIG	2.28973149071398	0.1351553501961329	0.00839484577105367	0.00839484577105367	towards_low
residue_ligand	3	2	12	all	0.1	21	21	21	2	PRO64-LIG	9.909916895687212	0.0024969103950238988	0.07862227426774203	0.07862227426774203	towards_low
residue_ligand	3	2	12	all	0.1	21	21	21	8	PRO65-LIG	5.43330181411834	0.022918911890588825	0.14089935300554196	0.14089935300554196	towards_low
residue_ligand	3	2	12	all	0.1	21	21	21	3	PRO66-LIG	9.852298474244371	0.00256544360064664	0.045905765510960976	0.045905765510960976	towards_low
residue_ligand	3	2	12	all	0.1	21	21	21	1	PRO67-LIG	10.144378444056187	0.0022371419943114325	0.04092717261925731	0.04092717261925731	towards_low
residue_ligand	3	2	12	all	0.1	21	21	21	18	PRO68-LIG	0.3062999709173985	0.5818879464062802	0.14893489719663494	0.14893489719663494	towards_low
residue_ligand	3	2	12	all	0.1	21	21	21	12	PRO69-LIG	3.576986919980691	0.0631126206494501	0.12903256279913164	0.12903256279913164	towards_low
residue_ligand	3	2	12	all	0.1	21	21	21	5	PRO88-LIG	8.170403748804372	0.005739990529099384	-0.22509865221750638	0.22509865221750638	towards_high
residue_ligand	3	2	12	all	0.1	21	21	21	9	PRO92-LIG	4.9298345167269515	0.029944820131008663	-0.2051805671421376	0.2051805671421376	towards_high
residue_ligand	3	2	12	all	0.1	21	21	21	13	PRO95-LIG	3.220583920441498	0.07744031857252816	-0.1142616243221171	0.1142616243221171	towards_high
residue_ligand	3	2	12	all	0.1	21	21	21	20	PRO99-LIG	0.27020603163283036	0.6049869425087403	-0.0036535201752863045	0.0036535201752863045	towards_high
residue_ligand	3	2	12	all	0.1	21	21	21	6	PRO1234-LIG	8.060686933387446	0.006056071502229389	-0.12522658479727983	0.12522658479727983	towards_high
residue_ligand	3	2	12	all	0.1	21	21	21	4	PRO1235-LIG	8.554241314347015	0.004763615544326348	-0.15287824940162148	0.15287824940162148	towards_high
residue_ligand	3	2	12	all	0.1	21	21	21	10	PRO1237-LIG	4.399469591131612	0.03990495520772197	-0.026927608025905842	0.026927608025905842	towards_high
residue_ligand	3	2	12	all	0.1	21	21	21	14	PRO1241-LIG	3.191428821421752	0.07876173414789187	-0.03568174505850114	0.03568174505850114	towards_high
residue_ligand	3	2	12	all	0.1	21	21	21	7	PRO1278-LIG	6.504004953211731	0.013167100446103468	-0.06551379470274016	0.06551379470274016	towards_high
residue_ligand	3	2	12	all	0.1	21	21	21	17	PRO1283-LIG	1.9803202021434703	0.16419482079547398	0.11954345974536984	0.11954345974536984	towards_low
residue_ligand	3	2	12	all	0.1	21	21	21	19	PRO1290-LIG	0.29895800361557634	0.5864377870322897	-0.1122251068905674	0.1122251068905674	towards_high
residue_ligand	3	3	13	all	0.01	21	21	21	14	PRO60-LIG	2.1830960252304954	0.14443793991213308	-0.039464482961388984	0.039464482961388984	towards_high
residue_ligand	3	3	13	all	0.01	21	21	21	20	PRO61-LIG	0.0037888816306720606	0.951109922091634	-0.003852168087413398	0.003852168087413398	towards_high
residue_ligand	3	3	13	all	0.01	21	21	21	5	PRO62-LIG	4.658433336348763	0.03465871816641402	-0.04516459340525241	0.04516459340525241	towards_high
residue_ligand	3	3	13	all	0.01	21	21	21	18	PRO63-LIG	0.5130898425289407	0.4764100399137183	0.008740935978856402	0.008740935978856402	towards_low
residue_ligand	3	3	13	all	0.01	21	21	21	12	PRO64-LIG	3.3719192798620186	0.07096175687731227	0.029686209117307568	0.029686209117307568	towards_low
residue_ligand	3	3	13	all	0.01	21	21	21	4	PRO65-LIG	4.978450999718739	0.02917539661336854	0.05684921653559138	0.05684921653559138	towards_low
residue_ligand	3	3	13	all	0.01	21	21	21	1	PRO66-LIG	7.559534790147387	0.007750215256081584	0.05391358962846245	0.05391358962846245	towards_low
residue_ligand	3	3	13	all	0.01	21	21	21	10	PRO67-LIG	3.851468068977433	0.0540528447233047	0.025960269311126466	0.025960269311126466	towards_low
residue_ligand	3	3	13	all	0.01	21	21	21	21	PRO68-LIG	0.0013481306326076218	0.9708250204581819	0.009184603828725239	0.009184603828725239	towards_low
residue_ligand	3	3	13	all	0.01	21	21	21	11	PRO69-LIG	3.646035444332401	0.06068746932669914	0.048653107980646794	0.048653107980646794	towards_low
residue_ligand	3	3	13	all	0.01	21	21	21	2	PRO88-LIG	5.791520165591072	0.01900069012396013	-0.047294832202934234	0.047294832202934234	towards_high
residue_ligand	3	3	13	all	0.01	21	21	21	13	PRO92-LIG	2.431686703847742	0.1238365666919802	-0.029556314746758214	0.029556314746758214	towards_high
residue_ligand	3	3	13	all	0.01	21	21	21	16	PRO95-LIG	0.6960149505690053	0.40722920817093117	-0.004478561673275404	0.004478561673275404	towards_high
residue_ligand	3	3	13	all	0.01	21	21	21	19	PRO99-LIG	0.015379871434534504	0.9016915945887161	0.007328088724262085	0.007328088724262085	towards_low
residue_ligand	3	3	13	all	0.01	21	21	21	6	PRO1234-LIG	4.585560245447894	0.036055703100286704	-0.032993455449875156	0.032993455449875156	towards_high
residue_ligand	3	3	13	all	0.01	21	21	21	3	PRO1235-LIG	5.632794424611237	0.020641026623303384	-0.03989798068702056	0.03989798068702056	towards_high
residue_ligand	3	3	13	all	0.01	21	21	21	9	PRO1237-LIG	3.9721855556778523	0.05052487609215879	-0.03298848264963069	0.03298848264963069	towards_high
residue_ligand	3	3	13	all	0.01	21	21	21	8	PRO1241-LIG	4.005918807019021	0.04958422755109213	-0.046514633355888416	0.046514633355888416	towards_high
residue_ligand	3	3	13	all	0.01	21	21	21	7	PRO1278-LIG	4.534968262111766	0.037061038668385476	-0.033739422332763225	0.033739422332763225	towards_high
residue_ligand	3	3	13	all	0.01	21	21	21	15	PRO1283-LIG	2.1554895949047888	0.14695902042396666	-0.015616654707222377	0.015616654707222377	towards_high
residue_ligand	3	3	13	all	0.01	21	21	21	17	PRO1290-LIG	0.5603400653053573	0.45686548463036025	0.015935114335259026	0.015935114335259026	towards_low
residue_ligand	3	4	14	12	0.1	21	21	12	7	PRO61-LIG	3.608647402181174	0.0619181593372685	0.18780401880077027	0.18780401880077027	towards_low
residue_ligand	3	4	14	12	0.1	21	21	12	4	PRO64-LIG	6.241298423198339	0.015019005664573365	0.03170088581007748	0.03170088581007748	towards_low
residue_ligand	3	4	14	12	0.1	21	21	12	2	PRO65-LIG	7.091305135297959	0.009753479614245887	0.21619977564505174	0.21619977564505174	towards_low
residue_ligand	3	4	14	12	0.1	21	21	12	3	PRO66-LIG	6.670230183159166	0.012063754051891747	0.03113379112825345	0.03113379112825345	towards_low
residue_ligand	3	4	14	12	0.1	21	21	12	1	PRO67-LIG	7.156802429221559	0.009438255862258101	0.046935592831748675	0.046935592831748675	towards_low
residue_ligand	3	4	14	12	0.1	21	21	12	8	PRO69-LIG	3.520001033959789	0.06512349726913413	0.12635409974108358	0.12635409974108358	towards_low
residue_ligand	3	4	14	12	0.1	21	21	12	10	PRO88-LIG	2.779201022183801	0.1003075236076562	-0.13021782910806964	0.13021782910806964	towards_high
residue_ligand	3	4	14	12	0.1	21	21	12	9	PRO1234-LIG	3.1889688431920593	0.07880142155683034	-0.06403371166546679	0.06403371166546679	towards_high
residue_ligand	3	4	14	12	0.1	21	21	12	5	PRO1235-LIG	4.009943930915319	0.049407591915646955	-0.10729411810092816	0.10729411810092816	towards_high
residue_ligand	3	4	14	12	0.1	21	21	12	12	PRO1237-LIG	1.9587978021768968	0.1663964807684258	0.03580205280582989	0.03580205280582989	towards_low
residue_ligand	3	4	14	12	0.1	21	21	12	11	PRO1241-LIG	1.9635579148380675	0.1658899827158301	-0.052358916238585566	0.052358916238585566	towards_high
residue_ligand	3	4	14	12	0.1	21	21	12	6	PRO1278-LIG	3.6103392204611153	0.06185868465160465	-0.09186238929924612	0.09186238929924612	towards_high
residue_ligand	3	5	15	4	0.01	21	21	4	1	PRO65-LIG	8.760588722664789	0.004291617955383255	0.0833088133857123	0.0833088133857123	towards_low
residue_ligand	3	5	15	4	0.01	21	21	4	3	PRO66-LIG	7.23313722985176	0.009084347720076541	0.0735059929799419	0.0735059929799419	towards_low
residue_ligand	3	5	15	4	0.01	21	21	4	2	PRO69-LIG	7.370115237413335	0.008483818302940122	0.07574145446997296	0.07574145446997296	towards_low
residue_ligand	3	5	15	4	0.01	21	21	4	4	PRO1241-LIG	5.332803257921257	0.024115538283599084	-0.07065202925086654	0.07065202925086654	towards_high
residue_ligand	4	1	16	12	0.1	21	21	12	8	PRO61-LIG	3.5834362063159846	0.0628816880806047	0.2757362114240356	0.2757362114240356	towards_low
residue_ligand	4	1	16	12	0.1	21	21	12	3	PRO64-LIG	5.123705522002477	0.02699972013353856	0.038702524635097886	0.038702524635097886	towards_low
residue_ligand	4	1	16	12	0.1	21	21	12	2	PRO65-LIG	5.268148992753967	0.025007018227204875	0.1618691173481427	0.1618691173481427	towards_low
residue_ligand	4	1	16	12	0.1	21	21	12	1	PRO66-LIG	5.698812752448608	0.019941210474961803	0.004364249641240339	0.004364249641240339	towards_low
residue_ligand	4	1	16	12	0.1	21	21	12	4	PRO67-LIG	4.812940006461962	0.03188506762010539	-0.046510700291154554	0.046510700291154554	towards_high
residue_ligand	4	1	16	12	0.1	21	21	12	5	PRO69-LIG	4.68816465488196	0.034105541353193304	0.1862499367358484	0.1862499367358484	towards_low
residue_ligand	4	1	16	12	0.1	21	21	12	11	PRO88-LIG	2.737566887026824	0.1029105197132057	-0.15032149430254702	0.15032149430254702	towards_high
residue_ligand	4	1	16	12	0.1	21	21	12	9	PRO1234-LIG	3.1127430351524925	0.08245387963029845	-0.083516321452854	0.083516321452854	towards_high
residue_ligand	4	1	16	12	0.1	21	21	12	6	PRO1235-LIG	4.137906002566807	0.046081855572563064	-0.11231071924871135	0.11231071924871135	towards_high
residue_ligand	4	1	16	12	0.1	21	21	12	12	PRO1237-LIG	2.2315720372346206	0.1401303536879459	0.041355441088774134	0.041355441088774134	towards_low
residue_ligand	4	1	16	12	0.1	21	21	12	7	PRO1241-LIG	3.795168351439399	0.05578886157727541	-0.1730952120805639	0.1730952120805639	towards_high
residue_ligand	4	1	16	12	0.1	21	21	12	10	PRO1278-LIG	2.8452696387497642	0.09651223491278274	-0.055838962028062246	0.055838962028062246	towards_high
residue_ligand	4	2	17	4	0.1	21	21	4	3	PRO64-LIG	13.818211005908939	0.0004257295323574026	0.254120926545092	0.254120926545092	towards_low
residue_ligand	4	2	17	4	0.1	21	21	4	1	PRO65-LIG	15.325892263648322	0.00022205316165051185	0.3617294002546618	0.3617294002546618	towards_low
residue_ligand	4	2	17	4	0.1	21	21	4	2	PRO66-LIG	14.352509663901575	0.00033741249240612097	0.23253015897082924	0.23253015897082924	towards_low
residue_ligand	4	2	17	4	0.1	21	21	4	4	PRO67-LIG	12.565800435375083	0.0007403267427104476	0.18665710063854424	0.18665710063854424	towards_low
residue_ligand	4	3	18	all	0.1	21	21	21	19	PRO60-LIG	0.23906540048772615	0.6265533705901384	-0.1285764004929967	0.1285764004929967	towards_high
residue_ligand	4	3	18	all	0.1	21	21	21	16	PRO61-LIG	0.6729285691473055	0.4150773129204073	0.1310164609975775	0.1310164609975775	towards_low
residue_ligand	4	3	18	all	0.1	21	21	21	11	PRO62-LIG	1.7884865888833232	0.1858443143556062	-0.05687499471077524	0.05687499471077524	towards_high
residue_ligand	4	3	18	all	0.1	21	21	21	17	PRO63-LIG	0.3384817881553704	0.5627506366041264	0.033305449388990764	0.033305449388990764	towards_low
residue_ligand	4	3	18	all	0.1	21	21	21	10	PRO64-LIG	2.4929229374632955	0.11928942431463352	-0.017315495498661557	0.017315495498661557	towards_high
residue_ligand	4	3	18	all	0.1	21	21	21	5	PRO65-LIG	3.012749509530129	0.087424638951574	0.14947986650397518	0.14947986650397518	towards_low
residue_ligand	4	3	18	all	0.1	21	21	21	3	PRO66-LIG	3.78442677164555	0.05612691309882551	0.020191592056060883	0.020191592056060883	towards_low
residue_ligand	4	3	18	all	0.1	21	21	21	6	PRO67-LIG	2.9296201675795897	0.09181049435284905	-0.05087896811739041	0.05087896811739041	towards_high
residue_ligand	4	3	18	all	0.1	21	21	21	18	PRO68-LIG	0.33007038308395503	0.5676316610831829	0.0949530632112868	0.0949530632112868	towards_low
residue_ligand	4	3	18	all	0.1	21	21	21	4	PRO69-LIG	3.372486730158362	0.07093861441998559	0.157998881730611	0.157998881730611	towards_low
residue_ligand	4	3	18	all	0.1	21	21	21	9	PRO88-LIG	2.7691665671191714	0.10098545774923974	-0.12005329848575305	0.12005329848575305	towards_high
residue_ligand	4	3	18	all	0.1	21	21	21	13	PRO92-LIG	1.6061875476618348	0.20962062940664702	-0.1593385474437183	0.1593385474437183	towards_high
residue_ligand	4	3	18	all	0.1	21	21	21	15	PRO95-LIG	0.7087129233227798	0.40300623247768674	-0.06082895421264392	0.06082895421264392	towards_high
residue_ligand	4	3	18	all	0.1	21	21	21	20	PRO99-LIG	0.09238320574907112	0.7621550033091405	0.0852229899288014	0.0852229899288014	towards_low
residue_ligand	4	3	18	all	0.1	21	21	21	8	PRO1234-LIG	2.778677057879439	0.10041398469935796	-0.0547494757933307	0.0547494757933307	towards_high
residue_ligand	4	3	18	all	0.1	21	21	21	2	PRO1235-LIG	4.80162590501242	0.032079879572732756	-0.1836212785559815	0.1836212785559815	towards_high
residue_ligand	4	3	18	all	0.1	21	21	21	7	PRO1237-LIG	2.9148016390491933	0.09261769220022223	-0.009899564982180718	0.009899564982180718	towards_high
residue_ligand	4	3	18	all	0.1	21	21	21	1	PRO1241-LIG	6.947895579035296	0.010517198813611878	-0.32748648013927567	0.32748648013927567	towards_high
residue_ligand	4	3	18	all	0.1	21	21	21	12	PRO1278-LIG	1.7798541170193927	0.1868951512388848	0.08107070227113868	0.08107070227113868	towards_low
residue_ligand	4	3	18	all	0.1	21	21	21	14	PRO1283-LIG	0.7791972508767441	0.38069039719391834	0.22300295437099243	0.22300295437099243	towards_low
residue_ligand	4	3	18	all	0.1	21	21	21	21	PRO1290-LIG	0.01865834995363616	0.891779260405511	-0.04355903514681039	0.04355903514681039	towards_high
residue_ligand	4	4	19	8	0.01	21	21	8	2	PRO64-LIG	5.41106622639163	0.023138917539106744	0.05087903945443056	0.05087903945443056	towards_low
residue_ligand	4	4	19	8	0.01	21	21	8	6	PRO65-LIG	4.386188395590042	0.04013447742646707	0.05387999857447493	0.05387999857447493	towards_low
residue_ligand	4	4	19	8	0.01	21	21	8	1	PRO66-LIG	6.458648825489134	0.013436207184083645	0.055194381239131715	0.055194381239131715	towards_low
residue_ligand	4	4	19	8	0.01	21	21	8	3	PRO67-LIG	5.2798109703350695	0.024801662785703824	0.04575813267350687	0.04575813267350687	towards_low
residue_ligand	4	4	19	8	0.01	21	21	8	5	PRO69-LIG	4.835901386811038	0.031437069728599346	0.0635378656202042	0.0635378656202042	towards_low
residue_ligand	4	4	19	8	0.01	21	21	8	8	PRO88-LIG	3.89692904748903	0.05262700867193807	-0.05132118946247472	0.05132118946247472	towards_high
residue_ligand	4	4	19	8	0.01	21	21	8	7	PRO1234-LIG	4.069381316006925	0.04780051212373798	-0.04751182797360115	0.04751182797360115	towards_high
residue_ligand	4	4	19	8	0.01	21	21	8	4	PRO1278-LIG	5.079519350886595	0.027588883780677975	-0.05521749336775493	0.05521749336775493	towards_high
residue_ligand	4	5	20	4	0.01	21	21	4	3	PRO66-LIG	9.892406271682813	0.002502837813189759	0.08608553947728173	0.08608553947728173	towards_low
residue_ligand	4	5	20	4	0.01	21	21	4	2	PRO1234-LIG	9.91582930031288	0.0024753948936433114	-0.08618521810338663	0.08618521810338663	towards_high
residue_ligand	4	5	20	4	0.01	21	21	4	1	PRO1235-LIG	10.240091979597024	0.002126129583147666	-0.08822986056464667	0.08822986056464667	towards_high
residue_ligand	4	5	20	4	0.01	21	21	4	4	PRO1278-LIG	9.37511086274152	0.00319720984958271	-0.08359395394712307	0.08359395394712307	towards_high
residue_ligand	5	1	21	8	1.0	21	21	8	7	PRO64-LIG	8.19273175561114	0.005677811790439717	0.12028971877273041	0.12028971877273041	towards_low
residue_ligand	5	1	21	8	1.0	21	21	8	4	PRO66-LIG	10.385668692336163	0.001999078674906776	0.0064013138748816225	0.0064013138748816225	towards_low
residue_ligand	5	1	21	8	1.0	21	21	8	5	PRO67-LIG	10.11199570062112	0.002271273505340252	0.06187586541774632	0.06187586541774632	towards_low
residue_ligand	5	1	21	8	1.0	21	21	8	6	PRO88-LIG	9.983947237575915	0.002411649935916172	-0.40551155325550475	0.40551155325550475	towards_high
residue_ligand	5	1	21	8	1.0	21	21	8	2	PRO1234-LIG	12.185402904607336	0.0008779154768830525	-0.1462889180958806	0.1462889180958806	towards_high
residue_ligand	5	1	21	8	1.0	21	21	8	1	PRO1235-LIG	15.58704956427965	0.00019869396820586344	-1.1021715451620129	1.1021715451620129	towards_high
residue_ligand	5	1	21	8	1.0	21	21	8	8	PRO1237-LIG	6.382518359493318	0.014009151664312786	0.4148218663298807	0.4148218663298807	towards_low
residue_ligand	5	1	21	8	1.0	21	21	8	3	PRO1278-LIG	11.364916836410922	0.0012731405622927075	-0.27345281188111836	0.27345281188111836	towards_high
residue_ligand	5	2	22	8	0.01	21	21	8	8	PRO62-LIG	3.7115171854842517	0.058481202422851396	-0.048396107200661516	0.048396107200661516	towards_high
residue_ligand	5	2	22	8	0.01	21	21	8	7	PRO64-LIG	3.838136534713499	0.05445855722093321	0.042174199932100226	0.042174199932100226	towards_low
residue_ligand	5	2	22	8	0.01	21	21	8	1	PRO66-LIG	5.416526859846155	0.023122278894591147	0.055333985082746964	0.055333985082746964	towards_low
residue_ligand	5	2	22	8	0.01	21	21	8	5	PRO67-LIG	4.240726037507274	0.04353875881523387	0.04201982605489119	0.04201982605489119	towards_low
residue_ligand	5	2	22	8	0.01	21	21	8	2	PRO88-LIG	4.714445973520268	0.033624432683166894	-0.049243672719629594	0.049243672719629594	towards_high
residue_ligand	5	2	22	8	0.01	21	21	8	6	PRO1234-LIG	3.970930916262739	0.050560232362602195	-0.039648360692932545	0.039648360692932545	towards_high
residue_ligand	5	2	22	8	0.01	21	21	8	3	PRO1235-LIG	4.651310119942063	0.03479267542193718	-0.04596278396429828	0.04596278396429828	towards_high
residue_ligand	5	2	22	8	0.01	21	21	8	4	PRO1278-LIG	4.460630178980221	0.03859326006170577	-0.045256381488835505	0.045256381488835505	towards_high
residue_ligand	5	3	23	4	1.0	21	21	4	2	PRO64-LIG	9.937459029007846	0.0024648285392512587	0.6065921117923613	0.6065921117923613	towards_low
residue_ligand	5	3	23	4	1.0	21	21	4	1	PRO65-LIG	11.701635502756018	0.0010922825460662367	0.536530434480503	0.536530434480503	towards_low
residue_ligand	5	3	23	4	1.0	21	21	4	3	PRO66-LIG	9.253680232009243	0.003405463950681238	0.1691412148429599	0.1691412148429599	towards_low
residue_ligand	5	3	23	4	1.0	21	21	4	4	PRO67-LIG	7.473231841020644	0.008089014528578724	-0.2117336689624593	0.2117336689624593	towards_high
residue_ligand	5	4	24	8	1.0	21	21	8	8	PRO64-LIG	4.411243253073977	0.039587440671447455	0.11853616219422607	0.11853616219422607	towards_low
residue_ligand	5	4	24	8	1.0	21	21	8	1	PRO65-LIG	8.644459234981076	0.004539159391767746	0.5711907673310564	0.5711907673310564	towards_low
residue_ligand	5	4	24	8	1.0	21	21	8	2	PRO66-LIG	8.164903420884956	0.005730972174353231	-0.01771125515192669	0.01771125515192669	towards_high
residue_ligand	5	4	24	8	1.0	21	21	8	4	PRO67-LIG	5.453471714014372	0.02262740352081221	-0.29514766770908496	0.29514766770908496	towards_high
residue_ligand	5	4	24	8	1.0	21	21	8	3	PRO69-LIG	6.732882211736325	0.011686350298135553	0.23272543060457926	0.23272543060457926	towards_low
residue_ligand	5	4	24	8	1.0	21	21	8	6	PRO1235-LIG	5.1261285340575995	0.026911728072395613	-0.49148222424133603	0.49148222424133603	towards_high
residue_ligand	5	4	24	8	1.0	21	21	8	7	PRO1237-LIG	4.502102342446741	0.03766992613047419	-0.04319054756218696	0.04319054756218696	towards_high
residue_ligand	5	4	24	8	1.0	21	21	8	5	PRO1241-LIG	5.3455244920695355	0.023953854484108587	-0.15481394735022186	0.15481394735022186	towards_high
residue_ligand	5	5	25	12	0.01	21	21	12	11	PRO61-LIG	2.8997043471398	0.09337360552358594	0.04845275871560279	0.04845275871560279	towards_low
residue_ligand	5	5	25	12	0.01	21	21	12	3	PRO64-LIG	5.065525415331213	0.027795723472124532	0.04359766556647473	0.04359766556647473	towards_low
residue_ligand	5	5	25	12	0.01	21	21	12	5	PRO65-LIG	4.703337602949077	0.03376885835069063	0.05210923141622366	0.05210923141622366	towards_low
residue_ligand	5	5	25	12	0.01	21	21	12	2	PRO66-LIG	5.096657499207103	0.02733780508367151	0.03917083458054836	0.03917083458054836	towards_low
residue_ligand	5	5	25	12	0.01	21	21	12	1	PRO67-LIG	5.265403409846101	0.024991779093239023	0.040292109481255146	0.040292109481255146	towards_low
residue_ligand	5	5	25	12	0.01	21	21	12	8	PRO69-LIG	3.4464337536914034	0.06792145303713906	0.046384580731571604	0.046384580731571604	towards_low
residue_ligand	5	5	25	12	0.01	21	21	12	7	PRO88-LIG	3.8901368301535304	0.0528276089190705	-0.046659523333375155	0.046659523333375155	towards_high
residue_ligand	5	5	25	12	0.01	21	21	12	6	PRO1234-LIG	4.030938630933461	0.04883335461013112	-0.04204447543964587	0.04204447543964587	towards_high
residue_ligand	5	5	25	12	0.01	21	21	12	4	PRO1235-LIG	4.863512817862866	0.03097342512816124	-0.047917855458674864	0.047917855458674864	towards_high
residue_ligand	5	5	25	12	0.01	21	21	12	12	PRO1237-LIG	2.1314690035845363	0.14911895926409008	-0.022392958542605364	0.022392958542605364	towards_high
residue_ligand	5	5	25	12	0.01	21	21	12	10	PRO1241-LIG	3.083097963542729	0.08382052996712762	-0.04021690416202225	0.04021690416202225	towards_high
residue_ligand	5	5	25	12	0.01	21	21	12	9	PRO1278-LIG	3.407636423069141	0.06944979437763556	-0.03499660441353722	0.03499660441353722	towards_high
residue_cofactor	1	1	1	20	1.0	83	77	20	6	PRO11-GTP	3.7089754367068055	0.058565192181773855	-0.3831863164517842	0.3831863164517842	towards_high
residue_cofactor	1	1	1	20	1.0	83	77	20	15	PRO19-GTP	1.658139417997592	0.20249161184818124	0.2729438482582711	0.2729438482582711	towards_low
residue_cofactor	1	1	1	20	1.0	83	77	20	12	PRO22-GTP	2.074831037018542	0.15462087240759695	-0.6974172461376665	0.6974172461376665	towards_high
residue_cofactor	1	1	1	20	1.0	83	77	20	11	PRO37-GTP	2.3618667827535207	0.12926284805960353	-0.8218145781860132	0.8218145781860132	towards_high
residue_cofactor	1	1	1	20	1.0	83	77	20	20	PRO40-GTP	1.2705973484806699	0.26386312801765494	-0.43581647147583863	0.43581647147583863	towards_high
residue_cofactor	1	1	1	20	1.0	83	77	20	10	PRO57-GTP	2.5558155669758813	0.11481485596753742	0.35449279822935303	0.35449279822935303	towards_low
residue_cofactor	1	1	1	20	1.0	83	77	20	16	PRO60-GTP	1.6487869323973887	0.20375320878730802	0.7148319469841564	0.7148319469841564	towards_low
residue_cofactor	1	1	1	20	1.0	83	77	20	17	PRO83-GTP	1.3968316351890178	0.24162758840773826	0.04950199635692279	0.04950199635692279	towards_low
residue_cofactor	1	1	1	20	1.0	83	77	20	7	PRO96-GTP	3.3064498649109755	0.07368829075740498	-0.6705137833520333	0.6705137833520333	towards_high
residue_cofactor	1	1	1	20	1.0	83	77	20	8	PRO118-GTP	3.1620882816880393	0.08011669632755389	0.897120803928423	0.897120803928423	towards_low
residue_cofactor	1	1	1	20	1.0	83	77	20	13	PRO122-GTP	1.9441891883262838	0.1680361208872174	0.5500292033893035	0.5500292033893035	towards_low
residue_cofactor	1	1	1	20	1.0	83	77	20	19	PRO145-GTP	1.274230961211655	0.26318802037754935	-0.2807928304196461	0.2807928304196461	towards_high
residue_cofactor	1	1	1	20	1.0	83	77	20	1	PRO146-GTP	6.536810830259878	0.01294900250103517	-1.0807041725823259	1.0807041725823259	towards_high
residue_cofactor	1	1	1	20	1.0	83	77	20	3	PRO147-GTP	4.137724691136204	0.04608647923155612	0.019304864630816824	0.019304864630816824	towards_low
residue_cofactor	1	1	1	20	1.0	83	77	20	14	PRO1269-GTP	1.683116334344594	0.1991680173423062	0.6236065012770583	0.6236065012770583	towards_low
residue_cofactor	1	1	1	20	1.0	83	77	20	9	PRO1273-GTP	2.934168915440553	0.09156428510259575	-0.06600606341235905	0.06600606341235905	towards_high
residue_cofactor	1	1	1	20	1.0	83	77	20	5	PRO1274-GTP	3.765619222231584	0.05672418696403319	0.4894872655715998	0.4894872655715998	towards_low
residue_cofactor	1	1	1	20	1.0	83	77	20	4	PRO1277-GTP	3.9416823221432358	0.051392114270490015	-0.10733725816534387	0.10733725816534387	towards_high
residue_cofactor	1	1	1	20	1.0	83	77	20	18	PRO1390-GTP	1.3118607365033699	0.2563230254950106	-0.11937852091058089	0.11937852091058089	towards_high
residue_cofactor	1	1	1	20	1.0	83	77	20	2	PRO1426-GTP	5.0664346870682335	0.027836117159554596	1.0971034388209389	1.0971034388209389	towards_low
residue_cofactor	1	2	2	10	10.0	83	77	10	2	PRO11-GTP	5.866700360164325	0.018272555182542668	-1.023140318012369	1.023140318012369	towards_high
residue_cofactor	1	2	2	10	10.0	83	77	10	7	PRO22-GTP	3.5243586251957706	0.06503210233408555	-0.5858222648870768	0.5858222648870768	towards_high
residue_cofactor	1	2	2	10	10.0	83	77	10	9	PRO37-GTP	2.5997697457288984	0.11180009482600095	-0.8265473730414956	0.8265473730414956	towards_high
residue_cofactor	1	2	2	10	10.0	83	77	10	5	PRO83-GTP	3.9501116508705767	0.051150858180217765	1.036130530229473	1.036130530229473	towards_low
residue_cofactor	1	2	2	10	10.0	83	77	10	6	PRO118-GTP	3.650330192026437	0.060540021647714305	0.9962794464734791	0.9962794464734791	towards_low
residue_cofactor	1	2	2	10	10.0	83	77	10	4	PRO146-GTP	4.136862692293965	0.046108468092691576	-0.7803701073628856	0.7803701073628856	towards_high
residue_cofactor	1	2	2	10	10.0	83	77	10	10	PRO1269-GTP	2.5798441353636727	0.11315557329581016	0.7463640150432929	0.7463640150432929	towards_low
residue_cofactor	1	2	2	10	10.0	83	77	10	8	PRO1273-GTP	2.902854168507105	0.09327424529478011	-0.5156170132596473	0.5156170132596473	towards_high
residue_cofactor	1	2	2	10	10.0	83	77	10	1	PRO1274-GTP	6.4852720113113	0.013293376332888527	1.134703205537453	1.134703205537453	towards_low
residue_cofactor	1	2	2	10	10.0	83	77	10	3	PRO1277-GTP	4.141441331213941	0.045991800526749116	0.060395015077540776	0.060395015077540776	towards_low
residue_cofactor	1	3	3	40	0.01	83	77	40	14	PRO9-GTP	1.8453526663843962	0.1790940358598155	-0.034122493266986076	0.034122493266986076	towards_high
residue_cofactor	1	3	3	40	0.01	83	77	40	8	PRO11-GTP	4.104227209356533	0.04694936829272289	-0.060718562965885875	0.060718562965885875	towards_high
residue_cofactor	1	3	3	40	0.01	83	77	40	15	PRO19-GTP	1.636551987361046	0.2054179219243478	-0.025064331001884713	0.025064331001884713	towards_high
residue_cofactor	1	3	3	40	0.01	83	77	40	17	PRO20-GTP	1.5048090768321778	0.2244267529887875	-0.03207092905225284	0.03207092905225284	towards_high
residue_cofactor	1	3	3	40	0.01	83	77	40	7	PRO22-GTP	4.400512506172236	0.03988219037782715	-0.06676210303799096	0.06676210303799096	towards_high
residue_cofactor	1	3	3	40	0.01	83	77	40	21	PRO23-GTP	1.2717515907104882	0.2636484384982556	-0.038143205782026866	0.038143205782026866	towards_high
residue_cofactor	1	3	3	40	0.01	83	77	40	33	PRO29-GTP	0.5027583714886449	0.4808656682484885	-0.027752972782074004	0.027752972782074004	towards_high
residue_cofactor	1	3	3	40	0.01	83	77	40	35	PRO30-GTP	0.372444356032729	0.5438359513309087	-0.017268639730083652	0.017268639730083652	towards_high
residue_cofactor	1	3	3	40	0.01	83	77	40	32	PRO33-GTP	0.5917178609165078	0.4445852911019842	-0.022279874789537454	0.022279874789537454	towards_high
residue_cofactor	1	3	3	40	0.01	83	77	40	38	PRO36-GTP	0.35581061700279143	0.5529463264016582	0.01457362740147873	0.01457362740147873	towards_low
residue_cofactor	1	3	3	40	0.01	83	77	40	18	PRO37-GTP	1.5001361830271474	0.225139393898159	-0.04906008455979607	0.04906008455979607	towards_high
residue_cofactor	1	3	3	40	0.01	83	77	40	25	PRO38-GTP	1.0743896838496974	0.3038565900449789	-0.029950284349948904	0.029950284349948904	towards_high
residue_cofactor	1	3	3	40	0.01	83	77	40	13	PRO40-GTP	1.8906668804117162	0.17392139601636009	-0.04695144343888037	0.04695144343888037	towards_high
residue_cofactor	1	3	3	40	0.01	83	77	40	29	PRO57-GTP	0.6254747306338604	0.4319411421577098	0.023601030927289122	0.023601030927289122	towards_low
residue_cofactor	1	3	3	40	0.01	83	77	40	37	PRO58-GTP	0.35605006945766865	0.5528131365912289	0.014207666309418622	0.014207666309418622	towards_low
residue_cofactor	1	3	3	40	0.01	83	77	40	27	PRO59-GTP	0.9029416044117589	0.34556887900661154	0.032433940682572965	0.032433940682572965	towards_low
residue_cofactor	1	3	3	40	0.01	83	77	40	5	PRO60-GTP	4.52395788976415	0.037283794504672944	0.06429222296223404	0.06429222296223404	towards_low
residue_cofactor	1	3	3	40	0.01	83	77	40	16	PRO68-GTP	1.5823706944811973	0.21298985450960206	0.03514540347465538	0.03514540347465538	towards_low
residue_cofactor	1	3	3	40	0.01	83	77	40	31	PRO81-GTP	0.5983241415591318	0.4420659479657353	-0.02246812027968398	0.02246812027968398	towards_high
residue_cofactor	1	3	3	40	0.01	83	77	40	30	PRO82-GTP	0.6095469955863677	0.4378367178271722	0.023015786545738794	0.023015786545738794	towards_low
residue_cofactor	1	3	3	40	0.01	83	77	40	39	PRO86-GTP	0.3306368164846791	0.5673003742265617	-0.014247022746531888	0.014247022746531888	towards_high
residue_cofactor	1	3	3	40	0.01	83	77	40	22	PRO96-GTP	1.1245480615428183	0.29292688383803	-0.03386336617328844	0.03386336617328844	towards_high
residue_cofactor	1	3	3	40	0.01	83	77	40	19	PRO118-GTP	1.3362087837507461	0.2520007137539576	0.03912473640641569	0.03912473640641569	towards_low
residue_cofactor	1	3	3	40	0.01	83	77	40	28	PRO119-GTP	0.7618239851124372	0.38602133877729927	-0.027973400374406442	0.027973400374406442	towards_high
residue_cofactor	1	3	3	40	0.01	83	77	40	9	PRO121-GTP	3.9765802920805413	0.05040124162868324	0.056078486537937046	0.056078486537937046	towards_low
residue_cofactor	1	3	3	40	0.01	83	77	40	6	PRO122-GTP	4.417078547859826	0.03952245321602004	0.06493319891679193	0.06493319891679193	towards_low
residue_cofactor	1	3	3	40	0.01	83	77	40	40	PRO143-GTP	0.3086788619096157	0.5804290557101052	0.03340054484402976	0.03340054484402976	towards_low
residue_cofactor	1	3	3	40	0.01	83	77	40	11	PRO146-GTP	2.681279346852165	0.10644221609673843	-0.04056294073910601	0.04056294073910601	towards_high
residue_cofactor	1	3	3	40	0.01	83	77	40	12	PRO147-GTP	2.6417171679945457	0.10900584566275023	0.04120230186835194	0.04120230186835194	towards_low
residue_cofactor	1	3	3	40	0.01	83	77	40	20	PRO148-GTP	1.3155739867596965	0.2556578698817975	0.02313081021147428	0.02313081021147428	towards_low
residue_cofactor	1	3	3	40	0.01	83	77	40	10	PRO149-GTP	3.2574350183658436	0.07580491096743211	0.05581995375539417	0.05581995375539417	towards_low
residue_cofactor	1	3	3	40	0.01	83	77	40	24	PRO151-GTP	1.075569867993078	0.3035933474698327	-0.03324286070478136	0.03324286070478136	towards_high
residue_cofactor	1	3	3	40	0.01	83	77	40	4	PRO1269-GTP	6.592627251998859	0.012586645658612151	0.06887380314915571	0.06887380314915571	towards_low
residue_cofactor	1	3	3	40	0.01	83	77	40	26	PRO1270-GTP	1.015704290345389	0.3173353846997818	0.01377232364170975	0.01377232364170975	towards_low
residue_cofactor	1	3	3	40	0.01	83	77	40	36	PRO1272-GTP	0.3602494873516981	0.5504871532632546	0.006595118277974456	0.006595118277974456	towards_low
residue_cofactor	1	3	3	40	0.01	83	77	40	2	PRO1273-GTP	10.342069647871975	0.0020400540568291893	0.08369337693211053	0.08369337693211053	towards_low
residue_cofactor	1	3	3	40	0.01	83	77	40	1	PRO1274-GTP	10.557193644852376	0.0018460220263161785	0.08641742898876793	0.08641742898876793	towards_low
residue_cofactor	1	3	3	40	0.01	83	77	40	3	PRO1277-GTP	7.060013226415045	0.00994116208059423	0.07692494970618281	0.07692494970618281	towards_low
residue_cofactor	1	3	3	40	0.01	83	77	40	34	PRO1426-GTP	0.42562856070919713	0.516478260820978	0.020481011003075603	0.020481011003075603	towards_low
residue_cofactor	1	3	3	40	0.01	83	77	40	23	PRO1436-GTP	1.0846780984668436	0.30157177180890704	-0.030035888766344422	0.030035888766344422	towards_high
residue_cofactor	1	4	4	20	0.1	83	77	20	2	PRO11-GTP	11.058027419926674	0.0014548954544223874	-0.3801623053664328	0.3801623053664328	towards_high
residue_cofactor	1	4	4	20	0.1	83	77	20	12	PRO22-GTP	3.269422521715345	0.07520876951833406	-0.25570813366214035	0.25570813366214035	towards_high
residue_cofactor	1	4	4	20	0.1	83	77	20	20	PRO36-GTP	1.3497541850340942	0.24956947016667425	-0.11526635385035083	0.11526635385035083	towards_high
residue_cofactor	1	4	4	20	0.1	83	77	20	15	PRO57-GTP	2.7006640252140146	0.10513551083929742	0.2156205600739344	0.2156205600739344	towards_low
residue_cofactor	1	4	4	20	0.1	83	77	20	19	PRO60-GTP	1.5190591836350218	0.2222014042320542	0.09181423249968358	0.09181423249968358	towards_low
residue_cofactor	1	4	4	20	0.1	83	77	20	17	PRO64-GTP	2.4881088012456862	0.11956430350451173	0.24012158010781728	0.24012158010781728	towards_low
residue_cofactor	1	4	4	20	0.1	83	77	20	14	PRO96-GTP	2.9793793211573547	0.08908245976361318	-0.13742779411458664	0.13742779411458664	towards_high
residue_cofactor	1	4	4	20	0.1	83	77	20	11	PRO114-GTP	3.3671828683166303	0.07108361188141615	-0.047804740753990264	0.047804740753990264	towards_high
residue_cofactor	1	4	4	20	0.1	83	77	20	13	PRO118-GTP	3.212779382380691	0.07771886100775731	0.3849892929581883	0.3849892929581883	towards_low
residue_cofactor	1	4	4	20	0.1	83	77	20	18	PRO120-GTP	1.7283256896804073	0.19324468337516934	0.1168933965172654	0.1168933965172654	towards_low
residue_cofactor	1	4	4	20	0.1	83	77	20	16	PRO121-GTP	2.610829233007877	0.1109801153361682	0.2233223057180438	0.2233223057180438	towards_low
residue_cofactor	1	4	4	20	0.1	83	77	20	6	PRO122-GTP	5.630270114353136	0.02062076282293063	0.30030769220800657	0.30030769220800657	towards_low
residue_cofactor	1	4	4	20	0.1	83	77	20	8	PRO145-GTP	4.304621341691417	0.041972464870732015	-0.12213269233556068	0.12213269233556068	towards_high
residue_cofactor	1	4	4	20	0.1	83	77	20	7	PRO146-GTP	5.429764541493948	0.02291187060332615	-0.27691208611874796	0.27691208611874796	towards_high
residue_cofactor	1	4	4	20	0.1	83	77	20	9	PRO147-GTP	4.023950690536406	0.049023679685011576	0.20841687066589518	0.20841687066589518	towards_low
residue_cofactor	1	4	4	20	0.1	83	77	20	10	PRO1269-GTP	3.644838181410169	0.06065938327439658	0.16555060330293828	0.16555060330293828	towards_low
residue_cofactor	1	4	4	20	0.1	83	77	20	5	PRO1270-GTP	5.808994031934737	0.01878316914665945	0.1943084961117483	0.1943084961117483	towards_low
residue_cofactor	1	4	4	20	0.1	83	77	20	4	PRO1273-GTP	8.627122603071133	0.00457737670249171	0.1967844765786981	0.1967844765786981	towards_low
residue_cofactor	1	4	4	20	0.1	83	77	20	3	PRO1274-GTP	9.10419372055585	0.0036385256219417504	0.24084986028307248	0.24084986028307248	towards_low
residue_cofactor	1	4	4	20	0.1	83	77	20	1	PRO1277-GTP	11.73187318118101	0.0010690720013466143	0.35256861610445805	0.35256861610445805	towards_low
residue_cofactor	1	5	5	all	100.0	83	77	77	62	PRO8-GTP	0.06692175123671594	0.7966900357161238	0.6910056385120854	0.6910056385120854	towards_low
residue_cofactor	1	5	5	all	100.0	83	77	77	33	PRO9-GTP	0.6096977848935888	0.4377361774932917	0.17593018413590372	0.17593018413590372	towards_low
residue_cofactor	1	5	5	all	100.0	83	77	77	40	PRO10-GTP	0.44583010526608374	0.5066857130332866	0.5873202052925222	0.5873202052925222	towards_low
residue_cofactor	1	5	5	all	100.0	83	77	77	4	PRO11-GTP	5.031571881181559	0.028304489275695646	-2.201116035051484	2.201116035051484	towards_high
residue_cofactor	1	5	5	all	100.0	83	77	77	72	PRO14-GTP	0.004198834878350689	0.9485333787351216	-0.4801356521662917	0.4801356521662917	towards_high
residue_cofactor	1	5	5	all	100.0	83	77	77	52	PRO15-GTP	0.17762206360967692	0.674815308625904	-0.5210547482042612	0.5210547482042612	towards_high
residue_cofactor	1	5	5	all	100.0	83	77	77	46	PRO17-GTP	0.31190556928533114	0.5784320670763531	0.38174620155175004	0.38174620155175004	towards_low
residue_cofactor	1	5	5	all	100.0	83	77	77	65	PRO18-GTP	0.04695781119685941	0.829122779772311	0.727517076586598	0.727517076586598	towards_low
residue_cofactor	1	5	5	all	100.0	83	77	77	13	PRO19-GTP	2.710927686030873	0.10449002999897089	-1.1936745688922554	1.1936745688922554	towards_high
residue_cofactor	1	5	5	all	100.0	83	77	77	45	PRO20-GTP	0.3798078278368053	0.539858492184788	-1.1971530271623714	1.1971530271623714	towards_high
residue_cofactor	1	5	5	all	100.0	83	77	77	38	PRO21-GTP	0.45895873369026513	0.5005153002504561	0.17991481541327728	0.17991481541327728	towards_low
residue_cofactor	1	5	5	all	100.0	83	77	77	2	PRO22-GTP	5.195939299832664	0.025930436986737665	-2.1518533035474987	2.1518533035474987	towards_high
residue_cofactor	1	5	5	all	100.0	83	77	77	27	PRO23-GTP	0.7663348335141541	0.3845767403307226	-1.367319740291753	1.367319740291753	towards_high
residue_cofactor	1	5	5	all	100.0	83	77	77	70	PRO27-GTP	0.006881957008835853	0.934140231928556	0.2295220105164678	0.2295220105164678	towards_low
residue_cofactor	1	5	5	all	100.0	83	77	77	26	PRO28-GTP	0.9414303518103692	0.3355070097688055	0.48102653843657084	0.48102653843657084	towards_low
residue_cofactor	1	5	5	all	100.0	83	77	77	16	PRO29-GTP	1.7173218877842	0.1946499179141916	-1.0853992451855048	1.0853992451855048	towards_high
residue_cofactor	1	5	5	all	100.0	83	77	77	57	PRO30-GTP	0.1289670641452665	0.7206694037003561	-0.46800203687794584	0.46800203687794584	towards_high
residue_cofactor	1	5	5	all	100.0	83	77	77	74	PRO31-GTP	0.0022786639747081096	0.962073526565301	-0.5226187116967979	0.5226187116967979	towards_high
residue_cofactor	1	5	5	all	100.0	83	77	77	41	PRO32-GTP	0.4148394706251121	0.5217896939485821	-0.5379548351671607	0.5379548351671607	towards_high
residue_cofactor	1	5	5	all	100.0	83	77	77	43	PRO33-GTP	0.4084452826095365	0.525005527081421	-1.3824968027540694	1.3824968027540694	towards_high
residue_cofactor	1	5	5	all	100.0	83	77	77	68	PRO34-GTP	0.028079588478014627	0.8674421103934433	0.004011281861456188	0.004011281861456188	towards_low
residue_cofactor	1	5	5	all	100.0	83	77	77	53	PRO36-GTP	0.1758725582799654	0.6763273454450914	-1.6067503131861642	1.6067503131861642	towards_high
residue_cofactor	1	5	5	all	100.0	83	77	77	32	PRO37-GTP	0.6557306554162835	0.42102584450928043	-1.5902753307615962	1.5902753307615962	towards_high
residue_cofactor	1	5	5	all	100.0	83	77	77	19	PRO38-GTP	1.4397097951027753	0.23454151745377919	1.0970005062674069	1.0970005062674069	towards_low
residue_cofactor	1	5	5	all	100.0	83	77	77	30	PRO40-GTP	0.7299252206754906	0.3960453336507807	0.21161047167146474	0.21161047167146474	towards_low
residue_cofactor	1	5	5	all	100.0	83	77	77	75	PRO56-GTP	-0.0006972752758067621		0.783427146020668	0.783427146020668	towards_low
residue_cofactor	1	5	5	all	100.0	83	77	77	6	PRO57-GTP	4.332949552334098	0.04132406448329843	1.8608598478503713	1.8608598478503713	towards_low
residue_cofactor	1	5	5	all	100.0	83	77	77	51	PRO58-GTP	0.1904248163746676	0.6640093427079737	-0.20098361794733077	0.20098361794733077	towards_high
residue_cofactor	1	5	5	all	100.0	83	77	77	35	PRO59-GTP	0.57757131584689	0.45001363517295073	0.2595060451764909	0.2595060451764909	towards_low
residue_cofactor	1	5	5	all	100.0	83	77	77	42	PRO60-GTP	0.4107901571859032	0.5238221089478988	0.8776240271327751	0.8776240271327751	towards_low
residue_cofactor	1	5	5	all	100.0	83	77	77	20	PRO62-GTP	1.429102206282622	0.23625426074773478	0.1758419724584459	0.1758419724584459	towards_low
residue_cofactor	1	5	5	all	100.0	83	77	77	54	PRO63-GTP	0.1718836135653732	0.6798082857744593	-0.16738061087904077	0.16738061087904077	towards_high
residue_cofactor	1	5	5	all	100.0	83	77	77	17	PRO64-GTP	1.6780993910851392	0.19975903336551193	2.020657628583281	2.020657628583281	towards_low
residue_cofactor	1	5	5	all	100.0	83	77	77	61	PRO68-GTP	0.08162213655079552	0.7760195441170484	-0.054329144647558045	0.054329144647558045	towards_high
residue_cofactor	1	5	5	all	100.0	83	77	77	48	PRO79-GTP	0.28201809457483595	0.5971915411880516	0.3135000437690403	0.3135000437690403	towards_low
residue_cofactor	1	5	5	all	100.0	83	77	77	73	PRO81-GTP	0.003805701626064002	0.9509987109391808	-0.4634381764432231	0.4634381764432231	towards_high
residue_cofactor	1	5	5	all	100.0	83	77	77	44	PRO82-GTP	0.4044884052637448	0.5270134152018596	0.0827146919642835	0.0827146919642835	towards_low
residue_cofactor	1	5	5	all	100.0	83	77	77	18	PRO83-GTP	1.6703042050450416	0.20079345069247595	1.3150188473339233	1.3150188473339233	towards_low
residue_cofactor	1	5	5	all	100.0	83	77	77	69	PRO84-GTP	0.02540940818749303	0.8738454331613416	-0.5261057502392666	0.5261057502392666	towards_high
residue_cofactor	1	5	5	all	100.0	83	77	77	29	PRO85-GTP	0.7454512638172838	0.39109494948403595	-0.9353464398698539	0.9353464398698539	towards_high
residue_cofactor	1	5	5	all	100.0	83	77	77	63	PRO86-GTP	0.05132565837818226	0.8214833340598275	0.8057487681787319	0.8057487681787319	towards_low
residue_cofactor	1	5	5	all	100.0	83	77	77	39	PRO88-GTP	0.4558860354313883	0.5019478143623418	-0.7832401244646393	0.7832401244646393	towards_high
residue_cofactor	1	5	5	all	100.0	83	77	77	31	PRO89-GTP	0.6705716750775285	0.4158446239013676	1.3271282539120803	1.3271282539120803	towards_low
residue_cofactor	1	5	5	all	100.0	83	77	77	12	PRO96-GTP	2.9389600367326802	0.09123134229639564	-0.8014280994520991	0.8014280994520991	towards_high
residue_cofactor	1	5	5	all	100.0	83	77	77	14	PRO114-GTP	2.140821615049421	0.14824410083319833	-0.2430555360182199	0.2430555360182199	towards_high
residue_cofactor	1	5	5	all	100.0	83	77	77	56	PRO115-GTP	0.13453680971316428	0.7149650969571713	0.3990337846313375	0.3990337846313375	towards_low
residue_cofactor	1	5	5	all	100.0	83	77	77	22	PRO116-GTP	1.3331453969943667	0.2524737125223162	1.3050868415577934	1.3050868415577934	towards_low
residue_cofactor	1	5	5	all	100.0	83	77	77	37	PRO117-GTP	0.4928561174929084	0.48516236302978877	-0.2309896293263995	0.2309896293263995	towards_high
residue_cofactor	1	5	5	all	100.0	83	77	77	23	PRO118-GTP	1.2414756248491057	0.269289932603874	0.8774906592349477	0.8774906592349477	towards_low
residue_cofactor	1	5	5	all	100.0	83	77	77	49	PRO119-GTP	0.2554307828160565	0.6149863233103395	-0.30385738431225634	0.30385738431225634	towards_high
residue_cofactor	1	5	5	all	100.0	83	77	77	60	PRO120-GTP	0.08823925447278151	0.7673748485858619	0.370295649803001	0.370295649803001	towards_low
residue_cofactor	1	5	5	all	100.0	83	77	77	34	PRO121-GTP	0.5777422267503958	0.4499468975303862	-0.4032934865092078	0.4032934865092078	towards_high
residue_cofactor	1	5	5	all	100.0	83	77	77	11	PRO122-GTP	3.3277577536015213	0.07271654029451975	2.5147953841230115	2.5147953841230115	towards_low
residue_cofactor	1	5	5	all	100.0	83	77	77	77	PRO143-GTP	-0.012444685986588242		0.22918318309680838	0.22918318309680838	towards_low
residue_cofactor	1	5	5	all	100.0	83	77	77	71	PRO144-GTP	0.006645292675373401	0.9352799785144297	0.21050799229789244	0.21050799229789244	towards_low
residue_cofactor	1	5	5	all	100.0	83	77	77	8	PRO145-GTP	4.1367973210315245	0.0460458062309288	-1.4648115178497656	1.4648115178497656	towards_high
residue_cofactor	1	5	5	all	100.0	83	77	77	1	PRO146-GTP	6.5551568570394085	0.012790811864207352	-1.6112487866212621	1.6112487866212621	towards_high
residue_cofactor	1	5	5	all	100.0	83	77	77	5	PRO147-GTP	4.548326132049444	0.03673291688116646	0.9135446815369939	0.9135446815369939	towards_low
residue_cofactor	1	5	5	all	100.0	83	77	77	59	PRO148-GTP	0.10040159252430676	0.7523637095295185	-2.0358730392581763	2.0358730392581763	towards_high
residue_cofactor	1	5	5	all	100.0	83	77	77	15	PRO149-GTP	2.0797074388474726	0.15406999576900787	1.4233517995272136	1.4233517995272136	towards_low
residue_cofactor	1	5	5	all	100.0	83	77	77	64	PRO150-GTP	0.047776787489204754	0.8276628369046894	-0.8855540831435945	0.8855540831435945	towards_high
residue_cofactor	1	5	5	all	100.0	83	77	77	24	PRO151-GTP	1.0762481924602958	0.3033823611890888	-0.5491995398910826	0.5491995398910826	towards_high
residue_cofactor	1	5	5	all	100.0	83	77	77	25	PRO152-GTP	0.9473480701017235	0.3340035517868519	-1.2803402270067497	1.2803402270067497	towards_high
residue_cofactor	1	5	5	all	100.0	83	77	77	7	PRO1269-GTP	4.144681748946277	0.04584517915894011	1.4626893139011858	1.4626893139011858	towards_low
residue_cofactor	1	5	5	all	100.0	83	77	77	21	PRO1270-GTP	1.3394334317626357	0.2513692342507296	-0.4231940171219241	0.4231940171219241	towards_high
residue_cofactor	1	5	5	all	100.0	83	77	77	50	PRO1272-GTP	0.22625268914001156	0.6359111639681766	0.7239130809232713	0.7239130809232713	towards_low
residue_cofactor	1	5	5	all	100.0	83	77	77	3	PRO1273-GTP	5.172180652565112	0.02626004722259183	1.1316523604920832	1.1316523604920832	towards_low
residue_cofactor	1	5	5	all	100.0	83	77	77	9	PRO1274-GTP	3.9161239509707793	0.05206456118087119	0.9995197339509548	0.9995197339509548	towards_low
residue_cofactor	1	5	5	all	100.0	83	77	77	66	PRO1275-GTP	0.04409236211233413	0.8343386687209066	0.542651619532846	0.542651619532846	towards_low
residue_cofactor	1	5	5	all	100.0	83	77	77	10	PRO1277-GTP	3.791224612375652	0.05584484460913043	0.789930072209038	0.789930072209038	towards_low
residue_cofactor	1	5	5	all	100.0	83	77	77	36	PRO1278-GTP	0.5512861059685696	0.4604675270877167	-0.6707673105365461	0.6707673105365461	towards_high
residue_cofactor	1	5	5	all	100.0	83	77	77	28	PRO1386-GTP	0.7587797970687488	0.3869165808416237	-0.9326312420186573	0.9326312420186573	towards_high
residue_cofactor	1	5	5	all	100.0	83	77	77	55	PRO1390-GTP	0.1643391695177793	0.6865238184094868	0.9521935609999153	0.9521935609999153	towards_low
residue_cofactor	1	5	5	all	100.0	83	77	77	67	PRO1391-GTP	0.029348186183006823	0.8645097655407055	-0.16725716977180688	0.16725716977180688	towards_high
residue_cofactor	1	5	5	all	100.0	83	77	77	47	PRO1426-GTP	0.30615932693770265	0.5819448476297423	1.0477150500295969	1.0477150500295969	towards_low
residue_cofactor	1	5	5	all	100.0	83	77	77	58	PRO1430-GTP	0.12297637041138756	0.7269625159299591	-0.83688623483384	0.83688623483384	towards_high
residue_cofactor	1	5	5	all	100.0	83	77	77	76	PRO1436-GTP	-0.0024358424532959166		0.14511159534730883	0.14511159534730883	towards_low
residue_cofactor	2	1	6	20	0.01	83	77	20	20	PRO9-GTP	1.4497035792545632	0.2330097855071001	-0.03572574168888802	0.03572574168888802	towards_high
residue_cofactor	2	1	6	20	0.01	83	77	20	4	PRO11-GTP	5.753647452708115	0.019379094723232647	-0.07497656761196338	0.07497656761196338	towards_high
residue_cofactor	2	1	6	20	0.01	83	77	20	11	PRO19-GTP	3.327111706596751	0.07281558375533713	-0.04556780235811489	0.04556780235811489	towards_high
residue_cofactor	2	1	6	20	0.01	83	77	20	8	PRO22-GTP	3.7240516380584547	0.058068926256531234	-0.06167346800901344	0.06167346800901344	towards_high
residue_cofactor	2	1	6	20	0.01	83	77	20	9	PRO57-GTP	3.7043380227378133	0.05871876988436589	0.05982807496823824	0.05982807496823824	towards_low
residue_cofactor	2	1	6	20	0.01	83	77	20	16	PRO88-GTP	2.2066629979280705	0.14232506044305349	0.0439049999375029	0.0439049999375029	towards_low
residue_cofactor	2	1	6	20	0.01	83	77	20	10	PRO96-GTP	3.494766062260583	0.06613937312321619	-0.0591878581686478	0.0591878581686478	towards_high
residue_cofactor	2	1	6	20	0.01	83	77	20	13	PRO114-GTP	2.5884069044530724	0.11257081926871058	-0.03717590422783366	0.03717590422783366	towards_high
residue_cofactor	2	1	6	20	0.01	83	77	20	18	PRO121-GTP	2.070142901216129	0.15508022493989373	0.041264143389557494	0.041264143389557494	towards_low
residue_cofactor	2	1	6	20	0.01	83	77	20	6	PRO122-GTP	5.293038586626181	0.024679778474972273	0.07850882413958392	0.07850882413958392	towards_low
residue_cofactor	2	1	6	20	0.01	83	77	20	12	PRO145-GTP	2.84391911530227	0.09658966331538715	-0.0414583729626253	0.0414583729626253	towards_high
residue_cofactor	2	1	6	20	0.01	83	77	20	14	PRO146-GTP	2.4938033501181724	0.11922544175527688	-0.04325673813070975	0.04325673813070975	towards_high
residue_cofactor	2	1	6	20	0.01	83	77	20	15	PRO147-GTP	2.4911404131918555	0.11941908533388448	0.043227640275915795	0.043227640275915795	towards_low
residue_cofactor	2	1	6	20	0.01	83	77	20	17	PRO149-GTP	2.104547113875854	0.15174560382843325	0.0478750512342604	0.0478750512342604	towards_low
residue_cofactor	2	1	6	20	0.01	83	77	20	19	PRO151-GTP	1.605820002337216	0.2096721325754792	-0.038957767757658204	0.038957767757658204	towards_high
residue_cofactor	2	1	6	20	0.01	83	77	20	3	PRO1269-GTP	7.657410197793163	0.007383951665680667	0.07668823078927724	0.07668823078927724	towards_low
residue_cofactor	2	1	6	20	0.01	83	77	20	7	PRO1270-GTP	4.3070760121744405	0.041978330702563786	0.046464483107252444	0.046464483107252444	towards_low
residue_cofactor	2	1	6	20	0.01	83	77	20	1	PRO1273-GTP	12.43340256888443	0.0007854753051224699	0.09055066356662522	0.09055066356662522	towards_low
residue_cofactor	2	1	6	20	0.01	83	77	20	2	PRO1274-GTP	11.085518169079274	0.0014468054836651962	0.08736329226616778	0.08736329226616778	towards_low
residue_cofactor	2	1	6	20	0.01	83	77	20	5	PRO1277-GTP	5.399064156891463	0.023336024836466573	0.06515376009286078	0.06515376009286078	towards_low
residue_cofactor	2	2	7	5	0.01	83	77	5	4	PRO11-GTP	7.828540025376131	0.006786566544919666	-0.09258668119954848	0.09258668119954848	towards_high
residue_cofactor	2	2	7	5	0.01	83	77	5	5	PRO1269-GTP	3.821535764814146	0.05496839035743336	0.05508842936996063	0.05508842936996063	towards_low
residue_cofactor	2	2	7	5	0.01	83	77	5	3	PRO1273-GTP	8.158725262937907	0.005772796560205413	0.0768107835560738	0.0768107835560738	towards_low
residue_cofactor	2	2	7	5	0.01	83	77	5	2	PRO1274-GTP	8.227487691480865	0.005582425012450527	0.07991150693175966	0.07991150693175966	towards_low
residue_cofactor	2	2	7	5	0.01	83	77	5	1	PRO1277-GTP	9.546908298702016	0.0029629571248639968	0.09381429098201964	0.09381429098201964	towards_low
residue_cofactor	2	3	8	10	10.0	83	77	10	4	PRO11-GTP	4.041258416117236	0.048619084264051184	-0.6950650120038038	0.6950650120038038	towards_high
residue_cofactor	2	3	8	10	10.0	83	77	10	1	PRO22-GTP	6.134987230952428	0.015905998523220565	-1.008355463004926	1.008355463004926	towards_high
residue_cofactor	2	3	8	10	10.0	83	77	10	5	PRO60-GTP	3.6965460500664578	0.058977805819940755	0.7435017035465089	0.7435017035465089	towards_low
residue_cofactor	2	3	8	10	10.0	83	77	10	8	PRO114-GTP	2.96310283391634	0.09001525204637714	-0.23487768149456129	0.23487768149456129	towards_high
residue_cofactor	2	3	8	10	10.0	83	77	10	7	PRO118-GTP	3.0577877234422077	0.08514584971148224	0.8592622681941836	0.8592622681941836	towards_low
residue_cofactor	2	3	8	10	10.0	83	77	10	9	PRO122-GTP	2.884342195470834	0.09430179165008183	0.6815862142303205	0.6815862142303205	towards_low
residue_cofactor	2	3	8	10	10.0	83	77	10	3	PRO146-GTP	4.833632107508651	0.03153204865077159	-0.5807275648961787	0.5807275648961787	towards_high
residue_cofactor	2	3	8	10	10.0	83	77	10	10	PRO1273-GTP	2.7721291059549906	0.10080705373460695	-0.13841371235379563	0.13841371235379563	towards_high
residue_cofactor	2	3	8	10	10.0	83	77	10	2	PRO1274-GTP	5.902119979936103	0.01793981694031199	0.6090397326575032	0.6090397326575032	towards_low
residue_cofactor	2	3	8	10	10.0	83	77	10	6	PRO1277-GTP	3.619412863549046	0.061610260919097895	0.3525794779003725	0.3525794779003725	towards_low
residue_cofactor	2	4	9	40	0.01	83	77	40	6	PRO11-GTP	5.260902479734675	0.025051489222395938	-0.07726897256136413	0.07726897256136413	towards_high
residue_cofactor	2	4	9	40	0.01	83	77	40	21	PRO15-GTP	1.2062176299779948	0.27613417721643446	-0.04392853579680631	0.04392853579680631	towards_high
residue_cofactor	2	4	9	40	0.01	83	77	40	38	PRO20-GTP	0.32415742476625303	0.5710821809280957	-0.011916895837970442	0.011916895837970442	towards_high
residue_cofactor	2	4	9	40	0.01	83	77	40	8	PRO22-GTP	4.030659388931107	0.04884094475389825	-0.06005553889654273	0.06005553889654273	towards_high
residue_cofactor	2	4	9	40	0.01	83	77	40	39	PRO23-GTP	0.31641239653697284	0.5757066184452067	-0.012325026576067724	0.012325026576067724	towards_high
residue_cofactor	2	4	9	40	0.01	83	77	40	25	PRO27-GTP	0.8126121608976669	0.37067722060715874	-0.028186086960275403	0.028186086960275403	towards_high
residue_cofactor	2	4	9	40	0.01	83	77	40	27	PRO29-GTP	0.676747541645499	0.41371673063536896	-0.032606430409602274	0.032606430409602274	towards_high
residue_cofactor	2	4	9	40	0.01	83	77	40	20	PRO37-GTP	1.2516922468464304	0.26734710559762853	-0.047567739536110036	0.047567739536110036	towards_high
residue_cofactor	2	4	9	40	0.01	83	77	40	18	PRO38-GTP	1.3852672175642022	0.24349800156029372	0.03901658312945668	0.03901658312945668	towards_low
residue_cofactor	2	4	9	40	0.01	83	77	40	30	PRO40-GTP	0.5423147276872565	0.46412458014856556	-0.027319380896363973	0.027319380896363973	towards_high
residue_cofactor	2	4	9	40	0.01	83	77	40	13	PRO57-GTP	1.95941957230223	0.1663302191229484	0.04401518445037488	0.04401518445037488	towards_low
residue_cofactor	2	4	9	40	0.01	83	77	40	32	PRO58-GTP	0.5233289819487619	0.4720204431349738	0.015790928200974406	0.015790928200974406	towards_low
residue_cofactor	2	4	9	40	0.01	83	77	40	10	PRO60-GTP	2.613001038299739	0.11083458447600908	0.06274999466373879	0.06274999466373879	towards_low
residue_cofactor	2	4	9	40	0.01	83	77	40	23	PRO62-GTP	0.8598509521960513	0.35721086097742955	0.025343455573594444	0.025343455573594444	towards_low
residue_cofactor	2	4	9	40	0.01	83	77	40	37	PRO64-GTP	0.3757409328386159	0.5420303677536312	0.024285607086967906	0.024285607086967906	towards_low
residue_cofactor	2	4	9	40	0.01	83	77	40	29	PRO68-GTP	0.5660432107045067	0.45455154458353114	0.011489656517898109	0.011489656517898109	towards_low
residue_cofactor	2	4	9	40	0.01	83	77	40	34	PRO82-GTP	0.49296186545994974	0.48511571235538276	0.013144704986867586	0.013144704986867586	towards_low
residue_cofactor	2	4	9	40	0.01	83	77	40	22	PRO83-GTP	1.039746248175346	0.31166082460655303	0.03228624027253692	0.03228624027253692	towards_low
residue_cofactor	2	4	9	40	0.01	83	77	40	28	PRO86-GTP	0.6429921386609989	0.4255512524419178	-0.02003178631719	0.02003178631719	towards_high
residue_cofactor	2	4	9	40	0.01	83	77	40	40	PRO89-GTP	0.3143509210498889	0.5769500753694048	0.01732044559219746	0.01732044559219746	towards_low
residue_cofactor	2	4	9	40	0.01	83	77	40	15	PRO96-GTP	1.6472329185321823	0.20389284574312067	-0.03653541305100598	0.03653541305100598	towards_high
residue_cofactor	2	4	9	40	0.01	83	77	40	16	PRO114-GTP	1.599583876846657	0.21047805340954603	-0.025909406369487215	0.025909406369487215	towards_high
residue_cofactor	2	4	9	40	0.01	83	77	40	35	PRO116-GTP	0.4624718925747034	0.4988860100087672	0.02618599449715899	0.02618599449715899	towards_low
residue_cofactor	2	4	9	40	0.01	83	77	40	12	PRO118-GTP	2.4346968491451864	0.12353283543372899	0.06000083098426998	0.06000083098426998	towards_low
residue_cofactor	2	4	9	40	0.01	83	77	40	17	PRO121-GTP	1.5625273090473408	0.2157773884355245	0.035694990303415976	0.035694990303415976	towards_low
residue_cofactor	2	4	9	40	0.01	83	77	40	14	PRO122-GTP	1.8456953806014966	0.17898115367154163	0.04301153528092549	0.04301153528092549	towards_low
residue_cofactor	2	4	9	40	0.01	83	77	40	31	PRO145-GTP	0.5418952442851802	0.46429671979829834	-0.01230958350674507	0.01230958350674507	towards_high
residue_cofactor	2	4	9	40	0.01	83	77	40	1	PRO146-GTP	9.309298625893428	0.0032990017908884612	-0.08320966794137385	0.08320966794137385	towards_high
residue_cofactor	2	4	9	40	0.01	83	77	40	4	PRO147-GTP	5.818803552828062	0.018687475198752638	0.05813496921025186	0.05813496921025186	towards_low
residue_cofactor	2	4	9	40	0.01	83	77	40	7	PRO148-GTP	4.0308966585403745	0.048834495390314404	0.048406075245198195	0.048406075245198195	towards_low
residue_cofactor	2	4	9	40	0.01	83	77	40	9	PRO149-GTP	3.462494220776582	0.0672995940882911	0.05154148083919642	0.05154148083919642	towards_low
residue_cofactor	2	4	9	40	0.01	83	77	40	33	PRO151-GTP	0.5041864025014803	0.4802061478256729	-0.020699591024139843	0.020699591024139843	towards_high
residue_cofactor	2	4	9	40	0.01	83	77	40	11	PRO1269-GTP	2.5502502423859266	0.11512744929131538	0.04093558044194916	0.04093558044194916	towards_low
residue_cofactor	2	4	9	40	0.01	83	77	40	26	PRO1270-GTP	0.7073449781187277	0.40341004136056563	0.01194363722054868	0.01194363722054868	towards_low
residue_cofactor	2	4	9	40	0.01	83	77	40	5	PRO1273-GTP	5.748330905783532	0.019386611584049997	0.061838337086400956	0.061838337086400956	towards_low
residue_cofactor	2	4	9	40	0.01	83	77	40	3	PRO1274-GTP	5.865465946169232	0.018239297266073467	0.06985473787955805	0.06985473787955805	towards_low
residue_cofactor	2	4	9	40	0.01	83	77	40	36	PRO1275-GTP	0.45272041435967914	0.5034310383119379	0.02888518611094508	0.02888518611094508	towards_low
residue_cofactor	2	4	9	40	0.01	83	77	40	2	PRO1277-GTP	6.2882938660055885	0.014660811255859257	0.07082955395387862	0.07082955395387862	towards_low
residue_cofactor	2	4	9	40	0.01	83	77	40	19	PRO1391-GTP	1.3760248212579256	0.2450602742688611	-0.0433018938848801	0.0433018938848801	towards_high
residue_cofactor	2	4	9	40	0.01	83	77	40	24	PRO1436-GTP	0.8479362935207666	0.3605418788680039	-0.025226758325696756	0.025226758325696756	towards_high
residue_cofactor	2	5	10	5	0.1	83	77	5	3	PRO11-GTP	5.459469793458455	0.022556028237156325	-0.3944027775306737	0.3944027775306737	towards_high
residue_cofactor	2	5	10	5	0.1	83	77	5	4	PRO22-GTP	4.645984254339162	0.03483451078608542	-0.30289526115799886	0.30289526115799886	towards_high
residue_cofactor	2	5	10	5	0.1	83	77	5	2	PRO146-GTP	5.572020948263324	0.021260150937174524	-0.25246940923023303	0.25246940923023303	towards_high
residue_cofactor	2	5	10	5	0.1	83	77	5	1	PRO147-GTP	5.719695048679093	0.0196785776886979	0.23666363391464035	0.23666363391464035	towards_low
residue_cofactor	2	5	10	5	0.1	83	77	5	5	PRO1277-GTP	4.383968190586591	0.040183343139947786	0.2940285784466632	0.2940285784466632	towards_low
residue_cofactor	3	1	11	40	0.01	83	77	40	23	PRO9-GTP	0.9446667546064542	0.3347397131992392	-0.028121458052234104	0.028121458052234104	towards_high
residue_cofactor	3	1	11	40	0.01	83	77	40	3	PRO11-GTP	5.637571592329631	0.02058952202583003	-0.06992354664768989	0.06992354664768989	towards_high
residue_cofactor	3	1	11	40	0.01	83	77	40	21	PRO19-GTP	1.3101655041539468	0.25662741517345017	-0.020754816449937666	0.020754816449937666	towards_high
residue_cofactor	3	1	11	40	0.01	83	77	40	34	PRO20-GTP	0.4823658409602398	0.489866308239606	-0.01805863970073476	0.01805863970073476	towards_high
residue_cofactor	3	1	11	40	0.01	83	77	40	10	PRO22-GTP	3.9027038312877274	0.052523874152703466	-0.06459315364606717	0.06459315364606717	towards_high
residue_cofactor	3	1	11	40	0.01	83	77	40	31	PRO37-GTP	0.5872959589269685	0.4462841787248066	-0.031829884239972246	0.031829884239972246	towards_high
residue_cofactor	3	1	11	40	0.01	83	77	40	22	PRO40-GTP	1.2035717283837233	0.2767196851963825	-0.037285272201130176	0.037285272201130176	towards_high
residue_cofactor	3	1	11	40	0.01	83	77	40	16	PRO57-GTP	2.1893683551911725	0.14387209798144762	0.047803493706315134	0.047803493706315134	towards_low
residue_cofactor	3	1	11	40	0.01	83	77	40	15	PRO58-GTP	2.533981920124116	0.11634639705162106	0.048769839387453155	0.048769839387453155	towards_low
residue_cofactor	3	1	11	40	0.01	83	77	40	25	PRO59-GTP	0.835798882912072	0.36403258412826905	0.03982286369871532	0.03982286369871532	towards_low
residue_cofactor	3	1	11	40	0.01	83	77	40	8	PRO60-GTP	4.052962040919262	0.04830394909497502	0.06649799163616847	0.06649799163616847	towards_low
residue_cofactor	3	1	11	40	0.01	83	77	40	38	PRO62-GTP	0.33950986265001076	0.5621596517530523	0.015946095113931694	0.015946095113931694	towards_low
residue_cofactor	3	1	11	40	0.01	83	77	40	37	PRO64-GTP	0.35507000534769967	0.553358660222098	0.027620064445986005	0.027620064445986005	towards_low
residue_cofactor	3	1	11	40	0.01	83	77	40	32	PRO79-GTP	0.5823360882774515	0.44820190293142814	0.020700355181763098	0.020700355181763098	towards_low
residue_cofactor	3	1	11	40	0.01	83	77	40	9	PRO82-GTP	4.01958687764032	0.049208508078522756	0.061688565069594685	0.061688565069594685	towards_low
residue_cofactor	3	1	11	40	0.01	83	77	40	13	PRO83-GTP	3.0569369662035286	0.0851882808671058	0.05801643330122971	0.05801643330122971	towards_low
residue_cofactor	3	1	11	40	0.01	83	77	40	29	PRO84-GTP	0.6908790999116395	0.4089558819414983	0.026765233600321417	0.026765233600321417	towards_low
residue_cofactor	3	1	11	40	0.01	83	77	40	30	PRO89-GTP	0.5970088602057636	0.442565758214879	0.02563147161598732	0.02563147161598732	towards_low
residue_cofactor	3	1	11	40	0.01	83	77	40	17	PRO96-GTP	1.9933889166596697	0.16283071389454412	-0.040590964973553495	0.040590964973553495	towards_high
residue_cofactor	3	1	11	40	0.01	83	77	40	14	PRO114-GTP	2.747999554892755	0.10227045583568929	-0.03763857152169635	0.03763857152169635	towards_high
residue_cofactor	3	1	11	40	0.01	83	77	40	36	PRO115-GTP	0.3740583762820385	0.5429669019218676	-0.0063532547911276755	0.0063532547911276755	towards_high
residue_cofactor	3	1	11	40	0.01	83	77	40	26	PRO118-GTP	0.78027038259282	0.38036458296670106	0.03406854439328043	0.03406854439328043	towards_low
residue_cofactor	3	1	11	40	0.01	83	77	40	33	PRO119-GTP	0.5217405362654398	0.4727313053230125	0.014290195727538932	0.014290195727538932	towards_low
residue_cofactor	3	1	11	40	0.01	83	77	40	28	PRO120-GTP	0.7176375634167934	0.40007671656953514	0.016563792050898134	0.016563792050898134	towards_low
residue_cofactor	3	1	11	40	0.01	83	77	40	18	PRO121-GTP	1.863631590355853	0.17698599150341648	0.03197553099071936	0.03197553099071936	towards_low
residue_cofactor	3	1	11	40	0.01	83	77	40	6	PRO122-GTP	4.518873154637681	0.03738715117921351	0.06271744853731691	0.06271744853731691	towards_low
residue_cofactor	3	1	11	40	0.01	83	77	40	19	PRO145-GTP	1.8490295670967203	0.17866762500876407	-0.029480304952485843	0.029480304952485843	towards_high
residue_cofactor	3	1	11	40	0.01	83	77	40	4	PRO146-GTP	4.7600232599418595	0.032807247101324086	-0.060865654848183716	0.060865654848183716	towards_high
residue_cofactor	3	1	11	40	0.01	83	77	40	5	PRO147-GTP	4.661597241656589	0.03459939612525587	0.05391810565022409	0.05391810565022409	towards_low
residue_cofactor	3	1	11	40	0.01	83	77	40	24	PRO148-GTP	0.8524682701675312	0.35932293044385966	0.013739328075977771	0.013739328075977771	towards_low
residue_cofactor	3	1	11	40	0.01	83	77	40	12	PRO149-GTP	3.151477265822248	0.08061303397229151	0.05137954196933013	0.05137954196933013	towards_low
residue_cofactor	3	1	11	40	0.01	83	77	40	40	PRO150-GTP	0.271476834353641	0.6041410226199055	-0.028757370693421727	0.028757370693421727	towards_high
residue_cofactor	3	1	11	40	0.01	83	77	40	11	PRO1269-GTP	3.3394826330357703	0.0722985032801879	0.05276181346644402	0.05276181346644402	towards_low
residue_cofactor	3	1	11	40	0.01	83	77	40	20	PRO1270-GTP	1.504586921599465	0.22446057038137146	0.026118570041517263	0.026118570041517263	towards_low
residue_cofactor	3	1	11	40	0.01	83	77	40	1	PRO1273-GTP	7.959955522476271	0.006362355636998691	0.07544005230688505	0.07544005230688505	towards_low
residue_cofactor	3	1	11	40	0.01	83	77	40	2	PRO1274-GTP	7.234213879108379	0.009111126421321811	0.07291461728293348	0.07291461728293348	towards_low
residue_cofactor	3	1	11	40	0.01	83	77	40	7	PRO1277-GTP	4.3072675742217905	0.041973913764419786	0.05491864456820695	0.05491864456820695	towards_low
residue_cofactor	3	1	11	40	0.01	83	77	40	39	PRO1278-GTP	0.33915688982943154	0.5623624212968986	0.01763111812135258	0.01763111812135258	towards_low
residue_cofactor	3	1	11	40	0.01	83	77	40	27	PRO1386-GTP	0.7602663562046525	0.3865045328600664	-0.02927490502454276	0.02927490502454276	towards_high
residue_cofactor	3	1	11	40	0.01	83	77	40	35	PRO1426-GTP	0.41167768966739954	0.5234105857930835	0.021238265771984715	0.021238265771984715	towards_low
residue_cofactor	3	2	12	5	0.01	83	77	5	4	PRO11-GTP	6.558443563900498	0.012807274230286218	-0.09249576381910823	0.09249576381910823	towards_high
residue_cofactor	3	2	12	5	0.01	83	77	5	1	PRO22-GTP	9.717571655713712	0.0027334673682138937	-0.10403060131922516	0.10403060131922516	towards_high
residue_cofactor	3	2	12	5	0.01	83	77	5	5	PRO146-GTP	5.463722726610816	0.02255494995101041	-0.07854563695373107	0.07854563695373107	towards_high
residue_cofactor	3	2	12	5	0.01	83	77	5	2	PRO1274-GTP	8.384687025140092	0.005171507682477335	0.09089200105949309	0.09089200105949309	towards_low
residue_cofactor	3	2	12	5	0.01	83	77	5	3	PRO1277-GTP	7.896171846100452	0.006564663320577442	0.08951318370081086	0.08951318370081086	towards_low
residue_cofactor	3	3	13	all	0.01	83	77	77	65	PRO8-GTP	0.02641776739703667	0.8713963265261623	0.0030721308755168007	0.0030721308755168007	towards_low
residue_cofactor	3	3	13	all	0.01	83	77	77	13	PRO9-GTP	2.6346243432064704	0.10947275377459202	-0.040847131091814225	0.040847131091814225	towards_high
residue_cofactor	3	3	13	all	0.01	83	77	77	25	PRO10-GTP	0.9706695218082515	0.3282233455115292	-0.023381534765384446	0.023381534765384446	towards_high
residue_cofactor	3	3	13	all	0.01	83	77	77	10	PRO11-GTP	3.5291450779009588	0.06485491858797883	-0.05828427908849619	0.05828427908849619	towards_high
residue_cofactor	3	3	13	all	0.01	83	77	77	73	PRO14-GTP	0.0012445268589724825	0.9719679845757139	-0.004764807188528156	0.004764807188528156	towards_high
residue_cofactor	3	3	13	all	0.01	83	77	77	41	PRO15-GTP	0.3456363270344116	0.558662593749805	-0.025669519090129503	0.025669519090129503	towards_high
residue_cofactor	3	3	13	all	0.01	83	77	77	24	PRO17-GTP	1.045834994045667	0.3103183918959926	0.027692993987254052	0.027692993987254052	towards_low
residue_cofactor	3	3	13	all	0.01	83	77	77	60	PRO18-GTP	0.04762031849426916	0.8279514057340195	0.0015093090187840194	0.0015093090187840194	towards_low
residue_cofactor	3	3	13	all	0.01	83	77	77	31	PRO19-GTP	0.6533642691481057	0.42190689645575946	-0.014278572545304083	0.014278572545304083	towards_high
residue_cofactor	3	3	13	all	0.01	83	77	77	57	PRO20-GTP	0.06772394603341603	0.7955154421448236	-0.01649275958974884	0.01649275958974884	towards_high
residue_cofactor	3	3	13	all	0.01	83	77	77	51	PRO21-GTP	0.15608091191792015	0.6941043473271743	0.009433897646318488	0.009433897646318488	towards_low
residue_cofactor	3	3	13	all	0.01	83	77	77	23	PRO22-GTP	1.2609691294695105	0.265662622327678	-0.03811860084145879	0.03811860084145879	towards_high
residue_cofactor	3	3	13	all	0.01	83	77	77	66	PRO23-GTP	0.026018270387963182	0.87236382331845	-0.0021454096384537396	0.0021454096384537396	towards_high
residue_cofactor	3	3	13	all	0.01	83	77	77	76	PRO27-GTP	-0.006503365404176621		0.0067124087762475805	0.0067124087762475805	towards_low
residue_cofactor	3	3	13	all	0.01	83	77	77	39	PRO28-GTP	0.3525415404780717	0.5547707929887538	0.008974179615984918	0.008974179615984918	towards_low
residue_cofactor	3	3	13	all	0.01	83	77	77	17	PRO29-GTP	1.9515865357056883	0.16724119139850033	-0.043816604312044184	0.043816604312044184	towards_high
residue_cofactor	3	3	13	all	0.01	83	77	77	45	PRO30-GTP	0.23048345953591098	0.6328024019238938	-0.009719486037148586	0.009719486037148586	towards_high
residue_cofactor	3	3	13	all	0.01	83	77	77	63	PRO31-GTP	0.03250347876836171	0.8574967516987909	0.010462874010123233	0.010462874010123233	towards_low
residue_cofactor	3	3	13	all	0.01	83	77	77	35	PRO32-GTP	0.45421530096483576	0.5027669132774537	-0.016915951353108662	0.016915951353108662	towards_high
residue_cofactor	3	3	13	all	0.01	83	77	77	58	PRO33-GTP	0.06641952386794976	0.7974500064941252	-0.011607631927761895	0.011607631927761895	towards_high
residue_cofactor	3	3	13	all	0.01	83	77	77	49	PRO34-GTP	0.18005373194715393	0.6727500675793752	-0.008153796658698044	0.008153796658698044	towards_high
residue_cofactor	3	3	13	all	0.01	83	77	77	32	PRO36-GTP	0.517516001406221	0.4745219577563481	-0.018823815393888936	0.018823815393888936	towards_high
residue_cofactor	3	3	13	all	0.01	83	77	77	22	PRO37-GTP	1.2823109638335812	0.26169459583474514	-0.04578080641547078	0.04578080641547078	towards_high
residue_cofactor	3	3	13	all	0.01	83	77	77	47	PRO38-GTP	0.20614991344859138	0.6513379927261427	0.015961377862372977	0.015961377862372977	towards_low
residue_cofactor	3	3	13	all	0.01	83	77	77	29	PRO40-GTP	0.7487669472195534	0.39009898042438224	-0.028550014633460005	0.028550014633460005	towards_high
residue_cofactor	3	3	13	all	0.01	83	77	77	42	PRO56-GTP	0.3388931669635766	0.562514012601421	0.014021209825766785	0.014021209825766785	towards_low
residue_cofactor	3	3	13	all	0.01	83	77	77	5	PRO57-GTP	4.564011969562122	0.03648027189386035	0.06141971582792814	0.06141971582792814	towards_low
residue_cofactor	3	3	13	all	0.01	83	77	77	44	PRO58-GTP	0.31922951920572973	0.5740462898495596	-0.020645961672520634	0.020645961672520634	towards_high
residue_cofactor	3	3	13	all	0.01	83	77	77	40	PRO59-GTP	0.34967515472605537	0.5563799818732333	0.012444507094579402	0.012444507094579402	towards_low
residue_cofactor	3	3	13	all	0.01	83	77	77	11	PRO60-GTP	3.2905229688052855	0.07436885099240424	0.047790518544337066	0.047790518544337066	towards_low
residue_cofactor	3	3	13	all	0.01	83	77	77	37	PRO62-GTP	0.37574475489377707	0.5420616470765597	0.007898134091891839	0.007898134091891839	towards_low
residue_cofactor	3	3	13	all	0.01	83	77	77	70	PRO63-GTP	0.00937767860888238	0.9231573341996292	0.0037382935509543934	0.0037382935509543934	towards_low
residue_cofactor	3	3	13	all	0.01	83	77	77	12	PRO64-GTP	2.8190143916168213	0.09802999419353996	0.05381622174608559	0.05381622174608559	towards_low
residue_cofactor	3	3	13	all	0.01	83	77	77	74	PRO68-GTP	0.0003230831311530523	0.9857151047893824	-0.017148346892221656	0.017148346892221656	towards_high
residue_cofactor	3	3	13	all	0.01	83	77	77	71	PRO79-GTP	0.008400676593973786	0.9272582719741389	-0.0016917606811511126	0.0016917606811511126	towards_high
residue_cofactor	3	3	13	all	0.01	83	77	77	20	PRO81-GTP	1.554068848059943	0.21707917881438457	-0.031222231239992758	0.031222231239992758	towards_high
residue_cofactor	3	3	13	all	0.01	83	77	77	53	PRO82-GTP	0.1014609259802913	0.7511206357244608	-0.011310152764906661	0.011310152764906661	towards_high
residue_cofactor	3	3	13	all	0.01	83	77	77	27	PRO83-GTP	0.8516996128240456	0.35953822175949113	0.02759566340791327	0.02759566340791327	towards_low
residue_cofactor	3	3	13	all	0.01	83	77	77	62	PRO84-GTP	0.03987480178081773	0.8423586839151004	-0.0017525286964783294	0.0017525286964783294	towards_high
residue_cofactor	3	3	13	all	0.01	83	77	77	33	PRO85-GTP	0.47913490705543976	0.4913182669108029	0.015696392175215283	0.015696392175215283	towards_low
residue_cofactor	3	3	13	all	0.01	83	77	77	36	PRO86-GTP	0.40164745016469877	0.528498235146208	-0.017999763594158717	0.017999763594158717	towards_high
residue_cofactor	3	3	13	all	0.01	83	77	77	38	PRO88-GTP	0.37129451911767336	0.5444566488963227	0.01608933552703454	0.01608933552703454	towards_low
residue_cofactor	3	3	13	all	0.01	83	77	77	77	PRO89-GTP	-0.023312124598986638		-0.0024350042379087996	0.0024350042379087996	towards_high
residue_cofactor	3	3	13	all	0.01	83	77	77	18	PRO96-GTP	1.796848126397096	0.18483312724460094	-0.04049871322265011	0.04049871322265011	towards_high
residue_cofactor	3	3	13	all	0.01	83	77	77	8	PRO114-GTP	4.0227985512530005	0.04912067077989141	-0.049332570538495976	0.049332570538495976	towards_high
residue_cofactor	3	3	13	all	0.01	83	77	77	34	PRO115-GTP	0.46185601314297264	0.49920857213125075	-0.01680400573100449	0.01680400573100449	towards_high
residue_cofactor	3	3	13	all	0.01	83	77	77	52	PRO116-GTP	0.13573380141140795	0.7137754385290912	0.02109160451597272	0.02109160451597272	towards_low
residue_cofactor	3	3	13	all	0.01	83	77	77	30	PRO117-GTP	0.7172507438652721	0.40020303975745314	0.026183145751633972	0.026183145751633972	towards_low
residue_cofactor	3	3	13	all	0.01	83	77	77	15	PRO118-GTP	2.5590690082009533	0.11458859341186786	0.060334094936446654	0.060334094936446654	towards_low
residue_cofactor	3	3	13	all	0.01	83	77	77	56	PRO119-GTP	0.08366288741510636	0.7733285269936774	-0.015712945461671363	0.015712945461671363	towards_high
residue_cofactor	3	3	13	all	0.01	83	77	77	69	PRO120-GTP	0.010076226453813081	0.9203561162312617	0.0015415289318691792	0.0015415289318691792	towards_low
residue_cofactor	3	3	13	all	0.01	83	77	77	19	PRO121-GTP	1.6482224623402941	0.20382965419424456	0.03324485984283302	0.03324485984283302	towards_low
residue_cofactor	3	3	13	all	0.01	83	77	77	6	PRO122-GTP	4.089499711410898	0.04733425824251752	0.06451586197169606	0.06451586197169606	towards_low
residue_cofactor	3	3	13	all	0.01	83	77	77	54	PRO143-GTP	0.09830140947952587	0.7548971958404022	0.013692250050227141	0.013692250050227141	towards_low
residue_cofactor	3	3	13	all	0.01	83	77	77	55	PRO144-GTP	0.09677982951057798	0.7567397657841193	0.014898477229450544	0.014898477229450544	towards_low
residue_cofactor	3	3	13	all	0.01	83	77	77	14	PRO145-GTP	2.560917927925093	0.11446023326925829	-0.0442541847827707	0.0442541847827707	towards_high
residue_cofactor	3	3	13	all	0.01	83	77	77	7	PRO146-GTP	4.043179496826206	0.04856720445941679	-0.061763514910496906	0.061763514910496906	towards_high
residue_cofactor	3	3	13	all	0.01	83	77	77	21	PRO147-GTP	1.5337701780143569	0.2200709021924623	0.03565624936064562	0.03565624936064562	towards_low
residue_cofactor	3	3	13	all	0.01	83	77	77	61	PRO148-GTP	0.04410330180456334	0.8343286661444439	-0.0001897484352425955	0.0001897484352425955	towards_high
residue_cofactor	3	3	13	all	0.01	83	77	77	46	PRO149-GTP	0.2160266634726671	0.6436616697286801	0.01904472262096682	0.01904472262096682	towards_low
residue_cofactor	3	3	13	all	0.01	83	77	77	59	PRO150-GTP	0.04781230773756382	0.8276104971684372	-0.008117123832439047	0.008117123832439047	towards_high
residue_cofactor	3	3	13	all	0.01	83	77	77	26	PRO151-GTP	0.9643674102230297	0.32978682203332665	-0.03134178386449671	0.03134178386449671	towards_high
residue_cofactor	3	3	13	all	0.01	83	77	77	67	PRO152-GTP	0.023455060072556627	0.878761485503976	7.845089985509313e-05	7.845089985509313e-05	towards_low
residue_cofactor	3	3	13	all	0.01	83	77	77	2	PRO1269-GTP	7.110959849778861	0.009690478039634817	0.07753255337420578	0.07753255337420578	towards_low
residue_cofactor	3	3	13	all	0.01	83	77	77	9	PRO1270-GTP	3.801120914100463	0.055602480197202146	0.04447464379044722	0.04447464379044722	towards_low
residue_cofactor	3	3	13	all	0.01	83	77	77	28	PRO1272-GTP	0.8245278585282566	0.3672662314154191	0.025520398761860734	0.025520398761860734	towards_low
residue_cofactor	3	3	13	all	0.01	83	77	77	1	PRO1273-GTP	8.765298745163701	0.004302435409076595	0.07475368678147108	0.07475368678147108	towards_low
residue_cofactor	3	3	13	all	0.01	83	77	77	3	PRO1274-GTP	6.480607301081644	0.013325018872668456	0.06869456046951308	0.06869456046951308	towards_low
residue_cofactor	3	3	13	all	0.01	83	77	77	75	PRO1275-GTP	-0.0053650766988348015		0.002262242451554332	0.002262242451554332	towards_low
residue_cofactor	3	3	13	all	0.01	83	77	77	4	PRO1277-GTP	5.110383702642295	0.02719185234915511	0.06662541400614988	0.06662541400614988	towards_low
residue_cofactor	3	3	13	all	0.01	83	77	77	16	PRO1278-GTP	2.03195584900497	0.15888139733099177	-0.056376854447037605	0.056376854447037605	towards_high
residue_cofactor	3	3	13	all	0.01	83	77	77	72	PRO1386-GTP	0.006428676779769796	0.9363450635059651	-0.004281617485880866	0.004281617485880866	towards_high
residue_cofactor	3	3	13	all	0.01	83	77	77	50	PRO1390-GTP	0.17927700228698076	0.6734148564606378	0.016807311026648272	0.016807311026648272	towards_low
residue_cofactor	3	3	13	all	0.01	83	77	77	48	PRO1391-GTP	0.20431268033612046	0.6527903319540568	-0.022986337752422748	0.022986337752422748	towards_high
residue_cofactor	3	3	13	all	0.01	83	77	77	64	PRO1426-GTP	0.028538434289925217	0.8663819556275417	0.00993282257190333	0.00993282257190333	towards_low
residue_cofactor	3	3	13	all	0.01	83	77	77	68	PRO1430-GTP	0.018161898694375435	0.8932197573248369	-0.01069121830275491	0.01069121830275491	towards_high
residue_cofactor	3	3	13	all	0.01	83	77	77	43	PRO1436-GTP	0.3208848150483764	0.5730575855558518	-0.00628951263979319	0.00628951263979319	towards_high
residue_cofactor	3	4	14	20	0.1	83	77	20	1	PRO11-GTP	8.58047760830909	0.0046818831794685324	-0.3590642270711396	0.3590642270711396	towards_high
residue_cofactor	3	4	14	20	0.1	83	77	20	15	PRO15-GTP	1.120245993623993	0.29378304955295964	-0.17994370772484164	0.17994370772484164	towards_high
residue_cofactor	3	4	14	20	0.1	83	77	20	19	PRO20-GTP	0.9887012920373558	0.3237472549983675	-0.13206972557254837	0.13206972557254837	towards_high
residue_cofactor	3	4	14	20	0.1	83	77	20	7	PRO22-GTP	3.106380405044451	0.08268720566188467	-0.32433514838020694	0.32433514838020694	towards_high
residue_cofactor	3	4	14	20	0.1	83	77	20	13	PRO37-GTP	1.8623989515284953	0.17705398834124808	-0.3262320343246295	0.3262320343246295	towards_high
residue_cofactor	3	4	14	20	0.1	83	77	20	12	PRO57-GTP	1.906667694172511	0.17206338166947804	0.19627490122325472	0.19627490122325472	towards_low
residue_cofactor	3	4	14	20	0.1	83	77	20	3	PRO96-GTP	4.405715894443279	0.039707429399344685	-0.17058352174774538	0.17058352174774538	towards_high
residue_cofactor	3	4	14	20	0.1	83	77	20	20	PRO114-GTP	0.9779743060295667	0.3263665163238611	0.025905299690790994	0.025905299690790994	towards_low
residue_cofactor	3	4	14	20	0.1	83	77	20	9	PRO118-GTP	2.8738640686936385	0.09481427322602216	0.3456233440319012	0.3456233440319012	towards_low
residue_cofactor	3	4	14	20	0.1	83	77	20	16	PRO121-GTP	1.0303180401634193	0.31384747877775304	0.10833396716194521	0.10833396716194521	towards_low
residue_cofactor	3	4	14	20	0.1	83	77	20	2	PRO122-GTP	5.556724337198115	0.021431526176331157	0.3432700638088	0.3432700638088	towards_low
residue_cofactor	3	4	14	20	0.1	83	77	20	4	PRO146-GTP	4.360810217721968	0.04069687318194816	-0.24756997744743953	0.24756997744743953	towards_high
residue_cofactor	3	4	14	20	0.1	83	77	20	6	PRO147-GTP	3.383670285782715	0.07041269389265992	0.032881493227536106	0.032881493227536106	towards_low
residue_cofactor	3	4	14	20	0.1	83	77	20	17	PRO148-GTP	1.0245437951769607	0.3151967371518826	-0.0746355825219514	0.0746355825219514	towards_high
residue_cofactor	3	4	14	20	0.1	83	77	20	8	PRO149-GTP	3.0471502911712625	0.08560424453534486	0.1441670005666426	0.1441670005666426	towards_low
residue_cofactor	3	4	14	20	0.1	83	77	20	18	PRO151-GTP	0.995199698801383	0.32217420778954153	-0.06196237323408192	0.06196237323408192	towards_high
residue_cofactor	3	4	14	20	0.1	83	77	20	10	PRO1269-GTP	2.1027516924843037	0.15184269511755752	0.160263442127096	0.160263442127096	towards_low
residue_cofactor	3	4	14	20	0.1	83	77	20	14	PRO1273-GTP	1.684609064454708	0.1989000887238456	0.0506573725315704	0.0506573725315704	towards_low
residue_cofactor	3	4	14	20	0.1	83	77	20	11	PRO1274-GTP	1.91790225756697	0.1708232475554322	0.09499907093276648	0.09499907093276648	towards_low
residue_cofactor	3	4	14	20	0.1	83	77	20	5	PRO1277-GTP	3.7782934076842163	0.05625293691428319	0.17193202967168156	0.17193202967168156	towards_low
residue_cofactor	3	5	15	5	0.01	83	77	5	5	PRO118-GTP	4.44067280809192	0.03895510973251857	0.068483753482605	0.068483753482605	towards_low
residue_cofactor	3	5	15	5	0.01	83	77	5	4	PRO146-GTP	5.930357325715305	0.017634876376466116	-0.08364645689361672	0.08364645689361672	towards_high
residue_cofactor	3	5	15	5	0.01	83	77	5	3	PRO1273-GTP	7.146637453499469	0.009486466344208735	0.07563105342375225	0.07563105342375225	towards_low
residue_cofactor	3	5	15	5	0.01	83	77	5	1	PRO1274-GTP	9.693760726202157	0.0027487347621604295	0.09485146399926934	0.09485146399926934	towards_low
residue_cofactor	3	5	15	5	0.01	83	77	5	2	PRO1277-GTP	7.58081502581245	0.007640185510691591	0.08145668378750857	0.08145668378750857	towards_low
residue_cofactor	4	1	16	10	0.01	83	77	10	2	PRO11-GTP	8.424671582744791	0.005072130473726551	-0.09008044260186558	0.09008044260186558	towards_high
residue_cofactor	4	1	16	10	0.01	83	77	10	4	PRO19-GTP	3.848004564979657	0.054157931429593346	-0.06214968989476978	0.06214968989476978	towards_high
residue_cofactor	4	1	16	10	0.01	83	77	10	10	PRO40-GTP	2.284578567589987	0.13558787809919162	-0.0504872082406989	0.0504872082406989	towards_high
residue_cofactor	4	1	16	10	0.01	83	77	10	3	PRO57-GTP	4.37277631695562	0.040492403619643534	0.07074832976505178	0.07074832976505178	towards_low
residue_cofactor	4	1	16	10	0.01	83	77	10	6	PRO60-GTP	3.6054836369822096	0.06209916538058071	0.06586176584504624	0.06586176584504624	towards_low
residue_cofactor	4	1	16	10	0.01	83	77	10	5	PRO96-GTP	3.696988181474602	0.05896307437158967	-0.06612419577129147	0.06612419577129147	towards_high
residue_cofactor	4	1	16	10	0.01	83	77	10	1	PRO122-GTP	9.844952845013063	0.002574320794330995	0.10065253683427636	0.10065253683427636	towards_low
residue_cofactor	4	1	16	10	0.01	83	77	10	7	PRO149-GTP	2.7402253907407745	0.1027469909092247	0.060203862869825354	0.060203862869825354	towards_low
residue_cofactor	4	1	16	10	0.01	83	77	10	9	PRO1273-GTP	2.4495554792716847	0.12248972661730695	0.045665535104075464	0.045665535104075464	towards_low
residue_cofactor	4	1	16	10	0.01	83	77	10	8	PRO1274-GTP	2.580815444687304	0.11308907053575266	0.04693111694504068	0.04693111694504068	towards_low
residue_cofactor	4	2	17	20	10.0	83	77	20	1	PRO11-GTP	7.494094171776153	0.008005713599796153	-2.109102562418265	2.109102562418265	towards_high
residue_cofactor	4	2	17	20	10.0	83	77	20	7	PRO22-GTP	4.042974851849251	0.048572728154022936	-2.598043336365682	2.598043336365682	towards_high
residue_cofactor	4	2	17	20	10.0	83	77	20	19	PRO27-GTP	1.49165090108189	0.22644052972976045	-0.5996577258230836	0.5996577258230836	towards_high
residue_cofactor	4	2	17	20	10.0	83	77	20	15	PRO37-GTP	1.9412137577151762	0.16835711040231005	-1.101875177299556	1.101875177299556	towards_high
residue_cofactor	4	2	17	20	10.0	83	77	20	20	PRO40-GTP	1.471334668625629	0.22959342545134126	0.8486695450318522	0.8486695450318522	towards_low
residue_cofactor	4	2	17	20	10.0	83	77	20	6	PRO60-GTP	4.608283823983265	0.03561371661483386	2.398986683268247	2.398986683268247	towards_low
residue_cofactor	4	2	17	20	10.0	83	77	20	17	PRO64-GTP	1.8523523051235387	0.17828331543654555	1.7174478660502452	1.7174478660502452	towards_low
residue_cofactor	4	2	17	20	10.0	83	77	20	12	PRO96-GTP	2.4946594965878477	0.11916325992695002	-0.9851342716284561	0.9851342716284561	towards_high
residue_cofactor	4	2	17	20	10.0	83	77	20	9	PRO114-GTP	3.768669465354174	0.05662685226188568	0.4238213845517748	0.4238213845517748	towards_low
residue_cofactor	4	2	17	20	10.0	83	77	20	11	PRO115-GTP	2.5964516913416182	0.11202453756605608	0.15832049144689408	0.15832049144689408	towards_low
residue_cofactor	4	2	17	20	10.0	83	77	20	16	PRO118-GTP	1.890427225477944	0.17394828685054714	2.1511249855316183	2.1511249855316183	towards_low
residue_cofactor	4	2	17	20	10.0	83	77	20	5	PRO121-GTP	5.398023291090872	0.023348831401272745	3.208588828682319	3.208588828682319	towards_low
residue_cofactor	4	2	17	20	10.0	83	77	20	10	PRO122-GTP	3.585253066004672	0.06281679761506506	0.6582326599591618	0.6582326599591618	towards_low
residue_cofactor	4	2	17	20	10.0	83	77	20	8	PRO146-GTP	3.89844659676446	0.05264911297421416	-0.29724301831614963	0.29724301831614963	towards_high
residue_cofactor	4	2	17	20	10.0	83	77	20	14	PRO147-GTP	2.278586070362992	0.1360928704417871	0.9002720360576494	0.9002720360576494	towards_low
residue_cofactor	4	2	17	20	10.0	83	77	20	18	PRO148-GTP	1.7421493152308813	0.19156847496333668	-1.2350578091178097	1.2350578091178097	towards_high
residue_cofactor	4	2	17	20	10.0	83	77	20	13	PRO1269-GTP	2.341624405199741	0.13088627255161234	0.8261753454464007	0.8261753454464007	towards_low
residue_cofactor	4	2	17	20	10.0	83	77	20	3	PRO1273-GTP	7.293115983108174	0.008847238785576096	0.2515328288084135	0.2515328288084135	towards_low
residue_cofactor	4	2	17	20	10.0	83	77	20	4	PRO1274-GTP	5.991114555428007	0.017131802310699308	0.7737661682888103	0.7737661682888103	towards_low
residue_cofactor	4	2	17	20	10.0	83	77	20	2	PRO1277-GTP	7.351614473424887	0.008593104470205866	0.875332178273291	0.875332178273291	towards_low
residue_cofactor	4	3	18	10	0.01	83	77	10	7	PRO11-GTP	5.88073556183435	0.01813993003324031	-0.08182056552106422	0.08182056552106422	towards_high
residue_cofactor	4	3	18	10	0.01	83	77	10	9	PRO22-GTP	3.429815352702773	0.06864267600851798	-0.06242233761091047	0.06242233761091047	towards_high
residue_cofactor	4	3	18	10	0.01	83	77	10	6	PRO122-GTP	5.891901361730605	0.018035148143771346	0.08603421563208317	0.08603421563208317	towards_low
residue_cofactor	4	3	18	10	0.01	83	77	10	10	PRO145-GTP	2.0972751927561584	0.15244346136603418	-0.04269858444522251	0.04269858444522251	towards_high
residue_cofactor	4	3	18	10	0.01	83	77	10	2	PRO146-GTP	7.30507400475763	0.008794654274243412	-0.08210913927138414	0.08210913927138414	towards_high
residue_cofactor	4	3	18	10	0.01	83	77	10	8	PRO147-GTP	5.47502556944648	0.022421291193236142	0.06931434197341657	0.06931434197341657	towards_low
residue_cofactor	4	3	18	10	0.01	83	77	10	4	PRO1269-GTP	6.204277638359977	0.015349088943129903	0.07633096135733067	0.07633096135733067	towards_low
residue_cofactor	4	3	18	10	0.01	83	77	10	3	PRO1273-GTP	6.7625188614059875	0.011548086836525818	0.0717012013847932	0.0717012013847932	towards_low
residue_cofactor	4	3	18	10	0.01	83	77	10	1	PRO1274-GTP	11.402798373251924	0.0012513230529475428	0.10039671360538749	0.10039671360538749	towards_low
residue_cofactor	4	3	18	10	0.01	83	77	10	5	PRO1277-GTP	6.1421425387759205	0.015847511493848325	0.07505293967549083	0.07505293967549083	towards_low
residue_cofactor	4	4	19	20	1.0	83	77	20	13	PRO9-GTP	1.9359014346788679	0.16885815168876586	-0.30327600628847223	0.30327600628847223	towards_high
residue_cofactor	4	4	19	20	1.0	83	77	20	7	PRO11-GTP	3.337642594527903	0.0723032933166368	-0.5795739992428758	0.5795739992428758	towards_high
residue_cofactor	4	4	19	20	1.0	83	77	20	2	PRO22-GTP	7.042998188208918	0.009993057989332916	-1.0936126379907418	1.0936126379907418	towards_high
residue_cofactor	4	4	19	20	1.0	83	77	20	16	PRO33-GTP	1.4686054221742821	0.2299528129332434	-0.28001957295634394	0.28001957295634394	towards_high
residue_cofactor	4	4	19	20	1.0	83	77	20	10	PRO37-GTP	2.6889056584543622	0.10588049117899509	-1.1268822516108363	1.1268822516108363	towards_high
residue_cofactor	4	4	19	20	1.0	83	77	20	9	PRO60-GTP	2.781301388994076	0.1001818543752643	0.556131477999412	0.556131477999412	towards_low
residue_cofactor	4	4	19	20	1.0	83	77	20	15	PRO64-GTP	1.5538862317615616	0.21703626705769546	0.7166034015632344	0.7166034015632344	towards_low
residue_cofactor	4	4	19	20	1.0	83	77	20	19	PRO86-GTP	1.165828196533032	0.2842503270450698	-0.6179406084331415	0.6179406084331415	towards_high
residue_cofactor	4	4	19	20	1.0	83	77	20	17	PRO114-GTP	1.2732498118640048	0.2633055621432235	-0.011704433160229843	0.011704433160229843	towards_high
residue_cofactor	4	4	19	20	1.0	83	77	20	8	PRO118-GTP	3.1858630177564167	0.07894385062074986	0.6504360574211858	0.6504360574211858	towards_low
residue_cofactor	4	4	19	20	1.0	83	77	20	6	PRO146-GTP	4.709546525521378	0.03365560672514132	-0.33631908860228826	0.33631908860228826	towards_high
residue_cofactor	4	4	19	20	1.0	83	77	20	14	PRO147-GTP	1.6415912777835848	0.20465946134307453	-0.012257291756741572	0.012257291756741572	towards_high
residue_cofactor	4	4	19	20	1.0	83	77	20	20	PRO151-GTP	0.9807235379842895	0.3256925183960252	-0.26913133538707373	0.26913133538707373	towards_high
residue_cofactor	4	4	19	20	1.0	83	77	20	5	PRO1269-GTP	4.725609555794977	0.03336449844858255	0.7674228819567127	0.7674228819567127	towards_low
residue_cofactor	4	4	19	20	1.0	83	77	20	11	PRO1270-GTP	2.0932652971100314	0.15275504496528117	-0.8530178271757772	0.8530178271757772	towards_high
residue_cofactor	4	4	19	20	1.0	83	77	20	12	PRO1272-GTP	1.989160531159587	0.16319640532803226	0.14950663270965542	0.14950663270965542	towards_low
residue_cofactor	4	4	19	20	1.0	83	77	20	3	PRO1273-GTP	6.805194102479602	0.011266175299933354	0.3478290064063045	0.3478290064063045	towards_low
residue_cofactor	4	4	19	20	1.0	83	77	20	1	PRO1274-GTP	11.458538420969147	0.001210847141318574	0.6836969518745672	0.6836969518745672	towards_low
residue_cofactor	4	4	19	20	1.0	83	77	20	18	PRO1275-GTP	1.1915890396732642	0.27903899785409425	0.26840325014659616	0.26840325014659616	towards_low
residue_cofactor	4	4	19	20	1.0	83	77	20	4	PRO1277-GTP	5.6100721437027	0.02084012749579008	0.5463778025115541	0.5463778025115541	towards_low
residue_cofactor	4	5	20	10	1.0	83	77	10	7	PRO11-GTP	4.2622713962083765	0.04296233067073427	-0.4860685289802151	0.4860685289802151	towards_high
residue_cofactor	4	5	20	10	1.0	83	77	10	6	PRO57-GTP	4.654001600192513	0.034683401933398576	0.616214760450699	0.616214760450699	towards_low
residue_cofactor	4	5	20	10	1.0	83	77	10	8	PRO118-GTP	4.177896362026506	0.04501030308543051	0.6447193412513781	0.6447193412513781	towards_low
residue_cofactor	4	5	20	10	1.0	83	77	10	4	PRO145-GTP	5.219447220632525	0.02560864125596335	-0.09811612042134686	0.09811612042134686	towards_high
residue_cofactor	4	5	20	10	1.0	83	77	10	1	PRO146-GTP	9.62817278162019	0.002835356126307325	-0.6513578584118723	0.6513578584118723	towards_high
residue_cofactor	4	5	20	10	1.0	83	77	10	3	PRO147-GTP	8.586232938499458	0.004668854631157118	0.37838663911347814	0.37838663911347814	towards_low
residue_cofactor	4	5	20	10	1.0	83	77	10	9	PRO1269-GTP	3.6057095658853244	0.06202158514761206	0.3514548231573988	0.3514548231573988	towards_low
residue_cofactor	4	5	20	10	1.0	83	77	10	5	PRO1273-GTP	4.80622515611975	0.03194367590991892	0.324561996726336	0.324561996726336	towards_low
residue_cofactor	4	5	20	10	1.0	83	77	10	10	PRO1274-GTP	3.4506903122255355	0.0677560294564112	-0.14307092899946228	0.14307092899946228	towards_high
residue_cofactor	4	5	20	10	1.0	83	77	10	2	PRO1277-GTP	8.659190788043054	0.004506947194811945	0.3947699726691944	0.3947699726691944	towards_low
residue_cofactor	5	1	21	5	0.1	83	77	5	3	PRO11-GTP	5.525001490096609	0.021840328821771657	-0.33118424427630744	0.33118424427630744	towards_high
residue_cofactor	5	1	21	5	0.1	83	77	5	1	PRO22-GTP	9.091827949357945	0.0036788018171164754	-0.466649509176878	0.466649509176878	towards_high
residue_cofactor	5	1	21	5	0.1	83	77	5	4	PRO118-GTP	4.637685310753308	0.03505044926024602	0.3270546844840849	0.3270546844840849	towards_low
residue_cofactor	5	1	21	5	0.1	83	77	5	5	PRO1274-GTP	4.463355584363542	0.03853589868086308	0.19449885306264833	0.19449885306264833	towards_low
residue_cofactor	5	1	21	5	0.1	83	77	5	2	PRO1277-GTP	5.701595405251867	0.019912272370685605	0.25749423525172566	0.25749423525172566	towards_low
residue_cofactor	5	2	22	20	10.0	83	77	20	9	PRO11-GTP	3.3362757959700526	0.07243215448620917	-2.2632875046968812	2.2632875046968812	towards_high
residue_cofactor	5	2	22	20	10.0	83	77	20	11	PRO22-GTP	3.122085906121419	0.08200564844734834	-1.5267841210929727	1.5267841210929727	towards_high
residue_cofactor	5	2	22	20	10.0	83	77	20	12	PRO29-GTP	2.805262931136622	0.09883554954926699	-2.448995598919526	2.448995598919526	towards_high
residue_cofactor	5	2	22	20	10.0	83	77	20	19	PRO40-GTP	1.5929769107849328	0.2114814354498534	-2.2549455955019155	2.2549455955019155	towards_high
residue_cofactor	5	2	22	20	10.0	83	77	20	10	PRO57-GTP	3.2750916493304425	0.07503483192290548	1.6963966848992331	1.6963966848992331	towards_low
residue_cofactor	5	2	22	20	10.0	83	77	20	14	PRO85-GTP	2.3206156251235925	0.13259578733311186	1.0205581590953765	1.0205581590953765	towards_low
residue_cofactor	5	2	22	20	10.0	83	77	20	20	PRO86-GTP	1.5759595794496615	0.2139079588753976	-1.7015191051601963	1.7015191051601963	towards_high
residue_cofactor	5	2	22	20	10.0	83	77	20	15	PRO96-GTP	1.9539876341323001	0.16698411160517695	1.9875544072243323	1.9875544072243323	towards_low
residue_cofactor	5	2	22	20	10.0	83	77	20	7	PRO118-GTP	3.8702533251448252	0.05348672121705813	1.9020461216014926	1.9020461216014926	towards_low
residue_cofactor	5	2	22	20	10.0	83	77	20	18	PRO120-GTP	1.7829262477336505	0.1865203732456822	0.04491865526871137	0.04491865526871137	towards_low
residue_cofactor	5	2	22	20	10.0	83	77	20	6	PRO122-GTP	3.8859703901067073	0.053018006099269	2.5600460520252026	2.5600460520252026	towards_low
residue_cofactor	5	2	22	20	10.0	83	77	20	17	PRO145-GTP	1.8012155161669674	0.18430755580342106	-0.5707995121735397	0.5707995121735397	towards_high
residue_cofactor	5	2	22	20	10.0	83	77	20	5	PRO146-GTP	4.885835389363784	0.03065988385753778	0.09865877764973971	0.09865877764973971	towards_low
residue_cofactor	5	2	22	20	10.0	83	77	20	8	PRO147-GTP	3.502334369370118	0.06585423944655841	0.4779812728127283	0.4779812728127283	towards_low
residue_cofactor	5	2	22	20	10.0	83	77	20	16	PRO149-GTP	1.9437816304456157	0.16808004590278702	1.0706225985286775	1.0706225985286775	towards_low
residue_cofactor	5	2	22	20	10.0	83	77	20	3	PRO1269-GTP	8.157955790777374	0.005774964975080528	2.669600311900484	2.669600311900484	towards_low
residue_cofactor	5	2	22	20	10.0	83	77	20	13	PRO1270-GTP	2.7073475005462977	0.10478999049522901	-1.4444712763430294	1.4444712763430294	towards_high
residue_cofactor	5	2	22	20	10.0	83	77	20	1	PRO1273-GTP	8.62647543947278	0.004600212770354786	0.2173636852740891	0.2173636852740891	towards_low
residue_cofactor	5	2	22	20	10.0	83	77	20	2	PRO1274-GTP	8.50212179277873	0.00488528390437673	1.3028822296257003	1.3028822296257003	towards_low
residue_cofactor	5	2	22	20	10.0	83	77	20	4	PRO1277-GTP	7.074602269092378	0.009868686250352615	2.5673639108423907	2.5673639108423907	towards_low
residue_cofactor	5	3	23	10	0.01	83	77	10	3	PRO11-GTP	6.105580693963705	0.016148775073885437	-0.08226417954703943	0.08226417954703943	towards_high
residue_cofactor	5	3	23	10	0.01	83	77	10	9	PRO20-GTP	3.0548190055953497	0.08529401495136162	-0.05465140288680434	0.05465140288680434	towards_high
residue_cofactor	5	3	23	10	0.01	83	77	10	8	PRO37-GTP	3.791255670790708	0.05591174178184577	-0.06554005937054593	0.06554005937054593	towards_high
residue_cofactor	5	3	23	10	0.01	83	77	10	10	PRO121-GTP	2.723868954757678	0.10375773305856206	0.05599342140861816	0.05599342140861816	towards_low
residue_cofactor	5	3	23	10	0.01	83	77	10	4	PRO146-GTP	5.599135455104316	0.021007819346033497	-0.07061799039044132	0.07061799039044132	towards_high
residue_cofactor	5	3	23	10	0.01	83	77	10	7	PRO147-GTP	4.430524129991177	0.03923304428588568	0.05529339514095186	0.05529339514095186	towards_low
residue_cofactor	5	3	23	10	0.01	83	77	10	5	PRO1269-GTP	5.532940683572483	0.021749519830876637	0.0681434737718369	0.0681434737718369	towards_low
residue_cofactor	5	3	23	10	0.01	83	77	10	1	PRO1273-GTP	9.151951850888025	0.0035746794775045514	0.08455077650048862	0.08455077650048862	towards_low
residue_cofactor	5	3	23	10	0.01	83	77	10	2	PRO1274-GTP	7.124010387974611	0.009627339260743871	0.0761688313882661	0.0761688313882661	towards_low
residue_cofactor	5	3	23	10	0.01	83	77	10	6	PRO1277-GTP	4.493404399209679	0.03790950435039972	0.060584117307797794	0.060584117307797794	towards_low
residue_cofactor	5	4	24	20	0.01	83	77	20	9	PRO9-GTP	2.634436559410619	0.10940966021417371	-0.04157749824721992	0.04157749824721992	towards_high
residue_cofactor	5	4	24	20	0.01	83	77	20	1	PRO11-GTP	7.933511062574867	0.006419324130555401	-0.0857671867157532	0.0857671867157532	towards_high
residue_cofactor	5	4	24	20	0.01	83	77	20	19	PRO19-GTP	1.4339310428954635	0.23547267301799474	-0.023764382073798336	0.023764382073798336	towards_high
residue_cofactor	5	4	24	20	0.01	83	77	20	11	PRO22-GTP	2.034803454718745	0.1585197399653634	-0.05141218836379319	0.05141218836379319	towards_high
residue_cofactor	5	4	24	20	0.01	83	77	20	20	PRO37-GTP	1.3828575475071563	0.24390412134458053	-0.04926796962910131	0.04926796962910131	towards_high
residue_cofactor	5	4	24	20	0.01	83	77	20	6	PRO57-GTP	3.135268807207995	0.08130446748813201	0.06149258429344981	0.06149258429344981	towards_low
residue_cofactor	5	4	24	20	0.01	83	77	20	7	PRO60-GTP	2.952597328144289	0.09049995330560001	0.05762990930289943	0.05762990930289943	towards_low
residue_cofactor	5	4	24	20	0.01	83	77	20	18	PRO81-GTP	1.5822940249357236	0.21293078562975146	-0.03526406583438245	0.03526406583438245	towards_high
residue_cofactor	5	4	24	20	0.01	83	77	20	15	PRO96-GTP	1.7650787516094415	0.18863787788913336	-0.03972470135198643	0.03972470135198643	towards_high
residue_cofactor	5	4	24	20	0.01	83	77	20	16	PRO114-GTP	1.6658871492401304	0.20138244023472346	-0.02241045068305681	0.02241045068305681	towards_high
residue_cofactor	5	4	24	20	0.01	83	77	20	12	PRO121-GTP	1.953311255942181	0.16698251675819079	0.03355730336844992	0.03355730336844992	towards_low
residue_cofactor	5	4	24	20	0.01	83	77	20	2	PRO122-GTP	7.208156952677218	0.009198600730006407	0.08254212256226462	0.08254212256226462	towards_low
residue_cofactor	5	4	24	20	0.01	83	77	20	8	PRO146-GTP	2.775793050167511	0.10051180437642215	-0.05470372678802979	0.05470372678802979	towards_high
residue_cofactor	5	4	24	20	0.01	83	77	20	10	PRO147-GTP	2.3039128071157067	0.13389757809616515	0.04273505393780465	0.04273505393780465	towards_low
residue_cofactor	5	4	24	20	0.01	83	77	20	14	PRO1269-GTP	1.8633755207187421	0.17694207519042746	0.03735832584997237	0.03735832584997237	towards_low
residue_cofactor	5	4	24	20	0.01	83	77	20	17	PRO1272-GTP	1.6226360194507492	0.20726071096171303	0.034501389289824935	0.034501389289824935	towards_low
residue_cofactor	5	4	24	20	0.01	83	77	20	4	PRO1273-GTP	4.6964356688948605	0.03389522998426519	0.05789549599232291	0.05789549599232291	towards_low
residue_cofactor	5	4	24	20	0.01	83	77	20	3	PRO1274-GTP	6.585842535299073	0.012592522847946468	0.07010699037379166	0.07010699037379166	towards_low
residue_cofactor	5	4	24	20	0.01	83	77	20	5	PRO1277-GTP	3.585786665296272	0.06272795810722914	0.058729823378828566	0.058729823378828566	towards_low
residue_cofactor	5	4	24	20	0.01	83	77	20	13	PRO1386-GTP	1.9015046563894338	0.172636845012328	-0.04509345724986559	0.04509345724986559	towards_high
residue_cofactor	5	5	25	5	0.01	83	77	5	4	PRO11-GTP	5.214563135785921	0.025675146711354267	-0.08063638161160366	0.08063638161160366	towards_high
residue_cofactor	5	5	25	5	0.01	83	77	5	1	PRO146-GTP	7.725679799015099	0.007111603292665779	-0.09072632869233539	0.09072632869233539	towards_high
residue_cofactor	5	5	25	5	0.01	83	77	5	5	PRO147-GTP	4.425796431163795	0.039273379026210885	0.062078671945319415	0.062078671945319415	towards_low
residue_cofactor	5	5	25	5	0.01	83	77	5	3	PRO1274-GTP	5.734726148850875	0.019524746083265987	0.0760401255488723	0.0760401255488723	towards_low
residue_cofactor	5	5	25	5	0.01	83	77	5	2	PRO1277-GTP	7.664587234402984	0.0073296772585308085	0.09158612495901455	0.09158612495901455	towards_low
residue_residue	1	1	1	20	0.1	3982	3971	20	6	PRO6-PRO72	12.379929082114964	0.000804513241927827	0.18189776627267984	0.18189776627267984	towards_low
residue_residue	1	1	1	20	0.1	3982	3971	20	13	PRO8-PRO110	9.820926950551902	0.002603580710784997	-0.2712311914464546	0.2712311914464546	towards_high
residue_residue	1	1	1	20	0.1	3982	3971	20	8	PRO10-PRO11	11.542522001149711	0.0011741582005308335	-0.06751558156451062	0.06751558156451062	towards_high
residue_residue	1	1	1	20	0.1	3982	3971	20	15	PRO16-PRO147	9.69434831992502	0.0027635721807639604	0.12582645261324862	0.12582645261324862	towards_low
residue_residue	1	1	1	20	0.1	3982	3971	20	11	PRO17-PRO147	10.42144279569102	0.001966098616860772	0.16214473808874996	0.16214473808874996	towards_low
residue_residue	1	1	1	20	0.1	3982	3971	20	18	PRO18-PRO147	9.150786398037672	0.0035766682476384695	0.16125342636920328	0.16125342636920328	towards_low
residue_residue	1	1	1	20	0.1	3982	3971	20	17	PRO37-PRO1420	9.346672458354826	0.003258099994150466	0.27012665859478746	0.27012665859478746	towards_low
residue_residue	1	1	1	20	0.1	3982	3971	20	1	PRO62-PRO1279	22.044927132871187	1.4521503470428964e-05	0.4078214410654077	0.4078214410654077	towards_low
residue_residue	1	1	1	20	0.1	3982	3971	20	5	PRO62-PRO1280	15.253402070574031	0.0002290294898112305	0.3522472112262386	0.3522472112262386	towards_low
residue_residue	1	1	1	20	0.1	3982	3971	20	16	PRO88-PRO93	9.554258947278926	0.0029526692712244446	-0.22582247954387769	0.22582247954387769	towards_high
residue_residue	1	1	1	20	0.1	3982	3971	20	3	PRO90-PRO92	15.473494760213521	0.00020852096022743537	0.3324360928236836	0.3324360928236836	towards_low
residue_residue	1	1	1	20	0.1	3982	3971	20	19	PRO94-PRO137	8.665399677303816	0.004514604460837152	0.2588824308529472	0.2588824308529472	towards_low
residue_residue	1	1	1	20	0.1	3982	3971	20	4	PRO145-PRO146	15.302206257195085	0.0002243080898784312	-0.21994665481997264	0.21994665481997264	towards_high
residue_residue	1	1	1	20	0.1	3982	3971	20	12	PRO146-PRO147	10.131508932069996	0.0022506419793901357	0.2296369902528817	0.2296369902528817	towards_low
residue_residue	1	1	1	20	0.1	3982	3971	20	10	PRO1242-PRO1243	10.517133963196523	0.0018806396680885041	-0.07248872078136828	0.07248872078136828	towards_high
residue_residue	1	1	1	20	0.1	3982	3971	20	20	PRO1274-PRO1275	8.659698024294176	0.004527039452865403	0.02886040655119539	0.02886040655119539	towards_low
residue_residue	1	1	1	20	0.1	3982	3971	20	2	PRO1275-PRO1276	16.341718081623043	0.00014447520098904846	0.4121591431936591	0.4121591431936591	towards_low
residue_residue	1	1	1	20	0.1	3982	3971	20	14	PRO1280-PRO1391	9.819848320749486	0.0026049024339064157	0.2697500551163264	0.2697500551163264	towards_low
residue_residue	1	1	1	20	0.1	3982	3971	20	9	PRO1383-PRO1384	10.958625081522387	0.0015336604361304992	-0.1960047191430109	0.1960047191430109	towards_high
residue_residue	1	1	1	20	0.1	3982	3971	20	7	PRO1423-PRO1424	12.32592592118699	0.0008242272060626159	0.18925384721549762	0.18925384721549762	towards_low
residue_residue	1	2	2	5	100.0	3982	3970	5	2	PRO19-PRO147	15.176747601431746	0.0002366543208312851	0.7687525868067484	0.7687525868067484	towards_low
residue_residue	1	2	2	5	100.0	3982	3970	5	1	PRO62-PRO1279	42.601700201004945	1.2480633090391852e-08	3.520227107623178	3.520227107623178	towards_low
residue_residue	1	2	2	5	100.0	3982	3970	5	3	PRO82-PRO119	14.67879503077305	0.00029304486437269317	-0.7640002935876857	0.7640002935876857	towards_high
residue_residue	1	2	2	5	100.0	3982	3970	5	5	PRO90-PRO92	12.916118390127163	0.000633412906719486	2.0172645335879333	2.0172645335879333	towards_low
residue_residue	1	2	2	5	100.0	3982	3970	5	4	PRO1275-PRO1276	13.189189189674918	0.0005612708357966305	1.6627542342982486	1.6627542342982486	towards_low
residue_residue	1	3	3	10	1.0	3982	3971	10	8	PRO16-PRO17	9.255813962363545	0.0034020056920304118	-0.623897857384353	0.623897857384353	towards_high
residue_residue	1	3	3	10	1.0	3982	3971	10	2	PRO62-PRO1279	15.097451699704719	0.0002448194162792857	1.4672740589607567	1.4672740589607567	towards_low
residue_residue	1	3	3	10	1.0	3982	3971	10	7	PRO73-PRO102	9.444176971547211	0.003110722364200343	-0.958498044040628	0.958498044040628	towards_high
residue_residue	1	3	3	10	1.0	3982	3971	10	6	PRO88-PRO93	9.752717431124209	0.002688556856761613	-0.7907612619218434	0.7907612619218434	towards_high
residue_residue	1	3	3	10	1.0	3982	3971	10	4	PRO90-PRO92	11.23542376643714	0.0013507598843304986	0.7821409436090966	0.7821409436090966	towards_low
residue_residue	1	3	3	10	1.0	3982	3971	10	3	PRO143-PRO144	12.377092515024167	0.0008055364363441893	0.660335071669636	0.660335071669636	towards_low
residue_residue	1	3	3	10	1.0	3982	3971	10	9	PRO1242-PRO1243	9.084216400592291	0.0036922078299927367	-0.11345713469915074	0.11345713469915074	towards_high
residue_residue	1	3	3	10	1.0	3982	3971	10	1	PRO1275-PRO1276	22.419753081699973	1.2564739548097361e-05	1.4360384721134543	1.4360384721134543	towards_low
residue_residue	1	3	3	10	1.0	3982	3971	10	10	PRO1276-PRO1280	9.057202391207092	0.00374020069629088	0.7723510810844938	0.7723510810844938	towards_low
residue_residue	1	3	3	10	1.0	3982	3971	10	5	PRO1384-PRO1385	10.820618563022709	0.0016343154994268253	0.25811264121445987	0.25811264121445987	towards_low
residue_residue	1	4	4	50	1.0	3982	3971	50	40	PRO6-PRO72	7.907994329767091	0.0065003713207348315	0.11371196356525567	0.11371196356525567	towards_low
residue_residue	1	4	4	50	1.0	3982	3971	50	17	PRO6-PRO110	10.194872081913744	0.002171578889873272	-0.4029100878060139	0.4029100878060139	towards_high
residue_residue	1	4	4	50	1.0	3982	3971	50	31	PRO7-PRO69	8.47852299403335	0.00491909876481329	0.23070444924365788	0.23070444924365788	towards_low
residue_residue	1	4	4	50	1.0	3982	3971	50	27	PRO7-PRO72	8.964725356193814	0.003890107159070086	0.391715643084536	0.391715643084536	towards_low
residue_residue	1	4	4	50	1.0	3982	3971	50	10	PRO7-PRO73	11.572444296071364	0.0011495258515596724	0.3496952504919195	0.3496952504919195	towards_low
residue_residue	1	4	4	50	1.0	3982	3971	50	43	PRO11-PRO1276	7.559851567817387	0.007720028603623394	-0.2855319791849246	0.2855319791849246	towards_high
residue_residue	1	4	4	50	1.0	3982	3971	50	50	PRO14-PRO81	7.2509419680796885	0.009003825192673884	-0.2638929773942552	0.2638929773942552	towards_high
residue_residue	1	4	4	50	1.0	3982	3971	50	48	PRO15-PRO1273	7.342812014123273	0.008600100128808305	-0.001349715306976103	0.001349715306976103	towards_high
residue_residue	1	4	4	50	1.0	3982	3971	50	11	PRO19-PRO20	11.241110155077735	0.0013375361069720502	-0.4772343928170035	0.4772343928170035	towards_high
residue_residue	1	4	4	50	1.0	3982	3971	50	46	PRO19-PRO148	7.442030635527101	0.008185375769169712	0.2084682877889447	0.2084682877889447	towards_low
residue_residue	1	4	4	50	1.0	3982	3971	50	2	PRO20-PRO21	26.93265005615787	2.253489461476091e-06	0.5886606212597437	0.5886606212597437	towards_low
residue_residue	1	4	4	50	1.0	3982	3971	50	4	PRO21-PRO22	23.758077535946587	7.356799780313975e-06	-0.42455670940234724	0.42455670940234724	towards_high
residue_residue	1	4	4	50	1.0	3982	3971	50	47	PRO22-PRO145	7.357492237557997	0.008537371706174926	-0.3595486177633541	0.3595486177633541	towards_high
residue_residue	1	4	4	50	1.0	3982	3971	50	49	PRO22-PRO151	7.322121139724844	0.008689335803435493	-0.0022758675980021847	0.0022758675980021847	towards_high
residue_residue	1	4	4	50	1.0	3982	3971	50	21	PRO22-PRO155	9.609832853435163	0.0028600837934169973	-0.17099397554131135	0.17099397554131135	towards_high
residue_residue	1	4	4	50	1.0	3982	3971	50	25	PRO25-PRO152	9.227489492741702	0.003430275722054803	-0.23756679905584768	0.23756679905584768	towards_high
residue_residue	1	4	4	50	1.0	3982	3971	50	35	PRO35-PRO36	8.257271544977113	0.005478212073234419	-0.22448061978599673	0.22448061978599673	towards_high
residue_residue	1	4	4	50	1.0	3982	3971	50	34	PRO40-PRO156	8.318427342164577	0.005317310413627842	-0.21716753560319416	0.21716753560319416	towards_high
residue_residue	1	4	4	50	1.0	3982	3971	50	37	PRO56-PRO78	8.239778294133151	0.00552516917554303	-0.2437033897880987	0.2437033897880987	towards_high
residue_residue	1	4	4	50	1.0	3982	3971	50	5	PRO62-PRO1279	20.975107709423714	2.1602261125067144e-05	0.48657788836974697	0.48657788836974697	towards_low
residue_residue	1	4	4	50	1.0	3982	3971	50	14	PRO62-PRO1280	10.791224824017853	0.0016454632359211197	0.33092819249594374	0.33092819249594374	towards_low
residue_residue	1	4	4	50	1.0	3982	3971	50	28	PRO62-PRO1283	8.605988513628624	0.00462442112324107	0.2707719614847541	0.2707719614847541	towards_low
residue_residue	1	4	4	50	1.0	3982	3971	50	38	PRO76-PRO109	8.166512827929965	0.0057264650517156145	-0.3504722590512799	0.3504722590512799	towards_high
residue_residue	1	4	4	50	1.0	3982	3971	50	1	PRO78-PRO79	27.51964635915888	1.8197300651664725e-06	-0.022229061563861	0.022229061563861	towards_high
residue_residue	1	4	4	50	1.0	3982	3971	50	23	PRO85-PRO89	9.489924407178577	0.003027404259705476	-0.21251100167326903	0.21251100167326903	towards_high
residue_residue	1	4	4	50	1.0	3982	3971	50	16	PRO85-PRO116	10.568181818186945	0.0018246837327956268	0.3032256572381827	0.3032256572381827	towards_low
residue_residue	1	4	4	50	1.0	3982	3971	50	13	PRO85-PRO144	10.887897031646585	0.0015735753924126896	0.24321661289616997	0.24321661289616997	towards_low
residue_residue	1	4	4	50	1.0	3982	3971	50	19	PRO86-PRO116	9.899124539250247	0.002494934236887031	0.10294759053990245	0.10294759053990245	towards_low
residue_residue	1	4	4	50	1.0	3982	3971	50	12	PRO88-PRO93	10.964460911442227	0.0015189650518819767	-0.27414460306922356	0.27414460306922356	towards_high
residue_residue	1	4	4	50	1.0	3982	3971	50	9	PRO90-PRO92	11.97142492331944	0.0009590256624593605	0.30873212691578666	0.30873212691578666	towards_low
residue_residue	1	4	4	50	1.0	3982	3971	50	32	PRO91-PRO94	8.413383046222345	0.005077218015847344	-0.14741872651498147	0.14741872651498147	towards_high
residue_residue	1	4	4	50	1.0	3982	3971	50	18	PRO91-PRO97	10.098535557554106	0.0022718147215686265	-0.13091977217954198	0.13091977217954198	towards_high
residue_residue	1	4	4	50	1.0	3982	3971	50	30	PRO91-PRO98	8.564515997160322	0.004718215531549339	-0.07353127816404809	0.07353127816404809	towards_high
residue_residue	1	4	4	50	1.0	3982	3971	50	33	PRO96-PRO109	8.35975061550163	0.005211396616439958	0.15447259500614421	0.15447259500614421	towards_low
residue_residue	1	4	4	50	1.0	3982	3971	50	42	PRO97-PRO99	7.743010418135629	0.007050988336204833	-0.3314991046306295	0.3314991046306295	towards_high
residue_residue	1	4	4	50	1.0	3982	3971	50	15	PRO114-PRO115	10.582305150061979	0.0018127535230160207	-0.023529868958897797	0.023529868958897797	towards_high
residue_residue	1	4	4	50	1.0	3982	3971	50	44	PRO118-PRO146	7.545289981003215	0.00777600440975217	0.11591210604731164	0.11591210604731164	towards_low
residue_residue	1	4	4	50	1.0	3982	3971	50	45	PRO121-PRO122	7.478991595416912	0.008036302203065025	0.34597270908933253	0.34597270908933253	towards_low
residue_residue	1	4	4	50	1.0	3982	3971	50	41	PRO144-PRO148	7.771685909412717	0.0069518817453200635	0.02159430038254604	0.02159430038254604	towards_low
residue_residue	1	4	4	50	1.0	3982	3971	50	26	PRO146-PRO147	8.978970298560204	0.0038635972752596157	0.32935679932700346	0.32935679932700346	towards_low
residue_residue	1	4	4	50	1.0	3982	3971	50	8	PRO1241-PRO1287	12.14638297554959	0.0008861412879900324	0.4027322470385637	0.4027322470385637	towards_low
residue_residue	1	4	4	50	1.0	3982	3971	50	7	PRO1267-PRO1268	12.727886563328536	0.0006826104238900579	0.31168236290571394	0.31168236290571394	towards_low
residue_residue	1	4	4	50	1.0	3982	3971	50	6	PRO1275-PRO1276	13.550340273110988	0.0004740448557168267	0.3904291580612057	0.3904291580612057	towards_low
residue_residue	1	4	4	50	1.0	3982	3971	50	36	PRO1275-PRO1277	8.24324142474491	0.0055158397360417916	-0.4591174740324403	0.4591174740324403	towards_high
residue_residue	1	4	4	50	1.0	3982	3971	50	24	PRO1275-PRO1278	9.296344806502884	0.0033194331233244575	-0.2976551170180532	0.2976551170180532	towards_high
residue_residue	1	4	4	50	1.0	3982	3971	50	29	PRO1280-PRO1281	8.570535848335089	0.0047044784089583765	-0.13830191641348516	0.13830191641348516	towards_high
residue_residue	1	4	4	50	1.0	3982	3971	50	22	PRO1280-PRO1287	9.554893317576056	0.0029355149197682856	0.22006758512122057	0.22006758512122057	towards_low
residue_residue	1	4	4	50	1.0	3982	3971	50	39	PRO1386-PRO1391	8.039236281954855	0.006094639445343977	-0.26595160257676853	0.26595160257676853	towards_high
residue_residue	1	4	4	50	1.0	3982	3971	50	20	PRO1387-PRO1390	9.623285137442368	0.0028419242309424804	0.2896409336210227	0.2896409336210227	towards_low
residue_residue	1	4	4	50	1.0	3982	3971	50	3	PRO1423-PRO1424	24.597602727152232	5.355852574990346e-06	0.06422117031424632	0.06422117031424632	towards_low
residue_residue	1	5	5	5	1.0	3982	3971	5	3	PRO62-PRO1279	23.44660128493378	8.283453916752586e-06	1.5901650919815586	1.5901650919815586	towards_low
residue_residue	1	5	5	5	1.0	3982	3971	5	5	PRO86-PRO116	14.498606135391071	0.00031327665132095726	1.0182006543708646	1.0182006543708646	towards_low
residue_residue	1	5	5	5	1.0	3982	3971	5	4	PRO90-PRO92	17.19986057238296	9.95522252235013e-05	1.4157518133402627	1.4157518133402627	towards_low
residue_residue	1	5	5	5	1.0	3982	3971	5	2	PRO111-PRO112	23.543513283303383	7.982867311352558e-06	0.45386327499376083	0.45386327499376083	towards_low
residue_residue	1	5	5	5	1.0	3982	3971	5	1	PRO1384-PRO1385	26.264534854565078	2.879627035130927e-06	0.9380634592349046	0.9380634592349046	towards_low
residue_residue	2	1	6	20	0.1	3982	3971	20	14	PRO11-PRO1275	10.767833865193754	0.001674612700786777	-0.19091328272278899	0.19091328272278899	towards_high
residue_residue	2	1	6	20	0.1	3982	3971	20	9	PRO12-PRO1275	11.865696908574177	0.001014059566417685	-0.20867352777173628	0.20867352777173628	towards_high
residue_residue	2	1	6	20	0.1	3982	3971	20	6	PRO28-PRO1273	12.661894506209661	0.0007092534935050225	0.23045864693633475	0.23045864693633475	towards_low
residue_residue	2	1	6	20	0.1	3982	3971	20	13	PRO56-PRO78	11.298953984061493	0.0013120815709884057	-0.2245631454394076	0.2245631454394076	towards_high
residue_residue	2	1	6	20	0.1	3982	3971	20	19	PRO58-PRO78	9.625717895188927	0.0028545791854382406	-0.14106586738858248	0.14106586738858248	towards_high
residue_residue	2	1	6	20	0.1	3982	3971	20	1	PRO62-PRO1279	37.32329860091593	6.583091530198812e-08	0.47778487656647584	0.47778487656647584	towards_low
residue_residue	2	1	6	20	0.1	3982	3971	20	20	PRO62-PRO1280	9.31511985778322	0.003307339503018606	0.2785450587727202	0.2785450587727202	towards_low
residue_residue	2	1	6	20	0.1	3982	3971	20	18	PRO78-PRO79	9.92857142657351	0.002475133792119113	-0.06328286896729653	0.06328286896729653	towards_high
residue_residue	2	1	6	20	0.1	3982	3971	20	12	PRO88-PRO93	11.383374194211378	0.0012624611743983832	-0.20964915707081413	0.20964915707081413	towards_high
residue_residue	2	1	6	20	0.1	3982	3971	20	15	PRO89-PRO93	10.690508491204927	0.0017355239594614722	-0.23389892413625565	0.23389892413625565	towards_high
residue_residue	2	1	6	20	0.1	3982	3971	20	2	PRO90-PRO92	15.150508444866857	0.00023932442848336	0.3260293646874113	0.3260293646874113	towards_low
residue_residue	2	1	6	20	0.1	3982	3971	20	7	PRO1264-PRO1276	12.222662255574095	0.0008633351036546118	0.13414757851499867	0.13414757851499867	towards_low
residue_residue	2	1	6	20	0.1	3982	3971	20	17	PRO1265-PRO1274	10.326374893706328	0.002055017911445152	0.22105474982542977	0.22105474982542977	towards_low
residue_residue	2	1	6	20	0.1	3982	3971	20	4	PRO1265-PRO1276	13.14629356979532	0.0005720123197006364	0.21687380799999417	0.21687380799999417	towards_low
residue_residue	2	1	6	20	0.1	3982	3971	20	8	PRO1273-PRO1274	12.213017751899283	0.0008670848783942923	0.12293197987115528	0.12293197987115528	towards_low
residue_residue	2	1	6	20	0.1	3982	3971	20	11	PRO1273-PRO1278	11.5488160503915	0.001170801036969211	-0.1942531556143115	0.1942531556143115	towards_high
residue_residue	2	1	6	20	0.1	3982	3971	20	3	PRO1275-PRO1276	14.914660830062461	0.0002647741351082596	0.3391870957925276	0.3391870957925276	towards_low
residue_residue	2	1	6	20	0.1	3982	3971	20	5	PRO1275-PRO1277	12.662971554622548	0.0007089130029805451	-0.1493207548240862	0.1493207548240862	towards_high
residue_residue	2	1	6	20	0.1	3982	3971	20	16	PRO1275-PRO1278	10.405667997711086	0.001980570879324963	-0.08264871570522815	0.08264871570522815	towards_high
residue_residue	2	1	6	20	0.1	3982	3971	20	10	PRO1434-PRO1435	11.65345080563556	0.001116430352707727	-0.20882373226273263	0.20882373226273263	towards_high
residue_residue	2	2	7	50	1.0	3982	3971	50	4	PRO6-PRO72	13.58289898426773	0.0004719430688312423	0.1618879232208498	0.1618879232208498	towards_low
residue_residue	2	2	7	50	1.0	3982	3971	50	35	PRO7-PRO72	6.964366044142178	0.010430420002600778	0.2612279896782925	0.2612279896782925	towards_low
residue_residue	2	2	7	50	1.0	3982	3971	50	46	PRO7-PRO73	6.409573685517339	0.013816822451326571	0.25762578236667694	0.25762578236667694	towards_low
residue_residue	2	2	7	50	1.0	3982	3971	50	19	PRO8-PRO146	7.963907131309506	0.006350039165736874	0.26324270573320835	0.26324270573320835	towards_low
residue_residue	2	2	7	50	1.0	3982	3971	50	44	PRO12-PRO35	6.52838115461206	0.013004677530584744	-0.19637743562011264	0.19637743562011264	towards_high
residue_residue	2	2	7	50	1.0	3982	3971	50	15	PRO19-PRO148	8.141192375052581	0.005822417760288487	0.27359620407598184	0.27359620407598184	towards_low
residue_residue	2	2	7	50	1.0	3982	3971	50	10	PRO20-PRO21	8.555269913846368	0.004761246549462952	0.2960471422793893	0.2960471422793893	towards_low
residue_residue	2	2	7	50	1.0	3982	3971	50	24	PRO23-PRO24	7.64179104278443	0.00744115937809187	0.13551501869865928	0.13551501869865928	towards_low
residue_residue	2	2	7	50	1.0	3982	3971	50	7	PRO25-PRO26	10.287585979517962	0.002092493546383554	0.39586900645818307	0.39586900645818307	towards_low
residue_residue	2	2	7	50	1.0	3982	3971	50	31	PRO32-PRO1383	7.0360292241838565	0.010061531007201823	0.13799949470642514	0.13799949470642514	towards_low
residue_residue	2	2	7	50	1.0	3982	3971	50	45	PRO32-PRO1387	6.4917724026680546	0.01324941392370834	0.07211960619381493	0.07211960619381493	towards_low
residue_residue	2	2	7	50	1.0	3982	3971	50	13	PRO34-PRO38	8.303715161071949	0.005379054398324224	0.1515332047882236	0.1515332047882236	towards_low
residue_residue	2	2	7	50	1.0	3982	3971	50	17	PRO56-PRO78	8.073305553651995	0.006018807809887887	-0.18716187084331046	0.18716187084331046	towards_high
residue_residue	2	2	7	50	1.0	3982	3971	50	47	PRO58-PRO59	6.4	0.013884558373701573	0.21302038669047618	0.21302038669047618	towards_low
residue_residue	2	2	7	50	1.0	3982	3971	50	23	PRO61-PRO71	7.648370388910878	0.00741700490787214	-0.3073963563843343	0.3073963563843343	towards_high
residue_residue	2	2	7	50	1.0	3982	3971	50	25	PRO62-PRO71	7.614805154533055	0.0075410992789515475	-0.17540536370565815	0.17540536370565815	towards_high
residue_residue	2	2	7	50	1.0	3982	3971	50	1	PRO62-PRO1279	17.719597821771217	8.150524999049441e-05	0.6890096360083682	0.6890096360083682	towards_low
residue_residue	2	2	7	50	1.0	3982	3971	50	26	PRO62-PRO1280	7.586760334732854	0.007646456146717438	0.46209111886212706	0.46209111886212706	towards_low
residue_residue	2	2	7	50	1.0	3982	3971	50	49	PRO62-PRO1283	6.2475172143677815	0.015012040960418884	0.23068865439385214	0.23068865439385214	towards_low
residue_residue	2	2	7	50	1.0	3982	3971	50	20	PRO71-PRO109	7.955997806158952	0.006374716266286785	-0.40172705015221233	0.40172705015221233	towards_high
residue_residue	2	2	7	50	1.0	3982	3971	50	18	PRO72-PRO75	8.06305434939465	0.006049061958632802	0.3565093513738728	0.3565093513738728	towards_low
residue_residue	2	2	7	50	1.0	3982	3971	50	16	PRO73-PRO1409	8.086830750084376	0.005979133792180358	0.4655440956278255	0.4655440956278255	towards_low
residue_residue	2	2	7	50	1.0	3982	3971	50	38	PRO77-PRO78	6.780669144001195	0.011442603030002814	0.13479520767660955	0.13479520767660955	towards_low
residue_residue	2	2	7	50	1.0	3982	3971	50	43	PRO78-PRO79	6.59529765033735	0.012569580120264129	-0.26530186909999753	0.26530186909999753	towards_high
residue_residue	2	2	7	50	1.0	3982	3971	50	39	PRO79-PRO146	6.764791648323034	0.01153482213575786	0.37788739382038256	0.37788739382038256	towards_low
residue_residue	2	2	7	50	1.0	3982	3971	50	22	PRO82-PRO84	7.65027775698633	0.0074100178772106146	0.3026721952771489	0.3026721952771489	towards_low
residue_residue	2	2	7	50	1.0	3982	3971	50	50	PRO85-PRO89	6.236109386261187	0.015100196666727407	-0.12537470486362	0.12537470486362	towards_high
residue_residue	2	2	7	50	1.0	3982	3971	50	30	PRO86-PRO116	7.1308413765667655	0.009594463576729568	0.38813206048709	0.38813206048709	towards_low
residue_residue	2	2	7	50	1.0	3982	3971	50	5	PRO88-PRO93	11.145367845235317	0.0014076334068871712	-0.31093657149090853	0.31093657149090853	towards_high
residue_residue	2	2	7	50	1.0	3982	3971	50	27	PRO88-PRO113	7.520767348295972	0.007900521669025098	-0.22827277560887202	0.22827277560887202	towards_high
residue_residue	2	2	7	50	1.0	3982	3971	50	29	PRO89-PRO91	7.134055799335187	0.009579034341646841	0.278582693813405	0.278582693813405	towards_low
residue_residue	2	2	7	50	1.0	3982	3971	50	28	PRO89-PRO113	7.162066590422391	0.00944568266926397	-0.2183659446971512	0.2183659446971512	towards_high
residue_residue	2	2	7	50	1.0	3982	3971	50	14	PRO90-PRO92	8.267285740268683	0.005475259598242231	0.29486074585515004	0.29486074585515004	towards_low
residue_residue	2	2	7	50	1.0	3982	3971	50	34	PRO91-PRO97	6.966031161577108	0.010421688987777029	-0.3302496245672537	0.3302496245672537	towards_high
residue_residue	2	2	7	50	1.0	3982	3971	50	12	PRO94-PRO137	8.360628477767326	0.005232283590807486	0.5891722460041031	0.5891722460041031	towards_low
residue_residue	2	2	7	50	1.0	3982	3971	50	36	PRO98-PRO100	6.86179424592327	0.010983394963725213	-0.5219653636731197	0.5219653636731197	towards_high
residue_residue	2	2	7	50	1.0	3982	3971	50	8	PRO111-PRO112	9.936430323067528	0.0024660190378538384	0.043472334126774495	0.043472334126774495	towards_low
residue_residue	2	2	7	50	1.0	3982	3971	50	9	PRO114-PRO115	9.870752830941523	0.0025432821936456538	-0.13477617612969528	0.13477617612969528	towards_high
residue_residue	2	2	7	50	1.0	3982	3971	50	11	PRO120-PRO1269	8.462281808436359	0.00498047924383633	0.16859759038401134	0.16859759038401134	towards_low
residue_residue	2	2	7	50	1.0	3982	3971	50	6	PRO143-PRO144	10.723436612766399	0.0017093080921964572	0.30065385943306056	0.30065385943306056	towards_low
residue_residue	2	2	7	50	1.0	3982	3971	50	32	PRO146-PRO147	7.017838403093458	0.010153848562983946	0.1906790190306028	0.1906790190306028	towards_low
residue_residue	2	2	7	50	1.0	3982	3971	50	48	PRO1227-PRO1228	6.330391947501709	0.014387725065522538	0.12550062803386883	0.12550062803386883	towards_low
residue_residue	2	2	7	50	1.0	3982	3971	50	33	PRO1241-PRO1242	6.985915504919286	0.010318018605720826	0.016462101358388055	0.016462101358388055	towards_low
residue_residue	2	2	7	50	1.0	3982	3971	50	2	PRO1275-PRO1276	15.798488666017002	0.00018165490637045095	0.4535605872962653	0.4535605872962653	towards_low
residue_residue	2	2	7	50	1.0	3982	3971	50	42	PRO1275-PRO1278	6.6102024226345675	0.012474776613495638	-0.23327930284669512	0.23327930284669512	towards_high
residue_residue	2	2	7	50	1.0	3982	3971	50	41	PRO1382-PRO1387	6.734476387813006	0.01171308160880952	0.11152715435991808	0.11152715435991808	towards_low
residue_residue	2	2	7	50	1.0	3982	3971	50	40	PRO1383-PRO1384	6.736842107430224	0.011699066776787443	-0.4821379996516903	0.4821379996516903	towards_high
residue_residue	2	2	7	50	1.0	3982	3971	50	37	PRO1387-PRO1390	6.849308852395172	0.011052784424052772	0.1711798505667382	0.1711798505667382	towards_low
residue_residue	2	2	7	50	1.0	3982	3971	50	3	PRO1423-PRO1424	15.143468961482121	0.00024004607210665783	0.3060202466815407	0.3060202466815407	towards_low
residue_residue	2	2	7	50	1.0	3982	3971	50	21	PRO1427-PRO1436	7.72551770411216	0.007139841982821076	0.47097026521639457	0.47097026521639457	towards_low
residue_residue	2	3	8	5	100.0	3982	3970	5	5	PRO22-PRO81	12.578755243206075	0.0007360564112456298	-0.8805205973705921	0.8805205973705921	towards_high
residue_residue	2	3	8	5	100.0	3982	3970	5	1	PRO62-PRO1279	17.98678320188	7.304073906538275e-05	2.0235729714850805	2.0235729714850805	towards_low
residue_residue	2	3	8	5	100.0	3982	3970	5	3	PRO90-PRO92	12.722298176196242	0.0006904178957080525	1.3853405254555204	1.3853405254555204	towards_low
residue_residue	2	3	8	5	100.0	3982	3970	5	2	PRO1275-PRO1276	14.63272108518989	0.0002989235486001156	1.39064200718623	1.39064200718623	towards_low
residue_residue	2	3	8	5	100.0	3982	3970	5	4	PRO1383-PRO1384	12.653992394622932	0.0007117568161721057	-0.7459758836107722	0.7459758836107722	towards_high
residue_residue	2	4	9	20	1.0	3982	3971	20	8	PRO19-PRO147	12.982795377382056	0.0006093334109939191	0.3194712532055524	0.3194712532055524	towards_low
residue_residue	2	4	9	20	1.0	3982	3971	20	9	PRO21-PRO22	12.327586205903215	0.0008167013224430159	-0.1993729863008796	0.1993729863008796	towards_high
residue_residue	2	4	9	20	1.0	3982	3971	20	19	PRO25-PRO26	8.849397590858633	0.004111863019542728	0.6035900699743475	0.6035900699743475	towards_low
residue_residue	2	4	9	20	1.0	3982	3971	20	12	PRO60-PRO1277	10.31628492915039	0.0020517796124719075	0.5013608018735065	0.5013608018735065	towards_low
residue_residue	2	4	9	20	1.0	3982	3971	20	1	PRO62-PRO1279	19.767270441218024	3.491329790995756e-05	1.1100278693393992	1.1100278693393992	towards_low
residue_residue	2	4	9	20	1.0	3982	3971	20	7	PRO62-PRO1280	13.049893772406639	0.0005914380092942445	0.7195748848823156	0.7195748848823156	towards_low
residue_residue	2	4	9	20	1.0	3982	3971	20	14	PRO62-PRO1283	9.587989608327558	0.002889828985703701	0.3126669812931876	0.3126669812931876	towards_low
residue_residue	2	4	9	20	1.0	3982	3971	20	17	PRO84-PRO116	9.12449122433713	0.0036033543664349614	-0.4368237582696689	0.4368237582696689	towards_high
residue_residue	2	4	9	20	1.0	3982	3971	20	10	PRO84-PRO141	11.768820826918422	0.0010512770734792175	0.5095869608714233	0.5095869608714233	towards_low
residue_residue	2	4	9	20	1.0	3982	3971	20	20	PRO85-PRO116	8.774552658666464	0.004262818199897684	0.21617383138632965	0.21617383138632965	towards_low
residue_residue	2	4	9	20	1.0	3982	3971	20	15	PRO85-PRO144	9.344684140197757	0.0032438569529990896	0.18042807663250493	0.18042807663250493	towards_low
residue_residue	2	4	9	20	1.0	3982	3971	20	13	PRO86-PRO116	10.155304225085384	0.0022121784013236115	0.374041288362278	0.374041288362278	towards_low
residue_residue	2	4	9	20	1.0	3982	3971	20	18	PRO88-PRO93	8.936733824764948	0.00394275498552104	-0.8374037900455719	0.8374037900455719	towards_high
residue_residue	2	4	9	20	1.0	3982	3971	20	3	PRO90-PRO92	17.557568487260546	8.58292974478284e-05	0.787112031693176	0.787112031693176	towards_low
residue_residue	2	4	9	20	1.0	3982	3971	20	16	PRO116-PRO147	9.324841560720813	0.0032746600355932336	0.773743749691758	0.773743749691758	towards_low
residue_residue	2	4	9	20	1.0	3982	3971	20	4	PRO145-PRO146	16.935624186618686	0.00011113563820167193	-0.3493169170119415	0.3493169170119415	towards_high
residue_residue	2	4	9	20	1.0	3982	3971	20	11	PRO146-PRO147	10.39431365040966	0.001978442209058547	0.15704222452611033	0.15704222452611033	towards_low
residue_residue	2	4	9	20	1.0	3982	3971	20	5	PRO1275-PRO1276	15.988619118711153	0.00016547765888817758	0.8758846267880797	0.8758846267880797	towards_low
residue_residue	2	4	9	20	1.0	3982	3971	20	6	PRO1423-PRO1424	15.63784245443701	0.00019204977027784595	0.04907908421029926	0.04907908421029926	towards_low
residue_residue	2	4	9	20	1.0	3982	3971	20	2	PRO1424-PRO1425	18.79448403464408	5.169591897337744e-05	-0.014516157014624201	0.014516157014624201	towards_high
residue_residue	2	5	10	50	100.0	3982	3971	50	12	PRO6-PRO72	10.314632587210248	0.002053362900950213	0.3371058774043154	0.3371058774043154	towards_low
residue_residue	2	5	10	50	100.0	3982	3971	50	44	PRO6-PRO110	7.448430467189656	0.008159356993066308	-0.6945637398611513	0.6945637398611513	towards_high
residue_residue	2	5	10	50	100.0	3982	3971	50	35	PRO7-PRO72	7.6748003773476015	0.007292737710960677	0.2469441901910481	0.2469441901910481	towards_low
residue_residue	2	5	10	50	100.0	3982	3971	50	38	PRO14-PRO147	7.617417183798014	0.007502851336876016	0.32720278962495575	0.32720278962495575	towards_low
residue_residue	2	5	10	50	100.0	3982	3971	50	24	PRO16-PRO28	8.327378698755432	0.005294177843828963	0.8901298981423402	0.8901298981423402	towards_low
residue_residue	2	5	10	50	100.0	3982	3971	50	47	PRO19-PRO20	7.297063904677	0.008798707572923017	-0.9493311716785049	0.9493311716785049	towards_high
residue_residue	2	5	10	50	100.0	3982	3971	50	49	PRO20-PRO21	7.2176913288635	0.009154815777290968	0.7863755476626896	0.7863755476626896	towards_low
residue_residue	2	5	10	50	100.0	3982	3971	50	36	PRO25-PRO152	7.6577233818380614	0.007354613197798048	-1.0691838721326963	1.0691838721326963	towards_high
residue_residue	2	5	10	50	100.0	3982	3971	50	18	PRO37-PRO1390	9.834617966568283	0.0025719100383796646	-0.6901014257770591	0.6901014257770591	towards_high
residue_residue	2	5	10	50	100.0	3982	3971	50	4	PRO39-PRO156	16.548589142601372	0.0001306808868146569	-0.5575487382709264	0.5575487382709264	towards_high
residue_residue	2	5	10	50	100.0	3982	3971	50	16	PRO40-PRO156	10.088007900967979	0.002283057221470864	-0.1875496797884711	0.1875496797884711	towards_high
residue_residue	2	5	10	50	100.0	3982	3971	50	17	PRO56-PRO156	9.909846887428749	0.0024823740319134726	-0.3985171371216094	0.3985171371216094	towards_high
residue_residue	2	5	10	50	100.0	3982	3971	50	41	PRO56-PRO159	7.546690065335717	0.0077706039088895	-0.12406614536598763	0.12406614536598763	towards_high
residue_residue	2	5	10	50	100.0	3982	3971	50	30	PRO58-PRO78	7.884442907899108	0.006576128864487263	-0.10110888833849688	0.10110888833849688	towards_high
residue_residue	2	5	10	50	100.0	3982	3971	50	10	PRO59-PRO60	11.235099340945672	0.0013412283343550919	-0.3255768984653302	0.3255768984653302	towards_high
residue_residue	2	5	10	50	100.0	3982	3971	50	26	PRO59-PRO92	8.203035188123271	0.005625176959265289	-0.34400666355019666	0.34400666355019666	towards_high
residue_residue	2	5	10	50	100.0	3982	3971	50	7	PRO60-PRO92	12.39747927227009	0.000791450906469461	-0.7229088110877613	0.7229088110877613	towards_high
residue_residue	2	5	10	50	100.0	3982	3971	50	50	PRO62-PRO71	7.2063318921525505	0.009207007085157416	-1.0178918230321818	1.0178918230321818	towards_high
residue_residue	2	5	10	50	100.0	3982	3971	50	1	PRO62-PRO1279	30.1097459443304	7.209460332201701e-07	2.008903913743094	2.008903913743094	towards_low
residue_residue	2	5	10	50	100.0	3982	3971	50	5	PRO62-PRO1280	15.788107811194442	0.0001801630597305342	1.0173489371319648	1.0173489371319648	towards_low
residue_residue	2	5	10	50	100.0	3982	3971	50	20	PRO62-PRO1283	9.358205007709982	0.003223041012318755	0.37197767439696383	0.37197767439696383	towards_low
residue_residue	2	5	10	50	100.0	3982	3971	50	42	PRO71-PRO109	7.520684135532691	0.007871561910823584	0.36833322218869585	0.36833322218869585	towards_low
residue_residue	2	5	10	50	100.0	3982	3971	50	32	PRO77-PRO109	7.782380241277474	0.0069152957926030675	-0.12088503097062267	0.12088503097062267	towards_high
residue_residue	2	5	10	50	100.0	3982	3971	50	29	PRO79-PRO112	7.886310206795515	0.006570088684012637	-0.017885803405900208	0.017885803405900208	towards_high
residue_residue	2	5	10	50	100.0	3982	3971	50	45	PRO83-PRO146	7.359443654798293	0.00852906960507993	0.03287202213275218	0.03287202213275218	towards_low
residue_residue	2	5	10	50	100.0	3982	3971	50	33	PRO84-PRO89	7.743601747821575	0.007048929713091108	-0.7938177097962769	0.7938177097962769	towards_high
residue_residue	2	5	10	50	100.0	3982	3971	50	11	PRO84-PRO116	10.405649863499242	0.00196801706952512	0.5558341271545656	0.5558341271545656	towards_low
residue_residue	2	5	10	50	100.0	3982	3971	50	46	PRO84-PRO146	7.298524655529139	0.008792292016703621	0.8092440482227812	0.8092440482227812	towards_low
residue_residue	2	5	10	50	100.0	3982	3971	50	15	PRO86-PRO116	10.128336385540377	0.002240302300690274	0.514834689691001	0.514834689691001	towards_low
residue_residue	2	5	10	50	100.0	3982	3971	50	22	PRO88-PRO93	8.617692428663322	0.00459830606128861	-0.7772204106593962	0.7772204106593962	towards_high
residue_residue	2	5	10	50	100.0	3982	3971	50	6	PRO90-PRO92	15.329674198591725	0.00021903999839607236	1.141330344834728	1.141330344834728	towards_low
residue_residue	2	5	10	50	100.0	3982	3971	50	27	PRO106-PRO110	8.113486954245527	0.0058769374045935605	-0.1062110096934899	0.1062110096934899	towards_high
residue_residue	2	5	10	50	100.0	3982	3971	50	14	PRO109-PRO159	10.2091458293239	0.00215712432551398	-0.8108031810463191	0.8108031810463191	towards_high
residue_residue	2	5	10	50	100.0	3982	3971	50	2	PRO111-PRO112	22.41646777887517	1.230514381240394e-05	0.5722491358676823	0.5722491358676823	towards_low
residue_residue	2	5	10	50	100.0	3982	3971	50	25	PRO114-PRO115	8.303869244615633	0.005355158590945357	-0.6344367143799176	0.6344367143799176	towards_high
residue_residue	2	5	10	50	100.0	3982	3971	50	40	PRO114-PRO146	7.551408423424383	0.0077524329233071895	0.20989874980814793	0.20989874980814793	towards_low
residue_residue	2	5	10	50	100.0	3982	3971	50	23	PRO115-PRO133	8.334647549154653	0.005275470849675068	-1.6119948123908534	1.6119948123908534	towards_high
residue_residue	2	5	10	50	100.0	3982	3971	50	37	PRO116-PRO146	7.64495636317893	0.007401232137691746	0.26319178621005834	0.26319178621005834	towards_low
residue_residue	2	5	10	50	100.0	3982	3971	50	19	PRO116-PRO147	9.480862721711379	0.0030404574109655857	0.5812279619621767	0.5812279619621767	towards_low
residue_residue	2	5	10	50	100.0	3982	3971	50	43	PRO118-PRO146	7.488305004900452	0.007999190444355951	0.12635656059824338	0.12635656059824338	towards_low
residue_residue	2	5	10	50	100.0	3982	3971	50	34	PRO143-PRO146	7.740951315401448	0.00705816170993069	0.08089553660973306	0.08089553660973306	towards_low
residue_residue	2	5	10	50	100.0	3982	3971	50	21	PRO144-PRO146	8.6647190750181	0.004494920774761339	0.14895977769863275	0.14895977769863275	towards_low
residue_residue	2	5	10	50	100.0	3982	3971	50	28	PRO144-PRO148	7.940147408504395	0.006398419656862119	0.3025785486967611	0.3025785486967611	towards_low
residue_residue	2	5	10	50	100.0	3982	3971	50	31	PRO1238-PRO1239	7.868922546833026	0.006626558780569183	1.2475360367505217	1.2475360367505217	towards_low
residue_residue	2	5	10	50	100.0	3982	3971	50	13	PRO1264-PRO1265	10.279920770185914	0.0020869201391835604	-1.5920014434591094	1.5920014434591094	towards_high
residue_residue	2	5	10	50	100.0	3982	3971	50	8	PRO1275-PRO1276	12.295855561385086	0.000828439696937461	0.6286010649939628	0.6286010649939628	towards_low
residue_residue	2	5	10	50	100.0	3982	3971	50	48	PRO1382-PRO1387	7.246700933528104	0.009022937073434448	1.1071610518531243	1.1071610518531243	towards_low
residue_residue	2	5	10	50	100.0	3982	3971	50	9	PRO1384-PRO1385	12.164676967150076	0.0008788602967069019	0.847845879139995	0.847845879139995	towards_low
residue_residue	2	5	10	50	100.0	3982	3971	50	39	PRO1387-PRO1390	7.554407114287166	0.007740907787823679	0.8012006760922368	0.8012006760922368	towards_low
residue_residue	2	5	10	50	100.0	3982	3971	50	3	PRO1423-PRO1424	16.98555012741841	0.0001088446225133817	-0.1731845514898801	0.1731845514898801	towards_high
residue_residue	3	1	11	20	10.0	3982	3971	20	20	PRO6-PRO110	9.251040116034963	0.0034097480238529515	-0.7557015990031393	0.7557015990031393	towards_high
residue_residue	3	1	11	20	10.0	3982	3971	20	18	PRO11-PRO59	9.785282380421688	0.0026476315988790146	0.24196243582492744	0.24196243582492744	towards_low
residue_residue	3	1	11	20	10.0	3982	3971	20	8	PRO11-PRO60	12.181397416052082	0.0008794980824820529	-0.9697532654049141	0.9697532654049141	towards_high
residue_residue	3	1	11	20	10.0	3982	3971	20	15	PRO12-PRO90	10.344268734771175	0.002037966474441142	1.0119531188251967	1.0119531188251967	towards_low
residue_residue	3	1	11	20	10.0	3982	3971	20	17	PRO19-PRO148	9.983823911319526	0.0024117894158219647	1.8887142041832299	1.8887142041832299	towards_low
residue_residue	3	1	11	20	10.0	3982	3971	20	10	PRO60-PRO82	11.226923013322057	0.001356024641150068	-0.08783014060768635	0.08783014060768635	towards_high
residue_residue	3	1	11	20	10.0	3982	3971	20	13	PRO60-PRO89	11.05517016869676	0.0014671006723654258	0.24738373571998146	0.24738373571998146	towards_low
residue_residue	3	1	11	20	10.0	3982	3971	20	12	PRO61-PRO89	11.121491004977555	0.0014231268609589422	0.11511921573906385	0.11511921573906385	towards_low
residue_residue	3	1	11	20	10.0	3982	3971	20	2	PRO62-PRO1279	20.667822259706018	2.4870104571999054e-05	2.6938443583609297	2.6938443583609297	towards_low
residue_residue	3	1	11	20	10.0	3982	3971	20	3	PRO62-PRO1280	15.221957978581461	0.0002321259405746358	1.8225360723905344	1.8225360723905344	towards_low
residue_residue	3	1	11	20	10.0	3982	3971	20	14	PRO62-PRO1283	10.483857285010723	0.0019099101605879385	0.4406328133141053	0.4406328133141053	towards_low
residue_residue	3	1	11	20	10.0	3982	3971	20	7	PRO78-PRO102	12.384607597696766	0.0008028285792107418	0.6943378400402196	0.6943378400402196	towards_low
residue_residue	3	1	11	20	10.0	3982	3971	20	16	PRO82-PRO1277	10.245732223129538	0.0021337307480441257	-0.8326016114273315	0.8326016114273315	towards_high
residue_residue	3	1	11	20	10.0	3982	3971	20	11	PRO84-PRO141	11.16126258372483	0.0013974169417798347	2.0702672880021207	2.0702672880021207	towards_low
residue_residue	3	1	11	20	10.0	3982	3971	20	9	PRO89-PRO1277	11.805436360510651	0.001042091052589148	0.720239862519087	0.720239862519087	towards_low
residue_residue	3	1	11	20	10.0	3982	3971	20	19	PRO89-PRO1278	9.572216452777875	0.002927692821739198	1.2979340442481166	1.2979340442481166	towards_low
residue_residue	3	1	11	20	10.0	3982	3971	20	4	PRO90-PRO92	14.931091642074511	0.000262913324361802	2.17290602355071	2.17290602355071	towards_low
residue_residue	3	1	11	20	10.0	3982	3971	20	5	PRO1275-PRO1276	14.394100782078356	0.0003313893049405292	2.5056199476034204	2.5056199476034204	towards_low
residue_residue	3	1	11	20	10.0	3982	3971	20	6	PRO1391-PRO1392	13.6781002745415	0.0004526486052170478	0.2165120078128597	0.2165120078128597	towards_low
residue_residue	3	1	11	20	10.0	3982	3971	20	1	PRO1423-PRO1424	30.01459856762767	7.718291924603451e-07	-0.29010888604030804	0.29010888604030804	towards_high
residue_residue	3	2	12	10	100.0	3982	3970	10	5	PRO7-PRO73	12.93970893970894	0.0006268164551616241	1.087637157515264	1.087637157515264	towards_low
residue_residue	3	2	12	10	100.0	3982	3970	10	9	PRO16-PRO28	10.951449107309411	0.0015387316302083712	2.5756991935997795	2.5756991935997795	towards_low
residue_residue	3	2	12	10	100.0	3982	3970	10	1	PRO62-PRO1279	18.94896369373175	4.938546787154064e-05	5.836732351871693	5.836732351871693	towards_low
residue_residue	3	2	12	10	100.0	3982	3970	10	4	PRO78-PRO79	13.406143347047289	0.0005100647704715653	0.6354016678730616	0.6354016678730616	towards_low
residue_residue	3	2	12	10	100.0	3982	3970	10	7	PRO79-PRO80	11.270690734957066	0.0013291443391346524	0.6775039412400594	0.6775039412400594	towards_low
residue_residue	3	2	12	10	100.0	3982	3970	10	10	PRO85-PRO144	10.605515246772379	0.00180514680081644	2.238009088826858	2.238009088826858	towards_low
residue_residue	3	2	12	10	100.0	3982	3970	10	3	PRO90-PRO92	14.223264532057824	0.0003568653321795683	3.048248911676054	3.048248911676054	towards_low
residue_residue	3	2	12	10	100.0	3982	3970	10	8	PRO1238-PRO1239	11.130434781391815	0.0014173026294469798	1.6352750211788165	1.6352750211788165	towards_low
residue_residue	3	2	12	10	100.0	3982	3970	10	6	PRO1275-PRO1276	12.78874890413055	0.0006702960429242792	4.544848878444104	4.544848878444104	towards_low
residue_residue	3	2	12	10	100.0	3982	3970	10	2	PRO1384-PRO1385	15.335373858928055	0.0002211571067358404	1.6582644476036417	1.6582644476036417	towards_low
residue_residue	3	3	13	10	100.0	3982	3971	10	1	PRO6-PRO72	20.28853872285557	2.8893880976123777e-05	4.624709183786992	4.624709183786992	towards_low
residue_residue	3	3	13	10	100.0	3982	3971	10	7	PRO19-PRO148	14.528997098732626	0.00031261015882716133	2.9481027541088993	2.9481027541088993	towards_low
residue_residue	3	3	13	10	100.0	3982	3971	10	2	PRO62-PRO1279	19.747485787831614	3.583481662471152e-05	6.637063116638747	6.637063116638747	towards_low
residue_residue	3	3	13	10	100.0	3982	3971	10	6	PRO79-PRO80	16.41025641793722	0.00014037972966369927	0.5441224716565383	0.5441224716565383	towards_low
residue_residue	3	3	13	10	100.0	3982	3971	10	10	PRO86-PRO116	12.724232966195988	0.0006898232376638711	1.810929924207703	1.810929924207703	towards_low
residue_residue	3	3	13	10	100.0	3982	3971	10	3	PRO88-PRO93	18.61839413531945	5.6458270008647704e-05	-2.627192259508869	2.627192259508869	towards_high
residue_residue	3	3	13	10	100.0	3982	3971	10	4	PRO90-PRO92	18.014644760196628	7.221212389237205e-05	4.768768875666807	4.768768875666807	towards_low
residue_residue	3	3	13	10	100.0	3982	3971	10	9	PRO91-PRO98	12.938649649122942	0.0006271111206154089	0.8521160533721631	0.8521160533721631	towards_low
residue_residue	3	3	13	10	100.0	3982	3971	10	8	PRO1275-PRO1276	13.08428245907372	0.0005879194903014845	-0.6550891401015948	0.6550891401015948	towards_high
residue_residue	3	3	13	10	100.0	3982	3971	10	5	PRO1423-PRO1424	17.525129978458168	8.830056373094804e-05	2.424859957801335	2.424859957801335	towards_low
residue_residue	3	4	14	10	10.0	3982	3971	10	7	PRO39-PRO156	11.401607553395754	0.0012427622701985817	-0.5004898146979015	0.5004898146979015	towards_high
residue_residue	3	4	14	10	10.0	3982	3971	10	10	PRO56-PRO78	10.341037658303074	0.0020282130565122468	-0.5392451576755295	0.5392451576755295	towards_high
residue_residue	3	4	14	10	10.0	3982	3971	10	1	PRO62-PRO1279	36.45489881632496	8.336597956064197e-08	3.424140532799629	3.424140532799629	towards_low
residue_residue	3	4	14	10	10.0	3982	3971	10	2	PRO62-PRO1280	17.203974540037077	9.938210782456748e-05	-0.5825675396189413	0.5825675396189413	towards_high
residue_residue	3	4	14	10	10.0	3982	3971	10	4	PRO88-PRO93	11.502089513673232	0.0011870090253026638	-1.300145737703771	1.300145737703771	towards_high
residue_residue	3	4	14	10	10.0	3982	3971	10	8	PRO94-PRO137	11.034638284887794	0.0014706427106785979	0.8983451672870109	0.8983451672870109	towards_low
residue_residue	3	4	14	10	10.0	3982	3971	10	9	PRO109-PRO159	10.377048293113283	0.0019944307007184986	-1.7157301636896876	1.7157301636896876	towards_high
residue_residue	3	4	14	10	10.0	3982	3971	10	6	PRO1264-PRO1265	11.406430130017673	0.0012400251358743817	-0.5123618352155066	0.5123618352155066	towards_high
residue_residue	3	4	14	10	10.0	3982	3971	10	3	PRO1387-PRO1390	11.85096972022923	0.0010128071921958637	1.2596470514640044	1.2596470514640044	towards_low
residue_residue	3	4	14	10	10.0	3982	3971	10	5	PRO1423-PRO1424	11.487068959376368	0.0011951750207524058	0.3815159596573508	0.3815159596573508	towards_low
residue_residue	3	5	15	10	1.0	3982	3971	10	4	PRO6-PRO72	12.53103180759479	0.0007454328959578606	0.7236590424811824	0.7236590424811824	towards_low
residue_residue	3	5	15	10	1.0	3982	3971	10	9	PRO19-PRO147	9.592760804513787	0.0028833043241286395	0.36936322711937186	0.36936322711937186	towards_low
residue_residue	3	5	15	10	1.0	3982	3971	10	2	PRO62-PRO1279	25.71129425855734	3.5331791412951913e-06	1.5842801677450085	1.5842801677450085	towards_low
residue_residue	3	5	15	10	1.0	3982	3971	10	3	PRO78-PRO79	23.614919375870315	7.768619997234238e-06	-0.011936010636328195	0.011936010636328195	towards_high
residue_residue	3	5	15	10	1.0	3982	3971	10	10	PRO88-PRO93	9.475923577153575	0.0030475968680169834	-0.743207189135276	0.743207189135276	towards_high
residue_residue	3	5	15	10	1.0	3982	3971	10	5	PRO90-PRO92	11.488213423147105	0.0011945507753952872	0.3497265613695543	0.3497265613695543	towards_low
residue_residue	3	5	15	10	1.0	3982	3971	10	6	PRO146-PRO147	11.020865533711776	0.0014799984401435127	0.6096162979924076	0.6096162979924076	towards_low
residue_residue	3	5	15	10	1.0	3982	3971	10	8	PRO1274-PRO1276	9.610551739567274	0.0028591102947767353	0.4374698685623955	0.4374698685623955	towards_low
residue_residue	3	5	15	10	1.0	3982	3971	10	1	PRO1275-PRO1276	29.08101572031555	1.0379050682935264e-06	1.5407517087368146	1.5407517087368146	towards_low
residue_residue	3	5	15	10	1.0	3982	3971	10	7	PRO1275-PRO1278	10.27648390565728	0.0020902736485204102	-0.03825916289166636	0.03825916289166636	towards_high
residue_residue	4	1	16	10	0.1	3982	3971	10	7	PRO6-PRO72	12.28489558748341	0.0008395408430595158	0.37339125732279327	0.37339125732279327	towards_low
residue_residue	4	1	16	10	0.1	3982	3971	10	8	PRO56-PRO78	11.802667281701082	0.0010433983637727197	-0.24867120318469266	0.24867120318469266	towards_high
residue_residue	4	1	16	10	0.1	3982	3971	10	2	PRO62-PRO1279	19.2838724966642	4.315056029448111e-05	0.5287890959797767	0.5287890959797767	towards_low
residue_residue	4	1	16	10	0.1	3982	3971	10	5	PRO62-PRO1280	13.214399962903924	0.0005550557852856473	0.3672850420265057	0.3672850420265057	towards_low
residue_residue	4	1	16	10	0.1	3982	3971	10	10	PRO86-PRO116	10.823627734827637	0.0016320488846354214	0.412779901863742	0.412779901863742	towards_low
residue_residue	4	1	16	10	0.1	3982	3971	10	3	PRO88-PRO93	15.373371250790568	0.00021760363507150634	-0.45855927751390096	0.45855927751390096	towards_high
residue_residue	4	1	16	10	0.1	3982	3971	10	9	PRO94-PRO137	11.686255965183976	0.0010999303961213645	0.34063543448669326	0.34063543448669326	towards_low
residue_residue	4	1	16	10	0.1	3982	3971	10	4	PRO111-PRO112	13.6781002745415	0.0004526486052170478	0.18835364881055222	0.18835364881055222	towards_low
residue_residue	4	1	16	10	0.1	3982	3971	10	6	PRO1390-PRO1391	12.826722345573742	0.0006590719528096558	0.02748864866419055	0.02748864866419055	towards_low
residue_residue	4	1	16	10	0.1	3982	3971	10	1	PRO1424-PRO1425	70.63414633075958	6.255178959440572e-12	0.0964266492515621	0.0964266492515621	towards_low
residue_residue	4	2	17	20	100.0	3982	3971	20	12	PRO6-PRO72	11.101635554807135	0.0014361461014585936	1.9535523537944635	1.9535523537944635	towards_low
residue_residue	4	2	17	20	100.0	3982	3971	20	16	PRO19-PRO147	9.970759038720551	0.0024266133537861547	0.7480183113698244	0.7480183113698244	towards_low
residue_residue	4	2	17	20	100.0	3982	3971	20	9	PRO35-PRO36	11.884567124774396	0.0010054438871438063	-1.5692211489820993	1.5692211489820993	towards_high
residue_residue	4	2	17	20	100.0	3982	3971	20	1	PRO62-PRO1279	30.18893550130728	7.260884917520962e-07	6.405707804183777	6.405707804183777	towards_low
residue_residue	4	2	17	20	100.0	3982	3971	20	2	PRO78-PRO79	21.650557601839513	1.692333876286526e-05	-1.338434978434469	1.338434978434469	towards_high
residue_residue	4	2	17	20	100.0	3982	3971	20	4	PRO82-PRO119	14.480195609674231	0.0003192730360886322	-0.2268479437575568	0.2268479437575568	towards_high
residue_residue	4	2	17	20	100.0	3982	3971	20	7	PRO84-PRO116	13.346119615196649	0.0005237265356073527	1.2649069027078639	1.2649069027078639	towards_low
residue_residue	4	2	17	20	100.0	3982	3971	20	11	PRO84-PRO141	11.31038478569938	0.0013052456160650308	1.1008508787468796	1.1008508787468796	towards_low
residue_residue	4	2	17	20	100.0	3982	3971	20	20	PRO84-PRO144	9.245677242904597	0.0034184676221750837	-1.7935281344871987	1.7935281344871987	towards_high
residue_residue	4	2	17	20	100.0	3982	3971	20	8	PRO85-PRO116	12.227503853351003	0.0008614590564240943	-0.17072972356676727	0.17072972356676727	towards_high
residue_residue	4	2	17	20	100.0	3982	3971	20	10	PRO85-PRO144	11.770812230475837	0.0010585607910913253	1.449626327395368	1.449626327395368	towards_low
residue_residue	4	2	17	20	100.0	3982	3971	20	6	PRO86-PRO116	13.701985310118117	0.00044793759209832564	1.2300040551135338	1.2300040551135338	towards_low
residue_residue	4	2	17	20	100.0	3982	3971	20	14	PRO88-PRO93	10.266375855604545	0.002113286317426054	-0.822863989400139	0.822863989400139	towards_high
residue_residue	4	2	17	20	100.0	3982	3971	20	5	PRO90-PRO92	14.388017855162444	0.00033226321523270613	-0.8969752327065997	0.8969752327065997	towards_high
residue_residue	4	2	17	20	100.0	3982	3971	20	18	PRO91-PRO94	9.61214243495403	0.0028729486305981095	-1.4433740825988344	1.4433740825988344	towards_high
residue_residue	4	2	17	20	100.0	3982	3971	20	13	PRO116-PRO119	10.94410114719009	0.001543942469778895	-2.2003305360419416	2.2003305360419416	towards_high
residue_residue	4	2	17	20	100.0	3982	3971	20	15	PRO1242-PRO1243	10.172185432293464	0.0022082603987268546	-0.3792970665923611	0.3792970665923611	towards_high
residue_residue	4	2	17	20	100.0	3982	3971	20	3	PRO1275-PRO1276	14.612127966352487	0.0003015905165966967	3.66197005498275	3.66197005498275	towards_low
residue_residue	4	2	17	20	100.0	3982	3971	20	17	PRO1283-PRO1287	9.763944105834085	0.0026743739029447627	-0.27650964925399957	0.27650964925399957	towards_high
residue_residue	4	2	17	20	100.0	3982	3971	20	19	PRO1286-PRO1289	9.44480260473176	0.003109799540449957	1.1037514592422437	1.1037514592422437	towards_low
residue_residue	4	3	18	10	0.1	3982	3970	10	6	PRO16-PRO28	14.213853916474973	0.00035832644755399485	0.3658429192410532	0.3658429192410532	towards_low
residue_residue	4	3	18	10	0.1	3982	3970	10	4	PRO21-PRO22	15.370078732277547	0.00021790919097047328	-0.21695325368242796	0.21695325368242796	towards_high
residue_residue	4	3	18	10	0.1	3982	3970	10	7	PRO32-PRO1383	13.770684888559423	0.00043466921591385374	0.38806187656154884	0.38806187656154884	towards_low
residue_residue	4	3	18	10	0.1	3982	3970	10	1	PRO62-PRO1279	20.868539969365163	2.2979910608735776e-05	0.5412363318932062	0.5412363318932062	towards_low
residue_residue	4	3	18	10	0.1	3982	3970	10	10	PRO81-PRO146	12.590284956294767	0.0007322773738504916	0.38327158760180186	0.38327158760180186	towards_low
residue_residue	4	3	18	10	0.1	3982	3970	10	2	PRO154-PRO155	19.212007499746893	4.4416072306399925e-05	0.0076738380492215345	0.0076738380492215345	towards_low
residue_residue	4	3	18	10	0.1	3982	3970	10	9	PRO1264-PRO1272	13.030728515362672	0.0006020269836818739	0.274877551485951	0.274877551485951	towards_low
residue_residue	4	3	18	10	0.1	3982	3970	10	8	PRO1273-PRO1274	13.368421051683487	0.0005186067494143028	0.2045336496051931	0.2045336496051931	towards_low
residue_residue	4	3	18	10	0.1	3982	3970	10	5	PRO1275-PRO1276	15.2356169957143	0.00023077557148002578	0.453712466178022	0.453712466178022	towards_low
residue_residue	4	3	18	10	0.1	3982	3970	10	3	PRO1423-PRO1424	15.91543340884073	0.0001728885813108168	0.29923189390663696	0.29923189390663696	towards_low
residue_residue	4	4	19	10	1.0	3982	3971	10	4	PRO21-PRO22	16.179968969563788	0.0001526180726015143	-0.24789878682699543	0.24789878682699543	towards_high
residue_residue	4	4	19	10	1.0	3982	3971	10	1	PRO62-PRO1279	28.441050135086925	1.3048607451884365e-06	1.2428826250991594	1.2428826250991594	towards_low
residue_residue	4	4	19	10	1.0	3982	3971	10	6	PRO62-PRO1280	13.941072861543015	0.0003993510792389926	1.0648759370861542	1.0648759370861542	towards_low
residue_residue	4	4	19	10	1.0	3982	3971	10	10	PRO76-PRO159	9.514711545156194	0.002991997018247742	-0.5454061210846669	0.5454061210846669	towards_high
residue_residue	4	4	19	10	1.0	3982	3971	10	9	PRO85-PRO116	9.535420165858486	0.0029627473091936684	0.7507184015070388	0.7507184015070388	towards_low
residue_residue	4	4	19	10	1.0	3982	3971	10	5	PRO90-PRO92	14.97666446322806	0.0002548492116539106	1.4116328543239423	1.4116328543239423	towards_low
residue_residue	4	4	19	10	1.0	3982	3971	10	8	PRO1265-PRO1274	9.54947389351976	0.002943067412638668	0.2263689168439288	0.2263689168439288	towards_low
residue_residue	4	4	19	10	1.0	3982	3971	10	7	PRO1274-PRO1276	10.38311317858213	0.0019887990566705327	0.024643347002130656	0.024643347002130656	towards_low
residue_residue	4	4	19	10	1.0	3982	3971	10	2	PRO1275-PRO1276	18.864951766510515	5.0237671662997146e-05	1.2182399045516565	1.2182399045516565	towards_low
residue_residue	4	4	19	10	1.0	3982	3971	10	3	PRO1423-PRO1424	17.79999999667819	7.76551998865926e-05	0.08584680246642516	0.08584680246642516	towards_low
residue_residue	4	5	20	10	10.0	3982	3971	10	1	PRO62-PRO1279	21.001633403507963	2.1377588902649148e-05	3.0873870868323428	3.0873870868323428	towards_low
residue_residue	4	5	20	10	10.0	3982	3971	10	7	PRO62-PRO1280	13.062204029950315	0.0005882145233249351	0.9183034044022992	0.9183034044022992	towards_low
residue_residue	4	5	20	10	10.0	3982	3971	10	8	PRO88-PRO93	12.379057963628215	0.0007980262401488665	-3.063647574664178	3.063647574664178	towards_high
residue_residue	4	5	20	10	10.0	3982	3971	10	2	PRO90-PRO92	19.822899313298592	3.414384926449325e-05	1.4868508348900153	1.4868508348900153	towards_low
residue_residue	4	5	20	10	10.0	3982	3971	10	6	PRO114-PRO115	13.267373003768688	0.0005370952476910417	-0.5042492577589437	0.5042492577589437	towards_high
residue_residue	4	5	20	10	10.0	3982	3971	10	9	PRO116-PRO147	11.384621308829077	0.0012524532745219793	0.32357932468271833	0.32357932468271833	towards_low
residue_residue	4	5	20	10	10.0	3982	3971	10	3	PRO143-PRO146	13.801378643850612	0.00042454314519178036	2.4594408587458485	2.4594408587458485	towards_low
residue_residue	4	5	20	10	10.0	3982	3971	10	10	PRO145-PRO146	10.27136006989996	0.002095283648813037	0.18898914418939616	0.18898914418939616	towards_low
residue_residue	4	5	20	10	10.0	3982	3971	10	5	PRO1275-PRO1276	13.418067336699181	0.0005025021265838658	2.8687910209115097	2.8687910209115097	towards_low
residue_residue	4	5	20	10	10.0	3982	3971	10	4	PRO1384-PRO1385	13.712392555079386	0.0004414456795648443	1.5690577942339428	1.5690577942339428	towards_low
residue_residue	5	1	21	5	100.0	3982	3971	5	2	PRO62-PRO1279	29.590150082195382	8.960678732408473e-07	2.6243535969899425	2.6243535969899425	towards_low
residue_residue	5	1	21	5	100.0	3982	3971	5	3	PRO111-PRO112	18.142857120999572	6.852264720246184e-05	0.6798438711494603	0.6798438711494603	towards_low
residue_residue	5	1	21	5	100.0	3982	3971	5	5	PRO154-PRO155	15.139784948614128	0.00024042463329637624	-0.5799357395177381	0.5799357395177381	towards_high
residue_residue	5	1	21	5	100.0	3982	3971	5	4	PRO1275-PRO1276	17.4486921531846	9.112986574406465e-05	1.6308167173164532	1.6308167173164532	towards_low
residue_residue	5	1	21	5	100.0	3982	3971	5	1	PRO1424-PRO1425	36.136054468080985	9.690865579538985e-08	0.7872426884063378	0.7872426884063378	towards_low
residue_residue	5	2	22	5	100.0	3982	3971	5	2	PRO20-PRO21	20.351464441227325	2.818234493034807e-05	0.8162754445793146	0.8162754445793146	towards_low
residue_residue	5	2	22	5	100.0	3982	3971	5	1	PRO62-PRO1279	35.752559031960715	1.0991594149078934e-07	10.607184508647489	10.607184508647489	towards_low
residue_residue	5	2	22	5	100.0	3982	3971	5	3	PRO90-PRO92	13.829719850020268	0.00042359356477344594	5.128243430223662	5.128243430223662	towards_low
residue_residue	5	2	22	5	100.0	3982	3971	5	5	PRO1275-PRO1276	12.567272727791337	0.0007398401321549728	5.96998274215207	5.96998274215207	towards_low
residue_residue	5	2	22	5	100.0	3982	3971	5	4	PRO1423-PRO1424	13.150426835119427	0.000570968074115147	2.2620988747797557	2.2620988747797557	towards_low
residue_residue	5	3	23	50	0.1	3982	3971	50	22	PRO6-PRO72	8.689643700146126	0.004462127467045544	0.08648615509031671	0.08648615509031671	towards_low
residue_residue	5	3	23	50	0.1	3982	3971	50	17	PRO7-PRO8	9.342428384176054	0.0032646782614842635	-0.1210115309068465	0.1210115309068465	towards_high
residue_residue	5	3	23	50	0.1	3982	3971	50	49	PRO7-PRO72	6.356818742794316	0.014194464645735226	0.20147407706161588	0.20147407706161588	towards_low
residue_residue	5	3	23	50	0.1	3982	3971	50	45	PRO15-PRO28	6.4610121868875146	0.013458811580919366	0.12411757461956119	0.12411757461956119	towards_low
residue_residue	5	3	23	50	0.1	3982	3971	50	44	PRO16-PRO28	6.554694057578473	0.012831721562176636	0.1348976463388721	0.1348976463388721	towards_low
residue_residue	5	3	23	50	0.1	3982	3971	50	14	PRO19-PRO147	9.392790928558842	0.003187503388511523	0.14447577603924683	0.14447577603924683	towards_low
residue_residue	5	3	23	50	0.1	3982	3971	50	24	PRO19-PRO148	8.389763472291923	0.005158778486905224	0.16713092642258395	0.16713092642258395	towards_low
residue_residue	5	3	23	50	0.1	3982	3971	50	1	PRO21-PRO22	17.951219510333583	7.411274830002618e-05	-0.1286429263570853	0.1286429263570853	towards_high
residue_residue	5	3	23	50	0.1	3982	3971	50	35	PRO25-PRO152	7.058953089307193	0.00994645045230388	-0.2173968131429474	0.2173968131429474	towards_high
residue_residue	5	3	23	50	0.1	3982	3971	50	46	PRO36-PRO39	6.377091543672031	0.014048068942539209	0.13408134900768567	0.13408134900768567	towards_low
residue_residue	5	3	23	50	0.1	3982	3971	50	32	PRO37-PRO39	7.490583916429858	0.008019666321583636	0.18923693981834888	0.18923693981834888	towards_low
residue_residue	5	3	23	50	0.1	3982	3971	50	36	PRO56-PRO78	6.917164425624794	0.010681153473133469	-0.10020924579365204	0.10020924579365204	towards_high
residue_residue	5	3	23	50	0.1	3982	3971	50	18	PRO59-PRO60	9.165829144358975	0.0035510874110001624	-0.06731787249764788	0.06731787249764788	towards_high
residue_residue	5	3	23	50	0.1	3982	3971	50	33	PRO61-PRO71	7.399393274123743	0.00839123734957295	-0.03636543630043627	0.03636543630043627	towards_high
residue_residue	5	3	23	50	0.1	3982	3971	50	11	PRO62-PRO71	9.902620665607293	0.0025054820568640775	-0.07106018593764424	0.07106018593764424	towards_high
residue_residue	5	3	23	50	0.1	3982	3971	50	2	PRO62-PRO1279	17.29104738712484	9.726553339109624e-05	0.35679495059244754	0.35679495059244754	towards_low
residue_residue	5	3	23	50	0.1	3982	3971	50	10	PRO62-PRO1280	10.251183582022659	0.002128312027706507	0.25452899096666887	0.25452899096666887	towards_low
residue_residue	5	3	23	50	0.1	3982	3971	50	15	PRO62-PRO1283	9.370437873268529	0.0032215189187562786	0.1141251900265857	0.1141251900265857	towards_low
residue_residue	5	3	23	50	0.1	3982	3971	50	37	PRO63-PRO71	6.908801683738141	0.010726234325016838	-0.10156665716764679	0.10156665716764679	towards_high
residue_residue	5	3	23	50	0.1	3982	3971	50	30	PRO71-PRO109	7.788465124633144	0.006921756302991297	-0.1207754162913852	0.1207754162913852	towards_high
residue_residue	5	3	23	50	0.1	3982	3971	50	43	PRO73-PRO102	6.611215739889841	0.012468358747674983	-0.2917798783104378	0.2917798783104378	towards_high
residue_residue	5	3	23	50	0.1	3982	3971	50	4	PRO78-PRO79	16.425531939595377	0.000139483460733893	-0.0925051989337553	0.0925051989337553	towards_high
residue_residue	5	3	23	50	0.1	3982	3971	50	8	PRO79-PRO80	10.805194812433015	0.001645984816780615	0.07753967739374674	0.07753967739374674	towards_low
residue_residue	5	3	23	50	0.1	3982	3971	50	27	PRO81-PRO90	8.105674577632847	0.0059243150322827315	0.09660468885149669	0.09660468885149669	towards_low
residue_residue	5	3	23	50	0.1	3982	3971	50	28	PRO82-PRO119	7.922170202882125	0.0064813992781109385	-0.1732483041372668	0.1732483041372668	towards_high
residue_residue	5	3	23	50	0.1	3982	3971	50	47	PRO82-PRO129	6.374225139399522	0.014068670853404484	-0.1664118285940958	0.1664118285940958	towards_high
residue_residue	5	3	23	50	0.1	3982	3971	50	38	PRO84-PRO141	6.872983835745195	0.010921597195172774	0.18650464017367022	0.18650464017367022	towards_low
residue_residue	5	3	23	50	0.1	3982	3971	50	23	PRO85-PRO89	8.540096783055903	0.004796317666913395	-0.03457052063716888	0.03457052063716888	towards_high
residue_residue	5	3	23	50	0.1	3982	3971	50	39	PRO86-PRO116	6.765885839361223	0.011528441821931907	0.12838394035652434	0.12838394035652434	towards_low
residue_residue	5	3	23	50	0.1	3982	3971	50	50	PRO87-PRO116	6.345488636487827	0.014276984119306146	0.07320402757276437	0.07320402757276437	towards_low
residue_residue	5	3	23	50	0.1	3982	3971	50	19	PRO88-PRO93	9.127815658816886	0.003616103317846054	-0.16902780057994476	0.16902780057994476	towards_high
residue_residue	5	3	23	50	0.1	3982	3971	50	25	PRO88-PRO94	8.165968622389224	0.005752426163067292	-0.07497042166262526	0.07497042166262526	towards_high
residue_residue	5	3	23	50	0.1	3982	3971	50	6	PRO90-PRO92	13.153700646996613	0.0005701423702021577	0.1818851389371827	0.1818851389371827	towards_low
residue_residue	5	3	23	50	0.1	3982	3971	50	9	PRO91-PRO94	10.68722809660638	0.001738158513028918	-0.16717606734785181	0.16717606734785181	towards_high
residue_residue	5	3	23	50	0.1	3982	3971	50	31	PRO91-PRO97	7.634442364404802	0.007468235969744196	-0.07871585584802383	0.07871585584802383	towards_high
residue_residue	5	3	23	50	0.1	3982	3971	50	40	PRO106-PRO110	6.68836714980676	0.01198980390210805	-0.008167021858555642	0.008167021858555642	towards_high
residue_residue	5	3	23	50	0.1	3982	3971	50	13	PRO114-PRO115	9.778591035234818	0.0026559873864094212	-0.005257062911275883	0.005257062911275883	towards_high
residue_residue	5	3	23	50	0.1	3982	3971	50	41	PRO116-PRO119	6.664609065299051	0.012135070934644863	-0.1693399695775175	0.1693399695775175	towards_high
residue_residue	5	3	23	50	0.1	3982	3971	50	42	PRO119-PRO148	6.6409490353816665	0.012281584910653698	0.07861194928278085	0.07861194928278085	towards_low
residue_residue	5	3	23	50	0.1	3982	3971	50	20	PRO143-PRO144	9.037023945001286	0.003776474918545107	0.211340547851028	0.211340547851028	towards_low
residue_residue	5	3	23	50	0.1	3982	3971	50	16	PRO1241-PRO1242	9.368378482886767	0.0032246717986651654	0.030090737592018215	0.030090737592018215	towards_low
residue_residue	5	3	23	50	0.1	3982	3971	50	26	PRO1265-PRO1276	8.120864610518627	0.005880509277276244	0.18812073147036287	0.18812073147036287	towards_low
residue_residue	5	3	23	50	0.1	3982	3971	50	12	PRO1273-PRO1274	9.900293251902639	0.0025082227749689953	0.1554305151809465	0.1554305151809465	towards_low
residue_residue	5	3	23	50	0.1	3982	3971	50	5	PRO1275-PRO1276	15.882594659541814	0.0001753049993580991	0.2522536469253276	0.2522536469253276	towards_low
residue_residue	5	3	23	50	0.1	3982	3971	50	34	PRO1280-PRO1284	7.064389271794646	0.009919363993988961	0.12053869100803542	0.12053869100803542	towards_low
residue_residue	5	3	23	50	0.1	3982	3971	50	7	PRO1280-PRO1287	11.498959534643197	0.0011976702387060123	0.15330578684006207	0.15330578684006207	towards_low
residue_residue	5	3	23	50	0.1	3982	3971	50	29	PRO1283-PRO1287	7.851126820716191	0.006711595454518989	0.11091292434356687	0.11091292434356687	towards_low
residue_residue	5	3	23	50	0.1	3982	3971	50	48	PRO1391-PRO1392	6.366492137676013	0.014124410214410467	0.09927098521807942	0.09927098521807942	towards_low
residue_residue	5	3	23	50	0.1	3982	3971	50	21	PRO1423-PRO1424	8.727272721115222	0.004381939066418511	0.09328090085870222	0.09328090085870222	towards_low
residue_residue	5	3	23	50	0.1	3982	3971	50	3	PRO1424-PRO1425	17.208459208560686	0.00010064926682418589	0.10125650644861738	0.10125650644861738	towards_low
residue_residue	5	4	24	20	1.0	3982	3971	20	19	PRO6-PRO72	10.001996723309869	0.0023771108058384025	0.5846359197558311	0.5846359197558311	towards_low
residue_residue	5	4	24	20	1.0	3982	3971	20	16	PRO16-PRO92	10.09729120652007	0.002273140551811854	-0.5592650963943273	0.5592650963943273	towards_high
residue_residue	5	4	24	20	1.0	3982	3971	20	5	PRO62-PRO1279	18.288315191881985	6.354544561518874e-05	1.1837401501643172	1.1837401501643172	towards_low
residue_residue	5	4	24	20	1.0	3982	3971	20	18	PRO62-PRO1280	10.011864764943748	0.0023661178247203515	0.6416504190922795	0.6416504190922795	towards_low
residue_residue	5	4	24	20	1.0	3982	3971	20	12	PRO79-PRO80	11.972111563187726	0.0009587277476394926	-0.2662803703405645	0.2662803703405645	towards_high
residue_residue	5	4	24	20	1.0	3982	3971	20	20	PRO85-PRO116	9.80130824723941	0.0026126247945952264	0.3088658401564082	0.3088658401564082	towards_low
residue_residue	5	4	24	20	1.0	3982	3971	20	14	PRO85-PRO144	10.496568094900693	0.0018864487733361987	0.007777884076648436	0.007777884076648436	towards_low
residue_residue	5	4	24	20	1.0	3982	3971	20	7	PRO86-PRO116	15.816376793151495	0.0001780134400641613	0.5689194872222993	0.5689194872222993	towards_low
residue_residue	5	4	24	20	1.0	3982	3971	20	6	PRO88-PRO93	16.56297461556669	0.00012989416058341595	-1.0292588721204992	1.0292588721204992	towards_high
residue_residue	5	4	24	20	1.0	3982	3971	20	9	PRO88-PRO94	13.269287222817892	0.0005366406535799671	-0.10812785050465945	0.10812785050465945	towards_high
residue_residue	5	4	24	20	1.0	3982	3971	20	3	PRO90-PRO92	19.09514179785359	4.576382511104721e-05	0.6997894856976009	0.6997894856976009	towards_low
residue_residue	5	4	24	20	1.0	3982	3971	20	17	PRO91-PRO97	10.013689599094143	0.002364090778710687	-0.27973754161494724	0.27973754161494724	towards_high
residue_residue	5	4	24	20	1.0	3982	3971	20	15	PRO94-PRO137	10.302316194295033	0.0020652047770768735	0.5045930869443433	0.5045930869443433	towards_low
residue_residue	5	4	24	20	1.0	3982	3971	20	10	PRO111-PRO112	12.780405406580087	0.0006667978045827415	0.33636116173947744	0.33636116173947744	towards_low
residue_residue	5	4	24	20	1.0	3982	3971	20	4	PRO114-PRO115	18.497340418603564	5.834363932686602e-05	-0.21068529085287466	0.21068529085287466	towards_high
residue_residue	5	4	24	20	1.0	3982	3971	20	11	PRO1264-PRO1265	12.603680309850857	0.0007215767589384157	-0.29053316626576375	0.29053316626576375	towards_high
residue_residue	5	4	24	20	1.0	3982	3971	20	8	PRO1275-PRO1276	15.059579004123233	0.00024592615995362136	0.7562975227178061	0.7562975227178061	towards_low
residue_residue	5	4	24	20	1.0	3982	3971	20	13	PRO1387-PRO1390	11.109667478515329	0.0014207461275317003	0.5774902696305998	0.5774902696305998	towards_low
residue_residue	5	4	24	20	1.0	3982	3971	20	2	PRO1423-PRO1424	21.1553238317804	2.0122542673982457e-05	0.4428813552814047	0.4428813552814047	towards_low
residue_residue	5	4	24	20	1.0	3982	3971	20	1	PRO1424-PRO1425	40.21112601232337	2.4855563874267598e-08	0.43013695709106003	0.43013695709106003	towards_low
residue_residue	5	5	25	20	100.0	3982	3970	20	8	PRO6-PRO72	11.299401730658388	0.0013022736717841332	1.8479943896948978	1.8479943896948978	towards_low
residue_residue	5	5	25	20	100.0	3982	3970	20	12	PRO6-PRO73	10.448862318131493	0.0019287996903539957	2.170821341675486	2.170821341675486	towards_low
residue_residue	5	5	25	20	100.0	3982	3970	20	17	PRO16-PRO147	8.968104636190363	0.003883801150633052	0.8164950383929442	0.8164950383929442	towards_low
residue_residue	5	5	25	20	100.0	3982	3970	20	11	PRO17-PRO147	10.542147391969644	0.0018468903237641421	0.6364143952699614	0.6364143952699614	towards_low
residue_residue	5	5	25	20	100.0	3982	3970	20	16	PRO25-PRO26	9.053331032578305	0.0037282449722362346	1.2425660405211496	1.2425660405211496	towards_low
residue_residue	5	5	25	20	100.0	3982	3970	20	2	PRO62-PRO1279	22.125908689752087	1.377156001367699e-05	4.181644159449205	4.181644159449205	towards_low
residue_residue	5	5	25	20	100.0	3982	3970	20	5	PRO62-PRO1280	13.184314389194459	0.000557210361288125	2.00964443351136	2.00964443351136	towards_low
residue_residue	5	5	25	20	100.0	3982	3970	20	13	PRO62-PRO1283	9.753894370891045	0.00267174278594183	0.5819972470086693	0.5819972470086693	towards_low
residue_residue	5	5	25	20	100.0	3982	3970	20	19	PRO70-PRO104	8.74551990268771	0.004322924903060068	1.1535576098568472	1.1535576098568472	towards_low
residue_residue	5	5	25	20	100.0	3982	3970	20	1	PRO79-PRO80	27.33823531941079	1.9437133290780245e-06	1.3894142352002652	1.3894142352002652	towards_low
residue_residue	5	5	25	20	100.0	3982	3970	20	9	PRO90-PRO92	11.29395961580476	0.0013055244450845467	1.3308195217530876	1.3308195217530876	towards_low
residue_residue	5	5	25	20	100.0	3982	3970	20	18	PRO94-PRO137	8.851093878950953	0.00410850727940002	1.7931106504251682	1.7931106504251682	towards_low
residue_residue	5	5	25	20	100.0	3982	3970	20	14	PRO111-PRO112	9.483985768827505	0.003035952108939148	0.5205246603329836	0.5205246603329836	towards_low
residue_residue	5	5	25	20	100.0	3982	3970	20	10	PRO118-PRO146	10.710222514252482	0.001708330410975057	-0.01906019234340274	0.01906019234340274	towards_high
residue_residue	5	5	25	20	100.0	3982	3970	20	6	PRO145-PRO146	12.669921865845007	0.0007005157857008137	-0.5831600840019128	0.5831600840019128	towards_high
residue_residue	5	5	25	20	100.0	3982	3970	20	7	PRO146-PRO147	12.298543587659026	0.0008274385291085492	1.5324006229094176	1.5324006229094176	towards_low
residue_residue	5	5	25	20	100.0	3982	3970	20	20	PRO1264-PRO1265	8.553299500410214	0.004743923350986703	-1.3693114632184473	1.3693114632184473	towards_high
residue_residue	5	5	25	20	100.0	3982	3970	20	4	PRO1275-PRO1276	14.296008319936597	0.0003420798322590716	2.991088886036525	2.991088886036525	towards_low
residue_residue	5	5	25	20	100.0	3982	3970	20	15	PRO1383-PRO1384	9.462500004374297	0.003067089011439717	-0.14634913137775485	0.14634913137775485	towards_high
residue_residue	5	5	25	20	100.0	3982	3970	20	3	PRO1423-PRO1424	18.34218210794291	6.216061182294275e-05	2.5066928403650004	2.5066928403650004	towards_low
combined_all	1	1	1	20	0.1	4086	4069	20	6	PRO6-PRO72	12.379929082114964	0.000804513241927827	0.18189776627267984	0.18189776627267984	towards_low
combined_all	1	1	1	20	0.1	4086	4069	20	13	PRO8-PRO110	9.820926950551902	0.002603580710784997	-0.2712311914464546	0.2712311914464546	towards_high
combined_all	1	1	1	20	0.1	4086	4069	20	8	PRO10-PRO11	11.542522001149711	0.0011741582005308335	-0.06751558156451062	0.06751558156451062	towards_high
combined_all	1	1	1	20	0.1	4086	4069	20	15	PRO16-PRO147	9.69434831992502	0.0027635721807639604	0.12582645261324862	0.12582645261324862	towards_low
combined_all	1	1	1	20	0.1	4086	4069	20	11	PRO17-PRO147	10.42144279569102	0.001966098616860772	0.16214473808874996	0.16214473808874996	towards_low
combined_all	1	1	1	20	0.1	4086	4069	20	18	PRO18-PRO147	9.150786398037672	0.0035766682476384695	0.16125342636920328	0.16125342636920328	towards_low
combined_all	1	1	1	20	0.1	4086	4069	20	17	PRO37-PRO1420	9.346672458354826	0.003258099994150466	0.27012665859478746	0.27012665859478746	towards_low
combined_all	1	1	1	20	0.1	4086	4069	20	1	PRO62-PRO1279	22.044927132871187	1.4521503470428964e-05	0.4078214410654077	0.4078214410654077	towards_low
combined_all	1	1	1	20	0.1	4086	4069	20	5	PRO62-PRO1280	15.253402070574031	0.0002290294898112305	0.3522472112262386	0.3522472112262386	towards_low
combined_all	1	1	1	20	0.1	4086	4069	20	16	PRO88-PRO93	9.554258947278926	0.0029526692712244446	-0.22582247954387769	0.22582247954387769	towards_high
combined_all	1	1	1	20	0.1	4086	4069	20	3	PRO90-PRO92	15.473494760213521	0.00020852096022743537	0.3324360928236836	0.3324360928236836	towards_low
combined_all	1	1	1	20	0.1	4086	4069	20	19	PRO94-PRO137	8.665399677303816	0.004514604460837152	0.2588824308529472	0.2588824308529472	towards_low
combined_all	1	1	1	20	0.1	4086	4069	20	4	PRO145-PRO146	15.302206257195085	0.0002243080898784312	-0.21994665481997264	0.21994665481997264	towards_high
combined_all	1	1	1	20	0.1	4086	4069	20	12	PRO146-PRO147	10.131508932069996	0.0022506419793901357	0.2296369902528817	0.2296369902528817	towards_low
combined_all	1	1	1	20	0.1	4086	4069	20	10	PRO1242-PRO1243	10.517133963196523	0.0018806396680885041	-0.07248872078136828	0.07248872078136828	towards_high
combined_all	1	1	1	20	0.1	4086	4069	20	20	PRO1274-PRO1275	8.659698024294176	0.004527039452865403	0.02886040655119539	0.02886040655119539	towards_low
combined_all	1	1	1	20	0.1	4086	4069	20	2	PRO1275-PRO1276	16.341718081623043	0.00014447520098904846	0.4121591431936591	0.4121591431936591	towards_low
combined_all	1	1	1	20	0.1	4086	4069	20	14	PRO1280-PRO1391	9.819848320749486	0.0026049024339064157	0.2697500551163264	0.2697500551163264	towards_low
combined_all	1	1	1	20	0.1	4086	4069	20	9	PRO1383-PRO1384	10.958625081522387	0.0015336604361304992	-0.1960047191430109	0.1960047191430109	towards_high
combined_all	1	1	1	20	0.1	4086	4069	20	7	PRO1423-PRO1424	12.32592592118699	0.0008242272060626159	0.18925384721549762	0.18925384721549762	towards_low
combined_all	1	2	2	10	0.01	4086	4068	10	2	PRO19-PRO147	15.176747601431746	0.0002366543208312851	0.09674849585976243	0.09674849585976243	towards_low
combined_all	1	2	2	10	0.01	4086	4068	10	7	PRO19-PRO148	11.893002527704736	0.0010016171532445102	0.08862498572957693	0.08862498572957693	towards_low
combined_all	1	2	2	10	0.01	4086	4068	10	9	PRO20-PRO22	10.419557600457203	0.001967822333562762	-0.08893321792807457	0.08893321792807457	towards_high
combined_all	1	2	2	10	0.01	4086	4068	10	1	PRO62-PRO1279	42.601700201004945	1.2480633090391852e-08	0.15683208053307943	0.15683208053307943	towards_low
combined_all	1	2	2	10	0.01	4086	4068	10	10	PRO62-PRO1280	10.140412340595804	0.0022412933671722957	0.08067629862926627	0.08067629862926627	towards_low
combined_all	1	2	2	10	0.01	4086	4068	10	3	PRO82-PRO119	14.67879503077305	0.00029304486437269317	-0.0948374098527608	0.0948374098527608	towards_high
combined_all	1	2	2	10	0.01	4086	4068	10	5	PRO90-PRO92	12.916118390127163	0.000633412906719486	0.09713159982700657	0.09713159982700657	towards_low
combined_all	1	2	2	10	0.01	4086	4068	10	8	PRO116-PRO119	11.235558204930587	0.0013506767939492892	-0.08394856765071858	0.08394856765071858	towards_high
combined_all	1	2	2	10	0.01	4086	4068	10	4	PRO1275-PRO1276	13.189189189674918	0.0005612708357966305	0.09882575456379603	0.09882575456379603	towards_low
combined_all	1	2	2	10	0.01	4086	4068	10	6	PRO1391-PRO1392	12.529284172821221	0.0007525028805460568	-0.028368011513666937	0.028368011513666937	towards_high
combined_all	1	3	3	5	0.01	4086	4069	5	2	PRO62-PRO1279	15.097451699704719	0.0002448194162792857	0.12629603448720958	0.12629603448720958	towards_low
combined_all	1	3	3	5	0.01	4086	4069	5	4	PRO90-PRO92	11.23542376643714	0.0013507598843304986	0.11023392623226912	0.11023392623226912	towards_low
combined_all	1	3	3	5	0.01	4086	4069	5	3	PRO143-PRO144	12.377092515024167	0.0008055364363441893	0.10381442633303031	0.10381442633303031	towards_low
combined_all	1	3	3	5	0.01	4086	4069	5	1	PRO1275-PRO1276	22.419753081699973	1.2564739548097361e-05	0.14089909780461168	0.14089909780461168	towards_low
combined_all	1	3	3	5	0.01	4086	4069	5	5	PRO1384-PRO1385	10.820618563022709	0.0016343154994268253	0.053457024048258875	0.053457024048258875	towards_low
combined_all	1	4	4	50	1.0	4086	4069	50	27	PRO64-LIG	10.042938233462719	0.002331847077670649	0.18442500650811902	0.18442500650811902	towards_low
combined_all	1	4	4	50	1.0	4086	4069	50	9	PRO66-LIG	13.281794547081025	0.0005336801955755486	0.29567779483959905	0.29567779483959905	towards_low
combined_all	1	4	4	50	1.0	4086	4069	50	12	PRO67-LIG	12.625854190567903	0.0007144544507838335	0.18713434048529695	0.18713434048529695	towards_low
combined_all	1	4	4	50	1.0	4086	4069	50	10	PRO88-LIG	12.924214938034094	0.0006254167754339105	-0.04229107217325529	0.04229107217325529	towards_high
combined_all	1	4	4	50	1.0	4086	4069	50	16	PRO1234-LIG	11.58275177343781	0.001144138606578537	-0.07810973391764332	0.07810973391764332	towards_high
combined_all	1	4	4	50	1.0	4086	4069	50	7	PRO1235-LIG	14.065504697042824	0.00037821783437095116	-0.23968847172811195	0.23968847172811195	towards_high
combined_all	1	4	4	50	1.0	4086	4069	50	6	PRO1278-LIG	14.802846797548696	0.00027466164088066136	-0.12601954063810372	0.12601954063810372	towards_high
combined_all	1	4	4	50	1.0	4086	4069	50	19	PRO11-GTP	11.058027419926674	0.0014548954544223874	-0.33193210513564836	0.33193210513564836	towards_high
combined_all	1	4	4	50	1.0	4086	4069	50	38	PRO1273-GTP	8.627122603071133	0.00457737670249171	0.12404336330456293	0.12404336330456293	towards_low
combined_all	1	4	4	50	1.0	4086	4069	50	35	PRO1274-GTP	9.10419372055585	0.0036385256219417504	0.2021678196917231	0.2021678196917231	towards_low
combined_all	1	4	4	50	1.0	4086	4069	50	15	PRO1277-GTP	11.73187318118101	0.0010690720013466143	0.07209355659655947	0.07209355659655947	towards_low
combined_all	1	4	4	50	1.0	4086	4069	50	25	PRO6-PRO110	10.194872081913744	0.002171578889873272	-0.38220430363806523	0.38220430363806523	towards_high
combined_all	1	4	4	50	1.0	4086	4069	50	42	PRO7-PRO69	8.47852299403335	0.00491909876481329	0.16661356560226637	0.16661356560226637	towards_low
combined_all	1	4	4	50	1.0	4086	4069	50	37	PRO7-PRO72	8.964725356193814	0.003890107159070086	0.28251617571314036	0.28251617571314036	towards_low
combined_all	1	4	4	50	1.0	4086	4069	50	17	PRO7-PRO73	11.572444296071364	0.0011495258515596724	0.33098387574866317	0.33098387574866317	towards_low
combined_all	1	4	4	50	1.0	4086	4069	50	18	PRO19-PRO20	11.241110155077735	0.0013375361069720502	-0.47730916404953505	0.47730916404953505	towards_high
combined_all	1	4	4	50	1.0	4086	4069	50	2	PRO20-PRO21	26.93265005615787	2.253489461476091e-06	0.500763595512687	0.500763595512687	towards_low
combined_all	1	4	4	50	1.0	4086	4069	50	4	PRO21-PRO22	23.758077535946587	7.356799780313975e-06	-0.4889539478400802	0.4889539478400802	towards_high
combined_all	1	4	4	50	1.0	4086	4069	50	30	PRO22-PRO155	9.609832853435163	0.0028600837934169973	-0.32445392912005416	0.32445392912005416	towards_high
combined_all	1	4	4	50	1.0	4086	4069	50	34	PRO25-PRO152	9.227489492741702	0.003430275722054803	-0.381152430755319	0.381152430755319	towards_high
combined_all	1	4	4	50	1.0	4086	4069	50	46	PRO35-PRO36	8.257271544977113	0.005478212073234419	-0.26639232340829677	0.26639232340829677	towards_high
combined_all	1	4	4	50	1.0	4086	4069	50	45	PRO40-PRO156	8.318427342164577	0.005317310413627842	-0.2977342128438409	0.2977342128438409	towards_high
combined_all	1	4	4	50	1.0	4086	4069	50	48	PRO56-PRO78	8.239778294133151	0.00552516917554303	-0.19717432580781263	0.19717432580781263	towards_high
combined_all	1	4	4	50	1.0	4086	4069	50	5	PRO62-PRO1279	20.975107709423714	2.1602261125067144e-05	0.58227963251453	0.58227963251453	towards_low
combined_all	1	4	4	50	1.0	4086	4069	50	22	PRO62-PRO1280	10.791224824017853	0.0016454632359211197	0.40146938035178337	0.40146938035178337	towards_low
combined_all	1	4	4	50	1.0	4086	4069	50	39	PRO62-PRO1283	8.605988513628624	0.00462442112324107	0.269849592877415	0.269849592877415	towards_low
combined_all	1	4	4	50	1.0	4086	4069	50	49	PRO76-PRO109	8.166512827929965	0.0057264650517156145	-0.17837677649270228	0.17837677649270228	towards_high
combined_all	1	4	4	50	1.0	4086	4069	50	1	PRO78-PRO79	27.51964635915888	1.8197300651664725e-06	0.0221274729952522	0.0221274729952522	towards_low
combined_all	1	4	4	50	1.0	4086	4069	50	32	PRO85-PRO89	9.489924407178577	0.003027404259705476	-0.14322896452605338	0.14322896452605338	towards_high
combined_all	1	4	4	50	1.0	4086	4069	50	24	PRO85-PRO116	10.568181818186945	0.0018246837327956268	0.3362904681633104	0.3362904681633104	towards_low
combined_all	1	4	4	50	1.0	4086	4069	50	21	PRO85-PRO144	10.887897031646585	0.0015735753924126896	0.2736891662032119	0.2736891662032119	towards_low
combined_all	1	4	4	50	1.0	4086	4069	50	28	PRO86-PRO116	9.899124539250247	0.002494934236887031	0.09995290757761599	0.09995290757761599	towards_low
combined_all	1	4	4	50	1.0	4086	4069	50	20	PRO88-PRO93	10.964460911442227	0.0015189650518819767	-0.17944883709944937	0.17944883709944937	towards_high
combined_all	1	4	4	50	1.0	4086	4069	50	14	PRO90-PRO92	11.97142492331944	0.0009590256624593605	0.2944574932916758	0.2944574932916758	towards_low
combined_all	1	4	4	50	1.0	4086	4069	50	43	PRO91-PRO94	8.413383046222345	0.005077218015847344	-0.1419707469242453	0.1419707469242453	towards_high
combined_all	1	4	4	50	1.0	4086	4069	50	26	PRO91-PRO97	10.098535557554106	0.0022718147215686265	-0.1570424277267467	0.1570424277267467	towards_high
combined_all	1	4	4	50	1.0	4086	4069	50	41	PRO91-PRO98	8.564515997160322	0.004718215531549339	-0.03623828137728816	0.03623828137728816	towards_high
combined_all	1	4	4	50	1.0	4086	4069	50	44	PRO96-PRO109	8.35975061550163	0.005211396616439958	0.20356186159250617	0.20356186159250617	towards_low
combined_all	1	4	4	50	1.0	4086	4069	50	23	PRO114-PRO115	10.582305150061979	0.0018127535230160207	0.006090484427282922	0.006090484427282922	towards_low
combined_all	1	4	4	50	1.0	4086	4069	50	36	PRO146-PRO147	8.978970298560204	0.0038635972752596157	0.38353903523440425	0.38353903523440425	towards_low
combined_all	1	4	4	50	1.0	4086	4069	50	13	PRO1241-PRO1287	12.14638297554959	0.0008861412879900324	0.41840237466538455	0.41840237466538455	towards_low
combined_all	1	4	4	50	1.0	4086	4069	50	11	PRO1267-PRO1268	12.727886563328536	0.0006826104238900579	0.37977241848937193	0.37977241848937193	towards_low
combined_all	1	4	4	50	1.0	4086	4069	50	8	PRO1275-PRO1276	13.550340273110988	0.0004740448557168267	0.32184211216478087	0.32184211216478087	towards_low
combined_all	1	4	4	50	1.0	4086	4069	50	47	PRO1275-PRO1277	8.24324142474491	0.0055158397360417916	-0.19701144632465534	0.19701144632465534	towards_high
combined_all	1	4	4	50	1.0	4086	4069	50	33	PRO1275-PRO1278	9.296344806502884	0.0033194331233244575	-0.3093157186910228	0.3093157186910228	towards_high
combined_all	1	4	4	50	1.0	4086	4069	50	40	PRO1280-PRO1281	8.570535848335089	0.0047044784089583765	-0.1524853985537878	0.1524853985537878	towards_high
combined_all	1	4	4	50	1.0	4086	4069	50	31	PRO1280-PRO1287	9.554893317576056	0.0029355149197682856	0.21391636677221862	0.21391636677221862	towards_low
combined_all	1	4	4	50	1.0	4086	4069	50	50	PRO1386-PRO1391	8.039236281954855	0.006094639445343977	-0.35434622598026405	0.35434622598026405	towards_high
combined_all	1	4	4	50	1.0	4086	4069	50	29	PRO1387-PRO1390	9.623285137442368	0.0028419242309424804	0.32333839118304425	0.32333839118304425	towards_low
combined_all	1	4	4	50	1.0	4086	4069	50	3	PRO1423-PRO1424	24.597602727152232	5.355852574990346e-06	0.10300659886661018	0.10300659886661018	towards_low
combined_all	1	5	5	5	1.0	4086	4069	5	3	PRO62-PRO1279	23.44660128493378	8.283453916752586e-06	1.5901650919815586	1.5901650919815586	towards_low
combined_all	1	5	5	5	1.0	4086	4069	5	5	PRO86-PRO116	14.498606135391071	0.00031327665132095726	1.0182006543708646	1.0182006543708646	towards_low
combined_all	1	5	5	5	1.0	4086	4069	5	4	PRO90-PRO92	17.19986057238296	9.95522252235013e-05	1.4157518133402627	1.4157518133402627	towards_low
combined_all	1	5	5	5	1.0	4086	4069	5	2	PRO111-PRO112	23.543513283303383	7.982867311352558e-06	0.45386327499376083	0.45386327499376083	towards_low
combined_all	1	5	5	5	1.0	4086	4069	5	1	PRO1384-PRO1385	26.264534854565078	2.879627035130927e-06	0.9380634592349046	0.9380634592349046	towards_low
combined_all	2	1	6	5	10.0	4086	4069	5	1	PRO62-PRO1279	37.32329860091593	6.583091530198812e-08	4.66247047686731	4.66247047686731	towards_low
combined_all	2	1	6	5	10.0	4086	4069	5	2	PRO90-PRO92	15.150508444866857	0.00023932442848336	2.918633622211188	2.918633622211188	towards_low
combined_all	2	1	6	5	10.0	4086	4069	5	4	PRO1265-PRO1276	13.14629356979532	0.0005720123197006364	0.8054654744234724	0.8054654744234724	towards_low
combined_all	2	1	6	5	10.0	4086	4069	5	3	PRO1275-PRO1276	14.914660830062461	0.0002647741351082596	2.813433160417591	2.813433160417591	towards_low
combined_all	2	1	6	5	10.0	4086	4069	5	5	PRO1275-PRO1277	12.662971554622548	0.0007089130029805451	-2.6705334218014194	2.6705334218014194	towards_high
combined_all	2	2	7	10	100.0	4086	4069	10	5	PRO65-LIG	11.695457632667562	0.001095347971252923	3.172875527562746	3.172875527562746	towards_low
combined_all	2	2	7	10	100.0	4086	4069	10	6	PRO66-LIG	11.653655723863034	0.0011163264896772922	0.22646958596566127	0.22646958596566127	towards_low
combined_all	2	2	7	10	100.0	4086	4069	10	4	PRO6-PRO72	13.58289898426773	0.0004719430688312423	2.7450240763877893	2.7450240763877893	towards_low
combined_all	2	2	7	10	100.0	4086	4069	10	9	PRO25-PRO26	10.287585979517962	0.002092493546383554	1.8919550479612872	1.8919550479612872	towards_low
combined_all	2	2	7	10	100.0	4086	4069	10	1	PRO62-PRO1279	17.719597821771217	8.150524999049441e-05	7.33279366472993	7.33279366472993	towards_low
combined_all	2	2	7	10	100.0	4086	4069	10	7	PRO88-PRO93	11.145367845235317	0.0014076334068871712	-3.4220733206131233	3.4220733206131233	towards_high
combined_all	2	2	7	10	100.0	4086	4069	10	10	PRO111-PRO112	9.936430323067528	0.0024660190378538384	0.6632899463485059	0.6632899463485059	towards_low
combined_all	2	2	7	10	100.0	4086	4069	10	8	PRO143-PRO144	10.723436612766399	0.0017093080921964572	1.438645969763633	1.438645969763633	towards_low
combined_all	2	2	7	10	100.0	4086	4069	10	2	PRO1275-PRO1276	15.798488666017002	0.00018165490637045095	6.659566885316551	6.659566885316551	towards_low
combined_all	2	2	7	10	100.0	4086	4069	10	3	PRO1423-PRO1424	15.143468961482121	0.00024004607210665783	4.726006049273841	4.726006049273841	towards_low
combined_all	2	3	8	5	100.0	4086	4068	5	5	PRO22-PRO81	12.578755243206075	0.0007360564112456298	-0.8805205973705921	0.8805205973705921	towards_high
combined_all	2	3	8	5	100.0	4086	4068	5	1	PRO62-PRO1279	17.98678320188	7.304073906538275e-05	2.0235729714850805	2.0235729714850805	towards_low
combined_all	2	3	8	5	100.0	4086	4068	5	3	PRO90-PRO92	12.722298176196242	0.0006904178957080525	1.3853405254555204	1.3853405254555204	towards_low
combined_all	2	3	8	5	100.0	4086	4068	5	2	PRO1275-PRO1276	14.63272108518989	0.0002989235486001156	1.39064200718623	1.39064200718623	towards_low
combined_all	2	3	8	5	100.0	4086	4068	5	4	PRO1383-PRO1384	12.653992394622932	0.0007117568161721057	-0.7459758836107722	0.7459758836107722	towards_high
combined_all	2	4	9	10	10.0	4086	4069	10	8	PRO19-PRO147	12.982795377382056	0.0006093334109939191	0.862183230448643	0.862183230448643	towards_low
combined_all	2	4	9	10	10.0	4086	4069	10	9	PRO21-PRO22	12.327586205903215	0.0008167013224430159	0.14953409302978063	0.14953409302978063	towards_low
combined_all	2	4	9	10	10.0	4086	4069	10	1	PRO62-PRO1279	19.767270441218024	3.491329790995756e-05	3.4798017892086928	3.4798017892086928	towards_low
combined_all	2	4	9	10	10.0	4086	4069	10	7	PRO62-PRO1280	13.049893772406639	0.0005914380092942445	0.4397052006963153	0.4397052006963153	towards_low
combined_all	2	4	9	10	10.0	4086	4069	10	10	PRO84-PRO141	11.768820826918422	0.0010512770734792175	0.4512015211626555	0.4512015211626555	towards_low
combined_all	2	4	9	10	10.0	4086	4069	10	3	PRO90-PRO92	17.557568487260546	8.58292974478284e-05	3.0240804112795945	3.0240804112795945	towards_low
combined_all	2	4	9	10	10.0	4086	4069	10	4	PRO145-PRO146	16.935624186618686	0.00011113563820167193	-1.542492899299429	1.542492899299429	towards_high
combined_all	2	4	9	10	10.0	4086	4069	10	5	PRO1275-PRO1276	15.988619118711153	0.00016547765888817758	2.6237322037281468	2.6237322037281468	towards_low
combined_all	2	4	9	10	10.0	4086	4069	10	6	PRO1423-PRO1424	15.63784245443701	0.00019204977027784595	1.007781130560103	1.007781130560103	towards_low
combined_all	2	4	9	10	10.0	4086	4069	10	2	PRO1424-PRO1425	18.79448403464408	5.169591897337744e-05	0.48898259883927153	0.48898259883927153	towards_low
combined_all	2	5	10	5	10.0	4086	4069	5	4	PRO39-PRO156	16.548589142601372	0.0001306808868146569	-1.2774809920562373	1.2774809920562373	towards_high
combined_all	2	5	10	5	10.0	4086	4069	5	1	PRO62-PRO1279	30.1097459443304	7.209460332201701e-07	1.882262096709313	1.882262096709313	towards_low
combined_all	2	5	10	5	10.0	4086	4069	5	5	PRO62-PRO1280	15.788107811194442	0.0001801630597305342	-0.011757049587850302	0.011757049587850302	towards_high
combined_all	2	5	10	5	10.0	4086	4069	5	2	PRO111-PRO112	22.41646777887517	1.230514381240394e-05	0.5064809651227538	0.5064809651227538	towards_low
combined_all	2	5	10	5	10.0	4086	4069	5	3	PRO1423-PRO1424	16.98555012741841	0.0001088446225133817	0.7173028334142874	0.7173028334142874	towards_low
combined_all	3	1	11	20	10.0	4086	4069	20	20	PRO6-PRO110	9.251040116034963	0.0034097480238529515	-0.7557015990031393	0.7557015990031393	towards_high
combined_all	3	1	11	20	10.0	4086	4069	20	18	PRO11-PRO59	9.785282380421688	0.0026476315988790146	0.24196243582492744	0.24196243582492744	towards_low
combined_all	3	1	11	20	10.0	4086	4069	20	8	PRO11-PRO60	12.181397416052082	0.0008794980824820529	-0.9697532654049141	0.9697532654049141	towards_high
combined_all	3	1	11	20	10.0	4086	4069	20	15	PRO12-PRO90	10.344268734771175	0.002037966474441142	1.0119531188251967	1.0119531188251967	towards_low
combined_all	3	1	11	20	10.0	4086	4069	20	17	PRO19-PRO148	9.983823911319526	0.0024117894158219647	1.8887142041832299	1.8887142041832299	towards_low
combined_all	3	1	11	20	10.0	4086	4069	20	10	PRO60-PRO82	11.226923013322057	0.001356024641150068	-0.08783014060768635	0.08783014060768635	towards_high
combined_all	3	1	11	20	10.0	4086	4069	20	13	PRO60-PRO89	11.05517016869676	0.0014671006723654258	0.24738373571998146	0.24738373571998146	towards_low
combined_all	3	1	11	20	10.0	4086	4069	20	12	PRO61-PRO89	11.121491004977555	0.0014231268609589422	0.11511921573906385	0.11511921573906385	towards_low
combined_all	3	1	11	20	10.0	4086	4069	20	2	PRO62-PRO1279	20.667822259706018	2.4870104571999054e-05	2.6938443583609297	2.6938443583609297	towards_low
combined_all	3	1	11	20	10.0	4086	4069	20	3	PRO62-PRO1280	15.221957978581461	0.0002321259405746358	1.8225360723905344	1.8225360723905344	towards_low
combined_all	3	1	11	20	10.0	4086	4069	20	14	PRO62-PRO1283	10.483857285010723	0.0019099101605879385	0.4406328133141053	0.4406328133141053	towards_low
combined_all	3	1	11	20	10.0	4086	4069	20	7	PRO78-PRO102	12.384607597696766	0.0008028285792107418	0.6943378400402196	0.6943378400402196	towards_low
combined_all	3	1	11	20	10.0	4086	4069	20	16	PRO82-PRO1277	10.245732223129538	0.0021337307480441257	-0.8326016114273315	0.8326016114273315	towards_high
combined_all	3	1	11	20	10.0	4086	4069	20	11	PRO84-PRO141	11.16126258372483	0.0013974169417798347	2.0702672880021207	2.0702672880021207	towards_low
combined_all	3	1	11	20	10.0	4086	4069	20	9	PRO89-PRO1277	11.805436360510651	0.001042091052589148	0.720239862519087	0.720239862519087	towards_low
combined_all	3	1	11	20	10.0	4086	4069	20	19	PRO89-PRO1278	9.572216452777875	0.002927692821739198	1.2979340442481166	1.2979340442481166	towards_low
combined_all	3	1	11	20	10.0	4086	4069	20	4	PRO90-PRO92	14.931091642074511	0.000262913324361802	2.17290602355071	2.17290602355071	towards_low
combined_all	3	1	11	20	10.0	4086	4069	20	5	PRO1275-PRO1276	14.394100782078356	0.0003313893049405292	2.5056199476034204	2.5056199476034204	towards_low
combined_all	3	1	11	20	10.0	4086	4069	20	6	PRO1391-PRO1392	13.6781002745415	0.0004526486052170478	0.2165120078128597	0.2165120078128597	towards_low
combined_all	3	1	11	20	10.0	4086	4069	20	1	PRO1423-PRO1424	30.01459856762767	7.718291924603451e-07	-0.29010888604030804	0.29010888604030804	towards_high
combined_all	3	2	12	20	0.1	4086	4068	20	17	PRO64-LIG	9.909916895687212	0.0024969103950238988	0.16334907831307144	0.16334907831307144	towards_low
combined_all	3	2	12	20	0.1	4086	4068	20	18	PRO66-LIG	9.852298474244371	0.00256544360064664	0.1988525788194398	0.1988525788194398	towards_low
combined_all	3	2	12	20	0.1	4086	4068	20	14	PRO67-LIG	10.144378444056187	0.0022371419943114325	0.19773531833265137	0.19773531833265137	towards_low
combined_all	3	2	12	20	0.1	4086	4068	20	19	PRO22-GTP	9.717571655713712	0.0027334673682138937	-0.19809702658598036	0.19809702658598036	towards_high
combined_all	3	2	12	20	0.1	4086	4068	20	5	PRO7-PRO73	12.93970893970894	0.0006268164551616241	0.23993813387783172	0.23993813387783172	towards_low
combined_all	3	2	12	20	0.1	4086	4068	20	15	PRO14-PRO146	10.111761436073891	0.002271522390650741	0.32851425476770546	0.32851425476770546	towards_low
combined_all	3	2	12	20	0.1	4086	4068	20	9	PRO16-PRO28	10.951449107309411	0.0015387316302083712	0.35634162889426657	0.35634162889426657	towards_low
combined_all	3	2	12	20	0.1	4086	4068	20	1	PRO62-PRO1279	18.94896369373175	4.938546787154064e-05	0.5056719956726752	0.5056719956726752	towards_low
combined_all	3	2	12	20	0.1	4086	4068	20	4	PRO78-PRO79	13.406143347047289	0.0005100647704715653	-0.097231630343325	0.097231630343325	towards_high
combined_all	3	2	12	20	0.1	4086	4068	20	7	PRO79-PRO80	11.270690734957066	0.0013291443391346524	0.06172430768787336	0.06172430768787336	towards_low
combined_all	3	2	12	20	0.1	4086	4068	20	13	PRO85-PRO116	10.362150589515279	0.0020210738011214578	0.18281933184224128	0.18281933184224128	towards_low
combined_all	3	2	12	20	0.1	4086	4068	20	10	PRO85-PRO144	10.605515246772379	0.00180514680081644	0.1651612450140264	0.1651612450140264	towards_low
combined_all	3	2	12	20	0.1	4086	4068	20	12	PRO86-PRO116	10.55302335427495	0.0018495946079029777	0.19471770587300186	0.19471770587300186	towards_low
combined_all	3	2	12	20	0.1	4086	4068	20	3	PRO90-PRO92	14.223264532057824	0.0003568653321795683	0.293464183356408	0.293464183356408	towards_low
combined_all	3	2	12	20	0.1	4086	4068	20	20	PRO91-PRO94	9.68563664214527	0.002774954391240629	-0.2607898235668784	0.2607898235668784	towards_high
combined_all	3	2	12	20	0.1	4086	4068	20	11	PRO145-PRO146	10.583795783928712	0.0018234012991728307	-0.2667060906378023	0.2667060906378023	towards_high
combined_all	3	2	12	20	0.1	4086	4068	20	8	PRO1238-PRO1239	11.130434781391815	0.0014173026294469798	0.07910003871112954	0.07910003871112954	towards_low
combined_all	3	2	12	20	0.1	4086	4068	20	6	PRO1275-PRO1276	12.78874890413055	0.0006702960429242792	0.2991319152412839	0.2991319152412839	towards_low
combined_all	3	2	12	20	0.1	4086	4068	20	16	PRO1290-PRO1388	9.982577960199876	0.0024131990376462975	-0.3226425858332171	0.3226425858332171	towards_high
combined_all	3	2	12	20	0.1	4086	4068	20	2	PRO1384-PRO1385	15.335373858928055	0.0002211571067358404	0.07218804459467718	0.07218804459467718	towards_low
combined_all	3	3	13	10	100.0	4086	4069	10	1	PRO6-PRO72	20.28853872285557	2.8893880976123777e-05	4.624709183786992	4.624709183786992	towards_low
combined_all	3	3	13	10	100.0	4086	4069	10	7	PRO19-PRO148	14.528997098732626	0.00031261015882716133	2.9481027541088993	2.9481027541088993	towards_low
combined_all	3	3	13	10	100.0	4086	4069	10	2	PRO62-PRO1279	19.747485787831614	3.583481662471152e-05	6.637063116638747	6.637063116638747	towards_low
combined_all	3	3	13	10	100.0	4086	4069	10	6	PRO79-PRO80	16.41025641793722	0.00014037972966369927	0.5441224716565383	0.5441224716565383	towards_low
combined_all	3	3	13	10	100.0	4086	4069	10	10	PRO86-PRO116	12.724232966195988	0.0006898232376638711	1.810929924207703	1.810929924207703	towards_low
combined_all	3	3	13	10	100.0	4086	4069	10	3	PRO88-PRO93	18.61839413531945	5.6458270008647704e-05	-2.627192259508869	2.627192259508869	towards_high
combined_all	3	3	13	10	100.0	4086	4069	10	4	PRO90-PRO92	18.014644760196628	7.221212389237205e-05	4.768768875666807	4.768768875666807	towards_low
combined_all	3	3	13	10	100.0	4086	4069	10	9	PRO91-PRO98	12.938649649122942	0.0006271111206154089	0.8521160533721631	0.8521160533721631	towards_low
combined_all	3	3	13	10	100.0	4086	4069	10	8	PRO1275-PRO1276	13.08428245907372	0.0005879194903014845	-0.6550891401015948	0.6550891401015948	towards_high
combined_all	3	3	13	10	100.0	4086	4069	10	5	PRO1423-PRO1424	17.525129978458168	8.830056373094804e-05	2.424859957801335	2.424859957801335	towards_low
combined_all	3	4	14	10	10.0	4086	4069	10	7	PRO39-PRO156	11.401607553395754	0.0012427622701985817	-0.5004898146979015	0.5004898146979015	towards_high
combined_all	3	4	14	10	10.0	4086	4069	10	10	PRO56-PRO78	10.341037658303074	0.0020282130565122468	-0.5392451576755295	0.5392451576755295	towards_high
combined_all	3	4	14	10	10.0	4086	4069	10	1	PRO62-PRO1279	36.45489881632496	8.336597956064197e-08	3.424140532799629	3.424140532799629	towards_low
combined_all	3	4	14	10	10.0	4086	4069	10	2	PRO62-PRO1280	17.203974540037077	9.938210782456748e-05	-0.5825675396189413	0.5825675396189413	towards_high
combined_all	3	4	14	10	10.0	4086	4069	10	4	PRO88-PRO93	11.502089513673232	0.0011870090253026638	-1.300145737703771	1.300145737703771	towards_high
combined_all	3	4	14	10	10.0	4086	4069	10	8	PRO94-PRO137	11.034638284887794	0.0014706427106785979	0.8983451672870109	0.8983451672870109	towards_low
combined_all	3	4	14	10	10.0	4086	4069	10	9	PRO109-PRO159	10.377048293113283	0.0019944307007184986	-1.7157301636896876	1.7157301636896876	towards_high
combined_all	3	4	14	10	10.0	4086	4069	10	6	PRO1264-PRO1265	11.406430130017673	0.0012400251358743817	-0.5123618352155066	0.5123618352155066	towards_high
combined_all	3	4	14	10	10.0	4086	4069	10	3	PRO1387-PRO1390	11.85096972022923	0.0010128071921958637	1.2596470514640044	1.2596470514640044	towards_low
combined_all	3	4	14	10	10.0	4086	4069	10	5	PRO1423-PRO1424	11.487068959376368	0.0011951750207524058	0.3815159596573508	0.3815159596573508	towards_low
combined_all	3	5	15	10	1.0	4086	4069	10	8	PRO1274-GTP	9.693760726202157	0.0027487347621604295	0.2469733867902374	0.2469733867902374	towards_low
combined_all	3	5	15	10	1.0	4086	4069	10	4	PRO6-PRO72	12.53103180759479	0.0007454328959578606	0.944583746557504	0.944583746557504	towards_low
combined_all	3	5	15	10	1.0	4086	4069	10	10	PRO19-PRO147	9.592760804513787	0.0028833043241286395	0.3624961414580291	0.3624961414580291	towards_low
combined_all	3	5	15	10	1.0	4086	4069	10	2	PRO62-PRO1279	25.71129425855734	3.5331791412951913e-06	1.7066688573335516	1.7066688573335516	towards_low
combined_all	3	5	15	10	1.0	4086	4069	10	3	PRO78-PRO79	23.614919375870315	7.768619997234238e-06	0.08757038291860808	0.08757038291860808	towards_low
combined_all	3	5	15	10	1.0	4086	4069	10	5	PRO90-PRO92	11.488213423147105	0.0011945507753952872	0.7042564345343237	0.7042564345343237	towards_low
combined_all	3	5	15	10	1.0	4086	4069	10	6	PRO146-PRO147	11.020865533711776	0.0014799984401435127	0.5584713133470797	0.5584713133470797	towards_low
combined_all	3	5	15	10	1.0	4086	4069	10	9	PRO1274-PRO1276	9.610551739567274	0.0028591102947767353	0.32169451160741147	0.32169451160741147	towards_low
combined_all	3	5	15	10	1.0	4086	4069	10	1	PRO1275-PRO1276	29.08101572031555	1.0379050682935264e-06	1.3982647981307093	1.3982647981307093	towards_low
combined_all	3	5	15	10	1.0	4086	4069	10	7	PRO1275-PRO1278	10.27648390565728	0.0020902736485204102	-0.14359824781667957	0.14359824781667957	towards_high
combined_all	4	1	16	10	0.1	4086	4069	10	7	PRO6-PRO72	12.28489558748341	0.0008395408430595158	0.37339125732279327	0.37339125732279327	towards_low
combined_all	4	1	16	10	0.1	4086	4069	10	8	PRO56-PRO78	11.802667281701082	0.0010433983637727197	-0.24867120318469266	0.24867120318469266	towards_high
combined_all	4	1	16	10	0.1	4086	4069	10	2	PRO62-PRO1279	19.2838724966642	4.315056029448111e-05	0.5287890959797767	0.5287890959797767	towards_low
combined_all	4	1	16	10	0.1	4086	4069	10	5	PRO62-PRO1280	13.214399962903924	0.0005550557852856473	0.3672850420265057	0.3672850420265057	towards_low
combined_all	4	1	16	10	0.1	4086	4069	10	10	PRO86-PRO116	10.823627734827637	0.0016320488846354214	0.412779901863742	0.412779901863742	towards_low
combined_all	4	1	16	10	0.1	4086	4069	10	3	PRO88-PRO93	15.373371250790568	0.00021760363507150634	-0.45855927751390096	0.45855927751390096	towards_high
combined_all	4	1	16	10	0.1	4086	4069	10	9	PRO94-PRO137	11.686255965183976	0.0010999303961213645	0.34063543448669326	0.34063543448669326	towards_low
combined_all	4	1	16	10	0.1	4086	4069	10	4	PRO111-PRO112	13.6781002745415	0.0004526486052170478	0.18835364881055222	0.18835364881055222	towards_low
combined_all	4	1	16	10	0.1	4086	4069	10	6	PRO1390-PRO1391	12.826722345573742	0.0006590719528096558	0.02748864866419055	0.02748864866419055	towards_low
combined_all	4	1	16	10	0.1	4086	4069	10	1	PRO1424-PRO1425	70.63414633075958	6.255178959440572e-12	0.0964266492515621	0.0964266492515621	towards_low
combined_all	4	2	17	20	0.1	4086	4069	20	8	PRO64-LIG	13.818211005908939	0.0004257295323574026	0.16956081781301005	0.16956081781301005	towards_low
combined_all	4	2	17	20	0.1	4086	4069	20	3	PRO65-LIG	15.325892263648322	0.00022205316165051185	0.2625779521111713	0.2625779521111713	towards_low
combined_all	4	2	17	20	0.1	4086	4069	20	7	PRO66-LIG	14.352509663901575	0.00033741249240612097	0.16841094468700835	0.16841094468700835	towards_low
combined_all	4	2	17	20	0.1	4086	4069	20	11	PRO67-LIG	12.565800435375083	0.0007403267427104476	0.1897400275617999	0.1897400275617999	towards_low
combined_all	4	2	17	20	0.1	4086	4069	20	16	PRO6-PRO72	11.101635554807135	0.0014361461014585936	0.22486100752052168	0.22486100752052168	towards_low
combined_all	4	2	17	20	0.1	4086	4069	20	20	PRO19-PRO147	9.970759038720551	0.0024266133537861547	0.291937607848075	0.291937607848075	towards_low
combined_all	4	2	17	20	0.1	4086	4069	20	13	PRO35-PRO36	11.884567124774396	0.0010054438871438063	-0.2656254601522368	0.2656254601522368	towards_high
combined_all	4	2	17	20	0.1	4086	4069	20	1	PRO62-PRO1279	30.18893550130728	7.260884917520962e-07	0.5880602949595801	0.5880602949595801	towards_low
combined_all	4	2	17	20	0.1	4086	4069	20	2	PRO78-PRO79	21.650557601839513	1.692333876286526e-05	-0.059816615377069955	0.059816615377069955	towards_high
combined_all	4	2	17	20	0.1	4086	4069	20	5	PRO82-PRO119	14.480195609674231	0.0003192730360886322	-0.1618496377888749	0.1618496377888749	towards_high
combined_all	4	2	17	20	0.1	4086	4069	20	10	PRO84-PRO116	13.346119615196649	0.0005237265356073527	0.12708973822172567	0.12708973822172567	towards_low
combined_all	4	2	17	20	0.1	4086	4069	20	15	PRO84-PRO141	11.31038478569938	0.0013052456160650308	0.131175091946775	0.131175091946775	towards_low
combined_all	4	2	17	20	0.1	4086	4069	20	12	PRO85-PRO116	12.227503853351003	0.0008614590564240943	0.11019709466243194	0.11019709466243194	towards_low
combined_all	4	2	17	20	0.1	4086	4069	20	14	PRO85-PRO144	11.770812230475837	0.0010585607910913253	0.15588268360955965	0.15588268360955965	towards_low
combined_all	4	2	17	20	0.1	4086	4069	20	9	PRO86-PRO116	13.701985310118117	0.00044793759209832564	0.15955708897133286	0.15955708897133286	towards_low
combined_all	4	2	17	20	0.1	4086	4069	20	18	PRO88-PRO93	10.266375855604545	0.002113286317426054	-0.19113883701004925	0.19113883701004925	towards_high
combined_all	4	2	17	20	0.1	4086	4069	20	6	PRO90-PRO92	14.388017855162444	0.00033226321523270613	0.2223928278747158	0.2223928278747158	towards_low
combined_all	4	2	17	20	0.1	4086	4069	20	17	PRO116-PRO119	10.94410114719009	0.001543942469778895	-0.16140117218898006	0.16140117218898006	towards_high
combined_all	4	2	17	20	0.1	4086	4069	20	19	PRO1242-PRO1243	10.172185432293464	0.0022082603987268546	-0.1153189165705999	0.1153189165705999	towards_high
combined_all	4	2	17	20	0.1	4086	4069	20	4	PRO1275-PRO1276	14.612127966352487	0.0003015905165966967	0.36446868335008026	0.36446868335008026	towards_low
combined_all	4	3	18	10	0.1	4086	4068	10	6	PRO16-PRO28	14.213853916474973	0.00035832644755399485	0.3658429192410532	0.3658429192410532	towards_low
combined_all	4	3	18	10	0.1	4086	4068	10	4	PRO21-PRO22	15.370078732277547	0.00021790919097047328	-0.21695325368242796	0.21695325368242796	towards_high
combined_all	4	3	18	10	0.1	4086	4068	10	7	PRO32-PRO1383	13.770684888559423	0.00043466921591385374	0.38806187656154884	0.38806187656154884	towards_low
combined_all	4	3	18	10	0.1	4086	4068	10	1	PRO62-PRO1279	20.868539969365163	2.2979910608735776e-05	0.5412363318932062	0.5412363318932062	towards_low
combined_all	4	3	18	10	0.1	4086	4068	10	10	PRO81-PRO146	12.590284956294767	0.0007322773738504916	0.38327158760180186	0.38327158760180186	towards_low
combined_all	4	3	18	10	0.1	4086	4068	10	2	PRO154-PRO155	19.212007499746893	4.4416072306399925e-05	0.0076738380492215345	0.0076738380492215345	towards_low
combined_all	4	3	18	10	0.1	4086	4068	10	9	PRO1264-PRO1272	13.030728515362672	0.0006020269836818739	0.274877551485951	0.274877551485951	towards_low
combined_all	4	3	18	10	0.1	4086	4068	10	8	PRO1273-PRO1274	13.368421051683487	0.0005186067494143028	0.2045336496051931	0.2045336496051931	towards_low
combined_all	4	3	18	10	0.1	4086	4068	10	5	PRO1275-PRO1276	15.2356169957143	0.00023077557148002578	0.453712466178022	0.453712466178022	towards_low
combined_all	4	3	18	10	0.1	4086	4068	10	3	PRO1423-PRO1424	15.91543340884073	0.0001728885813108168	0.29923189390663696	0.29923189390663696	towards_low
combined_all	4	4	19	10	1.0	4086	4069	10	7	PRO1274-GTP	11.458538420969147	0.001210847141318574	0.4898018988369603	0.4898018988369603	towards_low
combined_all	4	4	19	10	1.0	4086	4069	10	4	PRO21-PRO22	16.179968969563788	0.0001526180726015143	-0.10038322205265525	0.10038322205265525	towards_high
combined_all	4	4	19	10	1.0	4086	4069	10	1	PRO62-PRO1279	28.441050135086925	1.3048607451884365e-06	1.3472637539727983	1.3472637539727983	towards_low
combined_all	4	4	19	10	1.0	4086	4069	10	6	PRO62-PRO1280	13.941072861543015	0.0003993510792389926	1.1975521011158776	1.1975521011158776	towards_low
combined_all	4	4	19	10	1.0	4086	4069	10	10	PRO85-PRO116	9.535420165858486	0.0029627473091936684	0.7012147358623616	0.7012147358623616	towards_low
combined_all	4	4	19	10	1.0	4086	4069	10	5	PRO90-PRO92	14.97666446322806	0.0002548492116539106	1.3623626482164735	1.3623626482164735	towards_low
combined_all	4	4	19	10	1.0	4086	4069	10	9	PRO1265-PRO1274	9.54947389351976	0.002943067412638668	0.3582810128127054	0.3582810128127054	towards_low
combined_all	4	4	19	10	1.0	4086	4069	10	8	PRO1274-PRO1276	10.38311317858213	0.0019887990566705327	0.02594438103788972	0.02594438103788972	towards_low
combined_all	4	4	19	10	1.0	4086	4069	10	2	PRO1275-PRO1276	18.864951766510515	5.0237671662997146e-05	0.9614347417826352	0.9614347417826352	towards_low
combined_all	4	4	19	10	1.0	4086	4069	10	3	PRO1423-PRO1424	17.79999999667819	7.76551998865926e-05	0.21359308487538026	0.21359308487538026	towards_low
combined_all	4	5	20	5	1.0	4086	4069	5	1	PRO62-PRO1279	21.001633403507963	2.1377588902649148e-05	1.4876546488438578	1.4876546488438578	towards_low
combined_all	4	5	20	5	1.0	4086	4069	5	2	PRO90-PRO92	19.822899313298592	3.414384926449325e-05	1.428662679294564	1.428662679294564	towards_low
combined_all	4	5	20	5	1.0	4086	4069	5	3	PRO143-PRO146	13.801378643850612	0.00042454314519178036	1.0548026347141317	1.0548026347141317	towards_low
combined_all	4	5	20	5	1.0	4086	4069	5	5	PRO1275-PRO1276	13.418067336699181	0.0005025021265838658	1.1485263474218883	1.1485263474218883	towards_low
combined_all	4	5	20	5	1.0	4086	4069	5	4	PRO1384-PRO1385	13.712392555079386	0.0004414456795648443	0.6961269496612047	0.6961269496612047	towards_low
combined_all	5	1	21	20	1.0	4086	4069	20	13	PRO1234-LIG	12.185402904607336	0.0008779154768830525	-0.4317314047427311	0.4317314047427311	towards_high
combined_all	5	1	21	20	1.0	4086	4069	20	5	PRO1235-LIG	15.58704956427965	0.00019869396820586344	-0.539931685300284	0.539931685300284	towards_high
combined_all	5	1	21	20	1.0	4086	4069	20	15	PRO1278-LIG	11.364916836410922	0.0012731405622927075	0.05201050280765828	0.05201050280765828	towards_low
combined_all	5	1	21	20	1.0	4086	4069	20	9	PRO6-PRO110	12.78405204511183	0.0006716980694385133	-0.500603402128403	0.500603402128403	towards_high
combined_all	5	1	21	20	1.0	4086	4069	20	7	PRO7-PRO73	13.216629383274412	0.0005545096324059041	0.6825021717906846	0.6825021717906846	towards_low
combined_all	5	1	21	20	1.0	4086	4069	20	12	PRO11-PRO64	12.252664487706568	0.0008517777184381976	0.2611083201315024	0.2611083201315024	towards_low
combined_all	5	1	21	20	1.0	4086	4069	20	11	PRO59-PRO60	12.368352783420336	0.0008086975107228395	-0.33464378081628227	0.33464378081628227	towards_high
combined_all	5	1	21	20	1.0	4086	4069	20	2	PRO62-PRO1279	29.590150082195382	8.960678732408473e-07	1.194330244943312	1.194330244943312	towards_low
combined_all	5	1	21	20	1.0	4086	4069	20	8	PRO62-PRO1280	12.880850542680138	0.0006434094430240935	0.7447835716177906	0.7447835716177906	towards_low
combined_all	5	1	21	20	1.0	4086	4069	20	17	PRO85-PRO116	11.072894971734602	0.0014552114788682212	0.10718610955816714	0.10718610955816714	towards_low
combined_all	5	1	21	20	1.0	4086	4069	20	10	PRO85-PRO144	12.449534717276736	0.0007798242825385678	0.5143005875192941	0.5143005875192941	towards_low
combined_all	5	1	21	20	1.0	4086	4069	20	20	PRO86-PRO116	10.406540267891959	0.0019797677390824843	0.3768138702876802	0.3768138702876802	towards_low
combined_all	5	1	21	20	1.0	4086	4069	20	14	PRO90-PRO92	11.89865481342599	0.000999061465837638	0.7291803802366689	0.7291803802366689	towards_low
combined_all	5	1	21	20	1.0	4086	4069	20	16	PRO109-PRO159	11.249342043815904	0.001342185807478584	-0.8124440491331782	0.8124440491331782	towards_high
combined_all	5	1	21	20	1.0	4086	4069	20	3	PRO111-PRO112	18.142857120999572	6.852264720246184e-05	0.18797516604981657	0.18797516604981657	towards_low
combined_all	5	1	21	20	1.0	4086	4069	20	6	PRO154-PRO155	15.139784948614128	0.00024042463329637624	-0.5062204644316753	0.5062204644316753	towards_high
combined_all	5	1	21	20	1.0	4086	4069	20	4	PRO1275-PRO1276	17.4486921531846	9.112986574406465e-05	0.9778252821435873	0.9778252821435873	towards_low
combined_all	5	1	21	20	1.0	4086	4069	20	19	PRO1275-PRO1278	10.693574091220857	0.0017330656737126176	-0.5692930073426871	0.5692930073426871	towards_high
combined_all	5	1	21	20	1.0	4086	4069	20	18	PRO1423-PRO1424	10.962962964255828	0.0015306033412574712	-0.13790780033186983	0.13790780033186983	towards_high
combined_all	5	1	21	20	1.0	4086	4069	20	1	PRO1424-PRO1425	36.136054468080985	9.690865579538985e-08	0.22657414030111933	0.22657414030111933	towards_low
combined_all	5	2	22	5	10.0	4086	4069	5	2	PRO20-PRO21	20.351464441227325	2.818234493034807e-05	0.5392385758496866	0.5392385758496866	towards_low
combined_all	5	2	22	5	10.0	4086	4069	5	1	PRO62-PRO1279	35.752559031960715	1.0991594149078934e-07	5.072811391837173	5.072811391837173	towards_low
combined_all	5	2	22	5	10.0	4086	4069	5	3	PRO90-PRO92	13.829719850020268	0.00042359356477344594	2.659113772650617	2.659113772650617	towards_low
combined_all	5	2	22	5	10.0	4086	4069	5	5	PRO1275-PRO1276	12.567272727791337	0.0007398401321549728	2.677111751148222	2.677111751148222	towards_low
combined_all	5	2	22	5	10.0	4086	4069	5	4	PRO1423-PRO1424	13.150426835119427	0.000570968074115147	1.0160269776205688	1.0160269776205688	towards_low
combined_all	5	3	23	50	1.0	4086	4069	50	12	PRO64-LIG	9.937459029007846	0.0024648285392512587	0.13521214778065732	0.13521214778065732	towards_low
combined_all	5	3	23	50	1.0	4086	4069	50	7	PRO65-LIG	11.701635502756018	0.0010922825460662367	0.428433692738897	0.428433692738897	towards_low
combined_all	5	3	23	50	1.0	4086	4069	50	20	PRO66-LIG	9.253680232009243	0.003405463950681238	0.04976045266996424	0.04976045266996424	towards_low
combined_all	5	3	23	50	1.0	4086	4069	50	37	PRO67-LIG	7.473231841020644	0.008089014528578724	0.10228774773717664	0.10228774773717664	towards_low
combined_all	5	3	23	50	1.0	4086	4069	50	22	PRO1273-GTP	9.151951850888025	0.0035746794775045514	0.31194284831786967	0.31194284831786967	towards_low
combined_all	5	3	23	50	1.0	4086	4069	50	39	PRO1274-GTP	7.124010387974611	0.009627339260743871	0.24547049010376076	0.24547049010376076	towards_low
combined_all	5	3	23	50	1.0	4086	4069	50	26	PRO6-PRO72	8.689643700146126	0.004462127467045544	0.41198370766794457	0.41198370766794457	towards_low
combined_all	5	3	23	50	1.0	4086	4069	50	19	PRO7-PRO8	9.342428384176054	0.0032646782614842635	-0.24945562575804217	0.24945562575804217	towards_high
combined_all	5	3	23	50	1.0	4086	4069	50	50	PRO16-PRO28	6.554694057578473	0.012831721562176636	0.3991897637735678	0.3991897637735678	towards_low
combined_all	5	3	23	50	1.0	4086	4069	50	16	PRO19-PRO147	9.392790928558842	0.003187503388511523	0.23407222629406121	0.23407222629406121	towards_low
combined_all	5	3	23	50	1.0	4086	4069	50	28	PRO19-PRO148	8.389763472291923	0.005158778486905224	0.4765780896252216	0.4765780896252216	towards_low
combined_all	5	3	23	50	1.0	4086	4069	50	1	PRO21-PRO22	17.951219510333583	7.411274830002618e-05	-0.2220555946704784	0.2220555946704784	towards_high
combined_all	5	3	23	50	1.0	4086	4069	50	41	PRO25-PRO152	7.058953089307193	0.00994645045230388	-0.35445153546066516	0.35445153546066516	towards_high
combined_all	5	3	23	50	1.0	4086	4069	50	36	PRO37-PRO39	7.490583916429858	0.008019666321583636	0.3948145549876113	0.3948145549876113	towards_low
combined_all	5	3	23	50	1.0	4086	4069	50	42	PRO56-PRO78	6.917164425624794	0.010681153473133469	-0.22233752823363062	0.22233752823363062	towards_high
combined_all	5	3	23	50	1.0	4086	4069	50	21	PRO59-PRO60	9.165829144358975	0.0035510874110001624	-0.17220108001509718	0.17220108001509718	towards_high
combined_all	5	3	23	50	1.0	4086	4069	50	38	PRO61-PRO71	7.399393274123743	0.00839123734957295	0.16983406868526518	0.16983406868526518	towards_low
combined_all	5	3	23	50	1.0	4086	4069	50	13	PRO62-PRO71	9.902620665607293	0.0025054820568640775	-0.16505330419965034	0.16505330419965034	towards_high
combined_all	5	3	23	50	1.0	4086	4069	50	2	PRO62-PRO1279	17.29104738712484	9.726553339109624e-05	0.8734480991092098	0.8734480991092098	towards_low
combined_all	5	3	23	50	1.0	4086	4069	50	11	PRO62-PRO1280	10.251183582022659	0.002128312027706507	0.6997431934355939	0.6997431934355939	towards_low
combined_all	5	3	23	50	1.0	4086	4069	50	17	PRO62-PRO1283	9.370437873268529	0.0032215189187562786	0.23341590143655924	0.23341590143655924	towards_low
combined_all	5	3	23	50	1.0	4086	4069	50	43	PRO63-PRO71	6.908801683738141	0.010726234325016838	-0.29356950891653794	0.29356950891653794	towards_high
combined_all	5	3	23	50	1.0	4086	4069	50	34	PRO71-PRO109	7.788465124633144	0.006921756302991297	-0.14233299116030432	0.14233299116030432	towards_high
combined_all	5	3	23	50	1.0	4086	4069	50	49	PRO73-PRO102	6.611215739889841	0.012468358747674983	-0.6715770064682696	0.6715770064682696	towards_high
combined_all	5	3	23	50	1.0	4086	4069	50	4	PRO78-PRO79	16.425531939595377	0.000139483460733893	-0.09463293114635336	0.09463293114635336	towards_high
combined_all	5	3	23	50	1.0	4086	4069	50	9	PRO79-PRO80	10.805194812433015	0.001645984816780615	0.14367132567090216	0.14367132567090216	towards_low
combined_all	5	3	23	50	1.0	4086	4069	50	31	PRO81-PRO90	8.105674577632847	0.0059243150322827315	0.23685521903855036	0.23685521903855036	towards_low
combined_all	5	3	23	50	1.0	4086	4069	50	32	PRO82-PRO119	7.922170202882125	0.0064813992781109385	-0.25655244382990344	0.25655244382990344	towards_high
combined_all	5	3	23	50	1.0	4086	4069	50	44	PRO84-PRO141	6.872983835745195	0.010921597195172774	0.31957169630266513	0.31957169630266513	towards_low
combined_all	5	3	23	50	1.0	4086	4069	50	27	PRO85-PRO89	8.540096783055903	0.004796317666913395	0.04574027404231815	0.04574027404231815	towards_low
combined_all	5	3	23	50	1.0	4086	4069	50	45	PRO86-PRO116	6.765885839361223	0.011528441821931907	0.3250133104273555	0.3250133104273555	towards_low
combined_all	5	3	23	50	1.0	4086	4069	50	23	PRO88-PRO93	9.127815658816886	0.003616103317846054	-0.46759833529439143	0.46759833529439143	towards_high
combined_all	5	3	23	50	1.0	4086	4069	50	29	PRO88-PRO94	8.165968622389224	0.005752426163067292	-0.06881061881007117	0.06881061881007117	towards_high
combined_all	5	3	23	50	1.0	4086	4069	50	6	PRO90-PRO92	13.153700646996613	0.0005701423702021577	0.454574299043515	0.454574299043515	towards_low
combined_all	5	3	23	50	1.0	4086	4069	50	10	PRO91-PRO94	10.68722809660638	0.001738158513028918	-0.18204919764827515	0.18204919764827515	towards_high
combined_all	5	3	23	50	1.0	4086	4069	50	35	PRO91-PRO97	7.634442364404802	0.007468235969744196	-0.07435424282120821	0.07435424282120821	towards_high
combined_all	5	3	23	50	1.0	4086	4069	50	46	PRO106-PRO110	6.68836714980676	0.01198980390210805	-0.38460600694879316	0.38460600694879316	towards_high
combined_all	5	3	23	50	1.0	4086	4069	50	15	PRO114-PRO115	9.778591035234818	0.0026559873864094212	-0.11952089020556689	0.11952089020556689	towards_high
combined_all	5	3	23	50	1.0	4086	4069	50	47	PRO116-PRO119	6.664609065299051	0.012135070934644863	-0.2923037225828741	0.2923037225828741	towards_high
combined_all	5	3	23	50	1.0	4086	4069	50	48	PRO119-PRO148	6.6409490353816665	0.012281584910653698	-0.022791317604982785	0.022791317604982785	towards_high
combined_all	5	3	23	50	1.0	4086	4069	50	24	PRO143-PRO144	9.037023945001286	0.003776474918545107	0.3680333192641451	0.3680333192641451	towards_low
combined_all	5	3	23	50	1.0	4086	4069	50	18	PRO1241-PRO1242	9.368378482886767	0.0032246717986651654	0.14795098956186603	0.14795098956186603	towards_low
combined_all	5	3	23	50	1.0	4086	4069	50	30	PRO1265-PRO1276	8.120864610518627	0.005880509277276244	0.47627714287572775	0.47627714287572775	towards_low
combined_all	5	3	23	50	1.0	4086	4069	50	14	PRO1273-PRO1274	9.900293251902639	0.0025082227749689953	0.49162397939432384	0.49162397939432384	towards_low
combined_all	5	3	23	50	1.0	4086	4069	50	5	PRO1275-PRO1276	15.882594659541814	0.0001753049993580991	0.41266260524872556	0.41266260524872556	towards_low
combined_all	5	3	23	50	1.0	4086	4069	50	40	PRO1280-PRO1284	7.064389271794646	0.009919363993988961	0.4004631062758255	0.4004631062758255	towards_low
combined_all	5	3	23	50	1.0	4086	4069	50	8	PRO1280-PRO1287	11.498959534643197	0.0011976702387060123	0.2073886072159027	0.2073886072159027	towards_low
combined_all	5	3	23	50	1.0	4086	4069	50	33	PRO1283-PRO1287	7.851126820716191	0.006711595454518989	-0.017523208362855223	0.017523208362855223	towards_high
combined_all	5	3	23	50	1.0	4086	4069	50	25	PRO1423-PRO1424	8.727272721115222	0.004381939066418511	0.2098288640461995	0.2098288640461995	towards_low
combined_all	5	3	23	50	1.0	4086	4069	50	3	PRO1424-PRO1425	17.208459208560686	0.00010064926682418589	0.297193545108467	0.297193545108467	towards_low
combined_all	5	4	24	20	100.0	4086	4069	20	19	PRO6-PRO72	10.001996723309869	0.0023771108058384025	1.050347360501453	1.050347360501453	towards_low
combined_all	5	4	24	20	100.0	4086	4069	20	16	PRO16-PRO92	10.09729120652007	0.002273140551811854	-1.8281682305265836	1.8281682305265836	towards_high
combined_all	5	4	24	20	100.0	4086	4069	20	5	PRO62-PRO1279	18.288315191881985	6.354544561518874e-05	3.2603826113571532	3.2603826113571532	towards_low
combined_all	5	4	24	20	100.0	4086	4069	20	18	PRO62-PRO1280	10.011864764943748	0.0023661178247203515	1.6482317527817831	1.6482317527817831	towards_low
combined_all	5	4	24	20	100.0	4086	4069	20	12	PRO79-PRO80	11.972111563187726	0.0009587277476394926	-0.5618254641290819	0.5618254641290819	towards_high
combined_all	5	4	24	20	100.0	4086	4069	20	20	PRO85-PRO116	9.80130824723941	0.0026126247945952264	1.1657539609749006	1.1657539609749006	towards_low
combined_all	5	4	24	20	100.0	4086	4069	20	14	PRO85-PRO144	10.496568094900693	0.0018864487733361987	-1.0355952610543724	1.0355952610543724	towards_high
combined_all	5	4	24	20	100.0	4086	4069	20	7	PRO86-PRO116	15.816376793151495	0.0001780134400641613	2.098080942173022	2.098080942173022	towards_low
combined_all	5	4	24	20	100.0	4086	4069	20	6	PRO88-PRO93	16.56297461556669	0.00012989416058341595	-3.888183342220935	3.888183342220935	towards_high
combined_all	5	4	24	20	100.0	4086	4069	20	9	PRO88-PRO94	13.269287222817892	0.0005366406535799671	0.6696310799034776	0.6696310799034776	towards_low
combined_all	5	4	24	20	100.0	4086	4069	20	3	PRO90-PRO92	19.09514179785359	4.576382511104721e-05	2.449547354205347	2.449547354205347	towards_low
combined_all	5	4	24	20	100.0	4086	4069	20	17	PRO91-PRO97	10.013689599094143	0.002364090778710687	-0.9818775566688244	0.9818775566688244	towards_high
combined_all	5	4	24	20	100.0	4086	4069	20	15	PRO94-PRO137	10.302316194295033	0.0020652047770768735	0.9935150943753794	0.9935150943753794	towards_low
combined_all	5	4	24	20	100.0	4086	4069	20	10	PRO111-PRO112	12.780405406580087	0.0006667978045827415	1.1766588683092698	1.1766588683092698	towards_low
combined_all	5	4	24	20	100.0	4086	4069	20	4	PRO114-PRO115	18.497340418603564	5.834363932686602e-05	-1.1888235969499452	1.1888235969499452	towards_high
combined_all	5	4	24	20	100.0	4086	4069	20	11	PRO1264-PRO1265	12.603680309850857	0.0007215767589384157	-0.4401040896104543	0.4401040896104543	towards_high
combined_all	5	4	24	20	100.0	4086	4069	20	8	PRO1275-PRO1276	15.059579004123233	0.00024592615995362136	2.1401964683856	2.1401964683856	towards_low
combined_all	5	4	24	20	100.0	4086	4069	20	13	PRO1387-PRO1390	11.109667478515329	0.0014207461275317003	1.537060875768302	1.537060875768302	towards_low
combined_all	5	4	24	20	100.0	4086	4069	20	2	PRO1423-PRO1424	21.1553238317804	2.0122542673982457e-05	0.9034433822887046	0.9034433822887046	towards_low
combined_all	5	4	24	20	100.0	4086	4069	20	1	PRO1424-PRO1425	40.21112601232337	2.4855563874267598e-08	1.4091173517851163	1.4091173517851163	towards_low
combined_all	5	5	25	20	10.0	4086	4068	20	8	PRO6-PRO72	11.299401730658388	0.0013022736717841332	1.1105406104746782	1.1105406104746782	towards_low
combined_all	5	5	25	20	10.0	4086	4068	20	12	PRO6-PRO73	10.448862318131493	0.0019287996903539957	1.3543309425092014	1.3543309425092014	towards_low
combined_all	5	5	25	20	10.0	4086	4068	20	17	PRO16-PRO147	8.968104636190363	0.003883801150633052	0.4862634202849634	0.4862634202849634	towards_low
combined_all	5	5	25	20	10.0	4086	4068	20	11	PRO17-PRO147	10.542147391969644	0.0018468903237641421	0.3906746599396164	0.3906746599396164	towards_low
combined_all	5	5	25	20	10.0	4086	4068	20	16	PRO25-PRO26	9.053331032578305	0.0037282449722362346	0.8514319885656213	0.8514319885656213	towards_low
combined_all	5	5	25	20	10.0	4086	4068	20	2	PRO62-PRO1279	22.125908689752087	1.377156001367699e-05	2.5252329889715215	2.5252329889715215	towards_low
combined_all	5	5	25	20	10.0	4086	4068	20	5	PRO62-PRO1280	13.184314389194459	0.000557210361288125	1.297622100520549	1.297622100520549	towards_low
combined_all	5	5	25	20	10.0	4086	4068	20	13	PRO62-PRO1283	9.753894370891045	0.00267174278594183	0.5040341085602565	0.5040341085602565	towards_low
combined_all	5	5	25	20	10.0	4086	4068	20	19	PRO70-PRO104	8.74551990268771	0.004322924903060068	0.7056462913958313	0.7056462913958313	towards_low
combined_all	5	5	25	20	10.0	4086	4068	20	1	PRO79-PRO80	27.33823531941079	1.9437133290780245e-06	0.9544112924071726	0.9544112924071726	towards_low
combined_all	5	5	25	20	10.0	4086	4068	20	9	PRO90-PRO92	11.29395961580476	0.0013055244450845467	0.9030721378183575	0.9030721378183575	towards_low
combined_all	5	5	25	20	10.0	4086	4068	20	18	PRO94-PRO137	8.851093878950953	0.00410850727940002	1.2770579690356452	1.2770579690356452	towards_low
combined_all	5	5	25	20	10.0	4086	4068	20	14	PRO111-PRO112	9.483985768827505	0.003035952108939148	0.29336749622303415	0.29336749622303415	towards_low
combined_all	5	5	25	20	10.0	4086	4068	20	10	PRO118-PRO146	10.710222514252482	0.001708330410975057	0.10648990188169823	0.10648990188169823	towards_low
combined_all	5	5	25	20	10.0	4086	4068	20	6	PRO145-PRO146	12.669921865845007	0.0007005157857008137	-0.33072528050564426	0.33072528050564426	towards_high
combined_all	5	5	25	20	10.0	4086	4068	20	7	PRO146-PRO147	12.298543587659026	0.0008274385291085492	1.0029571312474395	1.0029571312474395	towards_low
combined_all	5	5	25	20	10.0	4086	4068	20	20	PRO1264-PRO1265	8.553299500410214	0.004743923350986703	-0.7974528052813302	0.7974528052813302	towards_high
combined_all	5	5	25	20	10.0	4086	4068	20	4	PRO1275-PRO1276	14.296008319936597	0.0003420798322590716	1.8348797625390847	1.8348797625390847	towards_low
combined_all	5	5	25	20	10.0	4086	4068	20	15	PRO1383-PRO1384	9.462500004374297	0.003067089011439717	-0.16505341136723192	0.16505341136723192	towards_high
combined_all	5	5	25	20	10.0	4086	4068	20	3	PRO1423-PRO1424	18.34218210794291	6.216061182294275e-05	1.5407472408667728	1.5407472408667728	towards_low
