model_type	feature_set	outer_repeat	outer_fold	outer_split	ligand_id	true_group	predicted_group	probability_low	old_rf_predicted_barrier
logistic_regression	residue_ligand	1	1	1	PV-008757900583	high	high	0.40361961307564315	30.688
logistic_regression	residue_ligand	1	1	1	PV-008758737063	low	low	0.5972232551116818	26.733
logistic_regression	residue_ligand	1	1	1	PV-008759176601	high	low	0.6073281663524107	30.513
logistic_regression	residue_ligand	1	1	1	PV-008760102914	high	low	0.5121726452382572	30.869
logistic_regression	residue_ligand	1	1	1	PV-008761836158	high	high	0.4738881645490003	29.782
logistic_regression	residue_ligand	1	1	1	PV-008762348949	high	high	0.4540400506846258	31.505
logistic_regression	residue_ligand	1	1	1	PV-008763200437	low	low	0.5460222501398941	25.601
logistic_regression	residue_ligand	1	1	1	PV-008763360353	low	low	0.6023062259891	27.047
logistic_regression	residue_ligand	1	1	1	PV-008765546742	low	low	0.577426635577218	25.418
logistic_regression	residue_ligand	1	1	1	PV-008766033961	high	low	0.5291508522421846	30.263
logistic_regression	residue_ligand	1	1	1	PV-008767411074	low	low	0.5513825466861123	25.829
logistic_regression	residue_ligand	1	1	1	PV-008767612180	low	low	0.5860568025155223	26.602
logistic_regression	residue_ligand	1	1	1	PV-008769142754	high	high	0.45030197145159867	30.459
logistic_regression	residue_ligand	1	1	1	PV-008770425419	high	low	0.5032266475727298	30.17
logistic_regression	residue_ligand	1	1	1	PV-008773400095	high	low	0.5263070718654269	30.334
logistic_regression	residue_ligand	1	1	1	PV-008773714513	high	high	0.4665833166582489	30.963
logistic_regression	residue_ligand	1	1	1	PV-008773819830	high	low	0.5427354607556185	30.808
logistic_regression	residue_ligand	1	2	2	PV-008757770384	low	low	0.5396769841519017	26.218
logistic_regression	residue_ligand	1	2	2	PV-008758567449	high	high	0.4735887256740081	31.089
logistic_regression	residue_ligand	1	2	2	PV-008760775061	high	high	0.30097657762615554	30.605
logistic_regression	residue_ligand	1	2	2	PV-008761780643	low	low	0.7107305954183119	27.212
logistic_regression	residue_ligand	1	2	2	PV-008762892984	high	low	0.7495103015910224	29.335
logistic_regression	residue_ligand	1	2	2	PV-008765179181	high	high	0.476575003233963	30.89
logistic_regression	residue_ligand	1	2	2	PV-008768827993	high	high	0.3937592865921086	31.294
logistic_regression	residue_ligand	1	2	2	PV-008770025955	high	high	0.41847144465701314	30.748
logistic_regression	residue_ligand	1	2	2	PV-008770637437	high	high	0.3896445399401221	29.724
logistic_regression	residue_ligand	1	2	2	PV-008773613007	high	low	0.527853598114858	31.056
logistic_regression	residue_ligand	1	2	2	PV-008774133588	high	high	0.3619040052782124	30.879
logistic_regression	residue_ligand	1	2	2	PV-008774327569	high	high	0.452413400267891	29.469
logistic_regression	residue_ligand	1	2	2	PV-008777518351	low	low	0.5457923398563308	27.822
logistic_regression	residue_ligand	1	2	2	PV-008777526060	low	high	0.4375374882976224	26.121
logistic_regression	residue_ligand	1	2	2	PV-008777921249	high	high	0.38680486207260656	29.695
logistic_regression	residue_ligand	1	2	2	PV-008777921250	low	high	0.35886084513040645	26.842
logistic_regression	residue_ligand	1	2	2	PV-008777921251	high	high	0.39133351855334053	30.401
logistic_regression	residue_ligand	1	3	3	PV-008758319457	high	high	0.47755058232560765	30.362
logistic_regression	residue_ligand	1	3	3	PV-008759292011	high	high	0.4818898871805699	29.61
logistic_regression	residue_ligand	1	3	3	PV-008760598416	high	low	0.526875702706393	30.161
logistic_regression	residue_ligand	1	3	3	PV-008761610892	low	low	0.5433296438842091	27.893
logistic_regression	residue_ligand	1	3	3	PV-008761814083	high	high	0.43657384287801404	29.812
logistic_regression	residue_ligand	1	3	3	PV-008761836160	low	high	0.48197565623438826	27.522
logistic_regression	residue_ligand	1	3	3	PV-008762980755	high	low	0.554350842437626	30.176
logistic_regression	residue_ligand	1	3	3	PV-008763640784	high	low	0.5589730826357683	32.232
logistic_regression	residue_ligand	1	3	3	PV-008765810938	high	low	0.5447817599740787	31.158
logistic_regression	residue_ligand	1	3	3	PV-008765810939	low	low	0.5041563562232667	26.93
logistic_regression	residue_ligand	1	3	3	PV-008766013536	low	high	0.48804286980287886	27.56
logistic_regression	residue_ligand	1	3	3	PV-008767251949	high	low	0.51740698698205	31.155
logistic_regression	residue_ligand	1	3	3	PV-008769162671	high	high	0.4994387682658583	29.721
logistic_regression	residue_ligand	1	3	3	PV-008774877441	high	high	0.4430424026589419	30.193
logistic_regression	residue_ligand	1	3	3	PV-008775077920	high	high	0.4812198032920808	31.164
logistic_regression	residue_ligand	1	3	3	PV-008776894421	high	low	0.5386003342335017	30.082
logistic_regression	residue_ligand	1	3	3	PV-008777721620	low	low	0.5634777048302463	27.427
logistic_regression	residue_ligand	1	4	4	PV-008758448064	low	low	0.844502953024325	27.958
logistic_regression	residue_ligand	1	4	4	PV-008762155505	high	high	0.24151526240130303	29.702
logistic_regression	residue_ligand	1	4	4	PV-008763728970	high	low	0.7406365487532457	29.474
logistic_regression	residue_ligand	1	4	4	PV-008764318424	high	low	0.7047031127788015	30.931
logistic_regression	residue_ligand	1	4	4	PV-008765328058	high	low	0.8151879337634753	31.503
logistic_regression	residue_ligand	1	4	4	PV-008765810937	high	low	0.7181991096314966	30.42
logistic_regression	residue_ligand	1	4	4	PV-008767128608	high	low	0.7496753470506968	29.84
logistic_regression	residue_ligand	1	4	4	PV-008769671712	low	high	0.22364720119794682	27.793
logistic_regression	residue_ligand	1	4	4	PV-008769775183	high	high	0.2693141173102242	30.149
logistic_regression	residue_ligand	1	4	4	PV-008772811922	high	low	0.7010587278971031	30.87
logistic_regression	residue_ligand	1	4	4	PV-008772956252	low	high	0.27110143136166676	26.244
logistic_regression	residue_ligand	1	4	4	PV-008773717469	high	low	0.619948194100994	29.334
logistic_regression	residue_ligand	1	4	4	PV-008775010456	high	high	0.2074601486706715	29.724
logistic_regression	residue_ligand	1	4	4	PV-008775091835	low	high	0.05893061383615189	26.242
logistic_regression	residue_ligand	1	4	4	PV-008777014626	high	high	0.16127725188615824	30.475
logistic_regression	residue_ligand	1	4	4	PV-008777807930	low	low	0.8263343062876941	26.571
logistic_regression	residue_ligand	1	5	5	PV-008759292012	low	high	0.26667526714451245	25.739
logistic_regression	residue_ligand	1	5	5	PV-008759682543	high	low	0.5408989886942612	32.137
logistic_regression	residue_ligand	1	5	5	PV-008761084195	high	high	0.3371250488374192	29.846
logistic_regression	residue_ligand	1	5	5	PV-008761780644	high	high	0.4370613983729369	29.632
logistic_regression	residue_ligand	1	5	5	PV-008763273438	low	low	0.5220957214728463	25.65
logistic_regression	residue_ligand	1	5	5	PV-008763640783	high	high	0.33514278823838367	31.361
logistic_regression	residue_ligand	1	5	5	PV-008767128607	high	high	0.459500826229066	31.252
logistic_regression	residue_ligand	1	5	5	PV-008767544594	high	high	0.3624891099843477	30.331
logistic_regression	residue_ligand	1	5	5	PV-008768515159	high	low	0.6382426326924242	30.334
logistic_regression	residue_ligand	1	5	5	PV-008768638669	low	high	0.4518430132160326	26.353
logistic_regression	residue_ligand	1	5	5	PV-008770051954	low	low	0.7257939668422726	26.15
logistic_regression	residue_ligand	1	5	5	PV-008770311606	high	high	0.2746829626450388	30.289
logistic_regression	residue_ligand	1	5	5	PV-008773530883	low	low	0.848062313300629	26.897
logistic_regression	residue_ligand	1	5	5	PV-008774016306	high	high	0.3877426254417639	29.522
logistic_regression	residue_ligand	1	5	5	PV-008774017200	high	high	0.3812609396123308	29.068
logistic_regression	residue_ligand	1	5	5	PV-008775077921	high	high	0.27769434094518575	30.519
logistic_regression	residue_ligand	2	1	6	PV-008757770384	low	high	0.24331971797492624	26.218
logistic_regression	residue_ligand	2	1	6	PV-008758448064	low	high	0.0005805301854938911	27.958
logistic_regression	residue_ligand	2	1	6	PV-008758737063	low	low	0.9902836292865461	26.733
logistic_regression	residue_ligand	2	1	6	PV-008759292012	low	high	5.524287159123189e-07	25.739
logistic_regression	residue_ligand	2	1	6	PV-008760102914	high	low	0.9264761478297004	30.869
logistic_regression	residue_ligand	2	1	6	PV-008760775061	high	high	2.1408111468753397e-11	30.605
logistic_regression	residue_ligand	2	1	6	PV-008761836158	high	low	0.9931463949823085	29.782
logistic_regression	residue_ligand	2	1	6	PV-008761836160	low	high	0.4849931498295002	27.522
logistic_regression	residue_ligand	2	1	6	PV-008763640783	high	high	4.686884317963903e-05	31.361
logistic_regression	residue_ligand	2	1	6	PV-008765328058	high	low	0.8699700821715596	31.503
logistic_regression	residue_ligand	2	1	6	PV-008768638669	low	high	0.002949037128099716	26.353
logistic_regression	residue_ligand	2	1	6	PV-008769162671	high	high	0.04352022890894135	29.721
logistic_regression	residue_ligand	2	1	6	PV-008770311606	high	high	0.05801049781777523	30.289
logistic_regression	residue_ligand	2	1	6	PV-008774327569	high	low	0.9399767828152331	29.469
logistic_regression	residue_ligand	2	1	6	PV-008774877441	high	high	0.022931506872299254	30.193
logistic_regression	residue_ligand	2	1	6	PV-008775010456	high	high	7.058490581857835e-05	29.724
logistic_regression	residue_ligand	2	1	6	PV-008777921249	high	high	0.22318503731257905	29.695
logistic_regression	residue_ligand	2	2	7	PV-008759292011	high	high	0.4313307424097264	29.61
logistic_regression	residue_ligand	2	2	7	PV-008761610892	low	low	0.5377487203317189	27.893
logistic_regression	residue_ligand	2	2	7	PV-008761814083	high	high	0.4279362105665923	29.812
logistic_regression	residue_ligand	2	2	7	PV-008762348949	high	high	0.42728166063705786	31.505
logistic_regression	residue_ligand	2	2	7	PV-008762892984	high	low	0.689362652148532	29.335
logistic_regression	residue_ligand	2	2	7	PV-008763273438	low	low	0.5103358344411804	25.65
logistic_regression	residue_ligand	2	2	7	PV-008763640784	high	low	0.5357179067798877	32.232
logistic_regression	residue_ligand	2	2	7	PV-008764318424	high	high	0.4974669638821676	30.931
logistic_regression	residue_ligand	2	2	7	PV-008765179181	high	low	0.5787153299805424	30.89
logistic_regression	residue_ligand	2	2	7	PV-008765810938	high	low	0.504833745565576	31.158
logistic_regression	residue_ligand	2	2	7	PV-008765810939	low	high	0.46567367520838004	26.93
logistic_regression	residue_ligand	2	2	7	PV-008767411074	low	low	0.5051604620943952	25.829
logistic_regression	residue_ligand	2	2	7	PV-008769775183	high	high	0.41975803440682663	30.149
logistic_regression	residue_ligand	2	2	7	PV-008772811922	high	low	0.5228269500578347	30.87
logistic_regression	residue_ligand	2	2	7	PV-008772956252	low	high	0.42648139272016317	26.244
logistic_regression	residue_ligand	2	2	7	PV-008773819830	high	high	0.4996746522248941	30.808
logistic_regression	residue_ligand	2	2	7	PV-008774133588	high	high	0.4336207964293491	30.879
logistic_regression	residue_ligand	2	3	8	PV-008758319457	high	low	0.5129607605320112	30.362
logistic_regression	residue_ligand	2	3	8	PV-008759176601	high	low	0.6251251963824497	30.513
logistic_regression	residue_ligand	2	3	8	PV-008759682543	high	low	0.536681371013686	32.137
logistic_regression	residue_ligand	2	3	8	PV-008762980755	high	low	0.578752737276248	30.176
logistic_regression	residue_ligand	2	3	8	PV-008763200437	low	low	0.5420341853988807	25.601
logistic_regression	residue_ligand	2	3	8	PV-008763360353	low	low	0.6102951427915583	27.047
logistic_regression	residue_ligand	2	3	8	PV-008765810937	high	low	0.5948567160722498	30.42
logistic_regression	residue_ligand	2	3	8	PV-008768515159	high	low	0.5926913268230628	30.334
logistic_regression	residue_ligand	2	3	8	PV-008770637437	high	high	0.36688719291734784	29.724
logistic_regression	residue_ligand	2	3	8	PV-008773613007	high	high	0.49995516358958797	31.056
logistic_regression	residue_ligand	2	3	8	PV-008773717469	high	low	0.5387337159889501	29.334
logistic_regression	residue_ligand	2	3	8	PV-008774017200	high	high	0.45174801944233095	29.068
logistic_regression	residue_ligand	2	3	8	PV-008775077920	high	high	0.45941727653975006	31.164
logistic_regression	residue_ligand	2	3	8	PV-008777518351	low	low	0.5822857385762471	27.822
logistic_regression	residue_ligand	2	3	8	PV-008777721620	low	low	0.5902848069492874	27.427
logistic_regression	residue_ligand	2	3	8	PV-008777807930	low	low	0.624056637733155	26.571
logistic_regression	residue_ligand	2	3	8	PV-008777921251	high	high	0.41478939949185994	30.401
logistic_regression	residue_ligand	2	4	9	PV-008758567449	high	high	0.3848849346557574	31.089
logistic_regression	residue_ligand	2	4	9	PV-008761780643	low	low	0.894674717885162	27.212
logistic_regression	residue_ligand	2	4	9	PV-008761780644	high	low	0.5060611562149191	29.632
logistic_regression	residue_ligand	2	4	9	PV-008767251949	high	high	0.38421932896912264	31.155
logistic_regression	residue_ligand	2	4	9	PV-008767544594	high	high	0.4266407734155114	30.331
logistic_regression	residue_ligand	2	4	9	PV-008767612180	low	low	0.5588747836827364	26.602
logistic_regression	residue_ligand	2	4	9	PV-008769142754	high	high	0.2756786540825183	30.459
logistic_regression	residue_ligand	2	4	9	PV-008769671712	low	high	0.2684666732213896	27.793
logistic_regression	residue_ligand	2	4	9	PV-008770025955	high	high	0.307940440249833	30.748
logistic_regression	residue_ligand	2	4	9	PV-008773400095	high	high	0.39723775228378316	30.334
logistic_regression	residue_ligand	2	4	9	PV-008773714513	high	high	0.3199438601054026	30.963
logistic_regression	residue_ligand	2	4	9	PV-008775077921	high	high	0.22953582736642625	30.519
logistic_regression	residue_ligand	2	4	9	PV-008776894421	high	high	0.48879128155497414	30.082
logistic_regression	residue_ligand	2	4	9	PV-008777014626	high	high	0.35406990743259736	30.475
logistic_regression	residue_ligand	2	4	9	PV-008777526060	low	high	0.2745152180253244	26.121
logistic_regression	residue_ligand	2	4	9	PV-008777921250	low	high	0.1891882406820951	26.842
logistic_regression	residue_ligand	2	5	10	PV-008757900583	high	high	0.36393591770220834	30.688
logistic_regression	residue_ligand	2	5	10	PV-008760598416	high	low	0.5514907936392696	30.161
logistic_regression	residue_ligand	2	5	10	PV-008761084195	high	high	0.4274291439683647	29.846
logistic_regression	residue_ligand	2	5	10	PV-008762155505	high	high	0.44106287363690794	29.702
logistic_regression	residue_ligand	2	5	10	PV-008763728970	high	low	0.6242984099988517	29.474
logistic_regression	residue_ligand	2	5	10	PV-008765546742	low	low	0.5834210194110465	25.418
logistic_regression	residue_ligand	2	5	10	PV-008766013536	low	low	0.5284676754913721	27.56
logistic_regression	residue_ligand	2	5	10	PV-008766033961	high	low	0.5702867984921183	30.263
logistic_regression	residue_ligand	2	5	10	PV-008767128607	high	low	0.5697836573371675	31.252
logistic_regression	residue_ligand	2	5	10	PV-008767128608	high	low	0.6131197282307712	29.84
logistic_regression	residue_ligand	2	5	10	PV-008768827993	high	high	0.2946787766664808	31.294
logistic_regression	residue_ligand	2	5	10	PV-008770051954	low	low	0.6233828064750533	26.15
logistic_regression	residue_ligand	2	5	10	PV-008770425419	high	low	0.5394277985276932	30.17
logistic_regression	residue_ligand	2	5	10	PV-008773530883	low	low	0.6738499345633198	26.897
logistic_regression	residue_ligand	2	5	10	PV-008774016306	high	high	0.38214017122463906	29.522
logistic_regression	residue_ligand	2	5	10	PV-008775091835	low	high	0.22758954724752314	26.242
logistic_regression	residue_ligand	3	1	11	PV-008758319457	high	high	0.42009373424656926	30.362
logistic_regression	residue_ligand	3	1	11	PV-008759292011	high	low	0.5332076030375075	29.61
logistic_regression	residue_ligand	3	1	11	PV-008759682543	high	low	0.6111098228019626	32.137
logistic_regression	residue_ligand	3	1	11	PV-008761780643	low	low	0.8323156787183988	27.212
logistic_regression	residue_ligand	3	1	11	PV-008761836160	low	high	0.36855508912677476	27.522
logistic_regression	residue_ligand	3	1	11	PV-008762980755	high	low	0.6463110567629972	30.176
logistic_regression	residue_ligand	3	1	11	PV-008763360353	low	low	0.7284250288518416	27.047
logistic_regression	residue_ligand	3	1	11	PV-008765810938	high	low	0.5286424890518946	31.158
logistic_regression	residue_ligand	3	1	11	PV-008768515159	high	low	0.6173130931242736	30.334
logistic_regression	residue_ligand	3	1	11	PV-008768638669	low	high	0.4660975252621271	26.353
logistic_regression	residue_ligand	3	1	11	PV-008769142754	high	high	0.4101110769935254	30.459
logistic_regression	residue_ligand	3	1	11	PV-008769775183	high	high	0.39780495973303404	30.149
logistic_regression	residue_ligand	3	1	11	PV-008772811922	high	high	0.4540345263318727	30.87
logistic_regression	residue_ligand	3	1	11	PV-008773530883	low	low	0.8889922718149422	26.897
logistic_regression	residue_ligand	3	1	11	PV-008775010456	high	high	0.46650530323643286	29.724
logistic_regression	residue_ligand	3	1	11	PV-008775077920	high	high	0.47590002629783706	31.164
logistic_regression	residue_ligand	3	1	11	PV-008777921250	low	high	0.21734667233745725	26.842
logistic_regression	residue_ligand	3	2	12	PV-008757770384	low	low	0.5897246374064166	26.218
logistic_regression	residue_ligand	3	2	12	PV-008757900583	high	high	0.25806666738851053	30.688
logistic_regression	residue_ligand	3	2	12	PV-008758567449	high	low	0.5531526791791038	31.089
logistic_regression	residue_ligand	3	2	12	PV-008761084195	high	high	0.32827866705967446	29.846
logistic_regression	residue_ligand	3	2	12	PV-008761836158	high	high	0.40700388264974385	29.782
logistic_regression	residue_ligand	3	2	12	PV-008762155505	high	high	0.34656075143839854	29.702
logistic_regression	residue_ligand	3	2	12	PV-008762348949	high	high	0.33319279388365586	31.505
logistic_regression	residue_ligand	3	2	12	PV-008763728970	high	low	0.6451300958707002	29.474
logistic_regression	residue_ligand	3	2	12	PV-008765810937	high	low	0.6893294850276164	30.42
logistic_regression	residue_ligand	3	2	12	PV-008766013536	low	high	0.48629134719744266	27.56
logistic_regression	residue_ligand	3	2	12	PV-008769671712	low	high	0.2788729845988021	27.793
logistic_regression	residue_ligand	3	2	12	PV-008770637437	high	high	0.19253439889292998	29.724
logistic_regression	residue_ligand	3	2	12	PV-008773717469	high	low	0.5904765546177276	29.334
logistic_regression	residue_ligand	3	2	12	PV-008774133588	high	high	0.17245097545277827	30.879
logistic_regression	residue_ligand	3	2	12	PV-008775091835	low	high	0.10967551075943281	26.242
logistic_regression	residue_ligand	3	2	12	PV-008776894421	high	low	0.5782290660422222	30.082
logistic_regression	residue_ligand	3	2	12	PV-008777518351	low	low	0.6508521477040843	27.822
logistic_regression	residue_ligand	3	3	13	PV-008758448064	low	low	0.6568500834608606	27.958
logistic_regression	residue_ligand	3	3	13	PV-008759176601	high	low	0.6347526542721357	30.513
logistic_regression	residue_ligand	3	3	13	PV-008759292012	low	high	0.39029812395694974	25.739
logistic_regression	residue_ligand	3	3	13	PV-008760598416	high	low	0.5272113222567483	30.161
logistic_regression	residue_ligand	3	3	13	PV-008763200437	low	low	0.5411579657214642	25.601
logistic_regression	residue_ligand	3	3	13	PV-008764318424	high	low	0.5751987246013959	30.931
logistic_regression	residue_ligand	3	3	13	PV-008765179181	high	high	0.3554447680313869	30.89
logistic_regression	residue_ligand	3	3	13	PV-008766033961	high	low	0.5582044747516182	30.263
logistic_regression	residue_ligand	3	3	13	PV-008767128607	high	low	0.5426323572451343	31.252
logistic_regression	residue_ligand	3	3	13	PV-008767251949	high	low	0.5417215607425938	31.155
logistic_regression	residue_ligand	3	3	13	PV-008767544594	high	high	0.2953419296997727	30.331
logistic_regression	residue_ligand	3	3	13	PV-008770051954	low	low	0.629658198037308	26.15
logistic_regression	residue_ligand	3	3	13	PV-008770311606	high	high	0.3329456807948935	30.289
logistic_regression	residue_ligand	3	3	13	PV-008773400095	high	low	0.5407565956105193	30.334
logistic_regression	residue_ligand	3	3	13	PV-008773613007	high	high	0.477626580099054	31.056
logistic_regression	residue_ligand	3	3	13	PV-008773819830	high	low	0.5652987368786637	30.808
logistic_regression	residue_ligand	3	3	13	PV-008777807930	low	low	0.6081861997398943	26.571
logistic_regression	residue_ligand	3	4	14	PV-008760102914	high	high	0.40648832181913486	30.869
logistic_regression	residue_ligand	3	4	14	PV-008761610892	low	low	0.5590697886668113	27.893
logistic_regression	residue_ligand	3	4	14	PV-008761780644	high	high	0.38512119817214396	29.632
logistic_regression	residue_ligand	3	4	14	PV-008763273438	low	low	0.5139298983884532	25.65
logistic_regression	residue_ligand	3	4	14	PV-008763640783	high	high	0.426550169378194	31.361
logistic_regression	residue_ligand	3	4	14	PV-008763640784	high	low	0.6243163610060958	32.232
logistic_regression	residue_ligand	3	4	14	PV-008765328058	high	low	0.724760885241371	31.503
logistic_regression	residue_ligand	3	4	14	PV-008765546742	low	low	0.6263306338910882	25.418
logistic_regression	residue_ligand	3	4	14	PV-008767612180	low	low	0.5827912383750783	26.602
logistic_regression	residue_ligand	3	4	14	PV-008768827993	high	high	0.28639642808928395	31.294
logistic_regression	residue_ligand	3	4	14	PV-008769162671	high	high	0.39918607020722424	29.721
logistic_regression	residue_ligand	3	4	14	PV-008770025955	high	high	0.3633618269848678	30.748
logistic_regression	residue_ligand	3	4	14	PV-008770425419	high	high	0.4134766887298162	30.17
logistic_regression	residue_ligand	3	4	14	PV-008774327569	high	high	0.45632395923207025	29.469
logistic_regression	residue_ligand	3	4	14	PV-008775077921	high	high	0.24806135904699375	30.519
logistic_regression	residue_ligand	3	4	14	PV-008777526060	low	high	0.49166591908431206	26.121
logistic_regression	residue_ligand	3	5	15	PV-008758737063	low	low	0.5537553160257577	26.733
logistic_regression	residue_ligand	3	5	15	PV-008760775061	high	high	0.4297463969143891	30.605
logistic_regression	residue_ligand	3	5	15	PV-008761814083	high	high	0.41819990882443636	29.812
logistic_regression	residue_ligand	3	5	15	PV-008762892984	high	low	0.6451665682386304	29.335
logistic_regression	residue_ligand	3	5	15	PV-008765810939	low	high	0.4750566803320268	26.93
logistic_regression	residue_ligand	3	5	15	PV-008767128608	high	low	0.5247673137121047	29.84
logistic_regression	residue_ligand	3	5	15	PV-008767411074	low	high	0.492995665984042	25.829
logistic_regression	residue_ligand	3	5	15	PV-008772956252	low	high	0.4233275304523986	26.244
logistic_regression	residue_ligand	3	5	15	PV-008773714513	high	low	0.5109973726609875	30.963
logistic_regression	residue_ligand	3	5	15	PV-008774016306	high	low	0.5011674258490004	29.522
logistic_regression	residue_ligand	3	5	15	PV-008774017200	high	high	0.46111160384548955	29.068
logistic_regression	residue_ligand	3	5	15	PV-008774877441	high	high	0.43197561426816666	30.193
logistic_regression	residue_ligand	3	5	15	PV-008777014626	high	high	0.42283326541231037	30.475
logistic_regression	residue_ligand	3	5	15	PV-008777721620	low	low	0.5473012097803586	27.427
logistic_regression	residue_ligand	3	5	15	PV-008777921249	high	high	0.4901526016818572	29.695
logistic_regression	residue_ligand	3	5	15	PV-008777921251	high	high	0.4943662279715929	30.401
logistic_regression	residue_ligand	4	1	16	PV-008759292011	high	high	0.4872300286105942	29.61
logistic_regression	residue_ligand	4	1	16	PV-008759682543	high	low	0.5520372466666902	32.137
logistic_regression	residue_ligand	4	1	16	PV-008761610892	low	low	0.5226691553789236	27.893
logistic_regression	residue_ligand	4	1	16	PV-008761780644	high	high	0.3724440901029963	29.632
logistic_regression	residue_ligand	4	1	16	PV-008761836160	low	high	0.3102184877608151	27.522
logistic_regression	residue_ligand	4	1	16	PV-008763273438	low	low	0.5125092438556093	25.65
logistic_regression	residue_ligand	4	1	16	PV-008763640783	high	high	0.4945407605527414	31.361
logistic_regression	residue_ligand	4	1	16	PV-008765546742	low	low	0.6280387684268229	25.418
logistic_regression	residue_ligand	4	1	16	PV-008766033961	high	high	0.37541908900250076	30.263
logistic_regression	residue_ligand	4	1	16	PV-008767128607	high	low	0.5491351082042261	31.252
logistic_regression	residue_ligand	4	1	16	PV-008768638669	low	high	0.48071240799275367	26.353
logistic_regression	residue_ligand	4	1	16	PV-008769142754	high	high	0.36594362055235785	30.459
logistic_regression	residue_ligand	4	1	16	PV-008773819830	high	high	0.4817599179928169	30.808
logistic_regression	residue_ligand	4	1	16	PV-008774016306	high	high	0.4141148199407825	29.522
logistic_regression	residue_ligand	4	1	16	PV-008775010456	high	high	0.43453254251836154	29.724
logistic_regression	residue_ligand	4	1	16	PV-008777807930	low	low	0.8343047783898386	26.571
logistic_regression	residue_ligand	4	1	16	PV-008777921251	high	high	0.3674509189265324	30.401
logistic_regression	residue_ligand	4	2	17	PV-008757900583	high	high	0.3491550364687351	30.688
logistic_regression	residue_ligand	4	2	17	PV-008759176601	high	low	0.7695198513604582	30.513
logistic_regression	residue_ligand	4	2	17	PV-008760775061	high	high	0.21984174683578803	30.605
logistic_regression	residue_ligand	4	2	17	PV-008761814083	high	high	0.31716295640678827	29.812
logistic_regression	residue_ligand	4	2	17	PV-008762155505	high	high	0.41627116813111975	29.702
logistic_regression	residue_ligand	4	2	17	PV-008765179181	high	low	0.6115509356860064	30.89
logistic_regression	residue_ligand	4	2	17	PV-008765328058	high	low	0.7849831062971783	31.503
logistic_regression	residue_ligand	4	2	17	PV-008768827993	high	high	0.3700956738969046	31.294
logistic_regression	residue_ligand	4	2	17	PV-008769671712	low	high	0.28114401910904646	27.793
logistic_regression	residue_ligand	4	2	17	PV-008769775183	high	high	0.30234681666776575	30.149
logistic_regression	residue_ligand	4	2	17	PV-008772956252	low	high	0.31676548192891835	26.244
logistic_regression	residue_ligand	4	2	17	PV-008774877441	high	high	0.2720025898920224	30.193
logistic_regression	residue_ligand	4	2	17	PV-008775077920	high	high	0.4605330998336448	31.164
logistic_regression	residue_ligand	4	2	17	PV-008776894421	high	low	0.5141837022432871	30.082
logistic_regression	residue_ligand	4	2	17	PV-008777526060	low	high	0.26592930225187944	26.121
logistic_regression	residue_ligand	4	2	17	PV-008777721620	low	low	0.6626766693057502	27.427
logistic_regression	residue_ligand	4	2	17	PV-008777921250	low	high	0.1766027522625136	26.842
logistic_regression	residue_ligand	4	3	18	PV-008757770384	low	low	0.5123931311812343	26.218
logistic_regression	residue_ligand	4	3	18	PV-008758448064	low	low	0.7776942394553319	27.958
logistic_regression	residue_ligand	4	3	18	PV-008758737063	low	low	0.5964394480397781	26.733
logistic_regression	residue_ligand	4	3	18	PV-008760598416	high	high	0.4978208273462653	30.161
logistic_regression	residue_ligand	4	3	18	PV-008761084195	high	high	0.39663542169149985	29.846
logistic_regression	residue_ligand	4	3	18	PV-008762348949	high	high	0.3316487243855895	31.505
logistic_regression	residue_ligand	4	3	18	PV-008762980755	high	low	0.5786230149043261	30.176
logistic_regression	residue_ligand	4	3	18	PV-008763200437	low	high	0.4358173094522216	25.601
logistic_regression	residue_ligand	4	3	18	PV-008764318424	high	low	0.5729200155933339	30.931
logistic_regression	residue_ligand	4	3	18	PV-008765810937	high	low	0.7168640608795382	30.42
logistic_regression	residue_ligand	4	3	18	PV-008765810938	high	low	0.5558470130692624	31.158
logistic_regression	residue_ligand	4	3	18	PV-008767411074	low	high	0.4391957820724376	25.829
logistic_regression	residue_ligand	4	3	18	PV-008770025955	high	high	0.4072066860998111	30.748
logistic_regression	residue_ligand	4	3	18	PV-008770637437	high	high	0.22583043784558152	29.724
logistic_regression	residue_ligand	4	3	18	PV-008774133588	high	low	0.5034911149300118	30.879
logistic_regression	residue_ligand	4	3	18	PV-008774327569	high	low	0.5367355209856991	29.469
logistic_regression	residue_ligand	4	3	18	PV-008777014626	high	high	0.29885762948341205	30.475
logistic_regression	residue_ligand	4	4	19	PV-008758319457	high	high	0.4925951989182954	30.362
logistic_regression	residue_ligand	4	4	19	PV-008759292012	low	high	0.4241805649751265	25.739
logistic_regression	residue_ligand	4	4	19	PV-008761780643	low	low	0.6511098520358326	27.212
logistic_regression	residue_ligand	4	4	19	PV-008761836158	high	high	0.4644644140903706	29.782
logistic_regression	residue_ligand	4	4	19	PV-008763360353	low	low	0.5907771783097209	27.047
logistic_regression	residue_ligand	4	4	19	PV-008763640784	high	low	0.565659075543104	32.232
logistic_regression	residue_ligand	4	4	19	PV-008766013536	low	high	0.49070160064238066	27.56
logistic_regression	residue_ligand	4	4	19	PV-008767251949	high	low	0.5089096960721947	31.155
logistic_regression	residue_ligand	4	4	19	PV-008769162671	high	low	0.5011530207389921	29.721
logistic_regression	residue_ligand	4	4	19	PV-008770311606	high	high	0.40596741956909105	30.289
logistic_regression	residue_ligand	4	4	19	PV-008770425419	high	high	0.4947463684016251	30.17
logistic_regression	residue_ligand	4	4	19	PV-008773613007	high	high	0.49006641194247474	31.056
logistic_regression	residue_ligand	4	4	19	PV-008773714513	high	high	0.4586852583406372	30.963
logistic_regression	residue_ligand	4	4	19	PV-008773717469	high	low	0.5314811118178244	29.334
logistic_regression	residue_ligand	4	4	19	PV-008777518351	low	low	0.5679026605229623	27.822
logistic_regression	residue_ligand	4	4	19	PV-008777921249	high	high	0.4277184170127545	29.695
logistic_regression	residue_ligand	4	5	20	PV-008758567449	high	low	0.5640427936292484	31.089
logistic_regression	residue_ligand	4	5	20	PV-008760102914	high	low	0.5344331401996189	30.869
logistic_regression	residue_ligand	4	5	20	PV-008762892984	high	low	0.60511343284865	29.335
logistic_regression	residue_ligand	4	5	20	PV-008763728970	high	low	0.597366972783149	29.474
logistic_regression	residue_ligand	4	5	20	PV-008765810939	low	low	0.5375325670896338	26.93
logistic_regression	residue_ligand	4	5	20	PV-008767128608	high	low	0.5948407871781419	29.84
logistic_regression	residue_ligand	4	5	20	PV-008767544594	high	high	0.31392756184476406	30.331
logistic_regression	residue_ligand	4	5	20	PV-008767612180	low	low	0.5786924733595576	26.602
logistic_regression	residue_ligand	4	5	20	PV-008768515159	high	low	0.5909533560706113	30.334
logistic_regression	residue_ligand	4	5	20	PV-008770051954	low	low	0.5889354945365471	26.15
logistic_regression	residue_ligand	4	5	20	PV-008772811922	high	low	0.5876481587335031	30.87
logistic_regression	residue_ligand	4	5	20	PV-008773400095	high	low	0.5706294128676962	30.334
logistic_regression	residue_ligand	4	5	20	PV-008773530883	low	low	0.6310107916125637	26.897
logistic_regression	residue_ligand	4	5	20	PV-008774017200	high	high	0.42513717348089786	29.068
logistic_regression	residue_ligand	4	5	20	PV-008775077921	high	high	0.4067175002180674	30.519
logistic_regression	residue_ligand	4	5	20	PV-008775091835	low	high	0.32342442824538525	26.242
logistic_regression	residue_ligand	5	1	21	PV-008757900583	high	high	0.04983627957208545	30.688
logistic_regression	residue_ligand	5	1	21	PV-008760102914	high	low	0.5838021539711022	30.869
logistic_regression	residue_ligand	5	1	21	PV-008763360353	low	low	0.6572424773367401	27.047
logistic_regression	residue_ligand	5	1	21	PV-008763640783	high	high	0.282821127770976	31.361
logistic_regression	residue_ligand	5	1	21	PV-008763640784	high	low	0.7674848412238572	32.232
logistic_regression	residue_ligand	5	1	21	PV-008764318424	high	low	0.7108012498753149	30.931
logistic_regression	residue_ligand	5	1	21	PV-008767128607	high	low	0.6664327675928143	31.252
logistic_regression	residue_ligand	5	1	21	PV-008767128608	high	low	0.7625704126487158	29.84
logistic_regression	residue_ligand	5	1	21	PV-008768515159	high	low	0.7442884214522026	30.334
logistic_regression	residue_ligand	5	1	21	PV-008768827993	high	high	0.018385423297754805	31.294
logistic_regression	residue_ligand	5	1	21	PV-008769671712	low	high	0.1863770403327018	27.793
logistic_regression	residue_ligand	5	1	21	PV-008770051954	low	low	0.6888828181266163	26.15
logistic_regression	residue_ligand	5	1	21	PV-008770425419	high	high	0.4248984251413877	30.17
logistic_regression	residue_ligand	5	1	21	PV-008774327569	high	high	0.09347978478127157	29.469
logistic_regression	residue_ligand	5	1	21	PV-008775091835	low	high	0.0055699904974054965	26.242
logistic_regression	residue_ligand	5	1	21	PV-008777721620	low	low	0.6368678351546292	27.427
logistic_regression	residue_ligand	5	1	21	PV-008777921250	low	high	0.06692246745776331	26.842
logistic_regression	residue_ligand	5	2	22	PV-008757770384	low	low	0.5686505993870501	26.218
logistic_regression	residue_ligand	5	2	22	PV-008758448064	low	low	0.6145111041056718	27.958
logistic_regression	residue_ligand	5	2	22	PV-008759292011	high	high	0.4840772077783853	29.61
logistic_regression	residue_ligand	5	2	22	PV-008759292012	low	high	0.44087423046310376	25.739
logistic_regression	residue_ligand	5	2	22	PV-008759682543	high	low	0.5326377469632665	32.137
logistic_regression	residue_ligand	5	2	22	PV-008760775061	high	high	0.3639573902643065	30.605
logistic_regression	residue_ligand	5	2	22	PV-008761610892	low	low	0.5649403813964875	27.893
logistic_regression	residue_ligand	5	2	22	PV-008761780643	low	low	0.6190994121645106	27.212
logistic_regression	residue_ligand	5	2	22	PV-008762155505	high	high	0.46185291527410105	29.702
logistic_regression	residue_ligand	5	2	22	PV-008762980755	high	low	0.5673337714135321	30.176
logistic_regression	residue_ligand	5	2	22	PV-008765328058	high	low	0.6077699471983558	31.503
logistic_regression	residue_ligand	5	2	22	PV-008767251949	high	low	0.5323412977680992	31.155
logistic_regression	residue_ligand	5	2	22	PV-008769162671	high	low	0.530037857907024	29.721
logistic_regression	residue_ligand	5	2	22	PV-008772811922	high	low	0.564133795725574	30.87
logistic_regression	residue_ligand	5	2	22	PV-008774133588	high	high	0.3859301399907696	30.879
logistic_regression	residue_ligand	5	2	22	PV-008775010456	high	high	0.4602948004334194	29.724
logistic_regression	residue_ligand	5	2	22	PV-008775077921	high	high	0.4192374398878738	30.519
logistic_regression	residue_ligand	5	3	23	PV-008761814083	high	high	0.35440680192630813	29.812
logistic_regression	residue_ligand	5	3	23	PV-008761836160	low	high	0.2846922593074177	27.522
logistic_regression	residue_ligand	5	3	23	PV-008762348949	high	high	0.31715660072893703	31.505
logistic_regression	residue_ligand	5	3	23	PV-008762892984	high	low	0.9578126134494377	29.335
logistic_regression	residue_ligand	5	3	23	PV-008765179181	high	low	0.7208385169498724	30.89
logistic_regression	residue_ligand	5	3	23	PV-008765810939	low	high	0.3907295554400657	26.93
logistic_regression	residue_ligand	5	3	23	PV-008766013536	low	high	0.3062345643480032	27.56
logistic_regression	residue_ligand	5	3	23	PV-008769775183	high	high	0.3631871790980391	30.149
logistic_regression	residue_ligand	5	3	23	PV-008770311606	high	high	0.4463589762750765	30.289
logistic_regression	residue_ligand	5	3	23	PV-008773530883	low	low	0.9433013046372265	26.897
logistic_regression	residue_ligand	5	3	23	PV-008773613007	high	low	0.5744825839112676	31.056
logistic_regression	residue_ligand	5	3	23	PV-008774017200	high	high	0.3871219113471697	29.068
logistic_regression	residue_ligand	5	3	23	PV-008775077920	high	low	0.5628196152184533	31.164
logistic_regression	residue_ligand	5	3	23	PV-008777014626	high	high	0.39207573577658905	30.475
logistic_regression	residue_ligand	5	3	23	PV-008777526060	low	high	0.3046946623820967	26.121
logistic_regression	residue_ligand	5	3	23	PV-008777921249	high	high	0.2005946189420338	29.695
logistic_regression	residue_ligand	5	3	23	PV-008777921251	high	high	0.2577155509060834	30.401
logistic_regression	residue_ligand	5	4	24	PV-008758567449	high	high	0.4205578140244722	31.089
logistic_regression	residue_ligand	5	4	24	PV-008759176601	high	low	0.7585261764424269	30.513
logistic_regression	residue_ligand	5	4	24	PV-008760598416	high	low	0.5072150941630622	30.161
logistic_regression	residue_ligand	5	4	24	PV-008761084195	high	high	0.2982674752865074	29.846
logistic_regression	residue_ligand	5	4	24	PV-008761780644	high	low	0.5234079335255337	29.632
logistic_regression	residue_ligand	5	4	24	PV-008763200437	low	high	0.4382909396028811	25.601
logistic_regression	residue_ligand	5	4	24	PV-008763273438	low	low	0.6001202518396999	25.65
logistic_regression	residue_ligand	5	4	24	PV-008765810938	high	low	0.5119341332992484	31.158
logistic_regression	residue_ligand	5	4	24	PV-008766033961	high	high	0.3656985346446094	30.263
logistic_regression	residue_ligand	5	4	24	PV-008767544594	high	high	0.44245813039531506	30.331
logistic_regression	residue_ligand	5	4	24	PV-008768638669	low	high	0.46651336954964323	26.353
logistic_regression	residue_ligand	5	4	24	PV-008770025955	high	high	0.28427633973144506	30.748
logistic_regression	residue_ligand	5	4	24	PV-008772956252	low	high	0.2294869012681999	26.244
logistic_regression	residue_ligand	5	4	24	PV-008773714513	high	high	0.4498489451398806	30.963
logistic_regression	residue_ligand	5	4	24	PV-008774016306	high	low	0.5045389498285744	29.522
logistic_regression	residue_ligand	5	4	24	PV-008777807930	low	low	0.8642043789064828	26.571
logistic_regression	residue_ligand	5	5	25	PV-008758319457	high	low	0.5032359478525177	30.362
logistic_regression	residue_ligand	5	5	25	PV-008758737063	low	low	0.5989998434792622	26.733
logistic_regression	residue_ligand	5	5	25	PV-008761836158	high	high	0.4479888730704939	29.782
logistic_regression	residue_ligand	5	5	25	PV-008763728970	high	low	0.5824689181905793	29.474
logistic_regression	residue_ligand	5	5	25	PV-008765546742	low	low	0.5755796133490722	25.418
logistic_regression	residue_ligand	5	5	25	PV-008765810937	high	low	0.5874343069079017	30.42
logistic_regression	residue_ligand	5	5	25	PV-008767411074	low	low	0.5497369649568933	25.829
logistic_regression	residue_ligand	5	5	25	PV-008767612180	low	low	0.5793346034909224	26.602
logistic_regression	residue_ligand	5	5	25	PV-008769142754	high	high	0.43756820742565	30.459
logistic_regression	residue_ligand	5	5	25	PV-008770637437	high	high	0.3757771715766192	29.724
logistic_regression	residue_ligand	5	5	25	PV-008773400095	high	low	0.5251181416914491	30.334
logistic_regression	residue_ligand	5	5	25	PV-008773717469	high	low	0.5430643960304965	29.334
logistic_regression	residue_ligand	5	5	25	PV-008773819830	high	low	0.5325286941700595	30.808
logistic_regression	residue_ligand	5	5	25	PV-008774877441	high	high	0.4472488536443016	30.193
logistic_regression	residue_ligand	5	5	25	PV-008776894421	high	low	0.5372932809722497	30.082
logistic_regression	residue_ligand	5	5	25	PV-008777518351	low	low	0.5728490072972978	27.822
logistic_regression	residue_cofactor	1	1	1	PV-008757900583	high	high	0.1368015398888782	30.688
logistic_regression	residue_cofactor	1	1	1	PV-008758737063	low	high	0.21717447626681044	26.733
logistic_regression	residue_cofactor	1	1	1	PV-008759176601	high	high	0.318405598295107	30.513
logistic_regression	residue_cofactor	1	1	1	PV-008760102914	high	high	0.26235621244051255	30.869
logistic_regression	residue_cofactor	1	1	1	PV-008761836158	high	high	0.011191772378841228	29.782
logistic_regression	residue_cofactor	1	1	1	PV-008762348949	high	high	0.023530788325159195	31.505
logistic_regression	residue_cofactor	1	1	1	PV-008763200437	low	low	0.8329906841339622	25.601
logistic_regression	residue_cofactor	1	1	1	PV-008763360353	low	high	0.38101410228143223	27.047
logistic_regression	residue_cofactor	1	1	1	PV-008765546742	low	high	0.4972934193144747	25.418
logistic_regression	residue_cofactor	1	1	1	PV-008766033961	high	high	0.008740306348844989	30.263
logistic_regression	residue_cofactor	1	1	1	PV-008767411074	low	low	0.9143163418427211	25.829
logistic_regression	residue_cofactor	1	1	1	PV-008767612180	low	high	0.4112589160646311	26.602
logistic_regression	residue_cofactor	1	1	1	PV-008769142754	high	high	0.09216016485359117	30.459
logistic_regression	residue_cofactor	1	1	1	PV-008770425419	high	high	0.052780940212981936	30.17
logistic_regression	residue_cofactor	1	1	1	PV-008773400095	high	low	0.9722571427502312	30.334
logistic_regression	residue_cofactor	1	1	1	PV-008773714513	high	low	0.9606685221553546	30.963
logistic_regression	residue_cofactor	1	1	1	PV-008773819830	high	high	0.3791897795755459	30.808
logistic_regression	residue_cofactor	1	2	2	PV-008757770384	low	low	0.9639922546924833	26.218
logistic_regression	residue_cofactor	1	2	2	PV-008758567449	high	high	0.3967436129909257	31.089
logistic_regression	residue_cofactor	1	2	2	PV-008760775061	high	low	0.8058198549644031	30.605
logistic_regression	residue_cofactor	1	2	2	PV-008761780643	low	high	0.4211129919753734	27.212
logistic_regression	residue_cofactor	1	2	2	PV-008762892984	high	high	0.2710523297711695	29.335
logistic_regression	residue_cofactor	1	2	2	PV-008765179181	high	high	0.008455745621592984	30.89
logistic_regression	residue_cofactor	1	2	2	PV-008768827993	high	low	0.6457653615310076	31.294
logistic_regression	residue_cofactor	1	2	2	PV-008770025955	high	low	0.5295943705300749	30.748
logistic_regression	residue_cofactor	1	2	2	PV-008770637437	high	low	0.7038731874900632	29.724
logistic_regression	residue_cofactor	1	2	2	PV-008773613007	high	high	0.41297871021281557	31.056
logistic_regression	residue_cofactor	1	2	2	PV-008774133588	high	low	0.8638411279467384	30.879
logistic_regression	residue_cofactor	1	2	2	PV-008774327569	high	low	0.6937875938499357	29.469
logistic_regression	residue_cofactor	1	2	2	PV-008777518351	low	high	0.2778183231896558	27.822
logistic_regression	residue_cofactor	1	2	2	PV-008777526060	low	low	0.9966004518203774	26.121
logistic_regression	residue_cofactor	1	2	2	PV-008777921249	high	low	0.8960079207120464	29.695
logistic_regression	residue_cofactor	1	2	2	PV-008777921250	low	low	0.6916726296549803	26.842
logistic_regression	residue_cofactor	1	2	2	PV-008777921251	high	low	0.9086124279350353	30.401
logistic_regression	residue_cofactor	1	3	3	PV-008758319457	high	high	0.30456001889485795	30.362
logistic_regression	residue_cofactor	1	3	3	PV-008759292011	high	high	0.3000286068099374	29.61
logistic_regression	residue_cofactor	1	3	3	PV-008760598416	high	high	0.43810732588607787	30.161
logistic_regression	residue_cofactor	1	3	3	PV-008761610892	low	low	0.5092769602281928	27.893
logistic_regression	residue_cofactor	1	3	3	PV-008761814083	high	low	0.6584097333166511	29.812
logistic_regression	residue_cofactor	1	3	3	PV-008761836160	low	high	0.3006825675142932	27.522
logistic_regression	residue_cofactor	1	3	3	PV-008762980755	high	high	0.4799062475784395	30.176
logistic_regression	residue_cofactor	1	3	3	PV-008763640784	high	low	0.5299393661385651	32.232
logistic_regression	residue_cofactor	1	3	3	PV-008765810938	high	low	0.5403520158869524	31.158
logistic_regression	residue_cofactor	1	3	3	PV-008765810939	low	low	0.5837005746940237	26.93
logistic_regression	residue_cofactor	1	3	3	PV-008766013536	low	high	0.46269212660165876	27.56
logistic_regression	residue_cofactor	1	3	3	PV-008767251949	high	low	0.6007088073483279	31.155
logistic_regression	residue_cofactor	1	3	3	PV-008769162671	high	high	0.3476813723844951	29.721
logistic_regression	residue_cofactor	1	3	3	PV-008774877441	high	low	0.5735580923398579	30.193
logistic_regression	residue_cofactor	1	3	3	PV-008775077920	high	high	0.45529762760058595	31.164
logistic_regression	residue_cofactor	1	3	3	PV-008776894421	high	low	0.551705655653245	30.082
logistic_regression	residue_cofactor	1	3	3	PV-008777721620	low	high	0.46742168600460177	27.427
logistic_regression	residue_cofactor	1	4	4	PV-008758448064	low	high	0.020771609331971756	27.958
logistic_regression	residue_cofactor	1	4	4	PV-008762155505	high	low	0.7498762273758818	29.702
logistic_regression	residue_cofactor	1	4	4	PV-008763728970	high	high	0.19383456923011452	29.474
logistic_regression	residue_cofactor	1	4	4	PV-008764318424	high	high	0.034093125098910285	30.931
logistic_regression	residue_cofactor	1	4	4	PV-008765328058	high	high	0.3323027701972634	31.503
logistic_regression	residue_cofactor	1	4	4	PV-008765810937	high	high	0.48077161816584046	30.42
logistic_regression	residue_cofactor	1	4	4	PV-008767128608	high	high	0.38731978708669706	29.84
logistic_regression	residue_cofactor	1	4	4	PV-008769671712	low	high	0.30324037732086584	27.793
logistic_regression	residue_cofactor	1	4	4	PV-008769775183	high	low	0.93893390689943	30.149
logistic_regression	residue_cofactor	1	4	4	PV-008772811922	high	high	0.459317356577683	30.87
logistic_regression	residue_cofactor	1	4	4	PV-008772956252	low	low	0.5376077095621808	26.244
logistic_regression	residue_cofactor	1	4	4	PV-008773717469	high	low	0.651693789612013	29.334
logistic_regression	residue_cofactor	1	4	4	PV-008775010456	high	high	0.3328355362070057	29.724
logistic_regression	residue_cofactor	1	4	4	PV-008775091835	low	low	0.6476704009535501	26.242
logistic_regression	residue_cofactor	1	4	4	PV-008777014626	high	high	0.2795220969704342	30.475
logistic_regression	residue_cofactor	1	4	4	PV-008777807930	low	low	0.8876156778862658	26.571
logistic_regression	residue_cofactor	1	5	5	PV-008759292012	low	high	0.003159106702181028	25.739
logistic_regression	residue_cofactor	1	5	5	PV-008759682543	high	high	0.0048556813411177995	32.137
logistic_regression	residue_cofactor	1	5	5	PV-008761084195	high	low	0.9999999812448476	29.846
logistic_regression	residue_cofactor	1	5	5	PV-008761780644	high	high	2.6500292090936454e-06	29.632
logistic_regression	residue_cofactor	1	5	5	PV-008763273438	low	low	0.9893682329040114	25.65
logistic_regression	residue_cofactor	1	5	5	PV-008763640783	high	low	0.9999900882244264	31.361
logistic_regression	residue_cofactor	1	5	5	PV-008767128607	high	low	0.5917184386622387	31.252
logistic_regression	residue_cofactor	1	5	5	PV-008767544594	high	high	0.009483186662454436	30.331
logistic_regression	residue_cofactor	1	5	5	PV-008768515159	high	low	0.9999944922558052	30.334
logistic_regression	residue_cofactor	1	5	5	PV-008768638669	low	high	0.0003783939592252884	26.353
logistic_regression	residue_cofactor	1	5	5	PV-008770051954	low	high	0.4044029389972237	26.15
logistic_regression	residue_cofactor	1	5	5	PV-008770311606	high	high	3.9008144330726505e-05	30.289
logistic_regression	residue_cofactor	1	5	5	PV-008773530883	low	low	0.9932944503402076	26.897
logistic_regression	residue_cofactor	1	5	5	PV-008774016306	high	high	5.307251037505691e-07	29.522
logistic_regression	residue_cofactor	1	5	5	PV-008774017200	high	high	0.005846421333927657	29.068
logistic_regression	residue_cofactor	1	5	5	PV-008775077921	high	high	1.708052582994353e-08	30.519
logistic_regression	residue_cofactor	2	1	6	PV-008757770384	low	low	0.5972837963736118	26.218
logistic_regression	residue_cofactor	2	1	6	PV-008758448064	low	high	0.2064471167010493	27.958
logistic_regression	residue_cofactor	2	1	6	PV-008758737063	low	low	0.5412464858221706	26.733
logistic_regression	residue_cofactor	2	1	6	PV-008759292012	low	low	0.6130497359916556	25.739
logistic_regression	residue_cofactor	2	1	6	PV-008760102914	high	high	0.4631272592246489	30.869
logistic_regression	residue_cofactor	2	1	6	PV-008760775061	high	high	0.37446553964536416	30.605
logistic_regression	residue_cofactor	2	1	6	PV-008761836158	high	high	0.35841969766215953	29.782
logistic_regression	residue_cofactor	2	1	6	PV-008761836160	low	high	0.4051567184322884	27.522
logistic_regression	residue_cofactor	2	1	6	PV-008763640783	high	low	0.6276314302278317	31.361
logistic_regression	residue_cofactor	2	1	6	PV-008765328058	high	high	0.4765751175988683	31.503
logistic_regression	residue_cofactor	2	1	6	PV-008768638669	low	low	0.510318751138334	26.353
logistic_regression	residue_cofactor	2	1	6	PV-008769162671	high	high	0.32982776941576397	29.721
logistic_regression	residue_cofactor	2	1	6	PV-008770311606	high	high	0.42011098868202484	30.289
logistic_regression	residue_cofactor	2	1	6	PV-008774327569	high	low	0.5705515853525805	29.469
logistic_regression	residue_cofactor	2	1	6	PV-008774877441	high	low	0.5157062254279055	30.193
logistic_regression	residue_cofactor	2	1	6	PV-008775010456	high	high	0.4932189115794526	29.724
logistic_regression	residue_cofactor	2	1	6	PV-008777921249	high	high	0.37069900099121184	29.695
logistic_regression	residue_cofactor	2	2	7	PV-008759292011	high	high	0.410256301482034	29.61
logistic_regression	residue_cofactor	2	2	7	PV-008761610892	low	low	0.5444718226066096	27.893
logistic_regression	residue_cofactor	2	2	7	PV-008761814083	high	low	0.638063894985012	29.812
logistic_regression	residue_cofactor	2	2	7	PV-008762348949	high	low	0.5141391019198925	31.505
logistic_regression	residue_cofactor	2	2	7	PV-008762892984	high	high	0.4558242002980289	29.335
logistic_regression	residue_cofactor	2	2	7	PV-008763273438	low	low	0.5395772918829341	25.65
logistic_regression	residue_cofactor	2	2	7	PV-008763640784	high	low	0.5551235396645157	32.232
logistic_regression	residue_cofactor	2	2	7	PV-008764318424	high	high	0.39830575593649997	30.931
logistic_regression	residue_cofactor	2	2	7	PV-008765179181	high	high	0.4216802982629235	30.89
logistic_regression	residue_cofactor	2	2	7	PV-008765810938	high	low	0.5456378577980688	31.158
logistic_regression	residue_cofactor	2	2	7	PV-008765810939	low	low	0.5593827415185012	26.93
logistic_regression	residue_cofactor	2	2	7	PV-008767411074	low	low	0.5384613625310427	25.829
logistic_regression	residue_cofactor	2	2	7	PV-008769775183	high	low	0.6091557823963362	30.149
logistic_regression	residue_cofactor	2	2	7	PV-008772811922	high	high	0.46266607580009106	30.87
logistic_regression	residue_cofactor	2	2	7	PV-008772956252	low	high	0.4618296286514376	26.244
logistic_regression	residue_cofactor	2	2	7	PV-008773819830	high	high	0.43448297440168654	30.808
logistic_regression	residue_cofactor	2	2	7	PV-008774133588	high	low	0.5312131440353423	30.879
logistic_regression	residue_cofactor	2	3	8	PV-008758319457	high	high	0.05744519076467702	30.362
logistic_regression	residue_cofactor	2	3	8	PV-008759176601	high	high	0.020919856402174416	30.513
logistic_regression	residue_cofactor	2	3	8	PV-008759682543	high	high	0.039689934074428106	32.137
logistic_regression	residue_cofactor	2	3	8	PV-008762980755	high	low	0.5846828603632881	30.176
logistic_regression	residue_cofactor	2	3	8	PV-008763200437	low	low	0.9179000888660459	25.601
logistic_regression	residue_cofactor	2	3	8	PV-008763360353	low	low	0.5483971353985058	27.047
logistic_regression	residue_cofactor	2	3	8	PV-008765810937	high	high	0.20491719542765072	30.42
logistic_regression	residue_cofactor	2	3	8	PV-008768515159	high	low	0.8052083932496362	30.334
logistic_regression	residue_cofactor	2	3	8	PV-008770637437	high	low	0.5990086778010236	29.724
logistic_regression	residue_cofactor	2	3	8	PV-008773613007	high	high	0.019799245483101073	31.056
logistic_regression	residue_cofactor	2	3	8	PV-008773717469	high	low	0.5665655928271642	29.334
logistic_regression	residue_cofactor	2	3	8	PV-008774017200	high	high	0.35139895287169504	29.068
logistic_regression	residue_cofactor	2	3	8	PV-008775077920	high	high	0.02634268800317989	31.164
logistic_regression	residue_cofactor	2	3	8	PV-008777518351	low	high	0.12959110880154576	27.822
logistic_regression	residue_cofactor	2	3	8	PV-008777721620	low	low	0.6851601063099576	27.427
logistic_regression	residue_cofactor	2	3	8	PV-008777807930	low	low	0.5231401637181609	26.571
logistic_regression	residue_cofactor	2	3	8	PV-008777921251	high	high	0.3631262872369826	30.401
logistic_regression	residue_cofactor	2	4	9	PV-008758567449	high	high	0.48141209918117034	31.089
logistic_regression	residue_cofactor	2	4	9	PV-008761780643	low	high	0.4970390969367964	27.212
logistic_regression	residue_cofactor	2	4	9	PV-008761780644	high	high	0.3777142279879218	29.632
logistic_regression	residue_cofactor	2	4	9	PV-008767251949	high	low	0.575100094778982	31.155
logistic_regression	residue_cofactor	2	4	9	PV-008767544594	high	low	0.553611108954752	30.331
logistic_regression	residue_cofactor	2	4	9	PV-008767612180	low	high	0.4613652260058026	26.602
logistic_regression	residue_cofactor	2	4	9	PV-008769142754	high	high	0.44130130983769783	30.459
logistic_regression	residue_cofactor	2	4	9	PV-008769671712	low	high	0.4719727994054014	27.793
logistic_regression	residue_cofactor	2	4	9	PV-008770025955	high	low	0.5098250599123672	30.748
logistic_regression	residue_cofactor	2	4	9	PV-008773400095	high	low	0.6113801739094493	30.334
logistic_regression	residue_cofactor	2	4	9	PV-008773714513	high	low	0.5538453980015247	30.963
logistic_regression	residue_cofactor	2	4	9	PV-008775077921	high	high	0.4133572882917144	30.519
logistic_regression	residue_cofactor	2	4	9	PV-008776894421	high	low	0.5699584310953248	30.082
logistic_regression	residue_cofactor	2	4	9	PV-008777014626	high	high	0.4802198703571524	30.475
logistic_regression	residue_cofactor	2	4	9	PV-008777526060	low	low	0.6942952692017059	26.121
logistic_regression	residue_cofactor	2	4	9	PV-008777921250	low	low	0.5542376520927516	26.842
logistic_regression	residue_cofactor	2	5	10	PV-008757900583	high	high	0.25196259549764977	30.688
logistic_regression	residue_cofactor	2	5	10	PV-008760598416	high	high	0.40230470095443405	30.161
logistic_regression	residue_cofactor	2	5	10	PV-008761084195	high	low	0.824296826984018	29.846
logistic_regression	residue_cofactor	2	5	10	PV-008762155505	high	low	0.5890466553530177	29.702
logistic_regression	residue_cofactor	2	5	10	PV-008763728970	high	high	0.4783969676574917	29.474
logistic_regression	residue_cofactor	2	5	10	PV-008765546742	low	low	0.7169779300237004	25.418
logistic_regression	residue_cofactor	2	5	10	PV-008766013536	low	low	0.5361273977206524	27.56
logistic_regression	residue_cofactor	2	5	10	PV-008766033961	high	high	0.2538228205495584	30.263
logistic_regression	residue_cofactor	2	5	10	PV-008767128607	high	high	0.37096525932342383	31.252
logistic_regression	residue_cofactor	2	5	10	PV-008767128608	high	low	0.5706501043685176	29.84
logistic_regression	residue_cofactor	2	5	10	PV-008768827993	high	low	0.5159250251506552	31.294
logistic_regression	residue_cofactor	2	5	10	PV-008770051954	low	low	0.658088509516508	26.15
logistic_regression	residue_cofactor	2	5	10	PV-008770425419	high	high	0.41957506921356663	30.17
logistic_regression	residue_cofactor	2	5	10	PV-008773530883	low	high	0.38550162067173943	26.897
logistic_regression	residue_cofactor	2	5	10	PV-008774016306	high	high	0.242671425483114	29.522
logistic_regression	residue_cofactor	2	5	10	PV-008775091835	low	low	0.6909163655552392	26.242
logistic_regression	residue_cofactor	3	1	11	PV-008758319457	high	high	0.3109146655242894	30.362
logistic_regression	residue_cofactor	3	1	11	PV-008759292011	high	high	0.4021656808994411	29.61
logistic_regression	residue_cofactor	3	1	11	PV-008759682543	high	high	0.40373011146147186	32.137
logistic_regression	residue_cofactor	3	1	11	PV-008761780643	low	high	0.43719050074074167	27.212
logistic_regression	residue_cofactor	3	1	11	PV-008761836160	low	high	0.32149593335343174	27.522
logistic_regression	residue_cofactor	3	1	11	PV-008762980755	high	high	0.4743719860452517	30.176
logistic_regression	residue_cofactor	3	1	11	PV-008763360353	low	low	0.5322316244715662	27.047
logistic_regression	residue_cofactor	3	1	11	PV-008765810938	high	low	0.575212285971905	31.158
logistic_regression	residue_cofactor	3	1	11	PV-008768515159	high	low	0.568928099240536	30.334
logistic_regression	residue_cofactor	3	1	11	PV-008768638669	low	low	0.5406025453918444	26.353
logistic_regression	residue_cofactor	3	1	11	PV-008769142754	high	high	0.4633752846156645	30.459
logistic_regression	residue_cofactor	3	1	11	PV-008769775183	high	low	0.6270261949103012	30.149
logistic_regression	residue_cofactor	3	1	11	PV-008772811922	high	high	0.38757070265230464	30.87
logistic_regression	residue_cofactor	3	1	11	PV-008773530883	low	low	0.5011492378269996	26.897
logistic_regression	residue_cofactor	3	1	11	PV-008775010456	high	low	0.5263343541312283	29.724
logistic_regression	residue_cofactor	3	1	11	PV-008775077920	high	high	0.4384858711262414	31.164
logistic_regression	residue_cofactor	3	1	11	PV-008777921250	low	low	0.5118618838935568	26.842
logistic_regression	residue_cofactor	3	2	12	PV-008757770384	low	low	0.6076766422993605	26.218
logistic_regression	residue_cofactor	3	2	12	PV-008757900583	high	high	0.4260628275645446	30.688
logistic_regression	residue_cofactor	3	2	12	PV-008758567449	high	low	0.5081724221767261	31.089
logistic_regression	residue_cofactor	3	2	12	PV-008761084195	high	low	0.6120572275181551	29.846
logistic_regression	residue_cofactor	3	2	12	PV-008761836158	high	high	0.4654199855026439	29.782
logistic_regression	residue_cofactor	3	2	12	PV-008762155505	high	low	0.5392846777025757	29.702
logistic_regression	residue_cofactor	3	2	12	PV-008762348949	high	high	0.4328999273846647	31.505
logistic_regression	residue_cofactor	3	2	12	PV-008763728970	high	high	0.4909627994677051	29.474
logistic_regression	residue_cofactor	3	2	12	PV-008765810937	high	high	0.4746210700288277	30.42
logistic_regression	residue_cofactor	3	2	12	PV-008766013536	low	low	0.5163557261425498	27.56
logistic_regression	residue_cofactor	3	2	12	PV-008769671712	low	high	0.4765530981598077	27.793
logistic_regression	residue_cofactor	3	2	12	PV-008770637437	high	low	0.5113021908473239	29.724
logistic_regression	residue_cofactor	3	2	12	PV-008773717469	high	low	0.5738715082969238	29.334
logistic_regression	residue_cofactor	3	2	12	PV-008774133588	high	low	0.5450314992075856	30.879
logistic_regression	residue_cofactor	3	2	12	PV-008775091835	low	low	0.5735640620785928	26.242
logistic_regression	residue_cofactor	3	2	12	PV-008776894421	high	low	0.5149818889044004	30.082
logistic_regression	residue_cofactor	3	2	12	PV-008777518351	low	high	0.4371436248037813	27.822
logistic_regression	residue_cofactor	3	3	13	PV-008758448064	low	high	0.2757632429848781	27.958
logistic_regression	residue_cofactor	3	3	13	PV-008759176601	high	low	0.5161762280687988	30.513
logistic_regression	residue_cofactor	3	3	13	PV-008759292012	low	high	0.46773540406126063	25.739
logistic_regression	residue_cofactor	3	3	13	PV-008760598416	high	high	0.4130204370155431	30.161
logistic_regression	residue_cofactor	3	3	13	PV-008763200437	low	low	0.67284151869775	25.601
logistic_regression	residue_cofactor	3	3	13	PV-008764318424	high	high	0.3473506278909965	30.931
logistic_regression	residue_cofactor	3	3	13	PV-008765179181	high	high	0.4248924975348056	30.89
logistic_regression	residue_cofactor	3	3	13	PV-008766033961	high	high	0.44194945936171953	30.263
logistic_regression	residue_cofactor	3	3	13	PV-008767128607	high	high	0.439698125140446	31.252
logistic_regression	residue_cofactor	3	3	13	PV-008767251949	high	low	0.6467243495872984	31.155
logistic_regression	residue_cofactor	3	3	13	PV-008767544594	high	high	0.4685336110618795	30.331
logistic_regression	residue_cofactor	3	3	13	PV-008770051954	low	low	0.5869132158962678	26.15
logistic_regression	residue_cofactor	3	3	13	PV-008770311606	high	high	0.40233869262768357	30.289
logistic_regression	residue_cofactor	3	3	13	PV-008773400095	high	low	0.6453839591253796	30.334
logistic_regression	residue_cofactor	3	3	13	PV-008773613007	high	high	0.47366625724196876	31.056
logistic_regression	residue_cofactor	3	3	13	PV-008773819830	high	low	0.5106499840551099	30.808
logistic_regression	residue_cofactor	3	3	13	PV-008777807930	low	low	0.5516185944136188	26.571
logistic_regression	residue_cofactor	3	4	14	PV-008760102914	high	high	0.30487942147811375	30.869
logistic_regression	residue_cofactor	3	4	14	PV-008761610892	low	low	0.5273332332013069	27.893
logistic_regression	residue_cofactor	3	4	14	PV-008761780644	high	high	0.17132280248667475	29.632
logistic_regression	residue_cofactor	3	4	14	PV-008763273438	low	low	0.678510788182432	25.65
logistic_regression	residue_cofactor	3	4	14	PV-008763640783	high	low	0.7397457597902876	31.361
logistic_regression	residue_cofactor	3	4	14	PV-008763640784	high	high	0.23595502162701606	32.232
logistic_regression	residue_cofactor	3	4	14	PV-008765328058	high	high	0.35732961089990917	31.503
logistic_regression	residue_cofactor	3	4	14	PV-008765546742	low	low	0.5755884831884643	25.418
logistic_regression	residue_cofactor	3	4	14	PV-008767612180	low	low	0.5746258476442683	26.602
logistic_regression	residue_cofactor	3	4	14	PV-008768827993	high	high	0.3815346392306444	31.294
logistic_regression	residue_cofactor	3	4	14	PV-008769162671	high	high	0.13049441676638687	29.721
logistic_regression	residue_cofactor	3	4	14	PV-008770025955	high	low	0.5510656015365345	30.748
logistic_regression	residue_cofactor	3	4	14	PV-008770425419	high	high	0.2757285222448591	30.17
logistic_regression	residue_cofactor	3	4	14	PV-008774327569	high	low	0.7914123487027712	29.469
logistic_regression	residue_cofactor	3	4	14	PV-008775077921	high	high	0.2957482157232634	30.519
logistic_regression	residue_cofactor	3	4	14	PV-008777526060	low	low	0.8107499020995166	26.121
logistic_regression	residue_cofactor	3	5	15	PV-008758737063	low	low	0.5106114615128314	26.733
logistic_regression	residue_cofactor	3	5	15	PV-008760775061	high	high	0.4876585461885581	30.605
logistic_regression	residue_cofactor	3	5	15	PV-008761814083	high	low	0.5802562568196189	29.812
logistic_regression	residue_cofactor	3	5	15	PV-008762892984	high	high	0.4512484816305737	29.335
logistic_regression	residue_cofactor	3	5	15	PV-008765810939	low	low	0.5374912412922681	26.93
logistic_regression	residue_cofactor	3	5	15	PV-008767128608	high	low	0.5595026731527311	29.84
logistic_regression	residue_cofactor	3	5	15	PV-008767411074	low	low	0.5205462157714558	25.829
logistic_regression	residue_cofactor	3	5	15	PV-008772956252	low	high	0.47631307620787494	26.244
logistic_regression	residue_cofactor	3	5	15	PV-008773714513	high	low	0.5350895987482096	30.963
logistic_regression	residue_cofactor	3	5	15	PV-008774016306	high	high	0.45045115727228874	29.522
logistic_regression	residue_cofactor	3	5	15	PV-008774017200	high	high	0.48073354150539893	29.068
logistic_regression	residue_cofactor	3	5	15	PV-008774877441	high	low	0.5039288512458214	30.193
logistic_regression	residue_cofactor	3	5	15	PV-008777014626	high	low	0.5394263646142536	30.475
logistic_regression	residue_cofactor	3	5	15	PV-008777721620	low	low	0.5420351490623272	27.427
logistic_regression	residue_cofactor	3	5	15	PV-008777921249	high	high	0.48681895697047184	29.695
logistic_regression	residue_cofactor	3	5	15	PV-008777921251	high	high	0.4726924435637037	30.401
logistic_regression	residue_cofactor	4	1	16	PV-008759292011	high	high	0.4780812451705835	29.61
logistic_regression	residue_cofactor	4	1	16	PV-008759682543	high	high	0.46046136008253324	32.137
logistic_regression	residue_cofactor	4	1	16	PV-008761610892	low	low	0.5709963114915716	27.893
logistic_regression	residue_cofactor	4	1	16	PV-008761780644	high	high	0.4091867624014621	29.632
logistic_regression	residue_cofactor	4	1	16	PV-008761836160	low	high	0.43294761114286057	27.522
logistic_regression	residue_cofactor	4	1	16	PV-008763273438	low	high	0.4839074545991621	25.65
logistic_regression	residue_cofactor	4	1	16	PV-008763640783	high	low	0.6658577513257324	31.361
logistic_regression	residue_cofactor	4	1	16	PV-008765546742	low	high	0.47386398693909376	25.418
logistic_regression	residue_cofactor	4	1	16	PV-008766033961	high	high	0.43810534277357666	30.263
logistic_regression	residue_cofactor	4	1	16	PV-008767128607	high	high	0.44038128227029166	31.252
logistic_regression	residue_cofactor	4	1	16	PV-008768638669	low	high	0.4941144467063025	26.353
logistic_regression	residue_cofactor	4	1	16	PV-008769142754	high	high	0.4471267966464959	30.459
logistic_regression	residue_cofactor	4	1	16	PV-008773819830	high	high	0.4718634890208925	30.808
logistic_regression	residue_cofactor	4	1	16	PV-008774016306	high	high	0.44255399997724815	29.522
logistic_regression	residue_cofactor	4	1	16	PV-008775010456	high	low	0.5497517268974459	29.724
logistic_regression	residue_cofactor	4	1	16	PV-008777807930	low	high	0.45436604050721285	26.571
logistic_regression	residue_cofactor	4	1	16	PV-008777921251	high	low	0.5352685323522284	30.401
logistic_regression	residue_cofactor	4	2	17	PV-008757900583	high	low	0.997958935229871	30.688
logistic_regression	residue_cofactor	4	2	17	PV-008759176601	high	high	0.0001815521963717161	30.513
logistic_regression	residue_cofactor	4	2	17	PV-008760775061	high	high	0.3417119398379282	30.605
logistic_regression	residue_cofactor	4	2	17	PV-008761814083	high	low	0.5177651146142203	29.812
logistic_regression	residue_cofactor	4	2	17	PV-008762155505	high	low	0.749779768853387	29.702
logistic_regression	residue_cofactor	4	2	17	PV-008765179181	high	high	6.826451876496233e-05	30.89
logistic_regression	residue_cofactor	4	2	17	PV-008765328058	high	high	0.024956781245129605	31.503
logistic_regression	residue_cofactor	4	2	17	PV-008768827993	high	high	0.06530614683545899	31.294
logistic_regression	residue_cofactor	4	2	17	PV-008769671712	low	high	1.3098428766479378e-05	27.793
logistic_regression	residue_cofactor	4	2	17	PV-008769775183	high	low	0.9962912178895114	30.149
logistic_regression	residue_cofactor	4	2	17	PV-008772956252	low	low	0.6220773701700402	26.244
logistic_regression	residue_cofactor	4	2	17	PV-008774877441	high	low	0.9958221602462216	30.193
logistic_regression	residue_cofactor	4	2	17	PV-008775077920	high	high	3.664198255283714e-05	31.164
logistic_regression	residue_cofactor	4	2	17	PV-008776894421	high	high	0.0903278540817692	30.082
logistic_regression	residue_cofactor	4	2	17	PV-008777526060	low	low	0.9999995861800717	26.121
logistic_regression	residue_cofactor	4	2	17	PV-008777721620	low	high	0.17773532647320028	27.427
logistic_regression	residue_cofactor	4	2	17	PV-008777921250	low	high	0.30767299617628063	26.842
logistic_regression	residue_cofactor	4	3	18	PV-008757770384	low	low	0.6155073384842509	26.218
logistic_regression	residue_cofactor	4	3	18	PV-008758448064	low	high	0.27067685795723695	27.958
logistic_regression	residue_cofactor	4	3	18	PV-008758737063	low	low	0.535812687664231	26.733
logistic_regression	residue_cofactor	4	3	18	PV-008760598416	high	high	0.40274720160930255	30.161
logistic_regression	residue_cofactor	4	3	18	PV-008761084195	high	low	0.5855725870509365	29.846
logistic_regression	residue_cofactor	4	3	18	PV-008762348949	high	high	0.34238614703481535	31.505
logistic_regression	residue_cofactor	4	3	18	PV-008762980755	high	low	0.5373095010728911	30.176
logistic_regression	residue_cofactor	4	3	18	PV-008763200437	low	low	0.6096355729343635	25.601
logistic_regression	residue_cofactor	4	3	18	PV-008764318424	high	high	0.30214428256830744	30.931
logistic_regression	residue_cofactor	4	3	18	PV-008765810937	high	high	0.46748978526114254	30.42
logistic_regression	residue_cofactor	4	3	18	PV-008765810938	high	low	0.6003568488330508	31.158
logistic_regression	residue_cofactor	4	3	18	PV-008767411074	low	low	0.5742296023465894	25.829
logistic_regression	residue_cofactor	4	3	18	PV-008770025955	high	low	0.5251105246028652	30.748
logistic_regression	residue_cofactor	4	3	18	PV-008770637437	high	low	0.5048633576516929	29.724
logistic_regression	residue_cofactor	4	3	18	PV-008774133588	high	low	0.5260184486227439	30.879
logistic_regression	residue_cofactor	4	3	18	PV-008774327569	high	high	0.4785727894290007	29.469
logistic_regression	residue_cofactor	4	3	18	PV-008777014626	high	low	0.5320700616807483	30.475
logistic_regression	residue_cofactor	4	4	19	PV-008758319457	high	high	0.003387846652978059	30.362
logistic_regression	residue_cofactor	4	4	19	PV-008759292012	low	low	0.9720378105856252	25.739
logistic_regression	residue_cofactor	4	4	19	PV-008761780643	low	low	0.7983843341172575	27.212
logistic_regression	residue_cofactor	4	4	19	PV-008761836158	high	high	0.14779133554779855	29.782
logistic_regression	residue_cofactor	4	4	19	PV-008763360353	low	high	0.4486344564563223	27.047
logistic_regression	residue_cofactor	4	4	19	PV-008763640784	high	low	0.9579213916807648	32.232
logistic_regression	residue_cofactor	4	4	19	PV-008766013536	low	high	0.009382330286438123	27.56
logistic_regression	residue_cofactor	4	4	19	PV-008767251949	high	low	0.8002993326726011	31.155
logistic_regression	residue_cofactor	4	4	19	PV-008769162671	high	high	0.0265405265710063	29.721
logistic_regression	residue_cofactor	4	4	19	PV-008770311606	high	high	0.08355580530144427	30.289
logistic_regression	residue_cofactor	4	4	19	PV-008770425419	high	high	0.28938042405199094	30.17
logistic_regression	residue_cofactor	4	4	19	PV-008773613007	high	low	0.5581024504536785	31.056
logistic_regression	residue_cofactor	4	4	19	PV-008773714513	high	low	0.9479922333342877	30.963
logistic_regression	residue_cofactor	4	4	19	PV-008773717469	high	low	0.7116297629531264	29.334
logistic_regression	residue_cofactor	4	4	19	PV-008777518351	low	high	0.08258143470983069	27.822
logistic_regression	residue_cofactor	4	4	19	PV-008777921249	high	low	0.6987211142508767	29.695
logistic_regression	residue_cofactor	4	5	20	PV-008758567449	high	high	0.34949678880881274	31.089
logistic_regression	residue_cofactor	4	5	20	PV-008760102914	high	high	0.21655370785266911	30.869
logistic_regression	residue_cofactor	4	5	20	PV-008762892984	high	high	0.3183038046854352	29.335
logistic_regression	residue_cofactor	4	5	20	PV-008763728970	high	high	0.08832929281395469	29.474
logistic_regression	residue_cofactor	4	5	20	PV-008765810939	low	high	0.3103847213670387	26.93
logistic_regression	residue_cofactor	4	5	20	PV-008767128608	high	low	0.5373794539989728	29.84
logistic_regression	residue_cofactor	4	5	20	PV-008767544594	high	high	0.43619172642554377	30.331
logistic_regression	residue_cofactor	4	5	20	PV-008767612180	low	high	0.09301265913289472	26.602
logistic_regression	residue_cofactor	4	5	20	PV-008768515159	high	low	0.6023563773340974	30.334
logistic_regression	residue_cofactor	4	5	20	PV-008770051954	low	high	0.3211140659640705	26.15
logistic_regression	residue_cofactor	4	5	20	PV-008772811922	high	high	0.32619140804739966	30.87
logistic_regression	residue_cofactor	4	5	20	PV-008773400095	high	low	0.6026689433938076	30.334
logistic_regression	residue_cofactor	4	5	20	PV-008773530883	low	high	0.3485260926185546	26.897
logistic_regression	residue_cofactor	4	5	20	PV-008774017200	high	low	0.533149416741065	29.068
logistic_regression	residue_cofactor	4	5	20	PV-008775077921	high	high	0.40662508421573174	30.519
logistic_regression	residue_cofactor	4	5	20	PV-008775091835	low	low	0.7209979352911763	26.242
logistic_regression	residue_cofactor	5	1	21	PV-008757900583	high	low	0.6028755195987099	30.688
logistic_regression	residue_cofactor	5	1	21	PV-008760102914	high	high	0.4223242734784459	30.869
logistic_regression	residue_cofactor	5	1	21	PV-008763360353	low	high	0.4661343129224443	27.047
logistic_regression	residue_cofactor	5	1	21	PV-008763640783	high	high	0.4102983403925529	31.361
logistic_regression	residue_cofactor	5	1	21	PV-008763640784	high	high	0.49016591750989175	32.232
logistic_regression	residue_cofactor	5	1	21	PV-008764318424	high	high	0.14567779538525535	30.931
logistic_regression	residue_cofactor	5	1	21	PV-008767128607	high	high	0.37640747811823083	31.252
logistic_regression	residue_cofactor	5	1	21	PV-008767128608	high	low	0.5561637103031373	29.84
logistic_regression	residue_cofactor	5	1	21	PV-008768515159	high	low	0.7319330119244297	30.334
logistic_regression	residue_cofactor	5	1	21	PV-008768827993	high	high	0.4691764262282607	31.294
logistic_regression	residue_cofactor	5	1	21	PV-008769671712	low	high	0.30075457578845016	27.793
logistic_regression	residue_cofactor	5	1	21	PV-008770051954	low	low	0.5497293819151835	26.15
logistic_regression	residue_cofactor	5	1	21	PV-008770425419	high	high	0.28134864179768687	30.17
logistic_regression	residue_cofactor	5	1	21	PV-008774327569	high	low	0.6442396238361853	29.469
logistic_regression	residue_cofactor	5	1	21	PV-008775091835	low	low	0.7167809424054042	26.242
logistic_regression	residue_cofactor	5	1	21	PV-008777721620	low	low	0.6303343993660075	27.427
logistic_regression	residue_cofactor	5	1	21	PV-008777921250	low	low	0.5253903633792979	26.842
logistic_regression	residue_cofactor	5	2	22	PV-008757770384	low	low	0.9635199953972083	26.218
logistic_regression	residue_cofactor	5	2	22	PV-008758448064	low	high	1.4510322149164437e-08	27.958
logistic_regression	residue_cofactor	5	2	22	PV-008759292011	high	high	0.17050006913732793	29.61
logistic_regression	residue_cofactor	5	2	22	PV-008759292012	low	high	0.022174075606736825	25.739
logistic_regression	residue_cofactor	5	2	22	PV-008759682543	high	high	2.8882084041919615e-06	32.137
logistic_regression	residue_cofactor	5	2	22	PV-008760775061	high	high	0.0003398019501841749	30.605
logistic_regression	residue_cofactor	5	2	22	PV-008761610892	low	high	2.9154067061281437e-05	27.893
logistic_regression	residue_cofactor	5	2	22	PV-008761780643	low	high	0.005643672083419968	27.212
logistic_regression	residue_cofactor	5	2	22	PV-008762155505	high	high	0.011165206183325956	29.702
logistic_regression	residue_cofactor	5	2	22	PV-008762980755	high	low	0.9815210615952775	30.176
logistic_regression	residue_cofactor	5	2	22	PV-008765328058	high	high	0.0031217820278541153	31.503
logistic_regression	residue_cofactor	5	2	22	PV-008767251949	high	low	0.8399888415435495	31.155
logistic_regression	residue_cofactor	5	2	22	PV-008769162671	high	high	1.3028760676901228e-05	29.721
logistic_regression	residue_cofactor	5	2	22	PV-008772811922	high	low	0.5397785765427787	30.87
logistic_regression	residue_cofactor	5	2	22	PV-008774133588	high	high	0.0029469018599789865	30.879
logistic_regression	residue_cofactor	5	2	22	PV-008775010456	high	high	2.3181725837382025e-09	29.724
logistic_regression	residue_cofactor	5	2	22	PV-008775077921	high	high	0.003767114083990457	30.519
logistic_regression	residue_cofactor	5	3	23	PV-008761814083	high	low	0.6472546941872123	29.812
logistic_regression	residue_cofactor	5	3	23	PV-008761836160	low	high	0.45339010885206443	27.522
logistic_regression	residue_cofactor	5	3	23	PV-008762348949	high	high	0.4193226849812251	31.505
logistic_regression	residue_cofactor	5	3	23	PV-008762892984	high	high	0.4357963812270278	29.335
logistic_regression	residue_cofactor	5	3	23	PV-008765179181	high	high	0.4414867911664342	30.89
logistic_regression	residue_cofactor	5	3	23	PV-008765810939	low	low	0.5326078973528603	26.93
logistic_regression	residue_cofactor	5	3	23	PV-008766013536	low	high	0.4745039886996358	27.56
logistic_regression	residue_cofactor	5	3	23	PV-008769775183	high	low	0.6139860988834598	30.149
logistic_regression	residue_cofactor	5	3	23	PV-008770311606	high	high	0.46988661608350074	30.289
logistic_regression	residue_cofactor	5	3	23	PV-008773530883	low	low	0.5044323957632456	26.897
logistic_regression	residue_cofactor	5	3	23	PV-008773613007	high	low	0.5565788245203953	31.056
logistic_regression	residue_cofactor	5	3	23	PV-008774017200	high	high	0.4969556784610203	29.068
logistic_regression	residue_cofactor	5	3	23	PV-008775077920	high	high	0.4677822382130608	31.164
logistic_regression	residue_cofactor	5	3	23	PV-008777014626	high	high	0.48730701394290493	30.475
logistic_regression	residue_cofactor	5	3	23	PV-008777526060	low	low	0.6573367822625137	26.121
logistic_regression	residue_cofactor	5	3	23	PV-008777921249	high	high	0.47208419241575816	29.695
logistic_regression	residue_cofactor	5	3	23	PV-008777921251	high	high	0.4366538813501748	30.401
logistic_regression	residue_cofactor	5	4	24	PV-008758567449	high	high	0.49952216312587117	31.089
logistic_regression	residue_cofactor	5	4	24	PV-008759176601	high	high	0.47804765454584003	30.513
logistic_regression	residue_cofactor	5	4	24	PV-008760598416	high	high	0.41546493735024126	30.161
logistic_regression	residue_cofactor	5	4	24	PV-008761084195	high	low	0.5907763152571929	29.846
logistic_regression	residue_cofactor	5	4	24	PV-008761780644	high	high	0.3829283212730208	29.632
logistic_regression	residue_cofactor	5	4	24	PV-008763200437	low	low	0.6072619255848288	25.601
logistic_regression	residue_cofactor	5	4	24	PV-008763273438	low	low	0.5563329192468325	25.65
logistic_regression	residue_cofactor	5	4	24	PV-008765810938	high	low	0.5345163509045454	31.158
logistic_regression	residue_cofactor	5	4	24	PV-008766033961	high	high	0.43189938353536417	30.263
logistic_regression	residue_cofactor	5	4	24	PV-008767544594	high	low	0.5301286369096639	30.331
logistic_regression	residue_cofactor	5	4	24	PV-008768638669	low	low	0.5235917723526777	26.353
logistic_regression	residue_cofactor	5	4	24	PV-008770025955	high	high	0.4608682076427767	30.748
logistic_regression	residue_cofactor	5	4	24	PV-008772956252	low	high	0.4729018100129302	26.244
logistic_regression	residue_cofactor	5	4	24	PV-008773714513	high	low	0.5760768080749251	30.963
logistic_regression	residue_cofactor	5	4	24	PV-008774016306	high	high	0.3579421758034668	29.522
logistic_regression	residue_cofactor	5	4	24	PV-008777807930	low	low	0.5612284266144831	26.571
logistic_regression	residue_cofactor	5	5	25	PV-008758319457	high	high	0.4388042593657582	30.362
logistic_regression	residue_cofactor	5	5	25	PV-008758737063	low	high	0.4979669483609775	26.733
logistic_regression	residue_cofactor	5	5	25	PV-008761836158	high	high	0.4355668003476341	29.782
logistic_regression	residue_cofactor	5	5	25	PV-008763728970	high	high	0.4591151886724344	29.474
logistic_regression	residue_cofactor	5	5	25	PV-008765546742	low	low	0.5657963727828912	25.418
logistic_regression	residue_cofactor	5	5	25	PV-008765810937	high	high	0.477202908157565	30.42
logistic_regression	residue_cofactor	5	5	25	PV-008767411074	low	low	0.5182192032519399	25.829
logistic_regression	residue_cofactor	5	5	25	PV-008767612180	low	high	0.47997996983180685	26.602
logistic_regression	residue_cofactor	5	5	25	PV-008769142754	high	high	0.48190457327365627	30.459
logistic_regression	residue_cofactor	5	5	25	PV-008770637437	high	high	0.49969070435580226	29.724
logistic_regression	residue_cofactor	5	5	25	PV-008773400095	high	low	0.5436841350824675	30.334
logistic_regression	residue_cofactor	5	5	25	PV-008773717469	high	low	0.5815221593727228	29.334
logistic_regression	residue_cofactor	5	5	25	PV-008773819830	high	high	0.45683919354606095	30.808
logistic_regression	residue_cofactor	5	5	25	PV-008774877441	high	high	0.46637116944052626	30.193
logistic_regression	residue_cofactor	5	5	25	PV-008776894421	high	high	0.49245683022383385	30.082
logistic_regression	residue_cofactor	5	5	25	PV-008777518351	low	low	0.5099841580434401	27.822
logistic_regression	residue_residue	1	1	1	PV-008757900583	high	high	0.06781728315970915	30.688
logistic_regression	residue_residue	1	1	1	PV-008758737063	low	high	0.30637155387591947	26.733
logistic_regression	residue_residue	1	1	1	PV-008759176601	high	high	0.41565395912885095	30.513
logistic_regression	residue_residue	1	1	1	PV-008760102914	high	high	0.4484821467544752	30.869
logistic_regression	residue_residue	1	1	1	PV-008761836158	high	high	0.14297594310115652	29.782
logistic_regression	residue_residue	1	1	1	PV-008762348949	high	high	0.10159442295920915	31.505
logistic_regression	residue_residue	1	1	1	PV-008763200437	low	low	0.9549191434453277	25.601
logistic_regression	residue_residue	1	1	1	PV-008763360353	low	high	0.3088903619788749	27.047
logistic_regression	residue_residue	1	1	1	PV-008765546742	low	low	0.8668866140369286	25.418
logistic_regression	residue_residue	1	1	1	PV-008766033961	high	low	0.8587376317343376	30.263
logistic_regression	residue_residue	1	1	1	PV-008767411074	low	high	0.12706849997620884	25.829
logistic_regression	residue_residue	1	1	1	PV-008767612180	low	high	0.4536446878404364	26.602
logistic_regression	residue_residue	1	1	1	PV-008769142754	high	low	0.6053111674298719	30.459
logistic_regression	residue_residue	1	1	1	PV-008770425419	high	low	0.5622007312144823	30.17
logistic_regression	residue_residue	1	1	1	PV-008773400095	high	high	0.31691896796106916	30.334
logistic_regression	residue_residue	1	1	1	PV-008773714513	high	low	0.634952797715073	30.963
logistic_regression	residue_residue	1	1	1	PV-008773819830	high	high	0.16004207164208892	30.808
logistic_regression	residue_residue	1	2	2	PV-008757770384	low	low	0.7257225335651227	26.218
logistic_regression	residue_residue	1	2	2	PV-008758567449	high	high	0.1628422224643614	31.089
logistic_regression	residue_residue	1	2	2	PV-008760775061	high	low	0.9777870849363444	30.605
logistic_regression	residue_residue	1	2	2	PV-008761780643	low	high	0.039162680051767984	27.212
logistic_regression	residue_residue	1	2	2	PV-008762892984	high	high	0.2182229101600108	29.335
logistic_regression	residue_residue	1	2	2	PV-008765179181	high	high	0.04695697803869109	30.89
logistic_regression	residue_residue	1	2	2	PV-008768827993	high	high	0.2165343037908162	31.294
logistic_regression	residue_residue	1	2	2	PV-008770025955	high	high	0.007393317822912743	30.748
logistic_regression	residue_residue	1	2	2	PV-008770637437	high	high	0.11091433119831329	29.724
logistic_regression	residue_residue	1	2	2	PV-008773613007	high	high	0.28652487772329627	31.056
logistic_regression	residue_residue	1	2	2	PV-008774133588	high	high	0.00022747482805176067	30.879
logistic_regression	residue_residue	1	2	2	PV-008774327569	high	high	0.20442927515341683	29.469
logistic_regression	residue_residue	1	2	2	PV-008777518351	low	low	0.9881651028232876	27.822
logistic_regression	residue_residue	1	2	2	PV-008777526060	low	low	0.9827123462405025	26.121
logistic_regression	residue_residue	1	2	2	PV-008777921249	high	high	0.0019986288257442908	29.695
logistic_regression	residue_residue	1	2	2	PV-008777921250	low	low	0.5417017384182325	26.842
logistic_regression	residue_residue	1	2	2	PV-008777921251	high	high	0.25127337827711893	30.401
logistic_regression	residue_residue	1	3	3	PV-008758319457	high	high	0.008881808695574494	30.362
logistic_regression	residue_residue	1	3	3	PV-008759292011	high	high	0.0021820721618666305	29.61
logistic_regression	residue_residue	1	3	3	PV-008760598416	high	high	0.25512030613241177	30.161
logistic_regression	residue_residue	1	3	3	PV-008761610892	low	low	0.9992134303964625	27.893
logistic_regression	residue_residue	1	3	3	PV-008761814083	high	high	0.19851746459987227	29.812
logistic_regression	residue_residue	1	3	3	PV-008761836160	low	high	0.01532465615739438	27.522
logistic_regression	residue_residue	1	3	3	PV-008762980755	high	high	0.050550313168008294	30.176
logistic_regression	residue_residue	1	3	3	PV-008763640784	high	high	0.31150359441989656	32.232
logistic_regression	residue_residue	1	3	3	PV-008765810938	high	high	0.3024824972959062	31.158
logistic_regression	residue_residue	1	3	3	PV-008765810939	low	high	0.425067650397978	26.93
logistic_regression	residue_residue	1	3	3	PV-008766013536	low	low	0.9988037819542072	27.56
logistic_regression	residue_residue	1	3	3	PV-008767251949	high	low	0.5934802579724658	31.155
logistic_regression	residue_residue	1	3	3	PV-008769162671	high	low	0.8901302097277362	29.721
logistic_regression	residue_residue	1	3	3	PV-008774877441	high	low	0.901305244187411	30.193
logistic_regression	residue_residue	1	3	3	PV-008775077920	high	high	0.12672213401925075	31.164
logistic_regression	residue_residue	1	3	3	PV-008776894421	high	high	0.015183991960771005	30.082
logistic_regression	residue_residue	1	3	3	PV-008777721620	low	low	0.9216564499835087	27.427
logistic_regression	residue_residue	1	4	4	PV-008758448064	low	high	0.010504328655754864	27.958
logistic_regression	residue_residue	1	4	4	PV-008762155505	high	high	0.008639109955116209	29.702
logistic_regression	residue_residue	1	4	4	PV-008763728970	high	high	0.2785978796769962	29.474
logistic_regression	residue_residue	1	4	4	PV-008764318424	high	high	0.023302286823999888	30.931
logistic_regression	residue_residue	1	4	4	PV-008765328058	high	high	0.46931185260846453	31.503
logistic_regression	residue_residue	1	4	4	PV-008765810937	high	high	0.04755162373328298	30.42
logistic_regression	residue_residue	1	4	4	PV-008767128608	high	high	0.07792716685711297	29.84
logistic_regression	residue_residue	1	4	4	PV-008769671712	low	high	0.04343996995587567	27.793
logistic_regression	residue_residue	1	4	4	PV-008769775183	high	high	0.04562411115982001	30.149
logistic_regression	residue_residue	1	4	4	PV-008772811922	high	high	0.3019819979521843	30.87
logistic_regression	residue_residue	1	4	4	PV-008772956252	low	high	0.0031960270261239625	26.244
logistic_regression	residue_residue	1	4	4	PV-008773717469	high	high	0.00972333797457932	29.334
logistic_regression	residue_residue	1	4	4	PV-008775010456	high	high	0.10598500469342377	29.724
logistic_regression	residue_residue	1	4	4	PV-008775091835	low	low	0.8566057452828054	26.242
logistic_regression	residue_residue	1	4	4	PV-008777014626	high	high	0.005726047382731125	30.475
logistic_regression	residue_residue	1	4	4	PV-008777807930	low	high	0.03001238634417724	26.571
logistic_regression	residue_residue	1	5	5	PV-008759292012	low	low	0.8721475962525753	25.739
logistic_regression	residue_residue	1	5	5	PV-008759682543	high	high	0.005425550716963443	32.137
logistic_regression	residue_residue	1	5	5	PV-008761084195	high	low	0.9533760310588557	29.846
logistic_regression	residue_residue	1	5	5	PV-008761780644	high	high	0.06212315909418428	29.632
logistic_regression	residue_residue	1	5	5	PV-008763273438	low	high	0.0638728190256741	25.65
logistic_regression	residue_residue	1	5	5	PV-008763640783	high	high	0.011534990184774259	31.361
logistic_regression	residue_residue	1	5	5	PV-008767128607	high	low	0.7898902786167173	31.252
logistic_regression	residue_residue	1	5	5	PV-008767544594	high	low	0.7000218475811836	30.331
logistic_regression	residue_residue	1	5	5	PV-008768515159	high	high	0.4196521016279106	30.334
logistic_regression	residue_residue	1	5	5	PV-008768638669	low	high	0.33467274001246095	26.353
logistic_regression	residue_residue	1	5	5	PV-008770051954	low	high	0.20975116960560233	26.15
logistic_regression	residue_residue	1	5	5	PV-008770311606	high	low	0.7032017884066754	30.289
logistic_regression	residue_residue	1	5	5	PV-008773530883	low	low	0.9662695500514071	26.897
logistic_regression	residue_residue	1	5	5	PV-008774016306	high	high	0.033289956943373666	29.522
logistic_regression	residue_residue	1	5	5	PV-008774017200	high	low	0.5860698587239651	29.068
logistic_regression	residue_residue	1	5	5	PV-008775077921	high	high	0.04765387164574164	30.519
logistic_regression	residue_residue	2	1	6	PV-008757770384	low	low	0.8031590869947014	26.218
logistic_regression	residue_residue	2	1	6	PV-008758448064	low	high	0.08883017525098594	27.958
logistic_regression	residue_residue	2	1	6	PV-008758737063	low	high	0.44207358500366684	26.733
logistic_regression	residue_residue	2	1	6	PV-008759292012	low	low	0.6038038907016273	25.739
logistic_regression	residue_residue	2	1	6	PV-008760102914	high	low	0.9589048922397805	30.869
logistic_regression	residue_residue	2	1	6	PV-008760775061	high	low	0.8614910474258661	30.605
logistic_regression	residue_residue	2	1	6	PV-008761836158	high	high	0.1303320497021094	29.782
logistic_regression	residue_residue	2	1	6	PV-008761836160	low	low	0.7050613211821155	27.522
logistic_regression	residue_residue	2	1	6	PV-008763640783	high	high	0.07634551637880964	31.361
logistic_regression	residue_residue	2	1	6	PV-008765328058	high	high	0.2852740097709257	31.503
logistic_regression	residue_residue	2	1	6	PV-008768638669	low	low	0.7626789092344085	26.353
logistic_regression	residue_residue	2	1	6	PV-008769162671	high	low	0.6243393464245828	29.721
logistic_regression	residue_residue	2	1	6	PV-008770311606	high	high	0.16328570816050733	30.289
logistic_regression	residue_residue	2	1	6	PV-008774327569	high	low	0.5224193398481395	29.469
logistic_regression	residue_residue	2	1	6	PV-008774877441	high	low	0.9520280812119128	30.193
logistic_regression	residue_residue	2	1	6	PV-008775010456	high	high	0.36784905826645437	29.724
logistic_regression	residue_residue	2	1	6	PV-008777921249	high	high	0.4433836478747605	29.695
logistic_regression	residue_residue	2	2	7	PV-008759292011	high	high	0.09492104295815748	29.61
logistic_regression	residue_residue	2	2	7	PV-008761610892	low	low	0.8644479822912973	27.893
logistic_regression	residue_residue	2	2	7	PV-008761814083	high	low	0.878461494493948	29.812
logistic_regression	residue_residue	2	2	7	PV-008762348949	high	high	0.021633572088189612	31.505
logistic_regression	residue_residue	2	2	7	PV-008762892984	high	high	0.3281025604657237	29.335
logistic_regression	residue_residue	2	2	7	PV-008763273438	low	low	0.9508729285440023	25.65
logistic_regression	residue_residue	2	2	7	PV-008763640784	high	high	0.0023971676037178326	32.232
logistic_regression	residue_residue	2	2	7	PV-008764318424	high	high	0.0014428691038378425	30.931
logistic_regression	residue_residue	2	2	7	PV-008765179181	high	high	0.19136518938832633	30.89
logistic_regression	residue_residue	2	2	7	PV-008765810938	high	high	0.0033193498443657155	31.158
logistic_regression	residue_residue	2	2	7	PV-008765810939	low	low	0.9684362378172467	26.93
logistic_regression	residue_residue	2	2	7	PV-008767411074	low	high	0.06612775169259517	25.829
logistic_regression	residue_residue	2	2	7	PV-008769775183	high	high	0.003742893765741794	30.149
logistic_regression	residue_residue	2	2	7	PV-008772811922	high	high	0.08024906446619727	30.87
logistic_regression	residue_residue	2	2	7	PV-008772956252	low	high	0.2476552965080728	26.244
logistic_regression	residue_residue	2	2	7	PV-008773819830	high	high	0.21566893222069036	30.808
logistic_regression	residue_residue	2	2	7	PV-008774133588	high	high	0.29517830621950697	30.879
logistic_regression	residue_residue	2	3	8	PV-008758319457	high	high	0.0007226004070182412	30.362
logistic_regression	residue_residue	2	3	8	PV-008759176601	high	high	0.03220604441622997	30.513
logistic_regression	residue_residue	2	3	8	PV-008759682543	high	high	0.015057463904154649	32.137
logistic_regression	residue_residue	2	3	8	PV-008762980755	high	high	0.026217585446581898	30.176
logistic_regression	residue_residue	2	3	8	PV-008763200437	low	low	0.9996375645430401	25.601
logistic_regression	residue_residue	2	3	8	PV-008763360353	low	high	0.012478849353243615	27.047
logistic_regression	residue_residue	2	3	8	PV-008765810937	high	high	0.3508127459069967	30.42
logistic_regression	residue_residue	2	3	8	PV-008768515159	high	high	0.11251472324408074	30.334
logistic_regression	residue_residue	2	3	8	PV-008770637437	high	high	0.13812072774888923	29.724
logistic_regression	residue_residue	2	3	8	PV-008773613007	high	high	0.14310557899377105	31.056
logistic_regression	residue_residue	2	3	8	PV-008773717469	high	high	0.020469912607644625	29.334
logistic_regression	residue_residue	2	3	8	PV-008774017200	high	low	0.5121595534648555	29.068
logistic_regression	residue_residue	2	3	8	PV-008775077920	high	high	0.1310117641322972	31.164
logistic_regression	residue_residue	2	3	8	PV-008777518351	low	low	0.6819597671172863	27.822
logistic_regression	residue_residue	2	3	8	PV-008777721620	low	low	0.9945409942609424	27.427
logistic_regression	residue_residue	2	3	8	PV-008777807930	low	low	0.6110642002628949	26.571
logistic_regression	residue_residue	2	3	8	PV-008777921251	high	high	0.12553000017608348	30.401
logistic_regression	residue_residue	2	4	9	PV-008758567449	high	high	0.08807647883730736	31.089
logistic_regression	residue_residue	2	4	9	PV-008761780643	low	high	0.1703618080894523	27.212
logistic_regression	residue_residue	2	4	9	PV-008761780644	high	high	0.008138672164727002	29.632
logistic_regression	residue_residue	2	4	9	PV-008767251949	high	high	0.07336439686309154	31.155
logistic_regression	residue_residue	2	4	9	PV-008767544594	high	low	0.681194193490264	30.331
logistic_regression	residue_residue	2	4	9	PV-008767612180	low	high	0.24063630831214125	26.602
logistic_regression	residue_residue	2	4	9	PV-008769142754	high	high	0.18926042597422546	30.459
logistic_regression	residue_residue	2	4	9	PV-008769671712	low	low	0.9046297540119439	27.793
logistic_regression	residue_residue	2	4	9	PV-008770025955	high	high	0.013086206332454045	30.748
logistic_regression	residue_residue	2	4	9	PV-008773400095	high	high	0.47580690154450217	30.334
logistic_regression	residue_residue	2	4	9	PV-008773714513	high	low	0.9364770390237811	30.963
logistic_regression	residue_residue	2	4	9	PV-008775077921	high	high	0.058374169445123136	30.519
logistic_regression	residue_residue	2	4	9	PV-008776894421	high	high	0.01377146285723907	30.082
logistic_regression	residue_residue	2	4	9	PV-008777014626	high	high	0.0457645284103389	30.475
logistic_regression	residue_residue	2	4	9	PV-008777526060	low	low	0.9803092779340467	26.121
logistic_regression	residue_residue	2	4	9	PV-008777921250	low	low	0.9149388260466217	26.842
logistic_regression	residue_residue	2	5	10	PV-008757900583	high	high	6.838248335541414e-10	30.688
logistic_regression	residue_residue	2	5	10	PV-008760598416	high	high	0.08780915466156405	30.161
logistic_regression	residue_residue	2	5	10	PV-008761084195	high	low	0.9999537188089892	29.846
logistic_regression	residue_residue	2	5	10	PV-008762155505	high	high	0.013745925233968845	29.702
logistic_regression	residue_residue	2	5	10	PV-008763728970	high	high	0.15081658119614333	29.474
logistic_regression	residue_residue	2	5	10	PV-008765546742	low	low	0.795633823130367	25.418
logistic_regression	residue_residue	2	5	10	PV-008766013536	low	high	0.004472338841236439	27.56
logistic_regression	residue_residue	2	5	10	PV-008766033961	high	low	0.996486816996982	30.263
logistic_regression	residue_residue	2	5	10	PV-008767128607	high	low	0.9063142021951932	31.252
logistic_regression	residue_residue	2	5	10	PV-008767128608	high	high	0.011704836892294259	29.84
logistic_regression	residue_residue	2	5	10	PV-008768827993	high	low	0.9909816157458105	31.294
logistic_regression	residue_residue	2	5	10	PV-008770051954	low	low	0.970971862548023	26.15
logistic_regression	residue_residue	2	5	10	PV-008770425419	high	low	0.9995936003838557	30.17
logistic_regression	residue_residue	2	5	10	PV-008773530883	low	low	0.9978644195823887	26.897
logistic_regression	residue_residue	2	5	10	PV-008774016306	high	high	1.5933415185880398e-06	29.522
logistic_regression	residue_residue	2	5	10	PV-008775091835	low	high	0.00036648711050595327	26.242
logistic_regression	residue_residue	3	1	11	PV-008758319457	high	high	8.373551774807725e-06	30.362
logistic_regression	residue_residue	3	1	11	PV-008759292011	high	high	9.725104815026533e-08	29.61
logistic_regression	residue_residue	3	1	11	PV-008759682543	high	high	1.1105020346489003e-06	32.137
logistic_regression	residue_residue	3	1	11	PV-008761780643	low	high	7.473276641439723e-05	27.212
logistic_regression	residue_residue	3	1	11	PV-008761836160	low	low	0.8640702382829704	27.522
logistic_regression	residue_residue	3	1	11	PV-008762980755	high	high	1.6068091436987284e-05	30.176
logistic_regression	residue_residue	3	1	11	PV-008763360353	low	high	0.00010117723474409596	27.047
logistic_regression	residue_residue	3	1	11	PV-008765810938	high	high	0.00100974420647033	31.158
logistic_regression	residue_residue	3	1	11	PV-008768515159	high	low	0.740854570705263	30.334
logistic_regression	residue_residue	3	1	11	PV-008768638669	low	low	0.9808483075065109	26.353
logistic_regression	residue_residue	3	1	11	PV-008769142754	high	low	0.5197847426927468	30.459
logistic_regression	residue_residue	3	1	11	PV-008769775183	high	high	1.3964966214979486e-05	30.149
logistic_regression	residue_residue	3	1	11	PV-008772811922	high	high	0.006217833899548945	30.87
logistic_regression	residue_residue	3	1	11	PV-008773530883	low	low	0.9240131136107307	26.897
logistic_regression	residue_residue	3	1	11	PV-008775010456	high	high	1.0359625301312881e-06	29.724
logistic_regression	residue_residue	3	1	11	PV-008775077920	high	high	0.006925423368701526	31.164
logistic_regression	residue_residue	3	1	11	PV-008777921250	low	high	0.07599881992354918	26.842
logistic_regression	residue_residue	3	2	12	PV-008757770384	low	low	0.6473890446497681	26.218
logistic_regression	residue_residue	3	2	12	PV-008757900583	high	high	1.891430042662054e-11	30.688
logistic_regression	residue_residue	3	2	12	PV-008758567449	high	high	0.00013672473262281882	31.089
logistic_regression	residue_residue	3	2	12	PV-008761084195	high	low	0.9999325375443285	29.846
logistic_regression	residue_residue	3	2	12	PV-008761836158	high	high	0.0024875787327077394	29.782
logistic_regression	residue_residue	3	2	12	PV-008762155505	high	low	0.5000349680629519	29.702
logistic_regression	residue_residue	3	2	12	PV-008762348949	high	high	3.147022519478616e-13	31.505
logistic_regression	residue_residue	3	2	12	PV-008763728970	high	high	5.123969523171619e-07	29.474
logistic_regression	residue_residue	3	2	12	PV-008765810937	high	high	0.08471618420325476	30.42
logistic_regression	residue_residue	3	2	12	PV-008766013536	low	low	0.9693523397446665	27.56
logistic_regression	residue_residue	3	2	12	PV-008769671712	low	low	0.7566327190350504	27.793
logistic_regression	residue_residue	3	2	12	PV-008770637437	high	high	0.015410250759778064	29.724
logistic_regression	residue_residue	3	2	12	PV-008773717469	high	high	1.4215977016320317e-06	29.334
logistic_regression	residue_residue	3	2	12	PV-008774133588	high	high	1.9227245021740962e-07	30.879
logistic_regression	residue_residue	3	2	12	PV-008775091835	low	high	0.0679346335829204	26.242
logistic_regression	residue_residue	3	2	12	PV-008776894421	high	high	0.00015232438142101433	30.082
logistic_regression	residue_residue	3	2	12	PV-008777518351	low	low	0.9988388744377753	27.822
logistic_regression	residue_residue	3	3	13	PV-008758448064	low	low	0.6840102829518098	27.958
logistic_regression	residue_residue	3	3	13	PV-008759176601	high	high	2.2223449655224844e-07	30.513
logistic_regression	residue_residue	3	3	13	PV-008759292012	low	low	0.9999997577445007	25.739
logistic_regression	residue_residue	3	3	13	PV-008760598416	high	high	0.006861625439137339	30.161
logistic_regression	residue_residue	3	3	13	PV-008763200437	low	low	0.9999999999984586	25.601
logistic_regression	residue_residue	3	3	13	PV-008764318424	high	high	2.0129789110692053e-12	30.931
logistic_regression	residue_residue	3	3	13	PV-008765179181	high	high	0.02577039333360842	30.89
logistic_regression	residue_residue	3	3	13	PV-008766033961	high	low	0.9999999928114671	30.263
logistic_regression	residue_residue	3	3	13	PV-008767128607	high	low	0.9985755642838247	31.252
logistic_regression	residue_residue	3	3	13	PV-008767251949	high	high	6.863563083150128e-06	31.155
logistic_regression	residue_residue	3	3	13	PV-008767544594	high	low	0.9972705622414204	30.331
logistic_regression	residue_residue	3	3	13	PV-008770051954	low	high	0.02981561118712308	26.15
logistic_regression	residue_residue	3	3	13	PV-008770311606	high	high	0.05243406232358038	30.289
logistic_regression	residue_residue	3	3	13	PV-008773400095	high	high	3.38653132464717e-06	30.334
logistic_regression	residue_residue	3	3	13	PV-008773613007	high	low	0.9999988744828481	31.056
logistic_regression	residue_residue	3	3	13	PV-008773819830	high	low	0.9985684494427821	30.808
logistic_regression	residue_residue	3	3	13	PV-008777807930	low	low	0.9960172869596273	26.571
logistic_regression	residue_residue	3	4	14	PV-008760102914	high	low	0.6505512075975075	30.869
logistic_regression	residue_residue	3	4	14	PV-008761610892	low	low	0.9749384340918733	27.893
logistic_regression	residue_residue	3	4	14	PV-008761780644	high	high	0.014014974927306703	29.632
logistic_regression	residue_residue	3	4	14	PV-008763273438	low	high	0.012356753579819952	25.65
logistic_regression	residue_residue	3	4	14	PV-008763640783	high	high	0.04804403899328514	31.361
logistic_regression	residue_residue	3	4	14	PV-008763640784	high	high	0.00019143939311650005	32.232
logistic_regression	residue_residue	3	4	14	PV-008765328058	high	low	0.6776046220249448	31.503
logistic_regression	residue_residue	3	4	14	PV-008765546742	low	high	0.3280869647713315	25.418
logistic_regression	residue_residue	3	4	14	PV-008767612180	low	low	0.9753923459585017	26.602
logistic_regression	residue_residue	3	4	14	PV-008768827993	high	low	0.9941228857094434	31.294
logistic_regression	residue_residue	3	4	14	PV-008769162671	high	low	0.9310193508934981	29.721
logistic_regression	residue_residue	3	4	14	PV-008770025955	high	high	0.31178588483793007	30.748
logistic_regression	residue_residue	3	4	14	PV-008770425419	high	low	0.8881148535782974	30.17
logistic_regression	residue_residue	3	4	14	PV-008774327569	high	low	0.9978373127692937	29.469
logistic_regression	residue_residue	3	4	14	PV-008775077921	high	high	0.011511414231974012	30.519
logistic_regression	residue_residue	3	4	14	PV-008777526060	low	low	0.9994346702959194	26.121
logistic_regression	residue_residue	3	5	15	PV-008758737063	low	high	0.29237238100269086	26.733
logistic_regression	residue_residue	3	5	15	PV-008760775061	high	high	0.17187675184659337	30.605
logistic_regression	residue_residue	3	5	15	PV-008761814083	high	low	0.9602602330971692	29.812
logistic_regression	residue_residue	3	5	15	PV-008762892984	high	low	0.6648471518921852	29.335
logistic_regression	residue_residue	3	5	15	PV-008765810939	low	low	0.9541167663980206	26.93
logistic_regression	residue_residue	3	5	15	PV-008767128608	high	high	0.08190427591216813	29.84
logistic_regression	residue_residue	3	5	15	PV-008767411074	low	high	0.12179932445603094	25.829
logistic_regression	residue_residue	3	5	15	PV-008772956252	low	high	0.2118446208415475	26.244
logistic_regression	residue_residue	3	5	15	PV-008773714513	high	low	0.7238479881600283	30.963
logistic_regression	residue_residue	3	5	15	PV-008774016306	high	high	0.027082496086699617	29.522
logistic_regression	residue_residue	3	5	15	PV-008774017200	high	high	0.05540999613783895	29.068
logistic_regression	residue_residue	3	5	15	PV-008774877441	high	low	0.8980799432324225	30.193
logistic_regression	residue_residue	3	5	15	PV-008777014626	high	high	0.024322702307772576	30.475
logistic_regression	residue_residue	3	5	15	PV-008777721620	low	low	0.9906561444067353	27.427
logistic_regression	residue_residue	3	5	15	PV-008777921249	high	high	0.2436311684275029	29.695
logistic_regression	residue_residue	3	5	15	PV-008777921251	high	high	0.30002510961749884	30.401
logistic_regression	residue_residue	4	1	16	PV-008759292011	high	high	0.21556266650368183	29.61
logistic_regression	residue_residue	4	1	16	PV-008759682543	high	high	0.10113445108348192	32.137
logistic_regression	residue_residue	4	1	16	PV-008761610892	low	low	0.895744858477948	27.893
logistic_regression	residue_residue	4	1	16	PV-008761780644	high	high	0.15846440347081087	29.632
logistic_regression	residue_residue	4	1	16	PV-008761836160	low	low	0.7755882025176658	27.522
logistic_regression	residue_residue	4	1	16	PV-008763273438	low	high	0.271589898730037	25.65
logistic_regression	residue_residue	4	1	16	PV-008763640783	high	high	0.30616626647816836	31.361
logistic_regression	residue_residue	4	1	16	PV-008765546742	low	low	0.7672302469229875	25.418
logistic_regression	residue_residue	4	1	16	PV-008766033961	high	low	0.8610459185977218	30.263
logistic_regression	residue_residue	4	1	16	PV-008767128607	high	low	0.8101191305673204	31.252
logistic_regression	residue_residue	4	1	16	PV-008768638669	low	low	0.5669935358458356	26.353
logistic_regression	residue_residue	4	1	16	PV-008769142754	high	high	0.1567399722886489	30.459
logistic_regression	residue_residue	4	1	16	PV-008773819830	high	low	0.6029587628872604	30.808
logistic_regression	residue_residue	4	1	16	PV-008774016306	high	low	0.6547885783245538	29.522
logistic_regression	residue_residue	4	1	16	PV-008775010456	high	high	0.3156515164775805	29.724
logistic_regression	residue_residue	4	1	16	PV-008777807930	low	low	0.5211658875501178	26.571
logistic_regression	residue_residue	4	1	16	PV-008777921251	high	high	0.22815659235869049	30.401
logistic_regression	residue_residue	4	2	17	PV-008757900583	high	high	1.2625566012992315e-07	30.688
logistic_regression	residue_residue	4	2	17	PV-008759176601	high	high	3.750564736218717e-07	30.513
logistic_regression	residue_residue	4	2	17	PV-008760775061	high	low	0.999996653789094	30.605
logistic_regression	residue_residue	4	2	17	PV-008761814083	high	low	0.9962419328431432	29.812
logistic_regression	residue_residue	4	2	17	PV-008762155505	high	high	0.3151438574809785	29.702
logistic_regression	residue_residue	4	2	17	PV-008765179181	high	high	0.0034833886133375006	30.89
logistic_regression	residue_residue	4	2	17	PV-008765328058	high	high	0.1308616181600275	31.503
logistic_regression	residue_residue	4	2	17	PV-008768827993	high	low	0.7826440298995659	31.294
logistic_regression	residue_residue	4	2	17	PV-008769671712	low	low	0.9772211863838153	27.793
logistic_regression	residue_residue	4	2	17	PV-008769775183	high	high	3.0962160593462424e-07	30.149
logistic_regression	residue_residue	4	2	17	PV-008772956252	low	high	0.011802279768750765	26.244
logistic_regression	residue_residue	4	2	17	PV-008774877441	high	high	0.22109104993405335	30.193
logistic_regression	residue_residue	4	2	17	PV-008775077920	high	high	3.8472411191920445e-07	31.164
logistic_regression	residue_residue	4	2	17	PV-008776894421	high	high	6.107421773441156e-09	30.082
logistic_regression	residue_residue	4	2	17	PV-008777526060	low	low	0.999974435397267	26.121
logistic_regression	residue_residue	4	2	17	PV-008777721620	low	low	0.9999574206491422	27.427
logistic_regression	residue_residue	4	2	17	PV-008777921250	low	high	0.0011308404642536268	26.842
logistic_regression	residue_residue	4	3	18	PV-008757770384	low	high	0.4247665906547795	26.218
logistic_regression	residue_residue	4	3	18	PV-008758448064	low	high	0.3610034614755422	27.958
logistic_regression	residue_residue	4	3	18	PV-008758737063	low	high	0.19908263090171913	26.733
logistic_regression	residue_residue	4	3	18	PV-008760598416	high	low	0.5580301133669867	30.161
logistic_regression	residue_residue	4	3	18	PV-008761084195	high	low	0.9039123779287985	29.846
logistic_regression	residue_residue	4	3	18	PV-008762348949	high	high	0.1874783087868703	31.505
logistic_regression	residue_residue	4	3	18	PV-008762980755	high	high	0.14655013336884	30.176
logistic_regression	residue_residue	4	3	18	PV-008763200437	low	low	0.852584286457369	25.601
logistic_regression	residue_residue	4	3	18	PV-008764318424	high	high	0.18147443150457537	30.931
logistic_regression	residue_residue	4	3	18	PV-008765810937	high	high	0.46212304179277963	30.42
logistic_regression	residue_residue	4	3	18	PV-008765810938	high	high	0.4484972408516459	31.158
logistic_regression	residue_residue	4	3	18	PV-008767411074	low	high	0.21149117806073348	25.829
logistic_regression	residue_residue	4	3	18	PV-008770025955	high	high	0.22988106778823533	30.748
logistic_regression	residue_residue	4	3	18	PV-008770637437	high	high	0.48528959825913426	29.724
logistic_regression	residue_residue	4	3	18	PV-008774133588	high	low	0.8526716395757559	30.879
logistic_regression	residue_residue	4	3	18	PV-008774327569	high	high	0.30716293595589056	29.469
logistic_regression	residue_residue	4	3	18	PV-008777014626	high	low	0.7539221583285263	30.475
logistic_regression	residue_residue	4	4	19	PV-008758319457	high	high	0.07464233969486396	30.362
logistic_regression	residue_residue	4	4	19	PV-008759292012	low	low	0.9494029429858283	25.739
logistic_regression	residue_residue	4	4	19	PV-008761780643	low	high	0.06015473551917561	27.212
logistic_regression	residue_residue	4	4	19	PV-008761836158	high	high	0.03342910005042686	29.782
logistic_regression	residue_residue	4	4	19	PV-008763360353	low	high	0.09886227319706757	27.047
logistic_regression	residue_residue	4	4	19	PV-008763640784	high	low	0.544279233449654	32.232
logistic_regression	residue_residue	4	4	19	PV-008766013536	low	low	0.8945390204850481	27.56
logistic_regression	residue_residue	4	4	19	PV-008767251949	high	high	0.12201544761384397	31.155
logistic_regression	residue_residue	4	4	19	PV-008769162671	high	low	0.7196307803951024	29.721
logistic_regression	residue_residue	4	4	19	PV-008770311606	high	low	0.6404163747351405	30.289
logistic_regression	residue_residue	4	4	19	PV-008770425419	high	high	0.12811365608634315	30.17
logistic_regression	residue_residue	4	4	19	PV-008773613007	high	high	0.16468527992290682	31.056
logistic_regression	residue_residue	4	4	19	PV-008773714513	high	low	0.6784789139367962	30.963
logistic_regression	residue_residue	4	4	19	PV-008773717469	high	high	0.0010908852798846246	29.334
logistic_regression	residue_residue	4	4	19	PV-008777518351	low	low	0.9790319941799284	27.822
logistic_regression	residue_residue	4	4	19	PV-008777921249	high	high	0.013369138231965864	29.695
logistic_regression	residue_residue	4	5	20	PV-008758567449	high	high	0.0003068353060383026	31.089
logistic_regression	residue_residue	4	5	20	PV-008760102914	high	low	0.8377776985662627	30.869
logistic_regression	residue_residue	4	5	20	PV-008762892984	high	high	0.007093667916863596	29.335
logistic_regression	residue_residue	4	5	20	PV-008763728970	high	high	0.00321024769592125	29.474
logistic_regression	residue_residue	4	5	20	PV-008765810939	low	high	0.4565852186649314	26.93
logistic_regression	residue_residue	4	5	20	PV-008767128608	high	high	0.0005425172105126193	29.84
logistic_regression	residue_residue	4	5	20	PV-008767544594	high	low	0.9243943179147184	30.331
logistic_regression	residue_residue	4	5	20	PV-008767612180	low	low	0.8746454725483579	26.602
logistic_regression	residue_residue	4	5	20	PV-008768515159	high	high	0.027365215783200177	30.334
logistic_regression	residue_residue	4	5	20	PV-008770051954	low	high	0.3283748890058632	26.15
logistic_regression	residue_residue	4	5	20	PV-008772811922	high	high	0.0005052202565833934	30.87
logistic_regression	residue_residue	4	5	20	PV-008773400095	high	high	0.0010087630400127195	30.334
logistic_regression	residue_residue	4	5	20	PV-008773530883	low	low	0.9985776364008301	26.897
logistic_regression	residue_residue	4	5	20	PV-008774017200	high	high	0.39057382747875435	29.068
logistic_regression	residue_residue	4	5	20	PV-008775077921	high	high	0.013506845006849354	30.519
logistic_regression	residue_residue	4	5	20	PV-008775091835	low	high	0.061524621013733884	26.242
logistic_regression	residue_residue	5	1	21	PV-008757900583	high	high	0.002238330966260625	30.688
logistic_regression	residue_residue	5	1	21	PV-008760102914	high	high	0.013326795582653164	30.869
logistic_regression	residue_residue	5	1	21	PV-008763360353	low	high	0.2123023324386935	27.047
logistic_regression	residue_residue	5	1	21	PV-008763640783	high	high	0.00634188549756497	31.361
logistic_regression	residue_residue	5	1	21	PV-008763640784	high	high	0.11598935226801	32.232
logistic_regression	residue_residue	5	1	21	PV-008764318424	high	high	0.00011136849471944685	30.931
logistic_regression	residue_residue	5	1	21	PV-008767128607	high	low	0.5148762403810403	31.252
logistic_regression	residue_residue	5	1	21	PV-008767128608	high	low	0.6648630276988735	29.84
logistic_regression	residue_residue	5	1	21	PV-008768515159	high	low	0.78571293124547	30.334
logistic_regression	residue_residue	5	1	21	PV-008768827993	high	high	0.2782963425431973	31.294
logistic_regression	residue_residue	5	1	21	PV-008769671712	low	low	0.9950610480610448	27.793
logistic_regression	residue_residue	5	1	21	PV-008770051954	low	low	0.8983730233122146	26.15
logistic_regression	residue_residue	5	1	21	PV-008770425419	high	low	0.8702926292452947	30.17
logistic_regression	residue_residue	5	1	21	PV-008774327569	high	low	0.5496290191905598	29.469
logistic_regression	residue_residue	5	1	21	PV-008775091835	low	high	0.43407507876742324	26.242
logistic_regression	residue_residue	5	1	21	PV-008777721620	low	low	0.9990402212130595	27.427
logistic_regression	residue_residue	5	1	21	PV-008777921250	low	high	0.14094605164777518	26.842
logistic_regression	residue_residue	5	2	22	PV-008757770384	low	low	0.9069302499671857	26.218
logistic_regression	residue_residue	5	2	22	PV-008758448064	low	low	0.9998292570583281	27.958
logistic_regression	residue_residue	5	2	22	PV-008759292011	high	high	0.007099388653734983	29.61
logistic_regression	residue_residue	5	2	22	PV-008759292012	low	low	0.9999999882551093	25.739
logistic_regression	residue_residue	5	2	22	PV-008759682543	high	high	2.4262572443172697e-10	32.137
logistic_regression	residue_residue	5	2	22	PV-008760775061	high	low	0.9999999008904639	30.605
logistic_regression	residue_residue	5	2	22	PV-008761610892	low	low	1.0	27.893
logistic_regression	residue_residue	5	2	22	PV-008761780643	low	high	0.0019236718155498835	27.212
logistic_regression	residue_residue	5	2	22	PV-008762155505	high	high	0.09103536747570755	29.702
logistic_regression	residue_residue	5	2	22	PV-008762980755	high	high	1.972261126537613e-09	30.176
logistic_regression	residue_residue	5	2	22	PV-008765328058	high	high	0.14399916996982715	31.503
logistic_regression	residue_residue	5	2	22	PV-008767251949	high	high	3.1415465597207723e-07	31.155
logistic_regression	residue_residue	5	2	22	PV-008769162671	high	low	0.9999999910678258	29.721
logistic_regression	residue_residue	5	2	22	PV-008772811922	high	high	7.649496915216571e-08	30.87
logistic_regression	residue_residue	5	2	22	PV-008774133588	high	high	3.19544385006812e-11	30.879
logistic_regression	residue_residue	5	2	22	PV-008775010456	high	high	1.3437358705708697e-10	29.724
logistic_regression	residue_residue	5	2	22	PV-008775077921	high	high	1.3712241827254446e-05	30.519
logistic_regression	residue_residue	5	3	23	PV-008761814083	high	low	0.6816258861908034	29.812
logistic_regression	residue_residue	5	3	23	PV-008761836160	low	high	0.15748648682890054	27.522
logistic_regression	residue_residue	5	3	23	PV-008762348949	high	high	0.29748117624337667	31.505
logistic_regression	residue_residue	5	3	23	PV-008762892984	high	high	0.1797610306408504	29.335
logistic_regression	residue_residue	5	3	23	PV-008765179181	high	high	0.39005015523012004	30.89
logistic_regression	residue_residue	5	3	23	PV-008765810939	low	low	0.9487966939877178	26.93
logistic_regression	residue_residue	5	3	23	PV-008766013536	low	low	0.9326377552092767	27.56
logistic_regression	residue_residue	5	3	23	PV-008769775183	high	high	0.10954958317992787	30.149
logistic_regression	residue_residue	5	3	23	PV-008770311606	high	low	0.5671041654505002	30.289
logistic_regression	residue_residue	5	3	23	PV-008773530883	low	low	0.8553268306028015	26.897
logistic_regression	residue_residue	5	3	23	PV-008773613007	high	low	0.535329426662708	31.056
logistic_regression	residue_residue	5	3	23	PV-008774017200	high	low	0.741457948205569	29.068
logistic_regression	residue_residue	5	3	23	PV-008775077920	high	high	0.46601017702597486	31.164
logistic_regression	residue_residue	5	3	23	PV-008777014626	high	high	0.2154326530895109	30.475
logistic_regression	residue_residue	5	3	23	PV-008777526060	low	high	0.4231109192170276	26.121
logistic_regression	residue_residue	5	3	23	PV-008777921249	high	high	0.08009976038526641	29.695
logistic_regression	residue_residue	5	3	23	PV-008777921251	high	high	0.4668746376356263	30.401
logistic_regression	residue_residue	5	4	24	PV-008758567449	high	high	0.1371906359514932	31.089
logistic_regression	residue_residue	5	4	24	PV-008759176601	high	high	0.09637161694718341	30.513
logistic_regression	residue_residue	5	4	24	PV-008760598416	high	high	0.3979954408086083	30.161
logistic_regression	residue_residue	5	4	24	PV-008761084195	high	high	0.18188270429772727	29.846
logistic_regression	residue_residue	5	4	24	PV-008761780644	high	high	0.0015266170708394644	29.632
logistic_regression	residue_residue	5	4	24	PV-008763200437	low	low	0.9987176034613167	25.601
logistic_regression	residue_residue	5	4	24	PV-008763273438	low	high	0.25136500149091956	25.65
logistic_regression	residue_residue	5	4	24	PV-008765810938	high	high	0.0038102527472054456	31.158
logistic_regression	residue_residue	5	4	24	PV-008766033961	high	low	0.9987339229731014	30.263
logistic_regression	residue_residue	5	4	24	PV-008767544594	high	high	0.353864010799971	30.331
logistic_regression	residue_residue	5	4	24	PV-008768638669	low	low	0.667890862121176	26.353
logistic_regression	residue_residue	5	4	24	PV-008770025955	high	high	0.32927611422557856	30.748
logistic_regression	residue_residue	5	4	24	PV-008772956252	low	high	0.4060590218130322	26.244
logistic_regression	residue_residue	5	4	24	PV-008773714513	high	low	0.8849452102658726	30.963
logistic_regression	residue_residue	5	4	24	PV-008774016306	high	high	0.0752555185924992	29.522
logistic_regression	residue_residue	5	4	24	PV-008777807930	low	high	0.40227845868885953	26.571
logistic_regression	residue_residue	5	5	25	PV-008758319457	high	high	2.047352508158453e-09	30.362
logistic_regression	residue_residue	5	5	25	PV-008758737063	low	high	0.11425237483382364	26.733
logistic_regression	residue_residue	5	5	25	PV-008761836158	high	high	1.5831797748252277e-07	29.782
logistic_regression	residue_residue	5	5	25	PV-008763728970	high	high	1.3695335864074332e-08	29.474
logistic_regression	residue_residue	5	5	25	PV-008765546742	low	low	0.9999890373455572	25.418
logistic_regression	residue_residue	5	5	25	PV-008765810937	high	low	0.5120312317359589	30.42
logistic_regression	residue_residue	5	5	25	PV-008767411074	low	high	9.117718437205098e-07	25.829
logistic_regression	residue_residue	5	5	25	PV-008767612180	low	high	0.052440085935033035	26.602
logistic_regression	residue_residue	5	5	25	PV-008769142754	high	low	0.9723901458670983	30.459
logistic_regression	residue_residue	5	5	25	PV-008770637437	high	high	0.008625570580092674	29.724
logistic_regression	residue_residue	5	5	25	PV-008773400095	high	high	0.015529339568123813	30.334
logistic_regression	residue_residue	5	5	25	PV-008773717469	high	high	8.686085400052014e-05	29.334
logistic_regression	residue_residue	5	5	25	PV-008773819830	high	high	0.003307048513191154	30.808
logistic_regression	residue_residue	5	5	25	PV-008774877441	high	high	0.0013078502666587662	30.193
logistic_regression	residue_residue	5	5	25	PV-008776894421	high	high	0.03211149857519984	30.082
logistic_regression	residue_residue	5	5	25	PV-008777518351	low	low	0.9999263642939434	27.822
logistic_regression	combined_all	1	1	1	PV-008757900583	high	high	0.06781728315970915	30.688
logistic_regression	combined_all	1	1	1	PV-008758737063	low	high	0.30637155387591947	26.733
logistic_regression	combined_all	1	1	1	PV-008759176601	high	high	0.41565395912885095	30.513
logistic_regression	combined_all	1	1	1	PV-008760102914	high	high	0.4484821467544752	30.869
logistic_regression	combined_all	1	1	1	PV-008761836158	high	high	0.14297594310115652	29.782
logistic_regression	combined_all	1	1	1	PV-008762348949	high	high	0.10159442295920915	31.505
logistic_regression	combined_all	1	1	1	PV-008763200437	low	low	0.9549191434453277	25.601
logistic_regression	combined_all	1	1	1	PV-008763360353	low	high	0.3088903619788749	27.047
logistic_regression	combined_all	1	1	1	PV-008765546742	low	low	0.8668866140369286	25.418
logistic_regression	combined_all	1	1	1	PV-008766033961	high	low	0.8587376317343376	30.263
logistic_regression	combined_all	1	1	1	PV-008767411074	low	high	0.12706849997620884	25.829
logistic_regression	combined_all	1	1	1	PV-008767612180	low	high	0.4536446878404364	26.602
logistic_regression	combined_all	1	1	1	PV-008769142754	high	low	0.6053111674298719	30.459
logistic_regression	combined_all	1	1	1	PV-008770425419	high	low	0.5622007312144823	30.17
logistic_regression	combined_all	1	1	1	PV-008773400095	high	high	0.31691896796106916	30.334
logistic_regression	combined_all	1	1	1	PV-008773714513	high	low	0.634952797715073	30.963
logistic_regression	combined_all	1	1	1	PV-008773819830	high	high	0.16004207164208892	30.808
logistic_regression	combined_all	1	2	2	PV-008757770384	low	low	0.6745080787964158	26.218
logistic_regression	combined_all	1	2	2	PV-008758567449	high	low	0.5516487232236384	31.089
logistic_regression	combined_all	1	2	2	PV-008760775061	high	low	0.5497240508967561	30.605
logistic_regression	combined_all	1	2	2	PV-008761780643	low	high	0.4598444642821621	27.212
logistic_regression	combined_all	1	2	2	PV-008762892984	high	low	0.5387364567178899	29.335
logistic_regression	combined_all	1	2	2	PV-008765179181	high	low	0.5448445431712227	30.89
logistic_regression	combined_all	1	2	2	PV-008768827993	high	high	0.4834823066474127	31.294
logistic_regression	combined_all	1	2	2	PV-008770025955	high	high	0.3864729003597782	30.748
logistic_regression	combined_all	1	2	2	PV-008770637437	high	high	0.4381138259366326	29.724
logistic_regression	combined_all	1	2	2	PV-008773613007	high	low	0.5694854866407888	31.056
logistic_regression	combined_all	1	2	2	PV-008774133588	high	high	0.3760871629813629	30.879
logistic_regression	combined_all	1	2	2	PV-008774327569	high	low	0.6341964742293492	29.469
logistic_regression	combined_all	1	2	2	PV-008777518351	low	high	0.4509312476891912	27.822
logistic_regression	combined_all	1	2	2	PV-008777526060	low	high	0.47761142826592273	26.121
logistic_regression	combined_all	1	2	2	PV-008777921249	high	high	0.38751753849583986	29.695
logistic_regression	combined_all	1	2	2	PV-008777921250	low	high	0.4508693245304773	26.842
logistic_regression	combined_all	1	2	2	PV-008777921251	high	low	0.5873384647122686	30.401
logistic_regression	combined_all	1	3	3	PV-008758319457	high	high	0.4475221297725052	30.362
logistic_regression	combined_all	1	3	3	PV-008759292011	high	high	0.4492000339230735	29.61
logistic_regression	combined_all	1	3	3	PV-008760598416	high	high	0.4949439972408489	30.161
logistic_regression	combined_all	1	3	3	PV-008761610892	low	low	0.71284065466057	27.893
logistic_regression	combined_all	1	3	3	PV-008761814083	high	high	0.4943438577820252	29.812
logistic_regression	combined_all	1	3	3	PV-008761836160	low	low	0.5291597325119096	27.522
logistic_regression	combined_all	1	3	3	PV-008762980755	high	high	0.4927070495222443	30.176
logistic_regression	combined_all	1	3	3	PV-008763640784	high	low	0.5199370857806425	32.232
logistic_regression	combined_all	1	3	3	PV-008765810938	high	high	0.47095626982923694	31.158
logistic_regression	combined_all	1	3	3	PV-008765810939	low	high	0.49540169719022875	26.93
logistic_regression	combined_all	1	3	3	PV-008766013536	low	low	0.6033271861789147	27.56
logistic_regression	combined_all	1	3	3	PV-008767251949	high	high	0.49618143036429074	31.155
logistic_regression	combined_all	1	3	3	PV-008769162671	high	low	0.5286565935239929	29.721
logistic_regression	combined_all	1	3	3	PV-008774877441	high	low	0.5337174931144382	30.193
logistic_regression	combined_all	1	3	3	PV-008775077920	high	high	0.47278015607658175	31.164
logistic_regression	combined_all	1	3	3	PV-008776894421	high	high	0.4750019041052704	30.082
logistic_regression	combined_all	1	3	3	PV-008777721620	low	low	0.6030921898248186	27.427
logistic_regression	combined_all	1	4	4	PV-008758448064	low	high	0.2985684278355498	27.958
logistic_regression	combined_all	1	4	4	PV-008762155505	high	high	0.007753210462916005	29.702
logistic_regression	combined_all	1	4	4	PV-008763728970	high	high	0.3773039021914336	29.474
logistic_regression	combined_all	1	4	4	PV-008764318424	high	high	0.05005610531618721	30.931
logistic_regression	combined_all	1	4	4	PV-008765328058	high	low	0.912442131636541	31.503
logistic_regression	combined_all	1	4	4	PV-008765810937	high	high	0.1765080677220045	30.42
logistic_regression	combined_all	1	4	4	PV-008767128608	high	high	0.3085222016560874	29.84
logistic_regression	combined_all	1	4	4	PV-008769671712	low	high	0.01927018366566896	27.793
logistic_regression	combined_all	1	4	4	PV-008769775183	high	high	0.04881810849827102	30.149
logistic_regression	combined_all	1	4	4	PV-008772811922	high	high	0.23255098705893124	30.87
logistic_regression	combined_all	1	4	4	PV-008772956252	low	high	0.0013451799628744756	26.244
logistic_regression	combined_all	1	4	4	PV-008773717469	high	high	0.006953190511771102	29.334
logistic_regression	combined_all	1	4	4	PV-008775010456	high	high	0.05624931174479839	29.724
logistic_regression	combined_all	1	4	4	PV-008775091835	low	low	0.5488051412444078	26.242
logistic_regression	combined_all	1	4	4	PV-008777014626	high	high	0.0027260914501537566	30.475
logistic_regression	combined_all	1	4	4	PV-008777807930	low	high	0.16651250327331785	26.571
logistic_regression	combined_all	1	5	5	PV-008759292012	low	low	0.8721475962525753	25.739
logistic_regression	combined_all	1	5	5	PV-008759682543	high	high	0.005425550716963443	32.137
logistic_regression	combined_all	1	5	5	PV-008761084195	high	low	0.9533760310588557	29.846
logistic_regression	combined_all	1	5	5	PV-008761780644	high	high	0.06212315909418428	29.632
logistic_regression	combined_all	1	5	5	PV-008763273438	low	high	0.0638728190256741	25.65
logistic_regression	combined_all	1	5	5	PV-008763640783	high	high	0.011534990184774259	31.361
logistic_regression	combined_all	1	5	5	PV-008767128607	high	low	0.7898902786167173	31.252
logistic_regression	combined_all	1	5	5	PV-008767544594	high	low	0.7000218475811836	30.331
logistic_regression	combined_all	1	5	5	PV-008768515159	high	high	0.4196521016279106	30.334
logistic_regression	combined_all	1	5	5	PV-008768638669	low	high	0.33467274001246095	26.353
logistic_regression	combined_all	1	5	5	PV-008770051954	low	high	0.20975116960560233	26.15
logistic_regression	combined_all	1	5	5	PV-008770311606	high	low	0.7032017884066754	30.289
logistic_regression	combined_all	1	5	5	PV-008773530883	low	low	0.9662695500514071	26.897
logistic_regression	combined_all	1	5	5	PV-008774016306	high	high	0.033289956943373666	29.522
logistic_regression	combined_all	1	5	5	PV-008774017200	high	low	0.5860698587239651	29.068
logistic_regression	combined_all	1	5	5	PV-008775077921	high	high	0.04765387164574164	30.519
logistic_regression	combined_all	2	1	6	PV-008757770384	low	low	0.9592965263093007	26.218
logistic_regression	combined_all	2	1	6	PV-008758448064	low	high	0.05273340923792177	27.958
logistic_regression	combined_all	2	1	6	PV-008758737063	low	low	0.6995550433296355	26.733
logistic_regression	combined_all	2	1	6	PV-008759292012	low	low	0.9914813090562666	25.739
logistic_regression	combined_all	2	1	6	PV-008760102914	high	low	0.9648748313293125	30.869
logistic_regression	combined_all	2	1	6	PV-008760775061	high	low	0.9994878420432375	30.605
logistic_regression	combined_all	2	1	6	PV-008761836158	high	high	9.709914249934703e-05	29.782
logistic_regression	combined_all	2	1	6	PV-008761836160	low	low	0.9638431547110394	27.522
logistic_regression	combined_all	2	1	6	PV-008763640783	high	high	0.00010367751433212239	31.361
logistic_regression	combined_all	2	1	6	PV-008765328058	high	high	0.11267731347324118	31.503
logistic_regression	combined_all	2	1	6	PV-008768638669	low	low	0.9999465237092748	26.353
logistic_regression	combined_all	2	1	6	PV-008769162671	high	low	0.98685892378994	29.721
logistic_regression	combined_all	2	1	6	PV-008770311606	high	high	0.07642413404006013	30.289
logistic_regression	combined_all	2	1	6	PV-008774327569	high	high	0.12382165417657234	29.469
logistic_regression	combined_all	2	1	6	PV-008774877441	high	low	0.9988407623120025	30.193
logistic_regression	combined_all	2	1	6	PV-008775010456	high	high	8.00813531728526e-05	29.724
logistic_regression	combined_all	2	1	6	PV-008777921249	high	high	0.0015679330129289403	29.695
logistic_regression	combined_all	2	2	7	PV-008759292011	high	high	1.2988100016639605e-05	29.61
logistic_regression	combined_all	2	2	7	PV-008761610892	low	low	0.999999999955109	27.893
logistic_regression	combined_all	2	2	7	PV-008761814083	high	low	0.9301021217128421	29.812
logistic_regression	combined_all	2	2	7	PV-008762348949	high	high	5.097320048634318e-11	31.505
logistic_regression	combined_all	2	2	7	PV-008762892984	high	high	0.48435928032897585	29.335
logistic_regression	combined_all	2	2	7	PV-008763273438	low	low	0.99999572081201	25.65
logistic_regression	combined_all	2	2	7	PV-008763640784	high	high	7.518416373777657e-06	32.232
logistic_regression	combined_all	2	2	7	PV-008764318424	high	high	1.4551580717968653e-15	30.931
logistic_regression	combined_all	2	2	7	PV-008765179181	high	high	0.0035196283527774604	30.89
logistic_regression	combined_all	2	2	7	PV-008765810938	high	high	0.0006287499446720122	31.158
logistic_regression	combined_all	2	2	7	PV-008765810939	low	low	0.9991943353621844	26.93
logistic_regression	combined_all	2	2	7	PV-008767411074	low	high	0.0005302462317821706	25.829
logistic_regression	combined_all	2	2	7	PV-008769775183	high	high	6.213843642866421e-13	30.149
logistic_regression	combined_all	2	2	7	PV-008772811922	high	high	2.8568124481624904e-09	30.87
logistic_regression	combined_all	2	2	7	PV-008772956252	low	high	0.0013839588949665642	26.244
logistic_regression	combined_all	2	2	7	PV-008773819830	high	high	3.207042265270131e-08	30.808
logistic_regression	combined_all	2	2	7	PV-008774133588	high	high	2.008037981955442e-06	30.879
logistic_regression	combined_all	2	3	8	PV-008758319457	high	high	0.0007226004070182412	30.362
logistic_regression	combined_all	2	3	8	PV-008759176601	high	high	0.03220604441622997	30.513
logistic_regression	combined_all	2	3	8	PV-008759682543	high	high	0.015057463904154649	32.137
logistic_regression	combined_all	2	3	8	PV-008762980755	high	high	0.026217585446581898	30.176
logistic_regression	combined_all	2	3	8	PV-008763200437	low	low	0.9996375645430401	25.601
logistic_regression	combined_all	2	3	8	PV-008763360353	low	high	0.012478849353243615	27.047
logistic_regression	combined_all	2	3	8	PV-008765810937	high	high	0.3508127459069967	30.42
logistic_regression	combined_all	2	3	8	PV-008768515159	high	high	0.11251472324408074	30.334
logistic_regression	combined_all	2	3	8	PV-008770637437	high	high	0.13812072774888923	29.724
logistic_regression	combined_all	2	3	8	PV-008773613007	high	high	0.14310557899377105	31.056
logistic_regression	combined_all	2	3	8	PV-008773717469	high	high	0.020469912607644625	29.334
logistic_regression	combined_all	2	3	8	PV-008774017200	high	low	0.5121595534648555	29.068
logistic_regression	combined_all	2	3	8	PV-008775077920	high	high	0.1310117641322972	31.164
logistic_regression	combined_all	2	3	8	PV-008777518351	low	low	0.6819597671172863	27.822
logistic_regression	combined_all	2	3	8	PV-008777721620	low	low	0.9945409942609424	27.427
logistic_regression	combined_all	2	3	8	PV-008777807930	low	low	0.6110642002628949	26.571
logistic_regression	combined_all	2	3	8	PV-008777921251	high	high	0.12553000017608348	30.401
logistic_regression	combined_all	2	4	9	PV-008758567449	high	high	0.07852793267428536	31.089
logistic_regression	combined_all	2	4	9	PV-008761780643	low	high	0.019229933191934313	27.212
logistic_regression	combined_all	2	4	9	PV-008761780644	high	high	1.1176740915293181e-05	29.632
logistic_regression	combined_all	2	4	9	PV-008767251949	high	high	0.005770689940509727	31.155
logistic_regression	combined_all	2	4	9	PV-008767544594	high	low	0.5027343846821392	30.331
logistic_regression	combined_all	2	4	9	PV-008767612180	low	low	0.9081721199267532	26.602
logistic_regression	combined_all	2	4	9	PV-008769142754	high	high	0.10905714816660847	30.459
logistic_regression	combined_all	2	4	9	PV-008769671712	low	low	0.9999548888148827	27.793
logistic_regression	combined_all	2	4	9	PV-008770025955	high	high	0.019654408233761748	30.748
logistic_regression	combined_all	2	4	9	PV-008773400095	high	high	0.0013854196231808927	30.334
logistic_regression	combined_all	2	4	9	PV-008773714513	high	low	0.9828122844803892	30.963
logistic_regression	combined_all	2	4	9	PV-008775077921	high	high	0.0019469028878792778	30.519
logistic_regression	combined_all	2	4	9	PV-008776894421	high	high	0.03946470421793816	30.082
logistic_regression	combined_all	2	4	9	PV-008777014626	high	high	7.573794504557318e-05	30.475
logistic_regression	combined_all	2	4	9	PV-008777526060	low	low	0.9994764931335084	26.121
logistic_regression	combined_all	2	4	9	PV-008777921250	low	low	0.9876826256226139	26.842
logistic_regression	combined_all	2	5	10	PV-008757900583	high	high	0.016441807909679942	30.688
logistic_regression	combined_all	2	5	10	PV-008760598416	high	high	0.07520668243865046	30.161
logistic_regression	combined_all	2	5	10	PV-008761084195	high	low	0.6574946501398833	29.846
logistic_regression	combined_all	2	5	10	PV-008762155505	high	low	0.5410056361420431	29.702
logistic_regression	combined_all	2	5	10	PV-008763728970	high	high	0.23979487462013535	29.474
logistic_regression	combined_all	2	5	10	PV-008765546742	low	high	0.1871326376270706	25.418
logistic_regression	combined_all	2	5	10	PV-008766013536	low	high	0.2543292561864877	27.56
logistic_regression	combined_all	2	5	10	PV-008766033961	high	high	0.2971557941749633	30.263
logistic_regression	combined_all	2	5	10	PV-008767128607	high	high	0.3532422230104259	31.252
logistic_regression	combined_all	2	5	10	PV-008767128608	high	low	0.5428995093111232	29.84
logistic_regression	combined_all	2	5	10	PV-008768827993	high	low	0.883856421678343	31.294
logistic_regression	combined_all	2	5	10	PV-008770051954	low	high	0.17870096177087227	26.15
logistic_regression	combined_all	2	5	10	PV-008770425419	high	low	0.925808536259132	30.17
logistic_regression	combined_all	2	5	10	PV-008773530883	low	low	0.6834104192364518	26.897
logistic_regression	combined_all	2	5	10	PV-008774016306	high	high	0.1371525277361833	29.522
logistic_regression	combined_all	2	5	10	PV-008775091835	low	low	0.5043974483452616	26.242
logistic_regression	combined_all	3	1	11	PV-008758319457	high	high	8.373551774807725e-06	30.362
logistic_regression	combined_all	3	1	11	PV-008759292011	high	high	9.725104815026533e-08	29.61
logistic_regression	combined_all	3	1	11	PV-008759682543	high	high	1.1105020346489003e-06	32.137
logistic_regression	combined_all	3	1	11	PV-008761780643	low	high	7.473276641439723e-05	27.212
logistic_regression	combined_all	3	1	11	PV-008761836160	low	low	0.8640702382829704	27.522
logistic_regression	combined_all	3	1	11	PV-008762980755	high	high	1.6068091436987284e-05	30.176
logistic_regression	combined_all	3	1	11	PV-008763360353	low	high	0.00010117723474409596	27.047
logistic_regression	combined_all	3	1	11	PV-008765810938	high	high	0.00100974420647033	31.158
logistic_regression	combined_all	3	1	11	PV-008768515159	high	low	0.740854570705263	30.334
logistic_regression	combined_all	3	1	11	PV-008768638669	low	low	0.9808483075065109	26.353
logistic_regression	combined_all	3	1	11	PV-008769142754	high	low	0.5197847426927468	30.459
logistic_regression	combined_all	3	1	11	PV-008769775183	high	high	1.3964966214979486e-05	30.149
logistic_regression	combined_all	3	1	11	PV-008772811922	high	high	0.006217833899548945	30.87
logistic_regression	combined_all	3	1	11	PV-008773530883	low	low	0.9240131136107307	26.897
logistic_regression	combined_all	3	1	11	PV-008775010456	high	high	1.0359625301312881e-06	29.724
logistic_regression	combined_all	3	1	11	PV-008775077920	high	high	0.006925423368701526	31.164
logistic_regression	combined_all	3	1	11	PV-008777921250	low	high	0.07599881992354918	26.842
logistic_regression	combined_all	3	2	12	PV-008757770384	low	low	0.5849623259308909	26.218
logistic_regression	combined_all	3	2	12	PV-008757900583	high	high	0.0527887244982368	30.688
logistic_regression	combined_all	3	2	12	PV-008758567449	high	high	0.1698302403227334	31.089
logistic_regression	combined_all	3	2	12	PV-008761084195	high	low	0.9011632544931067	29.846
logistic_regression	combined_all	3	2	12	PV-008761836158	high	low	0.5092345460963478	29.782
logistic_regression	combined_all	3	2	12	PV-008762155505	high	low	0.6226415992000215	29.702
logistic_regression	combined_all	3	2	12	PV-008762348949	high	high	0.007972578434862602	31.505
logistic_regression	combined_all	3	2	12	PV-008763728970	high	high	0.21130745859766786	29.474
logistic_regression	combined_all	3	2	12	PV-008765810937	high	low	0.8124218455109505	30.42
logistic_regression	combined_all	3	2	12	PV-008766013536	low	low	0.6109074824904756	27.56
logistic_regression	combined_all	3	2	12	PV-008769671712	low	high	0.2593763244642084	27.793
logistic_regression	combined_all	3	2	12	PV-008770637437	high	high	0.31765212402119386	29.724
logistic_regression	combined_all	3	2	12	PV-008773717469	high	high	0.15952993362858317	29.334
logistic_regression	combined_all	3	2	12	PV-008774133588	high	high	0.2566461839173319	30.879
logistic_regression	combined_all	3	2	12	PV-008775091835	low	high	0.4172017412839911	26.242
logistic_regression	combined_all	3	2	12	PV-008776894421	high	high	0.3089319969345799	30.082
logistic_regression	combined_all	3	2	12	PV-008777518351	low	low	0.5123293671037223	27.822
logistic_regression	combined_all	3	3	13	PV-008758448064	low	low	0.6840102829518098	27.958
logistic_regression	combined_all	3	3	13	PV-008759176601	high	high	2.2223449655224844e-07	30.513
logistic_regression	combined_all	3	3	13	PV-008759292012	low	low	0.9999997577445007	25.739
logistic_regression	combined_all	3	3	13	PV-008760598416	high	high	0.006861625439137339	30.161
logistic_regression	combined_all	3	3	13	PV-008763200437	low	low	0.9999999999984586	25.601
logistic_regression	combined_all	3	3	13	PV-008764318424	high	high	2.0129789110692053e-12	30.931
logistic_regression	combined_all	3	3	13	PV-008765179181	high	high	0.02577039333360842	30.89
logistic_regression	combined_all	3	3	13	PV-008766033961	high	low	0.9999999928114671	30.263
logistic_regression	combined_all	3	3	13	PV-008767128607	high	low	0.9985755642838247	31.252
logistic_regression	combined_all	3	3	13	PV-008767251949	high	high	6.863563083150128e-06	31.155
logistic_regression	combined_all	3	3	13	PV-008767544594	high	low	0.9972705622414204	30.331
logistic_regression	combined_all	3	3	13	PV-008770051954	low	high	0.02981561118712308	26.15
logistic_regression	combined_all	3	3	13	PV-008770311606	high	high	0.05243406232358038	30.289
logistic_regression	combined_all	3	3	13	PV-008773400095	high	high	3.38653132464717e-06	30.334
logistic_regression	combined_all	3	3	13	PV-008773613007	high	low	0.9999988744828481	31.056
logistic_regression	combined_all	3	3	13	PV-008773819830	high	low	0.9985684494427821	30.808
logistic_regression	combined_all	3	3	13	PV-008777807930	low	low	0.9960172869596273	26.571
logistic_regression	combined_all	3	4	14	PV-008760102914	high	low	0.6505512075975075	30.869
logistic_regression	combined_all	3	4	14	PV-008761610892	low	low	0.9749384340918733	27.893
logistic_regression	combined_all	3	4	14	PV-008761780644	high	high	0.014014974927306703	29.632
logistic_regression	combined_all	3	4	14	PV-008763273438	low	high	0.012356753579819952	25.65
logistic_regression	combined_all	3	4	14	PV-008763640783	high	high	0.04804403899328514	31.361
logistic_regression	combined_all	3	4	14	PV-008763640784	high	high	0.00019143939311650005	32.232
logistic_regression	combined_all	3	4	14	PV-008765328058	high	low	0.6776046220249448	31.503
logistic_regression	combined_all	3	4	14	PV-008765546742	low	high	0.3280869647713315	25.418
logistic_regression	combined_all	3	4	14	PV-008767612180	low	low	0.9753923459585017	26.602
logistic_regression	combined_all	3	4	14	PV-008768827993	high	low	0.9941228857094434	31.294
logistic_regression	combined_all	3	4	14	PV-008769162671	high	low	0.9310193508934981	29.721
logistic_regression	combined_all	3	4	14	PV-008770025955	high	high	0.31178588483793007	30.748
logistic_regression	combined_all	3	4	14	PV-008770425419	high	low	0.8881148535782974	30.17
logistic_regression	combined_all	3	4	14	PV-008774327569	high	low	0.9978373127692937	29.469
logistic_regression	combined_all	3	4	14	PV-008775077921	high	high	0.011511414231974012	30.519
logistic_regression	combined_all	3	4	14	PV-008777526060	low	low	0.9994346702959194	26.121
logistic_regression	combined_all	3	5	15	PV-008758737063	low	high	0.31025208940915455	26.733
logistic_regression	combined_all	3	5	15	PV-008760775061	high	high	0.4304852463734314	30.605
logistic_regression	combined_all	3	5	15	PV-008761814083	high	low	0.9529735975619625	29.812
logistic_regression	combined_all	3	5	15	PV-008762892984	high	low	0.5302008177197817	29.335
logistic_regression	combined_all	3	5	15	PV-008765810939	low	low	0.9591661132346277	26.93
logistic_regression	combined_all	3	5	15	PV-008767128608	high	high	0.0771385248593758	29.84
logistic_regression	combined_all	3	5	15	PV-008767411074	low	high	0.11742921207640372	25.829
logistic_regression	combined_all	3	5	15	PV-008772956252	low	high	0.23709349995800064	26.244
logistic_regression	combined_all	3	5	15	PV-008773714513	high	low	0.6192054001716395	30.963
logistic_regression	combined_all	3	5	15	PV-008774016306	high	high	0.0319668149596263	29.522
logistic_regression	combined_all	3	5	15	PV-008774017200	high	high	0.03139292033408329	29.068
logistic_regression	combined_all	3	5	15	PV-008774877441	high	low	0.8181625970698864	30.193
logistic_regression	combined_all	3	5	15	PV-008777014626	high	high	0.02024085787150861	30.475
logistic_regression	combined_all	3	5	15	PV-008777721620	low	low	0.9880733891597785	27.427
logistic_regression	combined_all	3	5	15	PV-008777921249	high	high	0.24566492845181823	29.695
logistic_regression	combined_all	3	5	15	PV-008777921251	high	high	0.26962682743880967	30.401
logistic_regression	combined_all	4	1	16	PV-008759292011	high	high	0.21556266650368183	29.61
logistic_regression	combined_all	4	1	16	PV-008759682543	high	high	0.10113445108348192	32.137
logistic_regression	combined_all	4	1	16	PV-008761610892	low	low	0.895744858477948	27.893
logistic_regression	combined_all	4	1	16	PV-008761780644	high	high	0.15846440347081087	29.632
logistic_regression	combined_all	4	1	16	PV-008761836160	low	low	0.7755882025176658	27.522
logistic_regression	combined_all	4	1	16	PV-008763273438	low	high	0.271589898730037	25.65
logistic_regression	combined_all	4	1	16	PV-008763640783	high	high	0.30616626647816836	31.361
logistic_regression	combined_all	4	1	16	PV-008765546742	low	low	0.7672302469229875	25.418
logistic_regression	combined_all	4	1	16	PV-008766033961	high	low	0.8610459185977218	30.263
logistic_regression	combined_all	4	1	16	PV-008767128607	high	low	0.8101191305673204	31.252
logistic_regression	combined_all	4	1	16	PV-008768638669	low	low	0.5669935358458356	26.353
logistic_regression	combined_all	4	1	16	PV-008769142754	high	high	0.1567399722886489	30.459
logistic_regression	combined_all	4	1	16	PV-008773819830	high	low	0.6029587628872604	30.808
logistic_regression	combined_all	4	1	16	PV-008774016306	high	low	0.6547885783245538	29.522
logistic_regression	combined_all	4	1	16	PV-008775010456	high	high	0.3156515164775805	29.724
logistic_regression	combined_all	4	1	16	PV-008777807930	low	low	0.5211658875501178	26.571
logistic_regression	combined_all	4	1	16	PV-008777921251	high	high	0.22815659235869049	30.401
logistic_regression	combined_all	4	2	17	PV-008757900583	high	high	0.12122095221798727	30.688
logistic_regression	combined_all	4	2	17	PV-008759176601	high	low	0.5992816612204396	30.513
logistic_regression	combined_all	4	2	17	PV-008760775061	high	high	0.34877042918270756	30.605
logistic_regression	combined_all	4	2	17	PV-008761814083	high	low	0.5949191969820506	29.812
logistic_regression	combined_all	4	2	17	PV-008762155505	high	high	0.49241725137755343	29.702
logistic_regression	combined_all	4	2	17	PV-008765179181	high	low	0.5635169407826359	30.89
logistic_regression	combined_all	4	2	17	PV-008765328058	high	low	0.8371814095443437	31.503
logistic_regression	combined_all	4	2	17	PV-008768827993	high	high	0.341091939083881	31.294
logistic_regression	combined_all	4	2	17	PV-008769671712	low	high	0.450493718534499	27.793
logistic_regression	combined_all	4	2	17	PV-008769775183	high	high	0.04674232398266268	30.149
logistic_regression	combined_all	4	2	17	PV-008772956252	low	high	0.25690045350762253	26.244
logistic_regression	combined_all	4	2	17	PV-008774877441	high	high	0.3152190888138632	30.193
logistic_regression	combined_all	4	2	17	PV-008775077920	high	high	0.18635383238207193	31.164
logistic_regression	combined_all	4	2	17	PV-008776894421	high	high	0.0425829804022882	30.082
logistic_regression	combined_all	4	2	17	PV-008777526060	low	high	0.38763976370962483	26.121
logistic_regression	combined_all	4	2	17	PV-008777721620	low	low	0.805483554907193	27.427
logistic_regression	combined_all	4	2	17	PV-008777921250	low	high	0.24494755931554205	26.842
logistic_regression	combined_all	4	3	18	PV-008757770384	low	high	0.4247665906547795	26.218
logistic_regression	combined_all	4	3	18	PV-008758448064	low	high	0.3610034614755422	27.958
logistic_regression	combined_all	4	3	18	PV-008758737063	low	high	0.19908263090171913	26.733
logistic_regression	combined_all	4	3	18	PV-008760598416	high	low	0.5580301133669867	30.161
logistic_regression	combined_all	4	3	18	PV-008761084195	high	low	0.9039123779287985	29.846
logistic_regression	combined_all	4	3	18	PV-008762348949	high	high	0.1874783087868703	31.505
logistic_regression	combined_all	4	3	18	PV-008762980755	high	high	0.14655013336884	30.176
logistic_regression	combined_all	4	3	18	PV-008763200437	low	low	0.852584286457369	25.601
logistic_regression	combined_all	4	3	18	PV-008764318424	high	high	0.18147443150457537	30.931
logistic_regression	combined_all	4	3	18	PV-008765810937	high	high	0.46212304179277963	30.42
logistic_regression	combined_all	4	3	18	PV-008765810938	high	high	0.4484972408516459	31.158
logistic_regression	combined_all	4	3	18	PV-008767411074	low	high	0.21149117806073348	25.829
logistic_regression	combined_all	4	3	18	PV-008770025955	high	high	0.22988106778823533	30.748
logistic_regression	combined_all	4	3	18	PV-008770637437	high	high	0.48528959825913426	29.724
logistic_regression	combined_all	4	3	18	PV-008774133588	high	low	0.8526716395757559	30.879
logistic_regression	combined_all	4	3	18	PV-008774327569	high	high	0.30716293595589056	29.469
logistic_regression	combined_all	4	3	18	PV-008777014626	high	low	0.7539221583285263	30.475
logistic_regression	combined_all	4	4	19	PV-008758319457	high	high	0.02870129868747186	30.362
logistic_regression	combined_all	4	4	19	PV-008759292012	low	low	0.9504517524883073	25.739
logistic_regression	combined_all	4	4	19	PV-008761780643	low	high	0.12437401923550745	27.212
logistic_regression	combined_all	4	4	19	PV-008761836158	high	high	0.013646689614031654	29.782
logistic_regression	combined_all	4	4	19	PV-008763360353	low	high	0.10837741112139161	27.047
logistic_regression	combined_all	4	4	19	PV-008763640784	high	high	0.45702860623065944	32.232
logistic_regression	combined_all	4	4	19	PV-008766013536	low	low	0.9052428573037983	27.56
logistic_regression	combined_all	4	4	19	PV-008767251949	high	high	0.06764444623628021	31.155
logistic_regression	combined_all	4	4	19	PV-008769162671	high	low	0.716547931418991	29.721
logistic_regression	combined_all	4	4	19	PV-008770311606	high	low	0.770360241086293	30.289
logistic_regression	combined_all	4	4	19	PV-008770425419	high	high	0.1225883710601901	30.17
logistic_regression	combined_all	4	4	19	PV-008773613007	high	high	0.15802044114589894	31.056
logistic_regression	combined_all	4	4	19	PV-008773714513	high	low	0.6288563594085521	30.963
logistic_regression	combined_all	4	4	19	PV-008773717469	high	high	0.0002732344686846333	29.334
logistic_regression	combined_all	4	4	19	PV-008777518351	low	low	0.9784094093122622	27.822
logistic_regression	combined_all	4	4	19	PV-008777921249	high	high	0.0377018075135606	29.695
logistic_regression	combined_all	4	5	20	PV-008758567449	high	high	0.10053175775815862	31.089
logistic_regression	combined_all	4	5	20	PV-008760102914	high	low	0.6985975162706561	30.869
logistic_regression	combined_all	4	5	20	PV-008762892984	high	high	0.1773703372582714	29.335
logistic_regression	combined_all	4	5	20	PV-008763728970	high	high	0.07101154008129766	29.474
logistic_regression	combined_all	4	5	20	PV-008765810939	low	high	0.47402234698071394	26.93
logistic_regression	combined_all	4	5	20	PV-008767128608	high	high	0.07602724389481423	29.84
logistic_regression	combined_all	4	5	20	PV-008767544594	high	low	0.7053614237120792	30.331
logistic_regression	combined_all	4	5	20	PV-008767612180	low	low	0.6626857495061729	26.602
logistic_regression	combined_all	4	5	20	PV-008768515159	high	high	0.1446787214313827	30.334
logistic_regression	combined_all	4	5	20	PV-008770051954	low	high	0.392406601363103	26.15
logistic_regression	combined_all	4	5	20	PV-008772811922	high	high	0.0531905519640995	30.87
logistic_regression	combined_all	4	5	20	PV-008773400095	high	high	0.07215495586959635	30.334
logistic_regression	combined_all	4	5	20	PV-008773530883	low	low	0.9316226425380486	26.897
logistic_regression	combined_all	4	5	20	PV-008774017200	high	low	0.5073416708066296	29.068
logistic_regression	combined_all	4	5	20	PV-008775077921	high	high	0.05585305434259344	30.519
logistic_regression	combined_all	4	5	20	PV-008775091835	low	high	0.25518411681754805	26.242
logistic_regression	combined_all	5	1	21	PV-008757900583	high	high	0.00042575472738116894	30.688
logistic_regression	combined_all	5	1	21	PV-008760102914	high	low	0.9862212145385468	30.869
logistic_regression	combined_all	5	1	21	PV-008763360353	low	high	0.2842762974401106	27.047
logistic_regression	combined_all	5	1	21	PV-008763640783	high	high	0.01940568929071609	31.361
logistic_regression	combined_all	5	1	21	PV-008763640784	high	high	0.4460746020206994	32.232
logistic_regression	combined_all	5	1	21	PV-008764318424	high	high	0.0009386637278540253	30.931
logistic_regression	combined_all	5	1	21	PV-008767128607	high	low	0.7185481466573926	31.252
logistic_regression	combined_all	5	1	21	PV-008767128608	high	high	0.45292562970997874	29.84
logistic_regression	combined_all	5	1	21	PV-008768515159	high	low	0.9660210130523662	30.334
logistic_regression	combined_all	5	1	21	PV-008768827993	high	high	0.09508856580315665	31.294
logistic_regression	combined_all	5	1	21	PV-008769671712	low	low	0.6407563907424478	27.793
logistic_regression	combined_all	5	1	21	PV-008770051954	low	low	0.802117006839076	26.15
logistic_regression	combined_all	5	1	21	PV-008770425419	high	low	0.8276345239306839	30.17
logistic_regression	combined_all	5	1	21	PV-008774327569	high	high	0.40900396869278405	29.469
logistic_regression	combined_all	5	1	21	PV-008775091835	low	high	0.06464156924692224	26.242
logistic_regression	combined_all	5	1	21	PV-008777721620	low	low	0.9988505493812674	27.427
logistic_regression	combined_all	5	1	21	PV-008777921250	low	low	0.7963774078035463	26.842
logistic_regression	combined_all	5	2	22	PV-008757770384	low	low	0.713246417617774	26.218
logistic_regression	combined_all	5	2	22	PV-008758448064	low	low	0.9874352980560405	27.958
logistic_regression	combined_all	5	2	22	PV-008759292011	high	high	0.10385343562821868	29.61
logistic_regression	combined_all	5	2	22	PV-008759292012	low	low	0.9998919888743192	25.739
logistic_regression	combined_all	5	2	22	PV-008759682543	high	high	1.8815487898351947e-05	32.137
logistic_regression	combined_all	5	2	22	PV-008760775061	high	low	0.9995380214448509	30.605
logistic_regression	combined_all	5	2	22	PV-008761610892	low	low	0.9999999999985747	27.893
logistic_regression	combined_all	5	2	22	PV-008761780643	low	high	0.042207381004722176	27.212
logistic_regression	combined_all	5	2	22	PV-008762155505	high	high	0.30594615254751545	29.702
logistic_regression	combined_all	5	2	22	PV-008762980755	high	high	9.298827337438282e-05	30.176
logistic_regression	combined_all	5	2	22	PV-008765328058	high	high	0.2998382064785809	31.503
logistic_regression	combined_all	5	2	22	PV-008767251949	high	high	0.0010608973040684235	31.155
logistic_regression	combined_all	5	2	22	PV-008769162671	high	low	0.999930330756586	29.721
logistic_regression	combined_all	5	2	22	PV-008772811922	high	high	0.0007070505193527655	30.87
logistic_regression	combined_all	5	2	22	PV-008774133588	high	high	6.781597278430614e-06	30.879
logistic_regression	combined_all	5	2	22	PV-008775010456	high	high	5.602949474043508e-05	29.724
logistic_regression	combined_all	5	2	22	PV-008775077921	high	high	0.004305194382944985	30.519
logistic_regression	combined_all	5	3	23	PV-008761814083	high	low	0.7602799813209029	29.812
logistic_regression	combined_all	5	3	23	PV-008761836160	low	high	0.01361812731492203	27.522
logistic_regression	combined_all	5	3	23	PV-008762348949	high	high	0.028385899741128793	31.505
logistic_regression	combined_all	5	3	23	PV-008762892984	high	high	0.07761179808292606	29.335
logistic_regression	combined_all	5	3	23	PV-008765179181	high	high	0.18831275134411446	30.89
logistic_regression	combined_all	5	3	23	PV-008765810939	low	low	0.9638621918809851	26.93
logistic_regression	combined_all	5	3	23	PV-008766013536	low	low	0.9972993954171007	27.56
logistic_regression	combined_all	5	3	23	PV-008769775183	high	high	0.019422529095789776	30.149
logistic_regression	combined_all	5	3	23	PV-008770311606	high	high	0.3012061625080398	30.289
logistic_regression	combined_all	5	3	23	PV-008773530883	low	low	0.9983269838312937	26.897
logistic_regression	combined_all	5	3	23	PV-008773613007	high	high	0.33237636734800835	31.056
logistic_regression	combined_all	5	3	23	PV-008774017200	high	low	0.5118291124571249	29.068
logistic_regression	combined_all	5	3	23	PV-008775077920	high	high	0.09852277126919216	31.164
logistic_regression	combined_all	5	3	23	PV-008777014626	high	high	0.03785888765512013	30.475
logistic_regression	combined_all	5	3	23	PV-008777526060	low	low	0.8284957631309975	26.121
logistic_regression	combined_all	5	3	23	PV-008777921249	high	high	0.0068030926356583196	29.695
logistic_regression	combined_all	5	3	23	PV-008777921251	high	high	0.17431790881406273	30.401
logistic_regression	combined_all	5	4	24	PV-008758567449	high	high	0.007029479055762649	31.089
logistic_regression	combined_all	5	4	24	PV-008759176601	high	high	0.0011887136375079521	30.513
logistic_regression	combined_all	5	4	24	PV-008760598416	high	high	0.06524802080632838	30.161
logistic_regression	combined_all	5	4	24	PV-008761084195	high	high	0.005651871590099959	29.846
logistic_regression	combined_all	5	4	24	PV-008761780644	high	high	1.4396757044327401e-08	29.632
logistic_regression	combined_all	5	4	24	PV-008763200437	low	low	0.9999999807595698	25.601
logistic_regression	combined_all	5	4	24	PV-008763273438	low	high	0.008556090445257306	25.65
logistic_regression	combined_all	5	4	24	PV-008765810938	high	high	5.676098933013637e-08	31.158
logistic_regression	combined_all	5	4	24	PV-008766033961	high	low	0.9999999749866204	30.263
logistic_regression	combined_all	5	4	24	PV-008767544594	high	high	0.06723993490932602	30.331
logistic_regression	combined_all	5	4	24	PV-008768638669	low	low	0.9053630530593243	26.353
logistic_regression	combined_all	5	4	24	PV-008770025955	high	high	0.0891431806453695	30.748
logistic_regression	combined_all	5	4	24	PV-008772956252	low	high	0.05590145757965304	26.244
logistic_regression	combined_all	5	4	24	PV-008773714513	high	low	0.9973110620717555	30.963
logistic_regression	combined_all	5	4	24	PV-008774016306	high	high	2.5116279895502525e-05	29.522
logistic_regression	combined_all	5	4	24	PV-008777807930	low	high	0.12590366075978865	26.571
logistic_regression	combined_all	5	5	25	PV-008758319457	high	high	4.145036604248739e-06	30.362
logistic_regression	combined_all	5	5	25	PV-008758737063	low	high	0.30304324465891036	26.733
logistic_regression	combined_all	5	5	25	PV-008761836158	high	high	5.2910982497936646e-05	29.782
logistic_regression	combined_all	5	5	25	PV-008763728970	high	high	1.7743306684157205e-05	29.474
logistic_regression	combined_all	5	5	25	PV-008765546742	low	low	0.9993592796489814	25.418
logistic_regression	combined_all	5	5	25	PV-008765810937	high	low	0.5754904767941112	30.42
logistic_regression	combined_all	5	5	25	PV-008767411074	low	high	0.00016775604389512953	25.829
logistic_regression	combined_all	5	5	25	PV-008767612180	low	high	0.1140824261305302	26.602
logistic_regression	combined_all	5	5	25	PV-008769142754	high	low	0.9529526641091255	30.459
logistic_regression	combined_all	5	5	25	PV-008770637437	high	high	0.07016211971857465	29.724
logistic_regression	combined_all	5	5	25	PV-008773400095	high	high	0.08309007742451802	30.334
logistic_regression	combined_all	5	5	25	PV-008773717469	high	high	0.003933888368279245	29.334
logistic_regression	combined_all	5	5	25	PV-008773819830	high	high	0.03650110233666024	30.808
logistic_regression	combined_all	5	5	25	PV-008774877441	high	high	0.01255710883122558	30.193
logistic_regression	combined_all	5	5	25	PV-008776894421	high	high	0.11723423306723807	30.082
logistic_regression	combined_all	5	5	25	PV-008777518351	low	low	0.9975877886418173	27.822
