permutation_id	feature_set	outer_split	n_train	n_test	n_train_low	n_train_high	n_test_low	n_test_high	best_k	best_c	best_inner_balanced_accuracy	balanced_accuracy	roc_auc_low	mcc
1	residue_ligand	1	66	17	20	46	6	11	4	0.01	0.616111111111111	0.3181818181818182	0.4545454545454546	-0.40967324519935133
1	residue_ligand	2	66	17	21	45	5	12	12	1.0	0.5744444444444445	0.7333333333333334	0.6666666666666666	0.42600643361512924
1	residue_ligand	3	66	17	21	45	5	12	8	1.0	0.615	0.55	0.6000000000000001	0.09128709291752769
1	residue_ligand	4	67	16	21	46	5	11	8	10.0	0.5394444444444444	0.6727272727272727	0.6727272727272727	0.32277655457716287
1	residue_ligand	5	67	16	21	46	5	11	4	1.0	0.5644444444444444	0.5181818181818182	0.4545454545454545	0.034815531191139566
1	residue_ligand	6	66	17	20	46	6	11	all	0.1	0.5494444444444444	0.6439393939393939	0.5757575757575757	0.2878787878787879
1	residue_ligand	7	66	17	21	45	5	12	12	1.0	0.6883333333333332	0.5916666666666667	0.7	0.16735967034880075
1	residue_ligand	8	66	17	21	45	5	12	8	10.0	0.7072222222222222	0.5333333333333333	0.4666666666666666	0.06356417261637282
1	residue_ligand	9	67	16	21	46	5	11	all	10.0	0.7122222222222223	0.36363636363636365	0.27272727272727276	-0.32387513781564786
1	residue_ligand	10	67	16	21	46	5	11	12	10.0	0.548888888888889	0.6181818181818182	0.6181818181818182	0.22084711628963774
1	residue_ligand	11	66	17	20	46	6	11	all	0.01	0.5933333333333334	0.5151515151515151	0.5606060606060606	0.030303030303030304
1	residue_ligand	12	66	17	21	45	5	12	12	100.0	0.6661111111111111	0.6916666666666667	0.7166666666666667	0.34993385618385614
1	residue_ligand	13	66	17	21	45	5	12	all	1.0	0.5922222222222222	0.575	0.6166666666666667	0.15
1	residue_ligand	14	67	16	21	46	5	11	all	0.1	0.6716666666666666	0.42727272727272725	0.5090909090909091	-0.13483997249264842
1	residue_ligand	15	67	16	21	46	5	11	4	100.0	0.5916666666666667	0.4727272727272727	0.4363636363636364	-0.050964719143762556
1	residue_ligand	16	66	17	20	46	6	11	12	1.0	0.6244444444444444	0.46969696969696967	0.5151515151515151	-0.06356417261637282
1	residue_ligand	17	66	17	21	45	5	12	4	10.0	0.5894444444444444	0.5333333333333333	0.4166666666666667	0.06356417261637282
1	residue_ligand	18	66	17	21	45	5	12	all	10.0	0.6266666666666666	0.6583333333333333	0.6333333333333333	0.378489059622558
1	residue_ligand	19	67	16	21	46	5	11	all	0.1	0.5938888888888888	0.4727272727272727	0.4727272727272727	-0.050964719143762556
1	residue_ligand	20	67	16	21	46	5	11	4	0.01	0.6599999999999999	0.42727272727272725	0.3090909090909091	-0.13483997249264842
1	residue_ligand	21	66	17	20	46	6	11	12	0.1	0.6144444444444443	0.4772727272727273	0.5151515151515151	-0.04351941398892446
1	residue_ligand	22	66	17	21	45	5	12	12	0.01	0.5988888888888889	0.6333333333333333	0.5333333333333333	0.24688535993934707
1	residue_ligand	23	66	17	21	45	5	12	4	0.01	0.5566666666666666	0.65	0.75	0.27774602993176545
1	residue_ligand	24	67	16	21	46	5	11	12	1.0	0.6916666666666667	0.42727272727272725	0.5272727272727273	-0.13483997249264842
1	residue_ligand	25	67	16	21	46	5	11	all	100.0	0.5516666666666665	0.5727272727272728	0.6181818181818182	0.13483997249264842
1	residue_cofactor	1	66	17	20	46	6	11	10	1.0	0.5638888888888889	0.5606060606060606	0.6363636363636364	0.11769797726729993
1	residue_cofactor	2	66	17	21	45	5	12	10	100.0	0.5877777777777777	0.575	0.6	0.15
1	residue_cofactor	3	66	17	21	45	5	12	10	1.0	0.4727777777777778	0.675	0.8	0.3337119062359573
1	residue_cofactor	4	67	16	21	46	5	11	10	0.01	0.5488888888888889	0.5727272727272728	0.5818181818181818	0.13483997249264842
1	residue_cofactor	5	67	16	21	46	5	11	20	10.0	0.6211111111111112	0.3727272727272727	0.3818181818181818	-0.24370871833797697
1	residue_cofactor	6	66	17	20	46	6	11	20	0.1	0.47944444444444445	0.5681818181818181	0.5303030303030303	0.13241022442571243
1	residue_cofactor	7	66	17	21	45	5	12	all	100.0	0.5	0.45	0.33333333333333337	-0.09128709291752769
1	residue_cofactor	8	66	17	21	45	5	12	10	10.0	0.6955555555555555	0.35	0.21666666666666667	-0.27774602993176545
1	residue_cofactor	9	67	16	21	46	5	11	40	0.1	0.48999999999999994	0.42727272727272725	0.4909090909090909	-0.13483997249264842
1	residue_cofactor	10	67	16	21	46	5	11	20	0.01	0.5866666666666666	0.5636363636363637	0.4727272727272728	0.12727272727272726
1	residue_cofactor	11	66	17	20	46	6	11	5	100.0	0.5605555555555555	0.5378787878787878	0.4242424242424242	0.11236664374387369
1	residue_cofactor	12	66	17	21	45	5	12	5	1.0	0.48388888888888887	0.3916666666666667	0.5333333333333333	-0.20658356100321165
1	residue_cofactor	13	66	17	21	45	5	12	40	100.0	0.4738888888888888	0.5333333333333333	0.7	0.06356417261637282
1	residue_cofactor	14	67	16	21	46	5	11	20	100.0	0.6155555555555555	0.3727272727272727	0.4	-0.24370871833797697
1	residue_cofactor	15	67	16	21	46	5	11	5	0.1	0.5844444444444445	0.5272727272727272	0.5818181818181819	0.050964719143762556
1	residue_cofactor	16	66	17	20	46	6	11	5	1.0	0.5766666666666668	0.4318181818181818	0.5151515151515151	-0.13241022442571243
1	residue_cofactor	17	66	17	21	45	5	12	40	10.0	0.5338888888888889	0.3916666666666667	0.4166666666666667	-0.20658356100321165
1	residue_cofactor	18	66	17	21	45	5	12	5	100.0	0.6283333333333333	0.65	0.6333333333333333	0.27774602993176545
1	residue_cofactor	19	67	16	21	46	5	11	40	100.0	0.5355555555555556	0.4636363636363636	0.5090909090909091	-0.0778498944161523
1	residue_cofactor	20	67	16	21	46	5	11	20	100.0	0.5166666666666667	0.5090909090909091	0.6	0.021591675854376522
1	residue_cofactor	21	66	17	20	46	6	11	20	0.01	0.5349999999999999	0.553030303030303	0.5151515151515151	0.1194880298498108
1	residue_cofactor	22	66	17	21	45	5	12	20	1.0	0.6094444444444445	0.35	0.4	-0.27774602993176545
1	residue_cofactor	23	66	17	21	45	5	12	5	1.0	0.5366666666666666	0.5916666666666667	0.5166666666666667	0.16735967034880075
1	residue_cofactor	24	67	16	21	46	5	11	20	100.0	0.6049999999999999	0.9090909090909092	0.8727272727272727	0.7644707871564383
1	residue_cofactor	25	67	16	21	46	5	11	all	100.0	0.5572222222222222	0.28181818181818186	0.2545454545454546	-0.40451991747794525
1	residue_residue	1	66	17	20	46	6	11	5	1.0	0.5616666666666666	0.44696969696969696	0.5151515151515151	-0.1194880298498108
1	residue_residue	2	66	17	21	45	5	12	5	0.1	0.41999999999999993	0.5916666666666667	0.48333333333333334	0.16735967034880075
1	residue_residue	3	66	17	21	45	5	12	10	100.0	0.5261111111111111	0.3333333333333333	0.21666666666666665	-0.35805743701971643
1	residue_residue	4	67	16	21	46	5	11	50	10.0	0.47944444444444445	0.4181818181818182	0.32727272727272727	-0.16363636363636364
1	residue_residue	5	67	16	21	46	5	11	50	0.01	0.49833333333333335	0.4727272727272727	0.4181818181818182	-0.050964719143762556
1	residue_residue	6	66	17	20	46	6	11	5	0.1	0.5138888888888888	0.553030303030303	0.5303030303030303	0.1194880298498108
1	residue_residue	7	66	17	21	45	5	12	10	100.0	0.5005555555555555	0.2916666666666667	0.3833333333333333	-0.4166666666666667
1	residue_residue	8	66	17	21	45	5	12	20	100.0	0.48944444444444446	0.45	0.35	-0.09128709291752769
1	residue_residue	9	67	16	21	46	5	11	10	100.0	0.4822222222222222	0.18181818181818182	0.1818181818181818	-0.5945883900105632
1	residue_residue	10	67	16	21	46	5	11	5	1.0	0.4811111111111111	0.5090909090909091	0.4727272727272727	0.021591675854376522
1	residue_residue	11	66	17	20	46	6	11	5	100.0	0.47222222222222215	0.5681818181818181	0.5303030303030303	0.13241022442571243
1	residue_residue	12	66	17	21	45	5	12	5	10.0	0.3983333333333333	0.5333333333333333	0.5333333333333334	0.06356417261637282
1	residue_residue	13	66	17	21	45	5	12	10	100.0	0.4405555555555555	0.475	0.65	-0.053708615552957466
1	residue_residue	14	67	16	21	46	5	11	50	100.0	0.5405555555555555	0.23636363636363636	0.2727272727272727	-0.49265895172303803
1	residue_residue	15	67	16	21	46	5	11	50	10.0	0.5088888888888888	0.13636363636363635	0.0	-0.674199862463242
1	residue_residue	16	66	17	20	46	6	11	20	0.01	0.556111111111111	0.5151515151515151	0.3181818181818182	0.030303030303030304
1	residue_residue	17	66	17	21	45	5	12	50	10.0	0.48944444444444446	0.43333333333333335	0.39999999999999997	-0.13333333333333333
1	residue_residue	18	66	17	21	45	5	12	20	100.0	0.5611111111111111	0.475	0.43333333333333335	-0.053708615552957466
1	residue_residue	19	67	16	21	46	5	11	5	10.0	0.5527777777777778	0.42727272727272725	0.3090909090909091	-0.13483997249264842
1	residue_residue	20	67	16	21	46	5	11	20	0.1	0.5283333333333333	0.36363636363636365	0.32727272727272727	-0.32387513781564786
1	residue_residue	21	66	17	20	46	6	11	20	100.0	0.49499999999999994	0.43939393939393934	0.40909090909090906	-0.11769797726729993
1	residue_residue	22	66	17	21	45	5	12	20	0.01	0.5588888888888889	0.3916666666666667	0.31666666666666665	-0.20658356100321165
1	residue_residue	23	66	17	21	45	5	12	5	10.0	0.46277777777777773	0.5916666666666667	0.6666666666666666	0.16735967034880075
1	residue_residue	24	67	16	21	46	5	11	5	10.0	0.4683333333333334	0.22727272727272727	0.2	-0.5222329678670935
1	residue_residue	25	67	16	21	46	5	11	10	10.0	0.5061111111111111	0.28181818181818186	0.10909090909090909	-0.40451991747794525
1	combined_all	1	66	17	20	46	6	11	5	1.0	0.5366666666666666	0.44696969696969696	0.5151515151515151	-0.1194880298498108
1	combined_all	2	66	17	21	45	5	12	20	100.0	0.3977777777777777	0.5333333333333333	0.4	0.06356417261637282
1	combined_all	3	66	17	21	45	5	12	10	100.0	0.5261111111111111	0.3333333333333333	0.21666666666666665	-0.35805743701971643
1	combined_all	4	67	16	21	46	5	11	50	1.0	0.46944444444444444	0.28181818181818186	0.34545454545454546	-0.40451991747794525
1	combined_all	5	67	16	21	46	5	11	20	1.0	0.4694444444444444	0.4636363636363636	0.4545454545454546	-0.0778498944161523
1	combined_all	6	66	17	20	46	6	11	5	0.1	0.5138888888888888	0.553030303030303	0.5303030303030303	0.1194880298498108
1	combined_all	7	66	17	21	45	5	12	10	100.0	0.5005555555555555	0.2916666666666667	0.3833333333333333	-0.4166666666666667
1	combined_all	8	66	17	21	45	5	12	50	0.01	0.4961111111111111	0.30833333333333335	0.2666666666666667	-0.34993385618385614
1	combined_all	9	67	16	21	46	5	11	10	100.0	0.4822222222222222	0.18181818181818182	0.1818181818181818	-0.5945883900105632
1	combined_all	10	67	16	21	46	5	11	5	1.0	0.4811111111111111	0.5090909090909091	0.4727272727272727	0.021591675854376522
1	combined_all	11	66	17	20	46	6	11	5	100.0	0.47222222222222215	0.5681818181818181	0.5303030303030303	0.13241022442571243
1	combined_all	12	66	17	21	45	5	12	5	10.0	0.3983333333333333	0.5333333333333333	0.5333333333333334	0.06356417261637282
1	combined_all	13	66	17	21	45	5	12	10	100.0	0.40444444444444444	0.475	0.65	-0.053708615552957466
1	combined_all	14	67	16	21	46	5	11	50	10.0	0.5194444444444445	0.38181818181818183	0.32727272727272727	-0.22084711628963774
1	combined_all	15	67	16	21	46	5	11	50	1.0	0.45666666666666667	0.13636363636363635	0.0	-0.674199862463242
1	combined_all	16	66	17	20	46	6	11	20	0.01	0.5783333333333334	0.5151515151515151	0.3181818181818182	0.030303030303030304
1	combined_all	17	66	17	21	45	5	12	50	10.0	0.4644444444444445	0.475	0.4	-0.053708615552957466
1	combined_all	18	66	17	21	45	5	12	20	100.0	0.5611111111111111	0.475	0.43333333333333335	-0.053708615552957466
1	combined_all	19	67	16	21	46	5	11	5	10.0	0.5527777777777778	0.42727272727272725	0.3090909090909091	-0.13483997249264842
1	combined_all	20	67	16	21	46	5	11	20	0.1	0.5283333333333333	0.36363636363636365	0.32727272727272727	-0.32387513781564786
1	combined_all	21	66	17	20	46	6	11	20	100.0	0.4477777777777778	0.43939393939393934	0.40909090909090906	-0.11769797726729993
1	combined_all	22	66	17	21	45	5	12	20	0.01	0.5566666666666666	0.3916666666666667	0.3166666666666667	-0.20658356100321165
1	combined_all	23	66	17	21	45	5	12	10	1.0	0.49111111111111116	0.30833333333333335	0.31666666666666665	-0.34993385618385614
1	combined_all	24	67	16	21	46	5	11	5	10.0	0.4683333333333334	0.22727272727272727	0.2	-0.5222329678670935
1	combined_all	25	67	16	21	46	5	11	10	10.0	0.5061111111111111	0.28181818181818186	0.10909090909090909	-0.40451991747794525
2	residue_ligand	1	66	17	21	45	5	12	8	0.01	0.6405555555555555	0.3916666666666667	0.35	-0.20658356100321165
2	residue_ligand	2	66	17	21	45	5	12	8	0.1	0.53	0.5166666666666667	0.6166666666666667	0.03984095364447979
2	residue_ligand	3	66	17	20	46	6	11	12	1.0	0.6277777777777778	0.5681818181818181	0.5151515151515151	0.13241022442571243
2	residue_ligand	4	67	16	21	46	5	11	all	1.0	0.49944444444444447	0.5181818181818182	0.5636363636363637	0.034815531191139566
2	residue_ligand	5	67	16	21	46	5	11	all	1.0	0.6344444444444445	0.42727272727272725	0.4545454545454546	-0.13483997249264842
2	residue_ligand	6	66	17	21	45	5	12	12	10.0	0.6294444444444445	0.55	0.5333333333333333	0.09128709291752769
2	residue_ligand	7	66	17	21	45	5	12	all	0.01	0.6494444444444445	0.43333333333333335	0.43333333333333335	-0.13333333333333333
2	residue_ligand	8	66	17	20	46	6	11	4	0.01	0.5616666666666668	0.6515151515151515	0.6818181818181818	0.29012942659282975
2	residue_ligand	9	67	16	21	46	5	11	12	10.0	0.638888888888889	0.2727272727272727	0.4	-0.45454545454545453
2	residue_ligand	10	67	16	21	46	5	11	all	0.01	0.5694444444444444	0.5636363636363637	0.5090909090909091	0.12727272727272726
2	residue_ligand	11	66	17	21	45	5	12	8	0.01	0.6305555555555555	0.475	0.4666666666666667	-0.053708615552957466
2	residue_ligand	12	66	17	21	45	5	12	12	0.01	0.6344444444444444	0.5333333333333333	0.38333333333333336	0.06356417261637282
2	residue_ligand	13	66	17	20	46	6	11	12	1.0	0.6038888888888888	0.606060606060606	0.5757575757575757	0.2030905986149808
2	residue_ligand	14	67	16	21	46	5	11	all	1.0	0.5566666666666666	0.36363636363636365	0.5636363636363637	-0.32387513781564786
2	residue_ligand	15	67	16	21	46	5	11	12	1.0	0.63	0.4818181818181818	0.4727272727272727	-0.034815531191139566
2	residue_ligand	16	66	17	21	45	5	12	8	0.01	0.5799999999999998	0.575	0.48333333333333334	0.15
2	residue_ligand	17	66	17	21	45	5	12	all	0.1	0.5994444444444444	0.5333333333333333	0.4666666666666666	0.06356417261637282
2	residue_ligand	18	66	17	20	46	6	11	12	1.0	0.6227777777777778	0.4015151515151515	0.6060606060606061	-0.20658356100321165
2	residue_ligand	19	67	16	21	46	5	11	8	0.01	0.5611111111111111	0.6181818181818182	0.7090909090909091	0.22084711628963774
2	residue_ligand	20	67	16	21	46	5	11	all	10.0	0.5355555555555556	0.4181818181818182	0.5272727272727273	-0.16363636363636364
2	residue_ligand	21	66	17	21	45	5	12	all	100.0	0.5288888888888889	0.65	0.7666666666666667	0.27774602993176545
2	residue_ligand	22	66	17	21	45	5	12	8	0.01	0.5994444444444444	0.4916666666666667	0.4666666666666667	-0.015430334996209192
2	residue_ligand	23	66	17	20	46	6	11	all	0.01	0.5566666666666666	0.6515151515151515	0.6363636363636362	0.29012942659282975
2	residue_ligand	24	67	16	21	46	5	11	12	0.01	0.6377777777777778	0.4727272727272727	0.4909090909090909	-0.050964719143762556
2	residue_ligand	25	67	16	21	46	5	11	all	0.1	0.5705555555555556	0.5090909090909091	0.6	0.021591675854376522
2	residue_cofactor	1	66	17	21	45	5	12	5	1.0	0.6105555555555556	0.4083333333333333	0.25	-0.16735967034880075
2	residue_cofactor	2	66	17	21	45	5	12	5	0.1	0.43388888888888894	0.475	0.7	-0.053708615552957466
2	residue_cofactor	3	66	17	20	46	6	11	40	1.0	0.5138888888888888	0.5303030303030303	0.46969696969696967	0.06356417261637282
2	residue_cofactor	4	67	16	21	46	5	11	5	1.0	0.4566666666666667	0.28181818181818186	0.2545454545454545	-0.40451991747794525
2	residue_cofactor	5	67	16	21	46	5	11	20	10.0	0.6316666666666666	0.38181818181818183	0.3090909090909091	-0.22084711628963774
2	residue_cofactor	6	66	17	21	45	5	12	all	10.0	0.5166666666666667	0.55	0.4666666666666667	0.09128709291752769
2	residue_cofactor	7	66	17	21	45	5	12	all	100.0	0.49833333333333324	0.375	0.21666666666666667	-0.29880715233359845
2	residue_cofactor	8	66	17	20	46	6	11	5	1.0	0.4572222222222222	0.43939393939393934	0.36363636363636365	-0.11769797726729993
2	residue_cofactor	9	67	16	21	46	5	11	10	0.01	0.6094444444444445	0.3727272727272727	0.20000000000000004	-0.24370871833797697
2	residue_cofactor	10	67	16	21	46	5	11	10	0.01	0.5833333333333334	0.4818181818181818	0.49090909090909085	-0.034815531191139566
2	residue_cofactor	11	66	17	21	45	5	12	10	10.0	0.5311111111111111	0.575	0.43333333333333335	0.15
2	residue_cofactor	12	66	17	21	45	5	12	5	0.01	0.4927777777777778	0.5083333333333333	0.5166666666666666	0.015430334996209192
2	residue_cofactor	13	66	17	20	46	6	11	5	1.0	0.5566666666666666	0.5227272727272727	0.5151515151515151	0.04351941398892446
2	residue_cofactor	14	67	16	21	46	5	11	40	100.0	0.35388888888888886	0.6636363636363636	0.6363636363636364	0.3133397807202561
2	residue_cofactor	15	67	16	21	46	5	11	40	10.0	0.5877777777777777	0.33636363636363636	0.3818181818181818	-0.3133397807202561
2	residue_cofactor	16	66	17	21	45	5	12	40	0.01	0.5349999999999999	0.35	0.21666666666666667	-0.27774602993176545
2	residue_cofactor	17	66	17	21	45	5	12	40	100.0	0.4738888888888889	0.6	0.5833333333333334	0.3872983346207417
2	residue_cofactor	18	66	17	20	46	6	11	10	0.01	0.5205555555555554	0.5606060606060606	0.5606060606060606	0.11769797726729993
2	residue_cofactor	19	67	16	21	46	5	11	5	0.01	0.531111111111111	0.33636363636363636	0.36363636363636365	-0.3133397807202561
2	residue_cofactor	20	67	16	21	46	5	11	20	100.0	0.5772222222222223	0.32727272727272727	0.3272727272727273	-0.32277655457716287
2	residue_cofactor	21	66	17	21	45	5	12	all	10.0	0.5161111111111112	0.45	0.41666666666666663	-0.09128709291752769
2	residue_cofactor	22	66	17	21	45	5	12	40	100.0	0.5677777777777777	0.475	0.30000000000000004	-0.053708615552957466
2	residue_cofactor	23	66	17	20	46	6	11	all	10.0	0.4527777777777778	0.36363636363636365	0.5151515151515151	-0.34188172937891387
2	residue_cofactor	24	67	16	21	46	5	11	5	0.01	0.4116666666666666	0.5272727272727272	0.6363636363636364	0.050964719143762556
2	residue_cofactor	25	67	16	21	46	5	11	5	0.01	0.571111111111111	0.5818181818181818	0.7090909090909091	0.16363636363636364
2	residue_residue	1	66	17	21	45	5	12	20	0.1	0.6216666666666667	0.45	0.36666666666666664	-0.09128709291752769
2	residue_residue	2	66	17	21	45	5	12	50	0.01	0.5238888888888888	0.6333333333333333	0.7166666666666667	0.24688535993934707
2	residue_residue	3	66	17	20	46	6	11	50	0.01	0.5505555555555556	0.6136363636363636	0.6515151515151514	0.22727272727272727
2	residue_residue	4	67	16	21	46	5	11	5	100.0	0.6311111111111111	0.6181818181818182	0.6181818181818182	0.22084711628963774
2	residue_residue	5	67	16	21	46	5	11	50	0.01	0.5094444444444444	0.6636363636363636	0.6181818181818182	0.3133397807202561
2	residue_residue	6	66	17	21	45	5	12	20	100.0	0.5733333333333333	0.6583333333333333	0.65	0.378489059622558
2	residue_residue	7	66	17	21	45	5	12	20	10.0	0.556111111111111	0.45	0.5666666666666667	-0.09128709291752769
2	residue_residue	8	66	17	20	46	6	11	10	0.1	0.6561111111111111	0.5681818181818181	0.5303030303030303	0.13241022442571243
2	residue_residue	9	67	16	21	46	5	11	10	0.01	0.5638888888888889	0.4818181818181818	0.5818181818181818	-0.034815531191139566
2	residue_residue	10	67	16	21	46	5	11	50	1.0	0.6205555555555555	0.4636363636363636	0.4181818181818182	-0.0778498944161523
2	residue_residue	11	66	17	21	45	5	12	5	0.01	0.5688888888888888	0.5333333333333333	0.5333333333333333	0.06356417261637282
2	residue_residue	12	66	17	21	45	5	12	20	0.1	0.6344444444444445	0.5916666666666667	0.5333333333333333	0.16735967034880075
2	residue_residue	13	66	17	20	46	6	11	20	0.01	0.6355555555555557	0.696969696969697	0.6969696969696969	0.3825184261187248
2	residue_residue	14	67	16	21	46	5	11	20	0.01	0.5972222222222221	0.5181818181818182	0.6545454545454545	0.034815531191139566
2	residue_residue	15	67	16	21	46	5	11	50	10.0	0.5377777777777777	0.6727272727272727	0.7272727272727274	0.32277655457716287
2	residue_residue	16	66	17	21	45	5	12	50	0.01	0.665	0.4916666666666667	0.55	-0.015430334996209192
2	residue_residue	17	66	17	21	45	5	12	50	0.01	0.5633333333333332	0.6166666666666667	0.6833333333333333	0.25064020591380154
2	residue_residue	18	66	17	20	46	6	11	10	100.0	0.5850000000000001	0.43939393939393934	0.34848484848484845	-0.11769797726729993
2	residue_residue	19	67	16	21	46	5	11	20	0.1	0.6900000000000001	0.5727272727272728	0.5454545454545454	0.13483997249264842
2	residue_residue	20	67	16	21	46	5	11	20	0.01	0.611111111111111	0.5272727272727272	0.5454545454545454	0.050964719143762556
2	residue_residue	21	66	17	21	45	5	12	10	0.01	0.596111111111111	0.3916666666666667	0.45000000000000007	-0.20658356100321165
2	residue_residue	22	66	17	21	45	5	12	5	0.1	0.5427777777777777	0.5083333333333333	0.45	0.015430334996209192
2	residue_residue	23	66	17	20	46	6	11	50	0.01	0.5783333333333334	0.48484848484848486	0.6060606060606061	-0.030303030303030304
2	residue_residue	24	67	16	21	46	5	11	50	1.0	0.6538888888888889	0.42727272727272725	0.5454545454545454	-0.13483997249264842
2	residue_residue	25	67	16	21	46	5	11	50	100.0	0.5244444444444444	0.4727272727272727	0.45454545454545453	-0.050964719143762556
2	combined_all	1	66	17	21	45	5	12	20	0.1	0.6133333333333335	0.4083333333333333	0.3333333333333333	-0.16735967034880075
2	combined_all	2	66	17	21	45	5	12	50	0.01	0.5238888888888888	0.6333333333333333	0.7166666666666667	0.24688535993934707
2	combined_all	3	66	17	20	46	6	11	50	0.01	0.5505555555555556	0.6136363636363636	0.6515151515151514	0.22727272727272727
2	combined_all	4	67	16	21	46	5	11	5	100.0	0.6311111111111111	0.6181818181818182	0.6181818181818182	0.22084711628963774
2	combined_all	5	67	16	21	46	5	11	50	0.01	0.5505555555555555	0.6181818181818182	0.6000000000000001	0.22084711628963774
2	combined_all	6	66	17	21	45	5	12	20	100.0	0.5733333333333333	0.6583333333333333	0.65	0.378489059622558
2	combined_all	7	66	17	21	45	5	12	20	10.0	0.556111111111111	0.45	0.5666666666666667	-0.09128709291752769
2	combined_all	8	66	17	20	46	6	11	10	0.1	0.6561111111111111	0.5681818181818181	0.5303030303030303	0.13241022442571243
2	combined_all	9	67	16	21	46	5	11	10	0.01	0.5638888888888889	0.4818181818181818	0.5818181818181818	-0.034815531191139566
2	combined_all	10	67	16	21	46	5	11	50	0.01	0.6294444444444445	0.7181818181818183	0.7818181818181817	0.40451991747794525
2	combined_all	11	66	17	21	45	5	12	5	0.01	0.5688888888888888	0.5333333333333333	0.5333333333333333	0.06356417261637282
2	combined_all	12	66	17	21	45	5	12	20	0.1	0.6344444444444445	0.5916666666666667	0.5333333333333333	0.16735967034880075
2	combined_all	13	66	17	20	46	6	11	20	0.01	0.6355555555555557	0.696969696969697	0.6969696969696969	0.3825184261187248
2	combined_all	14	67	16	21	46	5	11	20	0.01	0.5972222222222221	0.5181818181818182	0.6545454545454545	0.034815531191139566
2	combined_all	15	67	16	21	46	5	11	50	10.0	0.5377777777777777	0.6727272727272727	0.7272727272727274	0.32277655457716287
2	combined_all	16	66	17	21	45	5	12	50	0.01	0.665	0.4916666666666667	0.55	-0.015430334996209192
2	combined_all	17	66	17	21	45	5	12	5	0.01	0.5411111111111111	0.43333333333333335	0.4	-0.13333333333333333
2	combined_all	18	66	17	20	46	6	11	10	100.0	0.5850000000000001	0.43939393939393934	0.34848484848484845	-0.11769797726729993
2	combined_all	19	67	16	21	46	5	11	20	0.1	0.6900000000000001	0.5272727272727272	0.4909090909090909	0.050964719143762556
2	combined_all	20	67	16	21	46	5	11	20	0.01	0.6322222222222222	0.5181818181818182	0.43636363636363634	0.034815531191139566
2	combined_all	21	66	17	21	45	5	12	10	0.01	0.596111111111111	0.3916666666666667	0.45000000000000007	-0.20658356100321165
2	combined_all	22	66	17	21	45	5	12	5	0.1	0.5427777777777777	0.5083333333333333	0.45	0.015430334996209192
2	combined_all	23	66	17	20	46	6	11	50	0.01	0.5783333333333334	0.48484848484848486	0.6060606060606061	-0.030303030303030304
2	combined_all	24	67	16	21	46	5	11	50	1.0	0.6427777777777778	0.42727272727272725	0.5454545454545454	-0.13483997249264842
2	combined_all	25	67	16	21	46	5	11	50	100.0	0.5244444444444444	0.4727272727272727	0.45454545454545453	-0.050964719143762556
3	residue_ligand	1	66	17	20	46	6	11	all	0.01	0.5911111111111111	0.4242424242424242	0.48484848484848486	-0.1706971854997297
3	residue_ligand	2	66	17	21	45	5	12	all	0.1	0.5677777777777777	0.4666666666666667	0.5666666666666667	-0.06356417261637282
3	residue_ligand	3	66	17	21	45	5	12	all	1.0	0.6372222222222221	0.3916666666666667	0.41666666666666663	-0.20658356100321165
3	residue_ligand	4	67	16	21	46	5	11	12	1.0	0.6083333333333333	0.2909090909090909	0.2545454545454546	-0.41818181818181815
3	residue_ligand	5	67	16	21	46	5	11	all	1.0	0.5294444444444444	0.5090909090909091	0.7636363636363637	0.021591675854376522
3	residue_ligand	6	66	17	20	46	6	11	all	0.01	0.5538888888888888	0.606060606060606	0.7121212121212122	0.2030905986149808
3	residue_ligand	7	66	17	21	45	5	12	8	0.01	0.5622222222222223	0.55	0.5	0.09128709291752769
3	residue_ligand	8	66	17	21	45	5	12	all	10.0	0.6294444444444444	0.475	0.4166666666666667	-0.053708615552957466
3	residue_ligand	9	67	16	21	46	5	11	all	0.01	0.635	0.5272727272727272	0.4545454545454546	0.050964719143762556
3	residue_ligand	10	67	16	21	46	5	11	all	1.0	0.6238888888888889	0.4727272727272727	0.4727272727272727	-0.050964719143762556
3	residue_ligand	11	66	17	20	46	6	11	8	10.0	0.6366666666666666	0.5303030303030303	0.6666666666666666	0.06356417261637282
3	residue_ligand	12	66	17	21	45	5	12	4	0.1	0.5972222222222222	0.45	0.3833333333333333	-0.09128709291752769
3	residue_ligand	13	66	17	21	45	5	12	8	0.1	0.6155555555555555	0.5916666666666667	0.75	0.16735967034880075
3	residue_ligand	14	67	16	21	46	5	11	all	10.0	0.5916666666666667	0.5181818181818182	0.509090909090909	0.034815531191139566
3	residue_ligand	15	67	16	21	46	5	11	all	0.1	0.575	0.6727272727272727	0.7454545454545455	0.32277655457716287
3	residue_ligand	16	66	17	20	46	6	11	all	1.0	0.5544444444444444	0.606060606060606	0.606060606060606	0.2030905986149808
3	residue_ligand	17	66	17	21	45	5	12	all	0.01	0.5511111111111111	0.5333333333333333	0.5333333333333333	0.06356417261637282
3	residue_ligand	18	66	17	21	45	5	12	all	10.0	0.6022222222222222	0.3916666666666667	0.5166666666666667	-0.20658356100321165
3	residue_ligand	19	67	16	21	46	5	11	all	10.0	0.5116666666666666	0.42727272727272725	0.45454545454545453	-0.13483997249264842
3	residue_ligand	20	67	16	21	46	5	11	all	100.0	0.6244444444444445	0.5272727272727272	0.5272727272727272	0.050964719143762556
3	residue_ligand	21	66	17	20	46	6	11	12	0.01	0.6383333333333333	0.43939393939393934	0.5606060606060606	-0.11769797726729993
3	residue_ligand	22	66	17	21	45	5	12	12	100.0	0.6772222222222222	0.45	0.30000000000000004	-0.09128709291752769
3	residue_ligand	23	66	17	21	45	5	12	all	10.0	0.6827777777777777	0.4083333333333333	0.26666666666666666	-0.16735967034880075
3	residue_ligand	24	67	16	21	46	5	11	12	1.0	0.5072222222222221	0.7545454545454545	0.7090909090909091	0.5449492609130661
3	residue_ligand	25	67	16	21	46	5	11	8	10.0	0.5766666666666667	0.5727272727272728	0.5454545454545454	0.13483997249264842
3	residue_cofactor	1	66	17	20	46	6	11	all	0.01	0.7038888888888888	0.5681818181818181	0.6818181818181819	0.13241022442571243
3	residue_cofactor	2	66	17	21	45	5	12	all	0.01	0.671111111111111	0.7333333333333334	0.7000000000000001	0.42600643361512924
3	residue_cofactor	3	66	17	21	45	5	12	all	0.01	0.6522222222222223	0.65	0.7666666666666667	0.27774602993176545
3	residue_cofactor	4	67	16	21	46	5	11	40	0.01	0.6927777777777778	0.28181818181818186	0.38181818181818183	-0.40451991747794525
3	residue_cofactor	5	67	16	21	46	5	11	40	0.1	0.6900000000000001	0.6090909090909091	0.4727272727272728	0.23354968324845687
3	residue_cofactor	6	66	17	20	46	6	11	40	0.1	0.633888888888889	0.606060606060606	0.7575757575757576	0.2030905986149808
3	residue_cofactor	7	66	17	21	45	5	12	all	100.0	0.7344444444444445	0.5333333333333333	0.5833333333333334	0.06356417261637282
3	residue_cofactor	8	66	17	21	45	5	12	all	0.1	0.58	0.675	0.7666666666666666	0.3337119062359573
3	residue_cofactor	9	67	16	21	46	5	11	all	0.01	0.6594444444444445	0.6272727272727273	0.6727272727272727	0.24370871833797697
3	residue_cofactor	10	67	16	21	46	5	11	20	10.0	0.6472222222222221	0.5090909090909091	0.5272727272727272	0.021591675854376522
3	residue_cofactor	11	66	17	20	46	6	11	all	0.01	0.6744444444444444	0.5227272727272727	0.5	0.04351941398892446
3	residue_cofactor	12	66	17	21	45	5	12	40	0.1	0.6727777777777776	0.35	0.41666666666666663	-0.27774602993176545
3	residue_cofactor	13	66	17	21	45	5	12	all	1.0	0.6655555555555555	0.45	0.5333333333333333	-0.09128709291752769
3	residue_cofactor	14	67	16	21	46	5	11	40	0.01	0.6016666666666667	0.6636363636363636	0.7636363636363637	0.3133397807202561
3	residue_cofactor	15	67	16	21	46	5	11	20	1.0	0.6	0.7090909090909091	0.7454545454545455	0.41818181818181815
3	residue_cofactor	16	66	17	20	46	6	11	all	0.1	0.6927777777777777	0.5681818181818181	0.5757575757575757	0.13241022442571243
3	residue_cofactor	17	66	17	21	45	5	12	all	0.01	0.5777777777777777	0.675	0.8500000000000001	0.3337119062359573
3	residue_cofactor	18	66	17	21	45	5	12	20	1.0	0.6577777777777778	0.55	0.5333333333333333	0.09128709291752769
3	residue_cofactor	19	67	16	21	46	5	11	all	0.01	0.6394444444444444	0.6727272727272727	0.7454545454545454	0.32277655457716287
3	residue_cofactor	20	67	16	21	46	5	11	all	0.01	0.7627777777777777	0.6636363636363636	0.6363636363636364	0.3133397807202561
3	residue_cofactor	21	66	17	20	46	6	11	all	0.01	0.7055555555555555	0.5681818181818181	0.6515151515151515	0.13241022442571243
3	residue_cofactor	22	66	17	21	45	5	12	all	1.0	0.6522222222222223	0.4083333333333333	0.5333333333333333	-0.16735967034880075
3	residue_cofactor	23	66	17	21	45	5	12	40	0.01	0.691111111111111	0.5666666666666667	0.65	0.13333333333333333
3	residue_cofactor	24	67	16	21	46	5	11	all	0.1	0.5727777777777778	0.5090909090909091	0.7090909090909091	0.021591675854376522
3	residue_cofactor	25	67	16	21	46	5	11	5	0.1	0.7016666666666665	0.6090909090909091	0.509090909090909	0.23354968324845687
3	residue_residue	1	66	17	20	46	6	11	50	0.1	0.6805555555555556	0.4015151515151515	0.30303030303030304	-0.20658356100321165
3	residue_residue	2	66	17	21	45	5	12	5	1.0	0.6316666666666666	0.43333333333333335	0.4	-0.13333333333333333
3	residue_residue	3	66	17	21	45	5	12	20	10.0	0.5294444444444444	0.5333333333333333	0.4666666666666667	0.06356417261637282
3	residue_residue	4	67	16	21	46	5	11	5	0.1	0.5344444444444444	0.5727272727272728	0.5818181818181818	0.13483997249264842
3	residue_residue	5	67	16	21	46	5	11	50	100.0	0.5472222222222223	0.4181818181818182	0.30909090909090914	-0.16363636363636364
3	residue_residue	6	66	17	20	46	6	11	20	0.1	0.691111111111111	0.5681818181818181	0.6060606060606061	0.13241022442571243
3	residue_residue	7	66	17	21	45	5	12	10	0.1	0.6372222222222221	0.4916666666666667	0.5333333333333333	-0.015430334996209192
3	residue_residue	8	66	17	21	45	5	12	20	100.0	0.5733333333333334	0.3916666666666667	0.30000000000000004	-0.20658356100321165
3	residue_residue	9	67	16	21	46	5	11	50	10.0	0.5672222222222222	0.43636363636363634	0.43636363636363634	-0.12727272727272726
3	residue_residue	10	67	16	21	46	5	11	10	0.1	0.5872222222222222	0.4727272727272727	0.5636363636363637	-0.050964719143762556
3	residue_residue	11	66	17	20	46	6	11	20	10.0	0.5738888888888889	0.49242424242424243	0.6818181818181819	-0.018993429409939658
3	residue_residue	12	66	17	21	45	5	12	10	0.1	0.5394444444444445	0.675	0.8500000000000001	0.3337119062359573
3	residue_residue	13	66	17	21	45	5	12	10	10.0	0.615	0.475	0.5333333333333334	-0.053708615552957466
3	residue_residue	14	67	16	21	46	5	11	20	0.01	0.5338888888888889	0.6181818181818182	0.6363636363636364	0.22084711628963774
3	residue_residue	15	67	16	21	46	5	11	20	100.0	0.6033333333333333	0.5545454545454546	0.49090909090909096	0.15289415743128767
3	residue_residue	16	66	17	20	46	6	11	10	0.01	0.6333333333333333	0.4772727272727273	0.6363636363636362	-0.04351941398892446
3	residue_residue	17	66	17	21	45	5	12	10	10.0	0.5933333333333334	0.3916666666666667	0.2	-0.20658356100321165
3	residue_residue	18	66	17	21	45	5	12	20	0.01	0.5827777777777778	0.55	0.5833333333333334	0.09128709291752769
3	residue_residue	19	67	16	21	46	5	11	50	0.1	0.6394444444444444	0.5636363636363637	0.4909090909090909	0.12727272727272726
3	residue_residue	20	67	16	21	46	5	11	50	100.0	0.6288888888888888	0.4636363636363636	0.32727272727272727	-0.0778498944161523
3	residue_residue	21	66	17	20	46	6	11	20	0.01	0.6644444444444444	0.2727272727272727	0.36363636363636365	-0.4767312946227961
3	residue_residue	22	66	17	21	45	5	12	10	10.0	0.5472222222222223	0.6166666666666667	0.6666666666666666	0.25064020591380154
3	residue_residue	23	66	17	21	45	5	12	5	0.1	0.6883333333333332	0.5083333333333333	0.4333333333333333	0.015430334996209192
3	residue_residue	24	67	16	21	46	5	11	50	0.1	0.5222222222222221	0.7545454545454545	0.7454545454545455	0.5449492609130661
3	residue_residue	25	67	16	21	46	5	11	20	0.1	0.5922222222222221	0.42727272727272725	0.3090909090909091	-0.13483997249264842
3	combined_all	1	66	17	20	46	6	11	50	10.0	0.7016666666666667	0.4015151515151515	0.303030303030303	-0.20658356100321165
3	combined_all	2	66	17	21	45	5	12	5	1.0	0.6205555555555555	0.43333333333333335	0.4	-0.13333333333333333
3	combined_all	3	66	17	21	45	5	12	20	10.0	0.5294444444444444	0.5333333333333333	0.4666666666666667	0.06356417261637282
3	combined_all	4	67	16	21	46	5	11	10	0.01	0.5433333333333333	0.5272727272727272	0.4	0.050964719143762556
3	combined_all	5	67	16	21	46	5	11	50	100.0	0.5272222222222223	0.4181818181818182	0.3818181818181818	-0.16363636363636364
3	combined_all	6	66	17	20	46	6	11	50	0.01	0.7188888888888888	0.606060606060606	0.48484848484848486	0.2030905986149808
3	combined_all	7	66	17	21	45	5	12	10	0.1	0.6372222222222221	0.4916666666666667	0.5333333333333333	-0.015430334996209192
3	combined_all	8	66	17	21	45	5	12	20	100.0	0.5555555555555556	0.3916666666666667	0.30000000000000004	-0.20658356100321165
3	combined_all	9	67	16	21	46	5	11	50	10.0	0.556111111111111	0.43636363636363634	0.38181818181818183	-0.12727272727272726
3	combined_all	10	67	16	21	46	5	11	5	0.1	0.566111111111111	0.2727272727272727	0.34545454545454546	-0.45454545454545453
3	combined_all	11	66	17	20	46	6	11	50	1.0	0.5805555555555555	0.48484848484848486	0.5	-0.030303030303030304
3	combined_all	12	66	17	21	45	5	12	10	0.1	0.5394444444444445	0.675	0.8500000000000001	0.3337119062359573
3	combined_all	13	66	17	21	45	5	12	50	0.01	0.5988888888888889	0.6916666666666667	0.6	0.34993385618385614
3	combined_all	14	67	16	21	46	5	11	20	0.01	0.5338888888888889	0.6181818181818182	0.6363636363636364	0.22084711628963774
3	combined_all	15	67	16	21	46	5	11	20	100.0	0.6144444444444443	0.5545454545454546	0.49090909090909096	0.15289415743128767
3	combined_all	16	66	17	20	46	6	11	10	0.01	0.6333333333333333	0.4772727272727273	0.6363636363636362	-0.04351941398892446
3	combined_all	17	66	17	21	45	5	12	10	10.0	0.5933333333333334	0.3916666666666667	0.2	-0.20658356100321165
3	combined_all	18	66	17	21	45	5	12	20	0.01	0.5827777777777778	0.55	0.5833333333333334	0.09128709291752769
3	combined_all	19	67	16	21	46	5	11	50	1.0	0.6494444444444444	0.4181818181818182	0.3272727272727273	-0.16363636363636364
3	combined_all	20	67	16	21	46	5	11	50	100.0	0.6227777777777778	0.3727272727272727	0.27272727272727276	-0.24370871833797697
3	combined_all	21	66	17	20	46	6	11	20	0.01	0.6394444444444444	0.2727272727272727	0.36363636363636365	-0.4767312946227961
3	combined_all	22	66	17	21	45	5	12	10	10.0	0.5472222222222223	0.6166666666666667	0.6666666666666666	0.25064020591380154
3	combined_all	23	66	17	21	45	5	12	5	0.01	0.7355555555555556	0.3833333333333333	0.4333333333333333	-0.25064020591380154
3	combined_all	24	67	16	21	46	5	11	50	0.01	0.4727777777777777	0.6090909090909091	0.6	0.23354968324845687
3	combined_all	25	67	16	21	46	5	11	20	100.0	0.5355555555555556	0.5727272727272728	0.4909090909090909	0.13483997249264842
4	residue_ligand	1	66	17	21	45	5	12	12	1.0	0.6744444444444444	0.6083333333333334	0.6666666666666667	0.20658356100321165
4	residue_ligand	2	66	17	21	45	5	12	12	0.1	0.5038888888888888	0.6333333333333333	0.8	0.24688535993934707
4	residue_ligand	3	66	17	20	46	6	11	8	100.0	0.6266666666666666	0.44696969696969696	0.4242424242424242	-0.1194880298498108
4	residue_ligand	4	67	16	21	46	5	11	12	100.0	0.6477777777777777	0.3727272727272727	0.4	-0.24370871833797697
4	residue_ligand	5	67	16	21	46	5	11	all	0.1	0.5894444444444444	0.5727272727272728	0.6363636363636362	0.13483997249264842
4	residue_ligand	6	66	17	21	45	5	12	all	10.0	0.6316666666666666	0.475	0.35	-0.053708615552957466
4	residue_ligand	7	66	17	21	45	5	12	4	0.01	0.5727777777777778	0.43333333333333335	0.5666666666666667	-0.13333333333333333
4	residue_ligand	8	66	17	20	46	6	11	all	0.1	0.6961111111111112	0.5227272727272727	0.5909090909090909	0.04351941398892446
4	residue_ligand	9	67	16	21	46	5	11	4	1.0	0.5811111111111111	0.4090909090909091	0.4545454545454546	-0.2548235957188128
4	residue_ligand	10	67	16	21	46	5	11	8	100.0	0.6116666666666667	0.5272727272727272	0.5272727272727273	0.050964719143762556
4	residue_ligand	11	66	17	21	45	5	12	8	10.0	0.6483333333333334	0.5333333333333333	0.45	0.06356417261637282
4	residue_ligand	12	66	17	21	45	5	12	12	10.0	0.6094444444444445	0.575	0.4166666666666667	0.15
4	residue_ligand	13	66	17	20	46	6	11	4	0.01	0.6188888888888888	0.6136363636363636	0.7121212121212122	0.22727272727272727
4	residue_ligand	14	67	16	21	46	5	11	8	100.0	0.5927777777777778	0.7727272727272727	0.7272727272727272	0.5222329678670935
4	residue_ligand	15	67	16	21	46	5	11	12	0.1	0.7216666666666667	0.5090909090909091	0.49090909090909096	0.021591675854376522
4	residue_ligand	16	66	17	21	45	5	12	12	100.0	0.5422222222222223	0.7166666666666667	0.8833333333333334	0.43333333333333335
4	residue_ligand	17	66	17	21	45	5	12	12	0.01	0.571111111111111	0.5666666666666667	0.65	0.13333333333333333
4	residue_ligand	18	66	17	20	46	6	11	8	0.1	0.6005555555555555	0.4772727272727273	0.5	-0.04351941398892446
4	residue_ligand	19	67	16	21	46	5	11	all	0.1	0.6394444444444444	0.6545454545454545	0.6	0.3670584895244009
4	residue_ligand	20	67	16	21	46	5	11	8	100.0	0.6866666666666668	0.3727272727272727	0.36363636363636365	-0.24370871833797697
4	residue_ligand	21	66	17	21	45	5	12	all	0.1	0.6994444444444444	0.5083333333333333	0.5666666666666667	0.015430334996209192
4	residue_ligand	22	66	17	21	45	5	12	8	0.01	0.6483333333333332	0.45	0.55	-0.09128709291752769
4	residue_ligand	23	66	17	20	46	6	11	4	1.0	0.6755555555555555	0.4015151515151515	0.4545454545454546	-0.20658356100321165
4	residue_ligand	24	67	16	21	46	5	11	all	0.01	0.658888888888889	0.6727272727272727	0.6000000000000001	0.32277655457716287
4	residue_ligand	25	67	16	21	46	5	11	8	0.01	0.5827777777777777	0.5545454545454546	0.7636363636363637	0.15289415743128767
4	residue_cofactor	1	66	17	21	45	5	12	40	0.01	0.6272222222222222	0.6083333333333334	0.5666666666666667	0.20658356100321165
4	residue_cofactor	2	66	17	21	45	5	12	20	0.1	0.6844444444444443	0.5916666666666667	0.6333333333333333	0.16735967034880075
4	residue_cofactor	3	66	17	20	46	6	11	20	0.01	0.6066666666666667	0.5681818181818181	0.6363636363636364	0.13241022442571243
4	residue_cofactor	4	67	16	21	46	5	11	10	0.1	0.595	0.5272727272727272	0.7090909090909091	0.050964719143762556
4	residue_cofactor	5	67	16	21	46	5	11	10	100.0	0.6577777777777778	0.42727272727272725	0.47272727272727266	-0.13483997249264842
4	residue_cofactor	6	66	17	21	45	5	12	10	1.0	0.6838888888888889	0.5083333333333333	0.4833333333333333	0.015430334996209192
4	residue_cofactor	7	66	17	21	45	5	12	40	0.01	0.5738888888888889	0.675	0.6333333333333333	0.3337119062359573
4	residue_cofactor	8	66	17	20	46	6	11	20	10.0	0.5277777777777778	0.6212121212121212	0.8333333333333333	0.3038948705590345
4	residue_cofactor	9	67	16	21	46	5	11	20	0.1	0.6777777777777777	0.42727272727272725	0.4909090909090909	-0.13483997249264842
4	residue_cofactor	10	67	16	21	46	5	11	5	0.01	0.6194444444444444	0.6181818181818182	0.6545454545454545	0.22084711628963774
4	residue_cofactor	11	66	17	21	45	5	12	10	0.01	0.5738888888888888	0.5916666666666667	0.7333333333333334	0.16735967034880075
4	residue_cofactor	12	66	17	21	45	5	12	5	0.01	0.5538888888888889	0.625	0.65	0.29880715233359845
4	residue_cofactor	13	66	17	20	46	6	11	40	10.0	0.6588888888888889	0.5303030303030303	0.4848484848484848	0.06356417261637282
4	residue_cofactor	14	67	16	21	46	5	11	10	0.1	0.6355555555555557	0.4727272727272727	0.3090909090909091	-0.050964719143762556
4	residue_cofactor	15	67	16	21	46	5	11	40	100.0	0.5844444444444444	0.4727272727272727	0.32727272727272727	-0.050964719143762556
4	residue_cofactor	16	66	17	21	45	5	12	40	0.01	0.5544444444444444	0.6083333333333334	0.75	0.20658356100321165
4	residue_cofactor	17	66	17	21	45	5	12	40	100.0	0.5149999999999999	0.5083333333333333	0.6833333333333332	0.015430334996209192
4	residue_cofactor	18	66	17	20	46	6	11	5	0.01	0.6761111111111111	0.6136363636363636	0.4696969696969697	0.22727272727272727
4	residue_cofactor	19	67	16	21	46	5	11	all	0.1	0.5633333333333332	0.4727272727272727	0.5272727272727273	-0.050964719143762556
4	residue_cofactor	20	67	16	21	46	5	11	5	0.1	0.6222222222222221	0.6181818181818182	0.6363636363636364	0.22084711628963774
4	residue_cofactor	21	66	17	21	45	5	12	40	0.01	0.6105555555555555	0.6916666666666667	0.6499999999999999	0.34993385618385614
4	residue_cofactor	22	66	17	21	45	5	12	40	0.01	0.5777777777777777	0.5916666666666667	0.4666666666666666	0.16735967034880075
4	residue_cofactor	23	66	17	20	46	6	11	10	100.0	0.5355555555555555	0.606060606060606	0.6515151515151515	0.2030905986149808
4	residue_cofactor	24	67	16	21	46	5	11	20	0.01	0.6033333333333333	0.5272727272727272	0.4	0.050964719143762556
4	residue_cofactor	25	67	16	21	46	5	11	5	0.1	0.5916666666666666	0.6090909090909091	0.5454545454545455	0.23354968324845687
4	residue_residue	1	66	17	21	45	5	12	50	0.01	0.5233333333333332	0.7333333333333334	0.8166666666666668	0.42600643361512924
4	residue_residue	2	66	17	21	45	5	12	50	10.0	0.5672222222222223	0.6333333333333333	0.5666666666666667	0.24688535993934707
4	residue_residue	3	66	17	20	46	6	11	5	1.0	0.6911111111111111	0.44696969696969696	0.43939393939393934	-0.1194880298498108
4	residue_residue	4	67	16	21	46	5	11	20	0.1	0.5622222222222222	0.8090909090909091	0.8	0.5918640302493726
4	residue_residue	5	67	16	21	46	5	11	50	100.0	0.6872222222222222	0.4727272727272727	0.43636363636363634	-0.050964719143762556
4	residue_residue	6	66	17	21	45	5	12	20	1.0	0.6533333333333333	0.3916666666666667	0.5166666666666667	-0.20658356100321165
4	residue_residue	7	66	17	21	45	5	12	10	0.1	0.6655555555555555	0.4166666666666667	0.5666666666666667	-0.23570226039551584
4	residue_residue	8	66	17	20	46	6	11	5	0.1	0.5744444444444445	0.6439393939393939	0.6515151515151515	0.2878787878787879
4	residue_residue	9	67	16	21	46	5	11	20	10.0	0.5627777777777778	0.32727272727272727	0.2545454545454546	-0.32277655457716287
4	residue_residue	10	67	16	21	46	5	11	50	0.01	0.625	0.3727272727272727	0.2909090909090909	-0.24370871833797697
4	residue_residue	11	66	17	21	45	5	12	10	10.0	0.5655555555555556	0.5166666666666667	0.6333333333333333	0.03984095364447979
4	residue_residue	12	66	17	21	45	5	12	50	10.0	0.5488888888888888	0.5916666666666667	0.6333333333333333	0.16735967034880075
4	residue_residue	13	66	17	20	46	6	11	50	10.0	0.6127777777777778	0.5227272727272727	0.6515151515151516	0.04351941398892446
4	residue_residue	14	67	16	21	46	5	11	20	0.01	0.7105555555555554	0.38181818181818183	0.4727272727272728	-0.22084711628963774
4	residue_residue	15	67	16	21	46	5	11	20	100.0	0.5305555555555554	0.8545454545454545	0.8545454545454546	0.7090909090909091
4	residue_residue	16	66	17	21	45	5	12	10	100.0	0.5927777777777777	0.5333333333333333	0.5833333333333333	0.06356417261637282
4	residue_residue	17	66	17	21	45	5	12	50	0.1	0.6433333333333333	0.5083333333333333	0.5666666666666667	0.015430334996209192
4	residue_residue	18	66	17	20	46	6	11	20	100.0	0.6688888888888889	0.606060606060606	0.5757575757575757	0.2030905986149808
4	residue_residue	19	67	16	21	46	5	11	20	1.0	0.5800000000000001	0.6545454545454545	0.5636363636363637	0.3670584895244009
4	residue_residue	20	67	16	21	46	5	11	50	0.1	0.6377777777777778	0.5636363636363637	0.6727272727272727	0.12727272727272726
4	residue_residue	21	66	17	21	45	5	12	20	1.0	0.6516666666666667	0.5333333333333333	0.55	0.06356417261637282
4	residue_residue	22	66	17	21	45	5	12	10	10.0	0.5577777777777777	0.43333333333333335	0.6000000000000001	-0.13333333333333333
4	residue_residue	23	66	17	20	46	6	11	50	10.0	0.5255555555555554	0.48484848484848486	0.5	-0.030303030303030304
4	residue_residue	24	67	16	21	46	5	11	20	100.0	0.6177777777777778	0.36363636363636365	0.4727272727272728	-0.32387513781564786
4	residue_residue	25	67	16	21	46	5	11	20	100.0	0.5438888888888889	0.4727272727272727	0.4545454545454546	-0.050964719143762556
4	combined_all	1	66	17	21	45	5	12	20	0.1	0.5488888888888889	0.6333333333333333	0.7999999999999999	0.24688535993934707
4	combined_all	2	66	17	21	45	5	12	50	0.1	0.5538888888888889	0.5916666666666667	0.6666666666666667	0.16735967034880075
4	combined_all	3	66	17	20	46	6	11	5	1.0	0.6911111111111111	0.44696969696969696	0.43939393939393934	-0.1194880298498108
4	combined_all	4	67	16	21	46	5	11	5	0.01	0.5583333333333333	0.7636363636363637	0.7090909090909091	0.49265895172303803
4	combined_all	5	67	16	21	46	5	11	50	1.0	0.7083333333333333	0.5181818181818182	0.4181818181818182	0.034815531191139566
4	combined_all	6	66	17	21	45	5	12	20	1.0	0.6455555555555555	0.5916666666666667	0.48333333333333334	0.16735967034880075
4	combined_all	7	66	17	21	45	5	12	10	0.01	0.6322222222222222	0.4166666666666667	0.55	-0.23570226039551584
4	combined_all	8	66	17	20	46	6	11	5	0.1	0.5744444444444445	0.6439393939393939	0.6515151515151515	0.2878787878787879
4	combined_all	9	67	16	21	46	5	11	20	10.0	0.5599999999999999	0.32727272727272727	0.2545454545454546	-0.32277655457716287
4	combined_all	10	67	16	21	46	5	11	50	0.01	0.605	0.3727272727272727	0.2909090909090909	-0.24370871833797697
4	combined_all	11	66	17	21	45	5	12	20	10.0	0.5794444444444444	0.43333333333333335	0.5166666666666666	-0.13333333333333333
4	combined_all	12	66	17	21	45	5	12	20	1.0	0.5411111111111111	0.4916666666666667	0.5	-0.015430334996209192
4	combined_all	13	66	17	20	46	6	11	50	100.0	0.6227777777777777	0.5227272727272727	0.6666666666666667	0.04351941398892446
4	combined_all	14	67	16	21	46	5	11	50	100.0	0.7411111111111112	0.4818181818181818	0.509090909090909	-0.034815531191139566
4	combined_all	15	67	16	21	46	5	11	5	0.1	0.5294444444444444	0.7181818181818183	0.8	0.40451991747794525
4	combined_all	16	66	17	21	45	5	12	10	100.0	0.5927777777777777	0.5333333333333333	0.5833333333333333	0.06356417261637282
4	combined_all	17	66	17	21	45	5	12	50	1.0	0.6566666666666666	0.5916666666666667	0.5833333333333333	0.16735967034880075
4	combined_all	18	66	17	20	46	6	11	10	10.0	0.6661111111111111	0.5227272727272727	0.4242424242424242	0.04351941398892446
4	combined_all	19	67	16	21	46	5	11	50	0.01	0.65	0.6636363636363636	0.5454545454545454	0.3133397807202561
4	combined_all	20	67	16	21	46	5	11	50	0.01	0.6222222222222221	0.7181818181818183	0.6363636363636365	0.40451991747794525
4	combined_all	21	66	17	21	45	5	12	20	1.0	0.6516666666666667	0.5333333333333333	0.55	0.06356417261637282
4	combined_all	22	66	17	21	45	5	12	10	10.0	0.6077777777777778	0.43333333333333335	0.6000000000000001	-0.13333333333333333
4	combined_all	23	66	17	20	46	6	11	50	1.0	0.5322222222222222	0.48484848484848486	0.5606060606060606	-0.030303030303030304
4	combined_all	24	67	16	21	46	5	11	20	100.0	0.6177777777777778	0.36363636363636365	0.4727272727272728	-0.32387513781564786
4	combined_all	25	67	16	21	46	5	11	20	0.1	0.5277777777777778	0.6090909090909091	0.6	0.23354968324845687
5	residue_ligand	1	66	17	21	45	5	12	12	1.0	0.3916666666666667	0.5916666666666667	0.7333333333333333	0.16735967034880075
5	residue_ligand	2	66	17	21	45	5	12	all	0.1	0.6055555555555555	0.3916666666666667	0.55	-0.20658356100321165
5	residue_ligand	3	66	17	20	46	6	11	12	1.0	0.7066666666666667	0.49242424242424243	0.3181818181818182	-0.018993429409939658
5	residue_ligand	4	67	16	21	46	5	11	8	10.0	0.6361111111111111	0.8181818181818181	0.7636363636363637	0.5945883900105632
5	residue_ligand	5	67	16	21	46	5	11	12	1.0	0.5677777777777778	0.5272727272727272	0.6545454545454545	0.050964719143762556
5	residue_ligand	6	66	17	21	45	5	12	12	100.0	0.5338888888888889	0.6166666666666667	0.8333333333333334	0.25064020591380154
5	residue_ligand	7	66	17	21	45	5	12	12	0.1	0.5655555555555555	0.6916666666666667	0.7000000000000001	0.34993385618385614
5	residue_ligand	8	66	17	20	46	6	11	12	100.0	0.6383333333333333	0.5681818181818181	0.5909090909090908	0.13241022442571243
5	residue_ligand	9	67	16	21	46	5	11	8	100.0	0.655	0.5181818181818182	0.509090909090909	0.034815531191139566
5	residue_ligand	10	67	16	21	46	5	11	all	1.0	0.5566666666666666	0.4181818181818182	0.34545454545454546	-0.16363636363636364
5	residue_ligand	11	66	17	21	45	5	12	8	1.0	0.63	0.325	0.45	-0.3337119062359573
5	residue_ligand	12	66	17	21	45	5	12	12	10.0	0.6233333333333333	0.4666666666666667	0.55	-0.06356417261637282
5	residue_ligand	13	66	17	20	46	6	11	12	10.0	0.5677777777777777	0.48484848484848486	0.45454545454545453	-0.030303030303030304
5	residue_ligand	14	67	16	21	46	5	11	12	1.0	0.5716666666666668	0.5636363636363637	0.7090909090909091	0.12727272727272726
5	residue_ligand	15	67	16	21	46	5	11	4	0.1	0.675	0.4727272727272727	0.34545454545454546	-0.050964719143762556
5	residue_ligand	16	66	17	21	45	5	12	4	1.0	0.6461111111111111	0.30833333333333335	0.4666666666666667	-0.34993385618385614
5	residue_ligand	17	66	17	21	45	5	12	8	100.0	0.6211111111111111	0.775	0.8	0.5092010548749033
5	residue_ligand	18	66	17	20	46	6	11	all	1.0	0.5144444444444444	0.48484848484848486	0.49999999999999994	-0.030303030303030304
5	residue_ligand	19	67	16	21	46	5	11	8	1.0	0.6105555555555556	0.4090909090909091	0.6545454545454545	-0.2548235957188128
5	residue_ligand	20	67	16	21	46	5	11	4	10.0	0.6083333333333333	0.3727272727272727	0.49090909090909096	-0.24370871833797697
5	residue_ligand	21	66	17	21	45	5	12	4	100.0	0.635	0.35	0.5	-0.27774602993176545
5	residue_ligand	22	66	17	21	45	5	12	12	100.0	0.6783333333333331	0.6166666666666667	0.5333333333333333	0.25064020591380154
5	residue_ligand	23	66	17	20	46	6	11	12	1.0	0.6116666666666667	0.48484848484848486	0.5606060606060606	-0.030303030303030304
5	residue_ligand	24	67	16	21	46	5	11	4	0.01	0.5688888888888889	0.42727272727272725	0.2909090909090909	-0.13483997249264842
5	residue_ligand	25	67	16	21	46	5	11	4	100.0	0.6172222222222222	0.7636363636363637	0.7454545454545455	0.49265895172303803
5	residue_cofactor	1	66	17	21	45	5	12	40	0.1	0.4427777777777778	0.4916666666666667	0.5833333333333333	-0.015430334996209192
5	residue_cofactor	2	66	17	21	45	5	12	40	1.0	0.5588888888888889	0.30833333333333335	0.3	-0.34993385618385614
5	residue_cofactor	3	66	17	20	46	6	11	all	0.1	0.6294444444444445	0.4015151515151515	0.3181818181818182	-0.20658356100321165
5	residue_cofactor	4	67	16	21	46	5	11	10	0.01	0.5122222222222221	0.4727272727272727	0.4545454545454546	-0.050964719143762556
5	residue_cofactor	5	67	16	21	46	5	11	40	10.0	0.5244444444444445	0.4181818181818182	0.4363636363636364	-0.16363636363636364
5	residue_cofactor	6	66	17	21	45	5	12	all	100.0	0.5261111111111111	0.4916666666666667	0.4666666666666667	-0.015430334996209192
5	residue_cofactor	7	66	17	21	45	5	12	20	10.0	0.5366666666666667	0.5333333333333333	0.30000000000000004	0.06356417261637282
5	residue_cofactor	8	66	17	20	46	6	11	20	100.0	0.596111111111111	0.5378787878787878	0.4696969696969697	0.11236664374387369
5	residue_cofactor	9	67	16	21	46	5	11	20	0.1	0.6533333333333333	0.13636363636363635	0.07272727272727272	-0.674199862463242
5	residue_cofactor	10	67	16	21	46	5	11	5	0.01	0.5572222222222222	0.4818181818181818	0.38181818181818183	-0.034815531191139566
5	residue_cofactor	11	66	17	21	45	5	12	5	0.01	0.4844444444444444	0.45	0.5	-0.09128709291752769
5	residue_cofactor	12	66	17	21	45	5	12	20	0.01	0.5455555555555556	0.5083333333333333	0.45	0.015430334996209192
5	residue_cofactor	13	66	17	20	46	6	11	all	0.1	0.4722222222222222	0.5757575757575758	0.5454545454545454	0.1706971854997297
5	residue_cofactor	14	67	16	21	46	5	11	10	1.0	0.6377777777777778	0.5272727272727272	0.34545454545454546	0.050964719143762556
5	residue_cofactor	15	67	16	21	46	5	11	10	1.0	0.5650000000000001	0.4636363636363636	0.34545454545454546	-0.0778498944161523
5	residue_cofactor	16	66	17	21	45	5	12	20	100.0	0.6294444444444444	0.3916666666666667	0.38333333333333336	-0.20658356100321165
5	residue_cofactor	17	66	17	21	45	5	12	5	1.0	0.5288888888888889	0.475	0.5	-0.053708615552957466
5	residue_cofactor	18	66	17	20	46	6	11	10	0.01	0.5377777777777778	0.43939393939393934	0.3939393939393939	-0.11769797726729993
5	residue_cofactor	19	67	16	21	46	5	11	20	100.0	0.5177777777777777	0.4727272727272727	0.5454545454545455	-0.050964719143762556
5	residue_cofactor	20	67	16	21	46	5	11	20	0.1	0.5722222222222222	0.5818181818181818	0.5090909090909091	0.16363636363636364
5	residue_cofactor	21	66	17	21	45	5	12	40	100.0	0.5038888888888888	0.75	0.55	0.4767312946227961
5	residue_cofactor	22	66	17	21	45	5	12	10	0.01	0.5905555555555555	0.3416666666666667	0.15000000000000002	-0.378489059622558
5	residue_cofactor	23	66	17	20	46	6	11	all	0.01	0.46333333333333326	0.5303030303030303	0.48484848484848486	0.06356417261637282
5	residue_cofactor	24	67	16	21	46	5	11	10	0.01	0.5672222222222223	0.4181818181818182	0.34545454545454546	-0.16363636363636364
5	residue_cofactor	25	67	16	21	46	5	11	10	1.0	0.5222222222222224	0.38181818181818183	0.32727272727272727	-0.22084711628963774
5	residue_residue	1	66	17	21	45	5	12	5	1.0	0.6633333333333333	0.55	0.6666666666666667	0.09128709291752769
5	residue_residue	2	66	17	21	45	5	12	50	10.0	0.5522222222222222	0.7	0.6666666666666666	0.565685424949238
5	residue_residue	3	66	17	20	46	6	11	10	100.0	0.5516666666666666	0.4015151515151515	0.5151515151515151	-0.20658356100321165
5	residue_residue	4	67	16	21	46	5	11	5	1.0	0.5966666666666667	0.6636363636363636	0.7090909090909091	0.3133397807202561
5	residue_residue	5	67	16	21	46	5	11	5	0.01	0.4922222222222222	0.7181818181818183	0.8363636363636364	0.40451991747794525
5	residue_residue	6	66	17	21	45	5	12	20	1.0	0.6266666666666667	0.475	0.6000000000000001	-0.053708615552957466
5	residue_residue	7	66	17	21	45	5	12	5	10.0	0.5955555555555556	0.2916666666666667	0.4	-0.4166666666666667
5	residue_residue	8	66	17	20	46	6	11	50	0.1	0.5655555555555556	0.48484848484848486	0.4545454545454546	-0.030303030303030304
5	residue_residue	9	67	16	21	46	5	11	20	1.0	0.6511111111111111	0.4636363636363636	0.2909090909090909	-0.0778498944161523
5	residue_residue	10	67	16	21	46	5	11	5	0.01	0.5733333333333333	0.7272727272727273	0.7636363636363636	0.45454545454545453
5	residue_residue	11	66	17	21	45	5	12	5	1.0	0.6627777777777777	0.5333333333333333	0.5333333333333333	0.06356417261637282
5	residue_residue	12	66	17	21	45	5	12	20	100.0	0.6227777777777777	0.3916666666666667	0.43333333333333335	-0.20658356100321165
5	residue_residue	13	66	17	20	46	6	11	5	0.1	0.6794444444444444	0.5303030303030303	0.5909090909090908	0.06356417261637282
5	residue_residue	14	67	16	21	46	5	11	50	1.0	0.6799999999999999	0.32727272727272727	0.32727272727272727	-0.32277655457716287
5	residue_residue	15	67	16	21	46	5	11	10	0.01	0.5566666666666666	0.42727272727272725	0.4727272727272727	-0.13483997249264842
5	residue_residue	16	66	17	21	45	5	12	50	100.0	0.6244444444444444	0.55	0.5333333333333333	0.09128709291752769
5	residue_residue	17	66	17	21	45	5	12	20	10.0	0.5283333333333333	0.6166666666666667	0.4666666666666667	0.25064020591380154
5	residue_residue	18	66	17	20	46	6	11	5	0.01	0.6505555555555556	0.6818181818181819	0.696969696969697	0.40967324519935133
5	residue_residue	19	67	16	21	46	5	11	50	100.0	0.6711111111111112	0.3727272727272727	0.5272727272727273	-0.24370871833797697
5	residue_residue	20	67	16	21	46	5	11	5	100.0	0.5722222222222222	0.7090909090909091	0.7090909090909091	0.41818181818181815
5	residue_residue	21	66	17	21	45	5	12	20	1.0	0.645	0.55	0.3666666666666666	0.09128709291752769
5	residue_residue	22	66	17	21	45	5	12	50	0.1	0.6905555555555555	0.5166666666666667	0.39999999999999997	0.03984095364447979
5	residue_residue	23	66	17	20	46	6	11	10	100.0	0.5688888888888888	0.4318181818181818	0.4242424242424242	-0.13241022442571243
5	residue_residue	24	67	16	21	46	5	11	10	0.01	0.4838888888888889	0.6272727272727273	0.8363636363636364	0.24370871833797697
5	residue_residue	25	67	16	21	46	5	11	5	0.1	0.5483333333333332	0.6545454545454545	0.9454545454545454	0.3670584895244009
5	combined_all	1	66	17	21	45	5	12	5	1.0	0.6633333333333333	0.55	0.6666666666666667	0.09128709291752769
5	combined_all	2	66	17	21	45	5	12	50	10.0	0.5522222222222222	0.7	0.6666666666666666	0.565685424949238
5	combined_all	3	66	17	20	46	6	11	10	100.0	0.5377777777777777	0.4015151515151515	0.5151515151515151	-0.20658356100321165
5	combined_all	4	67	16	21	46	5	11	5	1.0	0.5966666666666667	0.6636363636363636	0.7090909090909091	0.3133397807202561
5	combined_all	5	67	16	21	46	5	11	10	0.01	0.49333333333333335	0.6727272727272727	0.6545454545454547	0.32277655457716287
5	combined_all	6	66	17	21	45	5	12	20	1.0	0.6266666666666667	0.475	0.6000000000000001	-0.053708615552957466
5	combined_all	7	66	17	21	45	5	12	5	10.0	0.5955555555555556	0.2916666666666667	0.4	-0.4166666666666667
5	combined_all	8	66	17	20	46	6	11	5	0.1	0.5633333333333332	0.48484848484848486	0.5303030303030303	-0.030303030303030304
5	combined_all	9	67	16	21	46	5	11	20	1.0	0.6261111111111111	0.4636363636363636	0.2909090909090909	-0.0778498944161523
5	combined_all	10	67	16	21	46	5	11	5	0.01	0.5733333333333333	0.7272727272727273	0.7636363636363636	0.45454545454545453
5	combined_all	11	66	17	21	45	5	12	5	1.0	0.6627777777777777	0.5333333333333333	0.5333333333333333	0.06356417261637282
5	combined_all	12	66	17	21	45	5	12	20	100.0	0.6227777777777777	0.3916666666666667	0.43333333333333335	-0.20658356100321165
5	combined_all	13	66	17	20	46	6	11	5	0.1	0.6794444444444444	0.5303030303030303	0.5909090909090908	0.06356417261637282
5	combined_all	14	67	16	21	46	5	11	50	1.0	0.6799999999999999	0.32727272727272727	0.32727272727272727	-0.32277655457716287
5	combined_all	15	67	16	21	46	5	11	10	0.01	0.5466666666666666	0.42727272727272725	0.4727272727272727	-0.13483997249264842
5	combined_all	16	66	17	21	45	5	12	50	100.0	0.6244444444444444	0.55	0.5333333333333333	0.09128709291752769
5	combined_all	17	66	17	21	45	5	12	20	100.0	0.5394444444444444	0.6583333333333333	0.4666666666666667	0.378489059622558
5	combined_all	18	66	17	20	46	6	11	5	0.01	0.6505555555555556	0.6818181818181819	0.696969696969697	0.40967324519935133
5	combined_all	19	67	16	21	46	5	11	50	100.0	0.6822222222222223	0.3727272727272727	0.5272727272727273	-0.24370871833797697
5	combined_all	20	67	16	21	46	5	11	5	100.0	0.5722222222222222	0.7090909090909091	0.7090909090909091	0.41818181818181815
5	combined_all	21	66	17	21	45	5	12	20	1.0	0.645	0.55	0.3666666666666666	0.09128709291752769
5	combined_all	22	66	17	21	45	5	12	50	0.01	0.6883333333333334	0.5166666666666667	0.35000000000000003	0.03984095364447979
5	combined_all	23	66	17	20	46	6	11	10	100.0	0.5688888888888888	0.4318181818181818	0.4242424242424242	-0.13241022442571243
5	combined_all	24	67	16	21	46	5	11	10	0.01	0.4838888888888889	0.6272727272727273	0.8363636363636364	0.24370871833797697
5	combined_all	25	67	16	21	46	5	11	5	0.1	0.5483333333333332	0.6545454545454545	0.9454545454545454	0.3670584895244009
6	residue_ligand	1	66	17	21	45	5	12	all	100.0	0.5522222222222222	0.4916666666666667	0.48333333333333334	-0.015430334996209192
6	residue_ligand	2	66	17	21	45	5	12	12	100.0	0.5733333333333333	0.5083333333333333	0.43333333333333335	0.015430334996209192
6	residue_ligand	3	66	17	20	46	6	11	all	100.0	0.5277777777777778	0.6893939393939394	0.803030303030303	0.36780617896031226
6	residue_ligand	4	67	16	21	46	5	11	all	100.0	0.6055555555555555	0.4636363636363636	0.5272727272727273	-0.0778498944161523
6	residue_ligand	5	67	16	21	46	5	11	4	10.0	0.6138888888888888	0.33636363636363636	0.2909090909090909	-0.3133397807202561
6	residue_ligand	6	66	17	21	45	5	12	all	10.0	0.6244444444444444	0.4916666666666667	0.6499999999999999	-0.015430334996209192
6	residue_ligand	7	66	17	21	45	5	12	all	100.0	0.5705555555555555	0.6333333333333333	0.6333333333333333	0.24688535993934707
6	residue_ligand	8	66	17	20	46	6	11	all	100.0	0.6105555555555555	0.5227272727272727	0.6363636363636364	0.04351941398892446
6	residue_ligand	9	67	16	21	46	5	11	all	10.0	0.5844444444444443	0.5181818181818182	0.6000000000000001	0.034815531191139566
6	residue_ligand	10	67	16	21	46	5	11	4	10.0	0.62	0.3727272727272727	0.34545454545454546	-0.24370871833797697
6	residue_ligand	11	66	17	21	45	5	12	8	100.0	0.5538888888888888	0.3916666666666667	0.6	-0.20658356100321165
6	residue_ligand	12	66	17	21	45	5	12	all	100.0	0.5533333333333333	0.775	0.7166666666666667	0.5092010548749033
6	residue_ligand	13	66	17	20	46	6	11	all	100.0	0.5577777777777777	0.3181818181818182	0.37878787878787884	-0.40967324519935133
6	residue_ligand	14	67	16	21	46	5	11	all	10.0	0.5666666666666667	0.7090909090909091	0.7818181818181819	0.41818181818181815
6	residue_ligand	15	67	16	21	46	5	11	all	100.0	0.6255555555555556	0.42727272727272725	0.5636363636363637	-0.13483997249264842
6	residue_ligand	16	66	17	21	45	5	12	all	10.0	0.5044444444444445	0.6916666666666667	0.8333333333333333	0.34993385618385614
6	residue_ligand	17	66	17	21	45	5	12	4	100.0	0.6011111111111112	0.6166666666666667	0.5333333333333332	0.25064020591380154
6	residue_ligand	18	66	17	20	46	6	11	all	100.0	0.5333333333333334	0.6212121212121212	0.6363636363636365	0.3038948705590345
6	residue_ligand	19	67	16	21	46	5	11	all	100.0	0.55	0.6636363636363636	0.6727272727272727	0.3133397807202561
6	residue_ligand	20	67	16	21	46	5	11	all	100.0	0.643888888888889	0.6181818181818182	0.6363636363636364	0.22084711628963774
6	residue_ligand	21	66	17	21	45	5	12	8	0.1	0.5705555555555556	0.35	0.3166666666666667	-0.27774602993176545
6	residue_ligand	22	66	17	21	45	5	12	all	10.0	0.6294444444444445	0.4916666666666667	0.5499999999999999	-0.015430334996209192
6	residue_ligand	23	66	17	20	46	6	11	all	10.0	0.5427777777777778	0.5681818181818181	0.6212121212121212	0.13241022442571243
6	residue_ligand	24	67	16	21	46	5	11	all	10.0	0.5033333333333333	0.4818181818181818	0.509090909090909	-0.034815531191139566
6	residue_ligand	25	67	16	21	46	5	11	12	10.0	0.518888888888889	0.6636363636363636	0.6545454545454547	0.3133397807202561
6	residue_cofactor	1	66	17	21	45	5	12	5	0.1	0.5705555555555556	0.6166666666666667	0.5	0.25064020591380154
6	residue_cofactor	2	66	17	21	45	5	12	5	100.0	0.5022222222222222	0.3916666666666667	0.3833333333333333	-0.20658356100321165
6	residue_cofactor	3	66	17	20	46	6	11	all	0.1	0.5044444444444445	0.5303030303030303	0.46969696969696967	0.06356417261637282
6	residue_cofactor	4	67	16	21	46	5	11	20	0.1	0.6055555555555555	0.3181818181818182	0.3090909090909091	-0.3892494720807615
6	residue_cofactor	5	67	16	21	46	5	11	5	1.0	0.5461111111111111	0.32727272727272727	0.4363636363636364	-0.32277655457716287
6	residue_cofactor	6	66	17	21	45	5	12	10	10.0	0.4066666666666666	0.575	0.5833333333333334	0.15
6	residue_cofactor	7	66	17	21	45	5	12	10	1.0	0.5094444444444444	0.5916666666666667	0.65	0.16735967034880075
6	residue_cofactor	8	66	17	20	46	6	11	40	10.0	0.5588888888888889	0.43939393939393934	0.3939393939393939	-0.11769797726729993
6	residue_cofactor	9	67	16	21	46	5	11	20	100.0	0.5166666666666667	0.6	0.5272727272727273	0.38297084310253526
6	residue_cofactor	10	67	16	21	46	5	11	20	100.0	0.5344444444444444	0.33636363636363636	0.34545454545454546	-0.3133397807202561
6	residue_cofactor	11	66	17	21	45	5	12	20	10.0	0.5255555555555556	0.575	0.6833333333333333	0.15
6	residue_cofactor	12	66	17	21	45	5	12	10	0.1	0.578888888888889	0.43333333333333335	0.35	-0.13333333333333333
6	residue_cofactor	13	66	17	20	46	6	11	10	1.0	0.6238888888888889	0.356060606060606	0.3181818181818182	-0.2878787878787879
6	residue_cofactor	14	67	16	21	46	5	11	20	10.0	0.44722222222222224	0.42727272727272725	0.5636363636363637	-0.13483997249264842
6	residue_cofactor	15	67	16	21	46	5	11	20	1.0	0.6166666666666666	0.4727272727272727	0.49090909090909096	-0.050964719143762556
6	residue_cofactor	16	66	17	21	45	5	12	all	100.0	0.6177777777777778	0.30833333333333335	0.30000000000000004	-0.34993385618385614
6	residue_cofactor	17	66	17	21	45	5	12	20	10.0	0.5961111111111111	0.5333333333333333	0.55	0.06356417261637282
6	residue_cofactor	18	66	17	20	46	6	11	40	100.0	0.5088888888888888	0.5303030303030303	0.5606060606060606	0.06356417261637282
6	residue_cofactor	19	67	16	21	46	5	11	20	0.01	0.6416666666666666	0.6181818181818182	0.509090909090909	0.22084711628963774
6	residue_cofactor	20	67	16	21	46	5	11	all	0.01	0.49944444444444447	0.42727272727272725	0.38181818181818183	-0.13483997249264842
6	residue_cofactor	21	66	17	21	45	5	12	all	10.0	0.4961111111111111	0.2916666666666667	0.3833333333333333	-0.4166666666666667
6	residue_cofactor	22	66	17	21	45	5	12	10	100.0	0.4699999999999999	0.7916666666666667	0.7833333333333334	0.5400617248673217
6	residue_cofactor	23	66	17	20	46	6	11	5	0.1	0.5411111111111111	0.3939393939393939	0.25757575757575757	-0.2030905986149808
6	residue_cofactor	24	67	16	21	46	5	11	10	1.0	0.4966666666666667	0.6636363636363636	0.5454545454545454	0.3133397807202561
6	residue_cofactor	25	67	16	21	46	5	11	5	0.01	0.5888888888888888	0.23636363636363636	0.2	-0.49265895172303803
6	residue_residue	1	66	17	21	45	5	12	5	0.01	0.5727777777777777	0.55	0.5166666666666666	0.09128709291752769
6	residue_residue	2	66	17	21	45	5	12	10	1.0	0.4538888888888889	0.375	0.21666666666666667	-0.29880715233359845
6	residue_residue	3	66	17	20	46	6	11	5	100.0	0.44944444444444437	0.6439393939393939	0.6060606060606061	0.2878787878787879
6	residue_residue	4	67	16	21	46	5	11	10	0.1	0.5244444444444445	0.6090909090909091	0.4727272727272728	0.23354968324845687
6	residue_residue	5	67	16	21	46	5	11	5	10.0	0.6383333333333334	0.32727272727272727	0.2909090909090909	-0.32277655457716287
6	residue_residue	6	66	17	21	45	5	12	5	1.0	0.6033333333333333	0.475	0.5333333333333333	-0.053708615552957466
6	residue_residue	7	66	17	21	45	5	12	10	1.0	0.4311111111111111	0.475	0.2833333333333333	-0.053708615552957466
6	residue_residue	8	66	17	20	46	6	11	10	100.0	0.4644444444444444	0.43939393939393934	0.4393939393939394	-0.11769797726729993
6	residue_residue	9	67	16	21	46	5	11	5	0.01	0.43611111111111117	0.7090909090909091	0.7636363636363637	0.41818181818181815
6	residue_residue	10	67	16	21	46	5	11	5	0.1	0.6766666666666666	0.32727272727272727	0.36363636363636365	-0.32277655457716287
6	residue_residue	11	66	17	21	45	5	12	5	0.1	0.515	0.6083333333333334	0.6166666666666667	0.20658356100321165
6	residue_residue	12	66	17	21	45	5	12	20	100.0	0.5483333333333332	0.475	0.5	-0.053708615552957466
6	residue_residue	13	66	17	20	46	6	11	10	10.0	0.6622222222222222	0.5227272727272727	0.43939393939393945	0.04351941398892446
6	residue_residue	14	67	16	21	46	5	11	20	10.0	0.4505555555555555	0.4636363636363636	0.4363636363636364	-0.0778498944161523
6	residue_residue	15	67	16	21	46	5	11	10	0.1	0.47333333333333333	0.6636363636363636	0.5818181818181818	0.3133397807202561
6	residue_residue	16	66	17	21	45	5	12	5	0.01	0.5122222222222221	0.55	0.49999999999999994	0.09128709291752769
6	residue_residue	17	66	17	21	45	5	12	10	0.01	0.5877777777777777	0.4083333333333333	0.4166666666666667	-0.16735967034880075
6	residue_residue	18	66	17	20	46	6	11	10	0.01	0.4538888888888889	0.6136363636363636	0.6363636363636364	0.22727272727272727
6	residue_residue	19	67	16	21	46	5	11	5	1.0	0.4927777777777777	0.6636363636363636	0.6181818181818182	0.3133397807202561
6	residue_residue	20	67	16	21	46	5	11	20	10.0	0.5627777777777778	0.5181818181818182	0.43636363636363634	0.034815531191139566
6	residue_residue	21	66	17	21	45	5	12	10	10.0	0.49499999999999994	0.6166666666666667	0.6333333333333333	0.25064020591380154
6	residue_residue	22	66	17	21	45	5	12	10	0.01	0.4844444444444445	0.5083333333333333	0.5833333333333334	0.015430334996209192
6	residue_residue	23	66	17	20	46	6	11	5	0.01	0.45111111111111113	0.6136363636363636	0.5151515151515151	0.22727272727272727
6	residue_residue	24	67	16	21	46	5	11	10	0.01	0.46944444444444444	0.5272727272727272	0.4909090909090909	0.050964719143762556
6	residue_residue	25	67	16	21	46	5	11	10	1.0	0.5366666666666667	0.5636363636363637	0.4363636363636364	0.12727272727272726
6	combined_all	1	66	17	21	45	5	12	5	0.01	0.5727777777777777	0.55	0.5166666666666666	0.09128709291752769
6	combined_all	2	66	17	21	45	5	12	10	1.0	0.4538888888888889	0.375	0.21666666666666667	-0.29880715233359845
6	combined_all	3	66	17	20	46	6	11	5	100.0	0.44944444444444437	0.6439393939393939	0.6060606060606061	0.2878787878787879
6	combined_all	4	67	16	21	46	5	11	10	0.1	0.5244444444444445	0.6090909090909091	0.4727272727272728	0.23354968324845687
6	combined_all	5	67	16	21	46	5	11	5	10.0	0.6383333333333334	0.32727272727272727	0.2909090909090909	-0.32277655457716287
6	combined_all	6	66	17	21	45	5	12	5	1.0	0.6033333333333333	0.475	0.5333333333333333	-0.053708615552957466
6	combined_all	7	66	17	21	45	5	12	20	100.0	0.465	0.43333333333333335	0.26666666666666666	-0.13333333333333333
6	combined_all	8	66	17	20	46	6	11	20	1.0	0.445	0.5227272727272727	0.3939393939393939	0.04351941398892446
6	combined_all	9	67	16	21	46	5	11	5	10.0	0.41222222222222216	0.8	0.709090909090909	0.7125253031944253
6	combined_all	10	67	16	21	46	5	11	5	0.1	0.6766666666666666	0.32727272727272727	0.36363636363636365	-0.32277655457716287
6	combined_all	11	66	17	21	45	5	12	5	0.1	0.515	0.6083333333333334	0.6166666666666667	0.20658356100321165
6	combined_all	12	66	17	21	45	5	12	20	100.0	0.5483333333333332	0.475	0.5	-0.053708615552957466
6	combined_all	13	66	17	20	46	6	11	10	10.0	0.6622222222222222	0.5227272727272727	0.43939393939393945	0.04351941398892446
6	combined_all	14	67	16	21	46	5	11	50	10.0	0.45444444444444443	0.5181818181818182	0.6000000000000001	0.034815531191139566
6	combined_all	15	67	16	21	46	5	11	10	0.01	0.4727777777777778	0.6181818181818182	0.6363636363636364	0.22084711628963774
6	combined_all	16	66	17	21	45	5	12	5	0.01	0.5122222222222221	0.55	0.49999999999999994	0.09128709291752769
6	combined_all	17	66	17	21	45	5	12	10	0.01	0.5877777777777777	0.4083333333333333	0.4166666666666667	-0.16735967034880075
6	combined_all	18	66	17	20	46	6	11	10	100.0	0.45	0.6136363636363636	0.5909090909090908	0.22727272727272727
6	combined_all	19	67	16	21	46	5	11	5	1.0	0.4927777777777777	0.6636363636363636	0.6181818181818182	0.3133397807202561
6	combined_all	20	67	16	21	46	5	11	20	0.1	0.5566666666666666	0.32727272727272727	0.3818181818181819	-0.32277655457716287
6	combined_all	21	66	17	21	45	5	12	10	10.0	0.49499999999999994	0.6166666666666667	0.6333333333333333	0.25064020591380154
6	combined_all	22	66	17	21	45	5	12	10	0.01	0.4844444444444445	0.5083333333333333	0.5833333333333334	0.015430334996209192
6	combined_all	23	66	17	20	46	6	11	5	0.01	0.45111111111111113	0.6136363636363636	0.5151515151515151	0.22727272727272727
6	combined_all	24	67	16	21	46	5	11	50	1.0	0.4611111111111111	0.5727272727272728	0.5818181818181818	0.13483997249264842
6	combined_all	25	67	16	21	46	5	11	10	1.0	0.5366666666666667	0.5636363636363637	0.4363636363636364	0.12727272727272726
7	residue_ligand	1	66	17	21	45	5	12	4	1.0	0.53	0.5916666666666667	0.5333333333333333	0.16735967034880075
7	residue_ligand	2	66	17	21	45	5	12	8	0.1	0.6433333333333333	0.3666666666666667	0.4	-0.24688535993934707
7	residue_ligand	3	66	17	20	46	6	11	all	10.0	0.6377777777777778	0.5227272727272727	0.5909090909090909	0.04351941398892446
7	residue_ligand	4	67	16	21	46	5	11	all	0.01	0.6072222222222222	0.33636363636363636	0.4181818181818182	-0.3133397807202561
7	residue_ligand	5	67	16	21	46	5	11	12	100.0	0.5827777777777777	0.6727272727272727	0.7636363636363637	0.32277655457716287
7	residue_ligand	6	66	17	21	45	5	12	all	10.0	0.5744444444444444	0.6916666666666667	0.6666666666666667	0.34993385618385614
7	residue_ligand	7	66	17	21	45	5	12	all	10.0	0.6261111111111111	0.4916666666666667	0.5333333333333333	-0.015430334996209192
7	residue_ligand	8	66	17	20	46	6	11	12	100.0	0.615	0.5303030303030303	0.6212121212121211	0.06356417261637282
7	residue_ligand	9	67	16	21	46	5	11	12	100.0	0.5583333333333332	0.5727272727272728	0.5272727272727273	0.13483997249264842
7	residue_ligand	10	67	16	21	46	5	11	12	1.0	0.6122222222222222	0.28181818181818186	0.2727272727272727	-0.40451991747794525
7	residue_ligand	11	66	17	21	45	5	12	4	1.0	0.635	0.5333333333333333	0.5333333333333333	0.06356417261637282
7	residue_ligand	12	66	17	21	45	5	12	all	10.0	0.6794444444444443	0.35	0.33333333333333337	-0.27774602993176545
7	residue_ligand	13	66	17	20	46	6	11	all	100.0	0.6316666666666666	0.3181818181818182	0.2424242424242424	-0.40967324519935133
7	residue_ligand	14	67	16	21	46	5	11	12	100.0	0.6722222222222223	0.6090909090909091	0.5272727272727273	0.23354968324845687
7	residue_ligand	15	67	16	21	46	5	11	8	100.0	0.6266666666666667	0.42727272727272725	0.43636363636363634	-0.13483997249264842
7	residue_ligand	16	66	17	21	45	5	12	all	0.01	0.6127777777777779	0.3416666666666667	0.49999999999999994	-0.378489059622558
7	residue_ligand	17	66	17	21	45	5	12	all	1.0	0.6794444444444444	0.30833333333333335	0.25	-0.34993385618385614
7	residue_ligand	18	66	17	20	46	6	11	all	10.0	0.5877777777777778	0.2727272727272727	0.2727272727272727	-0.4767312946227961
7	residue_ligand	19	67	16	21	46	5	11	all	100.0	0.58	0.33636363636363636	0.38181818181818183	-0.3133397807202561
7	residue_ligand	20	67	16	21	46	5	11	8	0.01	0.6094444444444445	0.3181818181818182	0.2	-0.3892494720807615
7	residue_ligand	21	66	17	21	45	5	12	8	0.01	0.5661111111111111	0.43333333333333335	0.6166666666666667	-0.13333333333333333
7	residue_ligand	22	66	17	21	45	5	12	12	10.0	0.6105555555555555	0.675	0.6666666666666667	0.3337119062359573
7	residue_ligand	23	66	17	20	46	6	11	12	10.0	0.6555555555555556	0.6893939393939394	0.6818181818181818	0.36780617896031226
7	residue_ligand	24	67	16	21	46	5	11	8	0.1	0.5872222222222221	0.4818181818181818	0.5090909090909091	-0.034815531191139566
7	residue_ligand	25	67	16	21	46	5	11	12	10.0	0.5422222222222222	0.42727272727272725	0.49090909090909096	-0.13483997249264842
7	residue_cofactor	1	66	17	21	45	5	12	all	10.0	0.5755555555555556	0.475	0.5	-0.053708615552957466
7	residue_cofactor	2	66	17	21	45	5	12	20	100.0	0.6522222222222223	0.3666666666666667	0.2	-0.24688535993934707
7	residue_cofactor	3	66	17	20	46	6	11	all	100.0	0.46722222222222226	0.5833333333333334	0.6212121212121212	0.338501600193165
7	residue_cofactor	4	67	16	21	46	5	11	all	0.1	0.6066666666666667	0.2727272727272727	0.2545454545454546	-0.45454545454545453
7	residue_cofactor	5	67	16	21	46	5	11	20	10.0	0.6288888888888889	0.4727272727272727	0.509090909090909	-0.050964719143762556
7	residue_cofactor	6	66	17	21	45	5	12	20	100.0	0.6077777777777778	0.43333333333333335	0.18333333333333335	-0.13333333333333333
7	residue_cofactor	7	66	17	21	45	5	12	10	0.1	0.5994444444444444	0.45	0.38333333333333336	-0.09128709291752769
7	residue_cofactor	8	66	17	20	46	6	11	10	0.1	0.6422222222222221	0.26515151515151514	0.19696969696969696	-0.4497006112188861
7	residue_cofactor	9	67	16	21	46	5	11	all	10.0	0.4866666666666667	0.42727272727272725	0.45454545454545453	-0.13483997249264842
7	residue_cofactor	10	67	16	21	46	5	11	10	0.1	0.6366666666666666	0.38181818181818183	0.4	-0.22084711628963774
7	residue_cofactor	11	66	17	21	45	5	12	40	0.1	0.5744444444444444	0.35	0.35000000000000003	-0.27774602993176545
7	residue_cofactor	12	66	17	21	45	5	12	10	100.0	0.49777777777777776	0.5916666666666667	0.49999999999999994	0.16735967034880075
7	residue_cofactor	13	66	17	20	46	6	11	all	100.0	0.69	0.303030303030303	0.36363636363636365	-0.3825184261187248
7	residue_cofactor	14	67	16	21	46	5	11	10	10.0	0.6238888888888889	0.33636363636363636	0.2181818181818182	-0.3133397807202561
7	residue_cofactor	15	67	16	21	46	5	11	20	100.0	0.6116666666666666	0.5727272727272728	0.6	0.13483997249264842
7	residue_cofactor	16	66	17	21	45	5	12	10	0.1	0.5822222222222222	0.43333333333333335	0.31666666666666665	-0.13333333333333333
7	residue_cofactor	17	66	17	21	45	5	12	40	0.1	0.5705555555555556	0.6333333333333333	0.6333333333333333	0.24688535993934707
7	residue_cofactor	18	66	17	20	46	6	11	40	100.0	0.6144444444444443	0.606060606060606	0.5303030303030303	0.2030905986149808
7	residue_cofactor	19	67	16	21	46	5	11	40	1.0	0.6288888888888888	0.4727272727272727	0.5272727272727273	-0.050964719143762556
7	residue_cofactor	20	67	16	21	46	5	11	all	1.0	0.5344444444444445	0.43636363636363634	0.5090909090909091	-0.12727272727272726
7	residue_cofactor	21	66	17	21	45	5	12	20	1.0	0.5599999999999999	0.6333333333333333	0.6499999999999999	0.24688535993934707
7	residue_cofactor	22	66	17	21	45	5	12	40	1.0	0.5205555555555555	0.6166666666666667	0.7666666666666666	0.25064020591380154
7	residue_cofactor	23	66	17	20	46	6	11	all	0.1	0.6505555555555554	0.5757575757575758	0.5757575757575757	0.1706971854997297
7	residue_cofactor	24	67	16	21	46	5	11	40	100.0	0.5066666666666666	0.6181818181818182	0.5818181818181818	0.22084711628963774
7	residue_cofactor	25	67	16	21	46	5	11	20	10.0	0.5905555555555555	0.6090909090909091	0.6545454545454545	0.23354968324845687
7	residue_residue	1	66	17	21	45	5	12	20	0.1	0.5283333333333333	0.3666666666666667	0.3333333333333333	-0.24688535993934707
7	residue_residue	2	66	17	21	45	5	12	10	10.0	0.5005555555555554	0.2916666666666667	0.24999999999999997	-0.4166666666666667
7	residue_residue	3	66	17	20	46	6	11	5	0.01	0.5705555555555556	0.48484848484848486	0.5151515151515151	-0.030303030303030304
7	residue_residue	4	67	16	21	46	5	11	50	10.0	0.5838888888888889	0.6090909090909091	0.4727272727272727	0.23354968324845687
7	residue_residue	5	67	16	21	46	5	11	10	100.0	0.6938888888888888	0.6090909090909091	0.45454545454545453	0.23354968324845687
7	residue_residue	6	66	17	21	45	5	12	10	10.0	0.6033333333333333	0.4916666666666667	0.43333333333333335	-0.015430334996209192
7	residue_residue	7	66	17	21	45	5	12	5	10.0	0.4933333333333333	0.43333333333333335	0.4666666666666667	-0.13333333333333333
7	residue_residue	8	66	17	20	46	6	11	50	1.0	0.5277777777777777	0.4015151515151515	0.36363636363636365	-0.20658356100321165
7	residue_residue	9	67	16	21	46	5	11	50	0.01	0.49722222222222223	0.4818181818181818	0.5272727272727272	-0.034815531191139566
7	residue_residue	10	67	16	21	46	5	11	10	0.01	0.5338888888888889	0.5272727272727272	0.5272727272727273	0.050964719143762556
7	residue_residue	11	66	17	21	45	5	12	5	1.0	0.6022222222222222	0.35	0.31666666666666665	-0.27774602993176545
7	residue_residue	12	66	17	21	45	5	12	5	1.0	0.5855555555555556	0.5333333333333333	0.5	0.06356417261637282
7	residue_residue	13	66	17	20	46	6	11	50	10.0	0.5727777777777778	0.6590909090909092	0.5303030303030303	0.3337119062359573
7	residue_residue	14	67	16	21	46	5	11	5	0.1	0.5233333333333332	0.4090909090909091	0.36363636363636365	-0.2548235957188128
7	residue_residue	15	67	16	21	46	5	11	20	1.0	0.5327777777777778	0.4090909090909091	0.36363636363636365	-0.2548235957188128
7	residue_residue	16	66	17	21	45	5	12	5	1.0	0.46722222222222226	0.675	0.5	0.3337119062359573
7	residue_residue	17	66	17	21	45	5	12	20	1.0	0.4033333333333333	0.3333333333333333	0.2833333333333333	-0.35805743701971643
7	residue_residue	18	66	17	20	46	6	11	10	0.01	0.5288888888888889	0.48484848484848486	0.5909090909090908	-0.030303030303030304
7	residue_residue	19	67	16	21	46	5	11	5	10.0	0.5177777777777777	0.36363636363636365	0.2909090909090909	-0.32387513781564786
7	residue_residue	20	67	16	21	46	5	11	50	0.01	0.49444444444444446	0.4181818181818182	0.34545454545454546	-0.16363636363636364
7	residue_residue	21	66	17	21	45	5	12	5	1.0	0.5394444444444445	0.7583333333333333	0.6166666666666666	0.5549890273805606
7	residue_residue	22	66	17	21	45	5	12	5	1.0	0.4177777777777777	0.5166666666666667	0.4	0.03984095364447979
7	residue_residue	23	66	17	20	46	6	11	10	0.01	0.5733333333333333	0.4015151515151515	0.3939393939393939	-0.20658356100321165
7	residue_residue	24	67	16	21	46	5	11	10	0.01	0.46388888888888885	0.2909090909090909	0.18181818181818182	-0.41818181818181815
7	residue_residue	25	67	16	21	46	5	11	20	1.0	0.5772222222222222	0.3727272727272727	0.29090909090909095	-0.24370871833797697
7	combined_all	1	66	17	21	45	5	12	20	0.1	0.5283333333333333	0.3666666666666667	0.3333333333333333	-0.24688535993934707
7	combined_all	2	66	17	21	45	5	12	10	100.0	0.5116666666666667	0.2916666666666667	0.26666666666666666	-0.4166666666666667
7	combined_all	3	66	17	20	46	6	11	5	0.01	0.5705555555555556	0.48484848484848486	0.5151515151515151	-0.030303030303030304
7	combined_all	4	67	16	21	46	5	11	50	1.0	0.53	0.6090909090909091	0.49090909090909096	0.23354968324845687
7	combined_all	5	67	16	21	46	5	11	20	1.0	0.6044444444444445	0.4090909090909091	0.34545454545454546	-0.2548235957188128
7	combined_all	6	66	17	21	45	5	12	10	10.0	0.6033333333333333	0.4916666666666667	0.43333333333333335	-0.015430334996209192
7	combined_all	7	66	17	21	45	5	12	5	10.0	0.4933333333333333	0.43333333333333335	0.4666666666666667	-0.13333333333333333
7	combined_all	8	66	17	20	46	6	11	20	10.0	0.49777777777777776	0.6136363636363636	0.5	0.22727272727272727
7	combined_all	9	67	16	21	46	5	11	10	0.01	0.48388888888888887	0.6181818181818182	0.5272727272727273	0.22084711628963774
7	combined_all	10	67	16	21	46	5	11	10	0.01	0.5338888888888889	0.5272727272727272	0.5272727272727273	0.050964719143762556
7	combined_all	11	66	17	21	45	5	12	5	1.0	0.6022222222222222	0.35	0.31666666666666665	-0.27774602993176545
7	combined_all	12	66	17	21	45	5	12	5	1.0	0.5855555555555556	0.5333333333333333	0.5	0.06356417261637282
7	combined_all	13	66	17	20	46	6	11	50	10.0	0.5977777777777777	0.48484848484848486	0.5	-0.030303030303030304
7	combined_all	14	67	16	21	46	5	11	5	0.1	0.5233333333333332	0.4090909090909091	0.36363636363636365	-0.2548235957188128
7	combined_all	15	67	16	21	46	5	11	20	1.0	0.5327777777777778	0.4090909090909091	0.36363636363636365	-0.2548235957188128
7	combined_all	16	66	17	21	45	5	12	5	1.0	0.46722222222222226	0.675	0.5	0.3337119062359573
7	combined_all	17	66	17	21	45	5	12	20	1.0	0.45055555555555554	0.4583333333333333	0.2	-0.1613743060919757
7	combined_all	18	66	17	20	46	6	11	10	0.01	0.5288888888888889	0.48484848484848486	0.5909090909090908	-0.030303030303030304
7	combined_all	19	67	16	21	46	5	11	50	0.01	0.5144444444444445	0.3181818181818182	0.39999999999999997	-0.3892494720807615
7	combined_all	20	67	16	21	46	5	11	50	0.01	0.49444444444444446	0.4181818181818182	0.34545454545454546	-0.16363636363636364
7	combined_all	21	66	17	21	45	5	12	5	1.0	0.5394444444444445	0.7583333333333333	0.6166666666666666	0.5549890273805606
7	combined_all	22	66	17	21	45	5	12	5	1.0	0.4177777777777777	0.5166666666666667	0.4	0.03984095364447979
7	combined_all	23	66	17	20	46	6	11	10	0.1	0.5761111111111111	0.44696969696969696	0.45454545454545453	-0.1194880298498108
7	combined_all	24	67	16	21	46	5	11	10	0.01	0.46388888888888885	0.2909090909090909	0.18181818181818182	-0.41818181818181815
7	combined_all	25	67	16	21	46	5	11	20	1.0	0.5772222222222222	0.3727272727272727	0.29090909090909095	-0.24370871833797697
8	residue_ligand	1	66	17	21	45	5	12	4	0.01	0.6022222222222222	0.35	0.20000000000000004	-0.27774602993176545
8	residue_ligand	2	66	17	21	45	5	12	all	0.01	0.6066666666666667	0.43333333333333335	0.4333333333333333	-0.13333333333333333
8	residue_ligand	3	66	17	20	46	6	11	all	0.01	0.6027777777777776	0.43939393939393934	0.36363636363636365	-0.11769797726729993
8	residue_ligand	4	67	16	21	46	5	11	all	100.0	0.5416666666666666	0.3727272727272727	0.3090909090909091	-0.24370871833797697
8	residue_ligand	5	67	16	21	46	5	11	12	1.0	0.5438888888888889	0.4181818181818182	0.3090909090909091	-0.16363636363636364
8	residue_ligand	6	66	17	21	45	5	12	4	1.0	0.526111111111111	0.4083333333333333	0.48333333333333334	-0.16735967034880075
8	residue_ligand	7	66	17	21	45	5	12	4	100.0	0.5399999999999999	0.5916666666666667	0.6499999999999999	0.16735967034880075
8	residue_ligand	8	66	17	20	46	6	11	4	0.01	0.5905555555555555	0.43939393939393934	0.45454545454545453	-0.11769797726729993
8	residue_ligand	9	67	16	21	46	5	11	all	100.0	0.5505555555555555	0.36363636363636365	0.07272727272727272	-0.32387513781564786
8	residue_ligand	10	67	16	21	46	5	11	4	0.01	0.4166666666666667	0.6090909090909091	0.4727272727272728	0.23354968324845687
8	residue_ligand	11	66	17	21	45	5	12	8	100.0	0.545	0.43333333333333335	0.3666666666666667	-0.13333333333333333
8	residue_ligand	12	66	17	21	45	5	12	12	1.0	0.4761111111111111	0.45	0.45000000000000007	-0.09128709291752769
8	residue_ligand	13	66	17	20	46	6	11	all	1.0	0.5633333333333332	0.3181818181818182	0.21212121212121213	-0.40967324519935133
8	residue_ligand	14	67	16	21	46	5	11	4	10.0	0.6094444444444445	0.6181818181818182	0.6181818181818182	0.22084711628963774
8	residue_ligand	15	67	16	21	46	5	11	4	1.0	0.6105555555555555	0.4727272727272727	0.5454545454545454	-0.050964719143762556
8	residue_ligand	16	66	17	21	45	5	12	12	0.01	0.5022222222222222	0.5333333333333333	0.5666666666666667	0.06356417261637282
8	residue_ligand	17	66	17	21	45	5	12	8	0.01	0.5361111111111111	0.3916666666666667	0.2833333333333333	-0.20658356100321165
8	residue_ligand	18	66	17	20	46	6	11	4	0.1	0.5627777777777778	0.5227272727272727	0.37878787878787873	0.04351941398892446
8	residue_ligand	19	67	16	21	46	5	11	12	100.0	0.5138888888888888	0.5636363636363637	0.36363636363636365	0.12727272727272726
8	residue_ligand	20	67	16	21	46	5	11	8	0.1	0.5916666666666666	0.5272727272727272	0.45454545454545453	0.050964719143762556
8	residue_ligand	21	66	17	21	45	5	12	4	1.0	0.6427777777777777	0.25	0.2833333333333333	-0.4767312946227961
8	residue_ligand	22	66	17	21	45	5	12	4	10.0	0.5094444444444444	0.3916666666666667	0.4	-0.20658356100321165
8	residue_ligand	23	66	17	20	46	6	11	all	100.0	0.5633333333333334	0.2727272727272727	0.1818181818181818	-0.4767312946227961
8	residue_ligand	24	67	16	21	46	5	11	8	0.01	0.5627777777777777	0.6090909090909091	0.47272727272727266	0.23354968324845687
8	residue_ligand	25	67	16	21	46	5	11	4	1.0	0.5305555555555556	0.5727272727272728	0.5818181818181818	0.13483997249264842
8	residue_cofactor	1	66	17	21	45	5	12	10	0.01	0.4916666666666666	0.4916666666666667	0.3166666666666667	-0.015430334996209192
8	residue_cofactor	2	66	17	21	45	5	12	40	100.0	0.4166666666666667	0.43333333333333335	0.5	-0.13333333333333333
8	residue_cofactor	3	66	17	20	46	6	11	10	0.01	0.5549999999999999	0.38636363636363635	0.3787878787878788	-0.22727272727272727
8	residue_cofactor	4	67	16	21	46	5	11	40	1.0	0.5255555555555556	0.4636363636363636	0.4	-0.0778498944161523
8	residue_cofactor	5	67	16	21	46	5	11	all	10.0	0.4922222222222222	0.5181818181818182	0.6727272727272727	0.034815531191139566
8	residue_cofactor	6	66	17	21	45	5	12	all	10.0	0.6094444444444445	0.45	0.31666666666666665	-0.09128709291752769
8	residue_cofactor	7	66	17	21	45	5	12	10	1.0	0.5877777777777778	0.3666666666666667	0.3833333333333334	-0.24688535993934707
8	residue_cofactor	8	66	17	20	46	6	11	20	100.0	0.6127777777777779	0.36363636363636365	0.3484848484848485	-0.34188172937891387
8	residue_cofactor	9	67	16	21	46	5	11	40	10.0	0.5144444444444444	0.5090909090909091	0.32727272727272727	0.021591675854376522
8	residue_cofactor	10	67	16	21	46	5	11	all	100.0	0.45777777777777773	0.6090909090909091	0.6000000000000001	0.23354968324845687
8	residue_cofactor	11	66	17	21	45	5	12	40	100.0	0.535	0.3916666666666667	0.11666666666666665	-0.20658356100321165
8	residue_cofactor	12	66	17	21	45	5	12	20	0.1	0.6494444444444444	0.3666666666666667	0.38333333333333336	-0.24688535993934707
8	residue_cofactor	13	66	17	20	46	6	11	all	100.0	0.47944444444444445	0.5303030303030303	0.3333333333333333	0.06356417261637282
8	residue_cofactor	14	67	16	21	46	5	11	5	1.0	0.45999999999999996	0.32727272727272727	0.18181818181818185	-0.32277655457716287
8	residue_cofactor	15	67	16	21	46	5	11	40	1.0	0.4738888888888889	0.28181818181818186	0.3818181818181818	-0.40451991747794525
8	residue_cofactor	16	66	17	21	45	5	12	20	1.0	0.49555555555555547	0.5083333333333333	0.38333333333333336	0.015430334996209192
8	residue_cofactor	17	66	17	21	45	5	12	40	0.01	0.39611111111111114	0.4916666666666667	0.45	-0.015430334996209192
8	residue_cofactor	18	66	17	20	46	6	11	all	10.0	0.5227777777777778	0.4772727272727273	0.4242424242424242	-0.04351941398892446
8	residue_cofactor	19	67	16	21	46	5	11	10	0.01	0.5177777777777778	0.4636363636363636	0.4545454545454546	-0.0778498944161523
8	residue_cofactor	20	67	16	21	46	5	11	20	1.0	0.5655555555555555	0.18181818181818182	0.07272727272727274	-0.5945883900105632
8	residue_cofactor	21	66	17	21	45	5	12	40	1.0	0.45055555555555554	0.35	0.25	-0.27774602993176545
8	residue_cofactor	22	66	17	21	45	5	12	40	1.0	0.4377777777777777	0.5916666666666667	0.5166666666666666	0.16735967034880075
8	residue_cofactor	23	66	17	20	46	6	11	all	100.0	0.4905555555555555	0.696969696969697	0.6818181818181818	0.3825184261187248
8	residue_cofactor	24	67	16	21	46	5	11	all	100.0	0.49555555555555547	0.5727272727272728	0.5454545454545454	0.13483997249264842
8	residue_cofactor	25	67	16	21	46	5	11	20	0.01	0.6105555555555554	0.5272727272727272	0.3636363636363637	0.050964719143762556
8	residue_residue	1	66	17	21	45	5	12	10	10.0	0.5116666666666666	0.43333333333333335	0.4666666666666667	-0.13333333333333333
8	residue_residue	2	66	17	21	45	5	12	50	10.0	0.47555555555555556	0.6166666666666667	0.6833333333333333	0.25064020591380154
8	residue_residue	3	66	17	20	46	6	11	5	0.01	0.5438888888888889	0.34090909090909094	0.5757575757575757	-0.3337119062359573
8	residue_residue	4	67	16	21	46	5	11	10	0.1	0.6366666666666666	0.36363636363636365	0.38181818181818183	-0.32387513781564786
8	residue_residue	5	67	16	21	46	5	11	20	100.0	0.6227777777777778	0.5545454545454546	0.6181818181818183	0.15289415743128767
8	residue_residue	6	66	17	21	45	5	12	5	0.01	0.6199999999999999	0.3333333333333333	0.08333333333333334	-0.35805743701971643
8	residue_residue	7	66	17	21	45	5	12	50	0.01	0.5938888888888889	0.5083333333333333	0.4666666666666667	0.015430334996209192
8	residue_residue	8	66	17	20	46	6	11	5	0.1	0.5272222222222221	0.5681818181818181	0.6212121212121212	0.13241022442571243
8	residue_residue	9	67	16	21	46	5	11	50	100.0	0.44333333333333336	0.42727272727272725	0.509090909090909	-0.13483997249264842
8	residue_residue	10	67	16	21	46	5	11	5	0.1	0.5894444444444444	0.5727272727272728	0.6545454545454545	0.13483997249264842
8	residue_residue	11	66	17	21	45	5	12	5	0.01	0.5766666666666667	0.4083333333333333	0.4	-0.16735967034880075
8	residue_residue	12	66	17	21	45	5	12	20	100.0	0.6122222222222222	0.2916666666666667	0.2	-0.4166666666666667
8	residue_residue	13	66	17	20	46	6	11	50	100.0	0.5183333333333333	0.3181818181818182	0.5151515151515151	-0.40967324519935133
8	residue_residue	14	67	16	21	46	5	11	5	10.0	0.5599999999999999	0.3727272727272727	0.4727272727272728	-0.24370871833797697
8	residue_residue	15	67	16	21	46	5	11	50	0.1	0.5666666666666667	0.4727272727272727	0.5272727272727273	-0.050964719143762556
8	residue_residue	16	66	17	21	45	5	12	5	0.01	0.5094444444444445	0.55	0.5333333333333333	0.09128709291752769
8	residue_residue	17	66	17	21	45	5	12	50	100.0	0.62	0.35	0.38333333333333336	-0.27774602993176545
8	residue_residue	18	66	17	20	46	6	11	10	1.0	0.4211111111111111	0.6666666666666666	0.696969696969697	0.4944132324730442
8	residue_residue	19	67	16	21	46	5	11	10	1.0	0.48166666666666663	0.5636363636363637	0.509090909090909	0.12727272727272726
8	residue_residue	20	67	16	21	46	5	11	50	100.0	0.5211111111111111	0.4727272727272727	0.5272727272727273	-0.050964719143762556
8	residue_residue	21	66	17	21	45	5	12	20	0.1	0.5822222222222221	0.5583333333333333	0.45000000000000007	0.1649915822768611
8	residue_residue	22	66	17	21	45	5	12	5	1.0	0.45166666666666666	0.6916666666666667	0.7333333333333333	0.34993385618385614
8	residue_residue	23	66	17	20	46	6	11	5	10.0	0.49444444444444435	0.5681818181818181	0.42424242424242425	0.13241022442571243
8	residue_residue	24	67	16	21	46	5	11	20	10.0	0.595	0.4636363636363636	0.3090909090909091	-0.0778498944161523
8	residue_residue	25	67	16	21	46	5	11	10	0.01	0.5255555555555556	0.38181818181818183	0.4545454545454546	-0.22084711628963774
8	combined_all	1	66	17	21	45	5	12	10	10.0	0.5116666666666666	0.43333333333333335	0.4666666666666667	-0.13333333333333333
8	combined_all	2	66	17	21	45	5	12	20	10.0	0.48166666666666663	0.5333333333333333	0.5	0.06356417261637282
8	combined_all	3	66	17	20	46	6	11	5	0.01	0.5438888888888889	0.34090909090909094	0.5757575757575757	-0.3337119062359573
8	combined_all	4	67	16	21	46	5	11	10	0.1	0.6366666666666666	0.36363636363636365	0.38181818181818183	-0.32387513781564786
8	combined_all	5	67	16	21	46	5	11	20	1.0	0.6327777777777778	0.5545454545454546	0.4363636363636364	0.15289415743128767
8	combined_all	6	66	17	21	45	5	12	5	0.01	0.6199999999999999	0.3333333333333333	0.08333333333333334	-0.35805743701971643
8	combined_all	7	66	17	21	45	5	12	50	0.01	0.5938888888888889	0.5083333333333333	0.4666666666666667	0.015430334996209192
8	combined_all	8	66	17	20	46	6	11	5	0.1	0.5272222222222221	0.5681818181818181	0.6212121212121212	0.13241022442571243
8	combined_all	9	67	16	21	46	5	11	50	100.0	0.44333333333333336	0.42727272727272725	0.509090909090909	-0.13483997249264842
8	combined_all	10	67	16	21	46	5	11	5	0.1	0.5894444444444444	0.5727272727272728	0.6545454545454545	0.13483997249264842
8	combined_all	11	66	17	21	45	5	12	5	0.01	0.5766666666666667	0.4083333333333333	0.4	-0.16735967034880075
8	combined_all	12	66	17	21	45	5	12	20	10.0	0.6683333333333332	0.25	0.18333333333333332	-0.4767312946227961
8	combined_all	13	66	17	20	46	6	11	50	100.0	0.5183333333333333	0.3181818181818182	0.5151515151515151	-0.40967324519935133
8	combined_all	14	67	16	21	46	5	11	5	10.0	0.5599999999999999	0.3727272727272727	0.4727272727272728	-0.24370871833797697
8	combined_all	15	67	16	21	46	5	11	50	0.01	0.5522222222222222	0.4727272727272727	0.5636363636363637	-0.050964719143762556
8	combined_all	16	66	17	21	45	5	12	5	0.01	0.5094444444444445	0.55	0.5333333333333333	0.09128709291752769
8	combined_all	17	66	17	21	45	5	12	50	100.0	0.6088888888888888	0.35	0.38333333333333336	-0.27774602993176545
8	combined_all	18	66	17	20	46	6	11	10	10.0	0.4322222222222222	0.6666666666666666	0.696969696969697	0.4944132324730442
8	combined_all	19	67	16	21	46	5	11	10	1.0	0.48166666666666663	0.5636363636363637	0.509090909090909	0.12727272727272726
8	combined_all	20	67	16	21	46	5	11	50	10.0	0.5161111111111112	0.5272727272727272	0.49090909090909096	0.050964719143762556
8	combined_all	21	66	17	21	45	5	12	20	0.1	0.5822222222222221	0.5583333333333333	0.45000000000000007	0.1649915822768611
8	combined_all	22	66	17	21	45	5	12	5	1.0	0.45166666666666666	0.6916666666666667	0.7333333333333333	0.34993385618385614
8	combined_all	23	66	17	20	46	6	11	5	10.0	0.49444444444444435	0.5681818181818181	0.42424242424242425	0.13241022442571243
8	combined_all	24	67	16	21	46	5	11	20	10.0	0.595	0.4636363636363636	0.3090909090909091	-0.0778498944161523
8	combined_all	25	67	16	21	46	5	11	10	0.01	0.5255555555555556	0.38181818181818183	0.4545454545454546	-0.22084711628963774
9	residue_ligand	1	66	17	21	45	5	12	8	0.01	0.6244444444444444	0.5083333333333333	0.38333333333333336	0.015430334996209192
9	residue_ligand	2	66	17	21	45	5	12	8	1.0	0.5405555555555555	0.3666666666666667	0.43333333333333335	-0.24688535993934707
9	residue_ligand	3	66	17	20	46	6	11	4	0.1	0.655	0.36363636363636365	0.22727272727272724	-0.34188172937891387
9	residue_ligand	4	67	16	21	46	5	11	4	0.01	0.5733333333333333	0.6181818181818182	0.6363636363636365	0.22084711628963774
9	residue_ligand	5	67	16	21	46	5	11	12	10.0	0.5266666666666666	0.5636363636363637	0.5636363636363637	0.12727272727272726
9	residue_ligand	6	66	17	21	45	5	12	all	0.01	0.5927777777777777	0.5333333333333333	0.45	0.06356417261637282
9	residue_ligand	7	66	17	21	45	5	12	12	100.0	0.5805555555555555	0.35	0.2166666666666667	-0.27774602993176545
9	residue_ligand	8	66	17	20	46	6	11	8	0.01	0.5866666666666667	0.5151515151515151	0.43939393939393945	0.030303030303030304
9	residue_ligand	9	67	16	21	46	5	11	all	100.0	0.5427777777777778	0.6181818181818182	0.5454545454545454	0.22084711628963774
9	residue_ligand	10	67	16	21	46	5	11	8	0.01	0.5144444444444444	0.5545454545454546	0.6181818181818182	0.15289415743128767
9	residue_ligand	11	66	17	21	45	5	12	12	0.01	0.5344444444444444	0.5916666666666667	0.6666666666666666	0.16735967034880075
9	residue_ligand	12	66	17	21	45	5	12	4	0.01	0.5622222222222222	0.5916666666666667	0.6166666666666666	0.16735967034880075
9	residue_ligand	13	66	17	20	46	6	11	all	10.0	0.6027777777777776	0.3484848484848485	0.3939393939393939	-0.29012942659282975
9	residue_ligand	14	67	16	21	46	5	11	all	100.0	0.5055555555555555	0.4727272727272727	0.509090909090909	-0.050964719143762556
9	residue_ligand	15	67	16	21	46	5	11	12	0.01	0.525	0.5727272727272728	0.6	0.13483997249264842
9	residue_ligand	16	66	17	21	45	5	12	all	0.01	0.5538888888888889	0.6583333333333333	0.6333333333333333	0.378489059622558
9	residue_ligand	17	66	17	21	45	5	12	8	0.01	0.6405555555555555	0.4083333333333333	0.41666666666666663	-0.16735967034880075
9	residue_ligand	18	66	17	20	46	6	11	12	0.01	0.47944444444444445	0.696969696969697	0.6212121212121211	0.3825184261187248
9	residue_ligand	19	67	16	21	46	5	11	all	10.0	0.5327777777777778	0.6727272727272727	0.509090909090909	0.32277655457716287
9	residue_ligand	20	67	16	21	46	5	11	12	0.01	0.6094444444444445	0.5727272727272728	0.4545454545454546	0.13483997249264842
9	residue_ligand	21	66	17	21	45	5	12	12	1.0	0.5905555555555555	0.2916666666666667	0.4	-0.4166666666666667
9	residue_ligand	22	66	17	21	45	5	12	all	100.0	0.48777777777777775	0.4916666666666667	0.5833333333333334	-0.015430334996209192
9	residue_ligand	23	66	17	20	46	6	11	all	100.0	0.5266666666666666	0.6590909090909092	0.5454545454545454	0.3337119062359573
9	residue_ligand	24	67	16	21	46	5	11	12	0.01	0.5705555555555556	0.4818181818181818	0.6181818181818183	-0.034815531191139566
9	residue_ligand	25	67	16	21	46	5	11	4	0.01	0.6555555555555556	0.32727272727272727	0.3636363636363637	-0.32277655457716287
9	residue_cofactor	1	66	17	21	45	5	12	20	10.0	0.5761111111111111	0.3916666666666667	0.3833333333333333	-0.20658356100321165
9	residue_cofactor	2	66	17	21	45	5	12	20	0.1	0.6044444444444445	0.325	0.35	-0.3337119062359573
9	residue_cofactor	3	66	17	20	46	6	11	10	1.0	0.6188888888888888	0.4015151515151515	0.48484848484848486	-0.20658356100321165
9	residue_cofactor	4	67	16	21	46	5	11	5	0.1	0.5727777777777778	0.4727272727272727	0.4727272727272728	-0.050964719143762556
9	residue_cofactor	5	67	16	21	46	5	11	all	100.0	0.5211111111111111	0.5636363636363637	0.5454545454545455	0.12727272727272726
9	residue_cofactor	6	66	17	21	45	5	12	20	100.0	0.5472222222222223	0.6083333333333334	0.55	0.20658356100321165
9	residue_cofactor	7	66	17	21	45	5	12	5	0.01	0.5466666666666666	0.7333333333333334	0.6833333333333335	0.42600643361512924
9	residue_cofactor	8	66	17	20	46	6	11	5	0.1	0.48388888888888887	0.6136363636363636	0.5454545454545454	0.22727272727272727
9	residue_cofactor	9	67	16	21	46	5	11	20	0.1	0.6322222222222222	0.5181818181818182	0.4181818181818182	0.034815531191139566
9	residue_cofactor	10	67	16	21	46	5	11	10	10.0	0.5588888888888889	0.22727272727272727	0.2	-0.5222329678670935
9	residue_cofactor	11	66	17	21	45	5	12	5	0.01	0.6022222222222222	0.3666666666666667	0.26666666666666666	-0.24688535993934707
9	residue_cofactor	12	66	17	21	45	5	12	5	0.1	0.5677777777777777	0.4916666666666667	0.5	-0.015430334996209192
9	residue_cofactor	13	66	17	20	46	6	11	5	0.01	0.6627777777777777	0.3484848484848485	0.3333333333333333	-0.29012942659282975
9	residue_cofactor	14	67	16	21	46	5	11	10	0.1	0.6477777777777777	0.23636363636363636	0.2727272727272727	-0.49265895172303803
9	residue_cofactor	15	67	16	21	46	5	11	40	10.0	0.41944444444444445	0.4636363636363636	0.49090909090909096	-0.0778498944161523
9	residue_cofactor	16	66	17	21	45	5	12	40	100.0	0.5727777777777778	0.575	0.4833333333333333	0.15
9	residue_cofactor	17	66	17	21	45	5	12	10	0.01	0.6072222222222222	0.5916666666666667	0.5166666666666666	0.16735967034880075
9	residue_cofactor	18	66	17	20	46	6	11	5	0.01	0.6444444444444445	0.4318181818181818	0.3939393939393939	-0.13241022442571243
9	residue_cofactor	19	67	16	21	46	5	11	10	10.0	0.5177777777777778	0.3181818181818182	0.3090909090909091	-0.3892494720807615
9	residue_cofactor	20	67	16	21	46	5	11	all	1.0	0.4833333333333334	0.6181818181818182	0.6363636363636364	0.22084711628963774
9	residue_cofactor	21	66	17	21	45	5	12	all	0.01	0.5205555555555554	0.3916666666666667	0.38333333333333336	-0.20658356100321165
9	residue_cofactor	22	66	17	21	45	5	12	all	1.0	0.5511111111111111	0.30833333333333335	0.31666666666666665	-0.34993385618385614
9	residue_cofactor	23	66	17	20	46	6	11	10	0.1	0.5738888888888889	0.34090909090909094	0.3939393939393939	-0.3337119062359573
9	residue_cofactor	24	67	16	21	46	5	11	40	1.0	0.49944444444444447	0.5181818181818182	0.49090909090909096	0.034815531191139566
9	residue_cofactor	25	67	16	21	46	5	11	5	100.0	0.633888888888889	0.32727272727272727	0.34545454545454546	-0.32277655457716287
9	residue_residue	1	66	17	21	45	5	12	20	10.0	0.6677777777777778	0.45	0.6166666666666667	-0.09128709291752769
9	residue_residue	2	66	17	21	45	5	12	20	0.01	0.7355555555555556	0.43333333333333335	0.44999999999999996	-0.13333333333333333
9	residue_residue	3	66	17	20	46	6	11	5	0.1	0.7772222222222223	0.356060606060606	0.31818181818181823	-0.2878787878787879
9	residue_residue	4	67	16	21	46	5	11	20	0.1	0.611111111111111	0.3727272727272727	0.3090909090909091	-0.24370871833797697
9	residue_residue	5	67	16	21	46	5	11	20	0.1	0.5677777777777777	0.6727272727272727	0.6545454545454545	0.32277655457716287
9	residue_residue	6	66	17	21	45	5	12	5	1.0	0.5422222222222222	0.4916666666666667	0.5666666666666667	-0.015430334996209192
9	residue_residue	7	66	17	21	45	5	12	50	1.0	0.5905555555555555	0.5333333333333333	0.4666666666666667	0.06356417261637282
9	residue_residue	8	66	17	20	46	6	11	5	10.0	0.6272222222222222	0.356060606060606	0.2424242424242424	-0.2878787878787879
9	residue_residue	9	67	16	21	46	5	11	10	0.01	0.6283333333333332	0.6727272727272727	0.5272727272727272	0.32277655457716287
9	residue_residue	10	67	16	21	46	5	11	5	0.01	0.5683333333333334	0.5636363636363637	0.6181818181818183	0.12727272727272726
9	residue_residue	11	66	17	21	45	5	12	5	100.0	0.6694444444444444	0.2916666666666667	0.3333333333333333	-0.4166666666666667
9	residue_residue	12	66	17	21	45	5	12	5	10.0	0.5655555555555556	0.7166666666666667	0.6333333333333333	0.43333333333333335
9	residue_residue	13	66	17	20	46	6	11	5	1.0	0.675	0.5378787878787878	0.6515151515151515	0.11236664374387369
9	residue_residue	14	67	16	21	46	5	11	5	10.0	0.6572222222222223	0.4727272727272727	0.4727272727272728	-0.050964719143762556
9	residue_residue	15	67	16	21	46	5	11	50	0.1	0.6822222222222221	0.5181818181818182	0.6181818181818182	0.034815531191139566
9	residue_residue	16	66	17	21	45	5	12	5	0.01	0.5294444444444444	0.5916666666666667	0.6666666666666666	0.16735967034880075
9	residue_residue	17	66	17	21	45	5	12	50	0.1	0.5461111111111111	0.575	0.6499999999999999	0.15
9	residue_residue	18	66	17	20	46	6	11	20	10.0	0.5994444444444444	0.5757575757575758	0.5151515151515151	0.1706971854997297
9	residue_residue	19	67	16	21	46	5	11	10	0.1	0.62	0.4818181818181818	0.4545454545454546	-0.034815531191139566
9	residue_residue	20	67	16	21	46	5	11	10	100.0	0.575	0.6727272727272727	0.6000000000000001	0.32277655457716287
9	residue_residue	21	66	17	21	45	5	12	5	0.01	0.5683333333333334	0.5916666666666667	0.5833333333333333	0.16735967034880075
9	residue_residue	22	66	17	21	45	5	12	50	0.01	0.5066666666666666	0.8166666666666667	0.8166666666666667	0.6038596398555418
9	residue_residue	23	66	17	20	46	6	11	50	0.01	0.6394444444444444	0.5227272727272727	0.5	0.04351941398892446
9	residue_residue	24	67	16	21	46	5	11	20	100.0	0.6183333333333333	0.6636363636363636	0.7272727272727272	0.3133397807202561
9	residue_residue	25	67	16	21	46	5	11	10	100.0	0.5455555555555556	0.7636363636363637	0.8545454545454545	0.49265895172303803
9	combined_all	1	66	17	21	45	5	12	20	10.0	0.6677777777777778	0.6333333333333333	0.7666666666666667	0.24688535993934707
9	combined_all	2	66	17	21	45	5	12	20	0.01	0.7355555555555556	0.43333333333333335	0.44999999999999996	-0.13333333333333333
9	combined_all	3	66	17	20	46	6	11	5	0.1	0.7772222222222223	0.356060606060606	0.31818181818181823	-0.2878787878787879
9	combined_all	4	67	16	21	46	5	11	20	0.1	0.6261111111111111	0.3727272727272727	0.3090909090909091	-0.24370871833797697
9	combined_all	5	67	16	21	46	5	11	20	0.1	0.5677777777777777	0.6727272727272727	0.6545454545454545	0.32277655457716287
9	combined_all	6	66	17	21	45	5	12	5	1.0	0.5422222222222222	0.4916666666666667	0.5666666666666667	-0.015430334996209192
9	combined_all	7	66	17	21	45	5	12	50	1.0	0.5655555555555555	0.5333333333333333	0.4666666666666667	0.06356417261637282
9	combined_all	8	66	17	20	46	6	11	5	10.0	0.6272222222222222	0.356060606060606	0.2424242424242424	-0.2878787878787879
9	combined_all	9	67	16	21	46	5	11	10	0.01	0.6283333333333332	0.6727272727272727	0.5272727272727272	0.32277655457716287
9	combined_all	10	67	16	21	46	5	11	5	0.01	0.5683333333333334	0.5636363636363637	0.6181818181818183	0.12727272727272726
9	combined_all	11	66	17	21	45	5	12	5	100.0	0.6694444444444444	0.2916666666666667	0.3333333333333333	-0.4166666666666667
9	combined_all	12	66	17	21	45	5	12	5	10.0	0.5655555555555556	0.7166666666666667	0.6333333333333333	0.43333333333333335
9	combined_all	13	66	17	20	46	6	11	5	1.0	0.6527777777777777	0.5378787878787878	0.6515151515151515	0.11236664374387369
9	combined_all	14	67	16	21	46	5	11	5	10.0	0.6572222222222223	0.4727272727272727	0.4727272727272728	-0.050964719143762556
9	combined_all	15	67	16	21	46	5	11	50	0.1	0.6822222222222221	0.5181818181818182	0.6181818181818182	0.034815531191139566
9	combined_all	16	66	17	21	45	5	12	5	0.01	0.5294444444444444	0.5916666666666667	0.6666666666666666	0.16735967034880075
9	combined_all	17	66	17	21	45	5	12	50	0.1	0.5461111111111111	0.6166666666666667	0.6333333333333333	0.25064020591380154
9	combined_all	18	66	17	20	46	6	11	20	10.0	0.5994444444444444	0.5303030303030303	0.5303030303030303	0.06356417261637282
9	combined_all	19	67	16	21	46	5	11	10	0.1	0.62	0.4818181818181818	0.4545454545454546	-0.034815531191139566
9	combined_all	20	67	16	21	46	5	11	10	100.0	0.575	0.6727272727272727	0.6000000000000001	0.32277655457716287
9	combined_all	21	66	17	21	45	5	12	5	0.01	0.5683333333333334	0.5916666666666667	0.5833333333333333	0.16735967034880075
9	combined_all	22	66	17	21	45	5	12	50	0.01	0.5066666666666666	0.8166666666666667	0.8166666666666667	0.6038596398555418
9	combined_all	23	66	17	20	46	6	11	50	0.01	0.6283333333333333	0.5227272727272727	0.5	0.04351941398892446
9	combined_all	24	67	16	21	46	5	11	20	100.0	0.6183333333333333	0.6636363636363636	0.7272727272727272	0.3133397807202561
9	combined_all	25	67	16	21	46	5	11	50	0.1	0.5466666666666666	0.7181818181818183	0.7090909090909091	0.40451991747794525
10	residue_ligand	1	66	17	20	46	6	11	12	0.01	0.5444444444444445	0.3181818181818182	0.48484848484848486	-0.40967324519935133
10	residue_ligand	2	66	17	21	45	5	12	8	0.01	0.606111111111111	0.43333333333333335	0.35	-0.13333333333333333
10	residue_ligand	3	66	17	21	45	5	12	8	1.0	0.5511111111111112	0.3916666666666667	0.3666666666666667	-0.20658356100321165
10	residue_ligand	4	67	16	21	46	5	11	all	0.01	0.49388888888888893	0.4636363636363636	0.5272727272727273	-0.0778498944161523
10	residue_ligand	5	67	16	21	46	5	11	all	0.1	0.5105555555555555	0.5181818181818182	0.5454545454545454	0.034815531191139566
10	residue_ligand	6	66	17	20	46	6	11	4	10.0	0.5044444444444445	0.49242424242424243	0.5757575757575758	-0.018993429409939658
10	residue_ligand	7	66	17	21	45	5	12	8	10.0	0.6316666666666666	0.5333333333333333	0.48333333333333334	0.06356417261637282
10	residue_ligand	8	66	17	21	45	5	12	8	0.01	0.606111111111111	0.26666666666666666	0.3166666666666667	-0.42600643361512924
10	residue_ligand	9	67	16	21	46	5	11	4	10.0	0.5144444444444444	0.5636363636363637	0.6	0.12727272727272726
10	residue_ligand	10	67	16	21	46	5	11	all	0.01	0.4761111111111111	0.5818181818181818	0.6363636363636365	0.16363636363636364
10	residue_ligand	11	66	17	20	46	6	11	12	0.01	0.5638888888888889	0.46969696969696967	0.3484848484848485	-0.06356417261637282
10	residue_ligand	12	66	17	21	45	5	12	12	10.0	0.5822222222222223	0.35	0.25000000000000006	-0.27774602993176545
10	residue_ligand	13	66	17	21	45	5	12	all	100.0	0.42666666666666664	0.3916666666666667	0.3666666666666667	-0.20658356100321165
10	residue_ligand	14	67	16	21	46	5	11	12	100.0	0.5833333333333333	0.42727272727272725	0.4181818181818182	-0.13483997249264842
10	residue_ligand	15	67	16	21	46	5	11	12	0.1	0.4722222222222222	0.6090909090909091	0.7090909090909091	0.23354968324845687
10	residue_ligand	16	66	17	20	46	6	11	8	10.0	0.5394444444444444	0.3484848484848485	0.3484848484848485	-0.29012942659282975
10	residue_ligand	17	66	17	21	45	5	12	12	100.0	0.36666666666666664	0.5916666666666667	0.6833333333333333	0.16735967034880075
10	residue_ligand	18	66	17	21	45	5	12	all	100.0	0.431111111111111	0.30833333333333335	0.31666666666666665	-0.34993385618385614
10	residue_ligand	19	67	16	21	46	5	11	all	0.1	0.556111111111111	0.42727272727272725	0.2909090909090909	-0.13483997249264842
10	residue_ligand	20	67	16	21	46	5	11	8	0.1	0.606111111111111	0.23636363636363636	0.18181818181818182	-0.49265895172303803
10	residue_ligand	21	66	17	20	46	6	11	12	100.0	0.6127777777777778	0.5606060606060606	0.46969696969696967	0.11769797726729993
10	residue_ligand	22	66	17	21	45	5	12	all	0.1	0.4966666666666666	0.6333333333333333	0.6000000000000001	0.24688535993934707
10	residue_ligand	23	66	17	21	45	5	12	all	0.01	0.5044444444444445	0.575	0.5666666666666667	0.15
10	residue_ligand	24	67	16	21	46	5	11	8	1.0	0.5744444444444444	0.38181818181818183	0.45454545454545453	-0.22084711628963774
10	residue_ligand	25	67	16	21	46	5	11	all	0.1	0.5327777777777778	0.32727272727272727	0.4	-0.32277655457716287
10	residue_cofactor	1	66	17	20	46	6	11	40	1.0	0.5838888888888889	0.44696969696969696	0.5606060606060607	-0.1194880298498108
10	residue_cofactor	2	66	17	21	45	5	12	all	1.0	0.4727777777777778	0.6333333333333333	0.5166666666666666	0.24688535993934707
10	residue_cofactor	3	66	17	21	45	5	12	5	10.0	0.5655555555555555	0.4166666666666667	0.3	-0.23570226039551584
10	residue_cofactor	4	67	16	21	46	5	11	40	0.01	0.5911111111111111	0.2909090909090909	0.2	-0.41818181818181815
10	residue_cofactor	5	67	16	21	46	5	11	5	0.1	0.5533333333333333	0.32727272727272727	0.2545454545454545	-0.32277655457716287
10	residue_cofactor	6	66	17	20	46	6	11	10	1.0	0.5327777777777778	0.3181818181818182	0.2727272727272727	-0.40967324519935133
10	residue_cofactor	7	66	17	21	45	5	12	20	10.0	0.5477777777777778	0.475	0.4833333333333334	-0.053708615552957466
10	residue_cofactor	8	66	17	21	45	5	12	10	0.01	0.6127777777777778	0.325	0.3	-0.3337119062359573
10	residue_cofactor	9	67	16	21	46	5	11	40	100.0	0.5616666666666668	0.3727272727272727	0.16363636363636366	-0.24370871833797697
10	residue_cofactor	10	67	16	21	46	5	11	20	100.0	0.45555555555555555	0.5727272727272728	0.5454545454545454	0.13483997249264842
10	residue_cofactor	11	66	17	20	46	6	11	10	0.01	0.5327777777777778	0.3484848484848485	0.3787878787878788	-0.29012942659282975
10	residue_cofactor	12	66	17	21	45	5	12	40	0.1	0.5427777777777778	0.20833333333333334	0.16666666666666663	-0.5400617248673217
10	residue_cofactor	13	66	17	21	45	5	12	all	10.0	0.5455555555555556	0.3916666666666667	0.35000000000000003	-0.20658356100321165
10	residue_cofactor	14	67	16	21	46	5	11	all	100.0	0.47055555555555556	0.5545454545454546	0.29090909090909095	0.15289415743128767
10	residue_cofactor	15	67	16	21	46	5	11	5	100.0	0.5705555555555556	0.4727272727272727	0.36363636363636365	-0.050964719143762556
10	residue_cofactor	16	66	17	20	46	6	11	all	1.0	0.47555555555555545	0.44696969696969696	0.5	-0.1194880298498108
10	residue_cofactor	17	66	17	21	45	5	12	20	0.01	0.4727777777777778	0.5083333333333333	0.41666666666666663	0.015430334996209192
10	residue_cofactor	18	66	17	21	45	5	12	40	0.1	0.5455555555555556	0.25	0.2	-0.4767312946227961
10	residue_cofactor	19	67	16	21	46	5	11	40	100.0	0.49444444444444435	0.5181818181818182	0.4363636363636363	0.034815531191139566
10	residue_cofactor	20	67	16	21	46	5	11	40	0.1	0.5433333333333333	0.4818181818181818	0.32727272727272727	-0.034815531191139566
10	residue_cofactor	21	66	17	20	46	6	11	20	0.01	0.475	0.5227272727272727	0.48484848484848486	0.04351941398892446
10	residue_cofactor	22	66	17	21	45	5	12	all	10.0	0.5311111111111111	0.45	0.4666666666666667	-0.09128709291752769
10	residue_cofactor	23	66	17	21	45	5	12	5	0.01	0.5505555555555555	0.375	0.3833333333333333	-0.29880715233359845
10	residue_cofactor	24	67	16	21	46	5	11	all	10.0	0.49777777777777776	0.38181818181818183	0.2727272727272727	-0.22084711628963774
10	residue_cofactor	25	67	16	21	46	5	11	20	100.0	0.5077777777777778	0.36363636363636365	0.3090909090909091	-0.32387513781564786
10	residue_residue	1	66	17	20	46	6	11	50	100.0	0.505	0.6590909090909092	0.6363636363636365	0.3337119062359573
10	residue_residue	2	66	17	21	45	5	12	20	0.01	0.6738888888888889	0.5083333333333333	0.41666666666666663	0.015430334996209192
10	residue_residue	3	66	17	21	45	5	12	20	10.0	0.6577777777777778	0.3333333333333333	0.4166666666666667	-0.35805743701971643
10	residue_residue	4	67	16	21	46	5	11	50	100.0	0.5216666666666666	0.6090909090909091	0.5636363636363637	0.23354968324845687
10	residue_residue	5	67	16	21	46	5	11	50	0.1	0.5505555555555556	0.3181818181818182	0.2181818181818182	-0.3892494720807615
10	residue_residue	6	66	17	20	46	6	11	20	1.0	0.5794444444444444	0.3106060606060606	0.4090909090909091	-0.36780617896031226
10	residue_residue	7	66	17	21	45	5	12	50	10.0	0.6072222222222221	0.4583333333333333	0.35	-0.1613743060919757
10	residue_residue	8	66	17	21	45	5	12	5	0.1	0.5827777777777777	0.26666666666666666	0.2666666666666667	-0.42600643361512924
10	residue_residue	9	67	16	21	46	5	11	10	10.0	0.6072222222222222	0.5636363636363637	0.4909090909090909	0.12727272727272726
10	residue_residue	10	67	16	21	46	5	11	50	0.1	0.5344444444444445	0.4181818181818182	0.32727272727272727	-0.16363636363636364
10	residue_residue	11	66	17	20	46	6	11	50	0.1	0.5494444444444444	0.5681818181818181	0.6212121212121212	0.13241022442571243
10	residue_residue	12	66	17	21	45	5	12	5	0.1	0.6011111111111112	0.575	0.5333333333333333	0.15
10	residue_residue	13	66	17	21	45	5	12	20	1.0	0.5461111111111111	0.8333333333333333	0.8166666666666667	0.6085806194501846
10	residue_residue	14	67	16	21	46	5	11	50	0.1	0.663888888888889	0.5090909090909091	0.4545454545454546	0.021591675854376522
10	residue_residue	15	67	16	21	46	5	11	10	1.0	0.6838888888888889	0.3727272727272727	0.34545454545454546	-0.24370871833797697
10	residue_residue	16	66	17	20	46	6	11	5	1.0	0.5616666666666666	0.4015151515151515	0.43939393939393945	-0.20658356100321165
10	residue_residue	17	66	17	21	45	5	12	50	10.0	0.5705555555555556	0.5916666666666667	0.6666666666666666	0.16735967034880075
10	residue_residue	18	66	17	21	45	5	12	10	1.0	0.5027777777777777	0.6166666666666667	0.55	0.25064020591380154
10	residue_residue	19	67	16	21	46	5	11	20	10.0	0.5538888888888889	0.4636363636363636	0.38181818181818183	-0.0778498944161523
10	residue_residue	20	67	16	21	46	5	11	20	0.1	0.5611111111111111	0.6727272727272727	0.5272727272727273	0.32277655457716287
10	residue_residue	21	66	17	20	46	6	11	5	0.1	0.41722222222222216	0.6439393939393939	0.8484848484848485	0.2878787878787879
10	residue_residue	22	66	17	21	45	5	12	20	0.1	0.5872222222222222	0.55	0.5333333333333333	0.09128709291752769
10	residue_residue	23	66	17	21	45	5	12	50	1.0	0.6144444444444443	0.675	0.7166666666666667	0.3337119062359573
10	residue_residue	24	67	16	21	46	5	11	10	0.1	0.4966666666666667	0.5272727272727272	0.5818181818181818	0.050964719143762556
10	residue_residue	25	67	16	21	46	5	11	10	0.1	0.5255555555555554	0.5181818181818182	0.6181818181818182	0.034815531191139566
10	combined_all	1	66	17	20	46	6	11	50	100.0	0.505	0.6590909090909092	0.6363636363636365	0.3337119062359573
10	combined_all	2	66	17	21	45	5	12	20	0.01	0.6488888888888888	0.5083333333333333	0.41666666666666663	0.015430334996209192
10	combined_all	3	66	17	21	45	5	12	20	10.0	0.6577777777777778	0.3333333333333333	0.4166666666666667	-0.35805743701971643
10	combined_all	4	67	16	21	46	5	11	50	100.0	0.5216666666666666	0.6090909090909091	0.5636363636363637	0.23354968324845687
10	combined_all	5	67	16	21	46	5	11	5	1.0	0.5477777777777778	0.4181818181818182	0.2727272727272727	-0.16363636363636364
10	combined_all	6	66	17	20	46	6	11	20	1.0	0.5794444444444444	0.3106060606060606	0.4090909090909091	-0.36780617896031226
10	combined_all	7	66	17	21	45	5	12	20	10.0	0.5933333333333334	0.475	0.5	-0.053708615552957466
10	combined_all	8	66	17	21	45	5	12	5	0.1	0.5827777777777777	0.26666666666666666	0.2666666666666667	-0.42600643361512924
10	combined_all	9	67	16	21	46	5	11	10	10.0	0.6072222222222222	0.5636363636363637	0.4909090909090909	0.12727272727272726
10	combined_all	10	67	16	21	46	5	11	10	0.01	0.5277777777777778	0.7090909090909091	0.6727272727272726	0.41818181818181815
10	combined_all	11	66	17	20	46	6	11	50	0.1	0.5494444444444444	0.5681818181818181	0.6212121212121212	0.13241022442571243
10	combined_all	12	66	17	21	45	5	12	5	0.1	0.6011111111111112	0.575	0.5333333333333333	0.15
10	combined_all	13	66	17	21	45	5	12	20	1.0	0.5461111111111111	0.8333333333333333	0.8166666666666667	0.6085806194501846
10	combined_all	14	67	16	21	46	5	11	50	0.1	0.663888888888889	0.5090909090909091	0.4545454545454546	0.021591675854376522
10	combined_all	15	67	16	21	46	5	11	10	1.0	0.6838888888888889	0.3727272727272727	0.34545454545454546	-0.24370871833797697
10	combined_all	16	66	17	20	46	6	11	5	1.0	0.5616666666666666	0.4015151515151515	0.43939393939393945	-0.20658356100321165
10	combined_all	17	66	17	21	45	5	12	50	10.0	0.5705555555555556	0.5916666666666667	0.6666666666666666	0.16735967034880075
10	combined_all	18	66	17	21	45	5	12	10	1.0	0.5027777777777777	0.6166666666666667	0.55	0.25064020591380154
10	combined_all	19	67	16	21	46	5	11	20	10.0	0.5538888888888889	0.4636363636363636	0.38181818181818183	-0.0778498944161523
10	combined_all	20	67	16	21	46	5	11	5	0.01	0.5438888888888889	0.5818181818181818	0.49090909090909096	0.16363636363636364
10	combined_all	21	66	17	20	46	6	11	5	0.1	0.41722222222222216	0.6439393939393939	0.8484848484848485	0.2878787878787879
10	combined_all	22	66	17	21	45	5	12	20	0.1	0.5872222222222222	0.55	0.5333333333333333	0.09128709291752769
10	combined_all	23	66	17	21	45	5	12	50	1.0	0.6033333333333333	0.6166666666666667	0.7166666666666667	0.25064020591380154
10	combined_all	24	67	16	21	46	5	11	10	0.1	0.4966666666666667	0.5272727272727272	0.5818181818181818	0.050964719143762556
10	combined_all	25	67	16	21	46	5	11	10	0.1	0.5255555555555554	0.5181818181818182	0.6181818181818182	0.034815531191139566
11	residue_ligand	1	66	17	20	46	6	11	8	10.0	0.4727777777777778	0.48484848484848486	0.3787878787878788	-0.030303030303030304
11	residue_ligand	2	66	17	21	45	5	12	12	100.0	0.5344444444444444	0.43333333333333335	0.4833333333333334	-0.13333333333333333
11	residue_ligand	3	66	17	21	45	5	12	all	10.0	0.51	0.5333333333333333	0.5333333333333333	0.06356417261637282
11	residue_ligand	4	67	16	21	46	5	11	8	100.0	0.5661111111111111	0.28181818181818186	0.18181818181818182	-0.40451991747794525
11	residue_ligand	5	67	16	21	46	5	11	8	10.0	0.6233333333333333	0.38181818181818183	0.4	-0.22084711628963774
11	residue_ligand	6	66	17	20	46	6	11	12	10.0	0.5455555555555555	0.356060606060606	0.3333333333333333	-0.2878787878787879
11	residue_ligand	7	66	17	21	45	5	12	8	1.0	0.5294444444444444	0.30833333333333335	0.31666666666666665	-0.34993385618385614
11	residue_ligand	8	66	17	21	45	5	12	all	100.0	0.49000000000000005	0.43333333333333335	0.4666666666666667	-0.13333333333333333
11	residue_ligand	9	67	16	21	46	5	11	all	100.0	0.5544444444444444	0.4636363636363636	0.4	-0.0778498944161523
11	residue_ligand	10	67	16	21	46	5	11	8	1.0	0.6755555555555556	0.5818181818181818	0.3090909090909091	0.16363636363636364
11	residue_ligand	11	66	17	20	46	6	11	all	1.0	0.5222222222222221	0.44696969696969696	0.48484848484848486	-0.1194880298498108
11	residue_ligand	12	66	17	21	45	5	12	all	1.0	0.48777777777777775	0.55	0.5833333333333334	0.09128709291752769
11	residue_ligand	13	66	17	21	45	5	12	12	10.0	0.6077777777777779	0.45	0.36666666666666664	-0.09128709291752769
11	residue_ligand	14	67	16	21	46	5	11	12	100.0	0.5261111111111111	0.5181818181818182	0.6727272727272726	0.034815531191139566
11	residue_ligand	15	67	16	21	46	5	11	8	10.0	0.46277777777777784	0.6727272727272727	0.6363636363636364	0.32277655457716287
11	residue_ligand	16	66	17	20	46	6	11	all	100.0	0.6266666666666667	0.4318181818181818	0.42424242424242425	-0.13241022442571243
11	residue_ligand	17	66	17	21	45	5	12	8	100.0	0.6183333333333334	0.6333333333333333	0.5666666666666667	0.24688535993934707
11	residue_ligand	18	66	17	21	45	5	12	all	10.0	0.5644444444444444	0.4916666666666667	0.48333333333333334	-0.015430334996209192
11	residue_ligand	19	67	16	21	46	5	11	12	10.0	0.5577777777777777	0.5727272727272728	0.5818181818181818	0.13483997249264842
11	residue_ligand	20	67	16	21	46	5	11	all	10.0	0.5894444444444444	0.4181818181818182	0.36363636363636365	-0.16363636363636364
11	residue_ligand	21	66	17	20	46	6	11	all	100.0	0.5533333333333333	0.3484848484848485	0.4242424242424242	-0.29012942659282975
11	residue_ligand	22	66	17	21	45	5	12	12	100.0	0.5199999999999999	0.43333333333333335	0.46666666666666673	-0.13333333333333333
11	residue_ligand	23	66	17	21	45	5	12	12	100.0	0.5377777777777778	0.5083333333333333	0.6166666666666667	0.015430334996209192
11	residue_ligand	24	67	16	21	46	5	11	12	10.0	0.5444444444444445	0.5272727272727272	0.43636363636363645	0.050964719143762556
11	residue_ligand	25	67	16	21	46	5	11	all	100.0	0.5244444444444445	0.3727272727272727	0.45454545454545464	-0.24370871833797697
11	residue_cofactor	1	66	17	20	46	6	11	20	10.0	0.6533333333333333	0.6515151515151515	0.712121212121212	0.29012942659282975
11	residue_cofactor	2	66	17	21	45	5	12	40	1.0	0.5822222222222223	0.45	0.45	-0.09128709291752769
11	residue_cofactor	3	66	17	21	45	5	12	all	0.1	0.571111111111111	0.475	0.6333333333333333	-0.053708615552957466
11	residue_cofactor	4	67	16	21	46	5	11	5	10.0	0.7155555555555555	0.32727272727272727	0.2727272727272727	-0.32277655457716287
11	residue_cofactor	5	67	16	21	46	5	11	20	0.1	0.5455555555555556	0.5727272727272728	0.509090909090909	0.13483997249264842
11	residue_cofactor	6	66	17	20	46	6	11	40	10.0	0.6327777777777778	0.5227272727272727	0.5303030303030303	0.04351941398892446
11	residue_cofactor	7	66	17	21	45	5	12	all	10.0	0.5183333333333333	0.575	0.7333333333333334	0.15
11	residue_cofactor	8	66	17	21	45	5	12	5	0.1	0.5511111111111111	0.45	0.55	-0.09128709291752769
11	residue_cofactor	9	67	16	21	46	5	11	5	0.1	0.6183333333333333	0.38181818181818183	0.38181818181818183	-0.22084711628963774
11	residue_cofactor	10	67	16	21	46	5	11	all	100.0	0.5827777777777777	0.6090909090909091	0.5818181818181818	0.23354968324845687
11	residue_cofactor	11	66	17	20	46	6	11	20	100.0	0.6399999999999999	0.3939393939393939	0.3939393939393939	-0.2030905986149808
11	residue_cofactor	12	66	17	21	45	5	12	40	10.0	0.6405555555555557	0.5833333333333334	0.48333333333333334	0.23570226039551584
11	residue_cofactor	13	66	17	21	45	5	12	all	100.0	0.5927777777777777	0.6166666666666667	0.45	0.25064020591380154
11	residue_cofactor	14	67	16	21	46	5	11	all	0.01	0.5972222222222222	0.5272727272727272	0.5636363636363637	0.050964719143762556
11	residue_cofactor	15	67	16	21	46	5	11	40	100.0	0.6255555555555555	0.4181818181818182	0.4545454545454546	-0.16363636363636364
11	residue_cofactor	16	66	17	20	46	6	11	20	10.0	0.5405555555555555	0.5151515151515151	0.43939393939393934	0.030303030303030304
11	residue_cofactor	17	66	17	21	45	5	12	40	10.0	0.6911111111111111	0.425	0.2333333333333333	-0.15
11	residue_cofactor	18	66	17	21	45	5	12	all	10.0	0.5844444444444444	0.575	0.5833333333333333	0.15
11	residue_cofactor	19	67	16	21	46	5	11	20	10.0	0.5144444444444444	0.4636363636363636	0.5818181818181818	-0.0778498944161523
11	residue_cofactor	20	67	16	21	46	5	11	all	100.0	0.6177777777777778	0.3727272727272727	0.49090909090909096	-0.24370871833797697
11	residue_cofactor	21	66	17	20	46	6	11	40	10.0	0.5927777777777778	0.5757575757575758	0.7727272727272728	0.1706971854997297
11	residue_cofactor	22	66	17	21	45	5	12	40	1.0	0.5672222222222223	0.6583333333333333	0.6333333333333333	0.378489059622558
11	residue_cofactor	23	66	17	21	45	5	12	all	1.0	0.5744444444444443	0.45	0.55	-0.09128709291752769
11	residue_cofactor	24	67	16	21	46	5	11	40	10.0	0.6377777777777778	0.2727272727272727	0.38181818181818183	-0.45454545454545453
11	residue_cofactor	25	67	16	21	46	5	11	40	1.0	0.581111111111111	0.5272727272727272	0.5272727272727273	0.050964719143762556
11	residue_residue	1	66	17	20	46	6	11	5	0.01	0.49833333333333335	0.5227272727272727	0.5	0.04351941398892446
11	residue_residue	2	66	17	21	45	5	12	50	0.01	0.5999999999999999	0.30833333333333335	0.3333333333333333	-0.34993385618385614
11	residue_residue	3	66	17	21	45	5	12	5	1.0	0.5605555555555556	0.35	0.3833333333333333	-0.27774602993176545
11	residue_residue	4	67	16	21	46	5	11	50	100.0	0.6199999999999999	0.3727272727272727	0.2363636363636364	-0.24370871833797697
11	residue_residue	5	67	16	21	46	5	11	50	0.1	0.5916666666666666	0.6090909090909091	0.5818181818181819	0.23354968324845687
11	residue_residue	6	66	17	20	46	6	11	50	10.0	0.6072222222222223	0.44696969696969696	0.5909090909090909	-0.1194880298498108
11	residue_residue	7	66	17	21	45	5	12	20	1.0	0.5411111111111111	0.45	0.2833333333333333	-0.09128709291752769
11	residue_residue	8	66	17	21	45	5	12	50	1.0	0.5816666666666667	0.55	0.5333333333333333	0.09128709291752769
11	residue_residue	9	67	16	21	46	5	11	50	0.1	0.5111111111111111	0.38181818181818183	0.509090909090909	-0.22084711628963774
11	residue_residue	10	67	16	21	46	5	11	10	100.0	0.6372222222222221	0.42727272727272725	0.32727272727272727	-0.13483997249264842
11	residue_residue	11	66	17	20	46	6	11	50	0.01	0.5916666666666666	0.43939393939393934	0.4393939393939394	-0.11769797726729993
11	residue_residue	12	66	17	21	45	5	12	50	1.0	0.545	0.4083333333333333	0.5333333333333334	-0.16735967034880075
11	residue_residue	13	66	17	21	45	5	12	50	0.01	0.6055555555555555	0.425	0.2833333333333333	-0.15
11	residue_residue	14	67	16	21	46	5	11	20	100.0	0.4355555555555556	0.5727272727272728	0.5818181818181818	0.13483997249264842
11	residue_residue	15	67	16	21	46	5	11	20	10.0	0.6661111111111111	0.4636363636363636	0.5272727272727273	-0.0778498944161523
11	residue_residue	16	66	17	20	46	6	11	5	10.0	0.5022222222222222	0.38636363636363635	0.4393939393939394	-0.22727272727272727
11	residue_residue	17	66	17	21	45	5	12	50	0.1	0.5711111111111112	0.625	0.5	0.29880715233359845
11	residue_residue	18	66	17	21	45	5	12	5	0.1	0.6183333333333332	0.4916666666666667	0.5666666666666667	-0.015430334996209192
11	residue_residue	19	67	16	21	46	5	11	10	1.0	0.5933333333333334	0.5636363636363637	0.43636363636363634	0.12727272727272726
11	residue_residue	20	67	16	21	46	5	11	20	10.0	0.6572222222222222	0.4727272727272727	0.4	-0.050964719143762556
11	residue_residue	21	66	17	20	46	6	11	20	10.0	0.5672222222222222	0.45454545454545453	0.6060606060606061	-0.1846372364689991
11	residue_residue	22	66	17	21	45	5	12	20	10.0	0.6083333333333332	0.45	0.5	-0.09128709291752769
11	residue_residue	23	66	17	21	45	5	12	20	100.0	0.5399999999999999	0.475	0.5666666666666667	-0.053708615552957466
11	residue_residue	24	67	16	21	46	5	11	50	0.01	0.4677777777777778	0.5727272727272728	0.5272727272727273	0.13483997249264842
11	residue_residue	25	67	16	21	46	5	11	50	1.0	0.5333333333333334	0.4181818181818182	0.4727272727272728	-0.16363636363636364
11	combined_all	1	66	17	20	46	6	11	5	0.01	0.49833333333333335	0.5227272727272727	0.5	0.04351941398892446
11	combined_all	2	66	17	21	45	5	12	50	0.01	0.5999999999999999	0.30833333333333335	0.3333333333333333	-0.34993385618385614
11	combined_all	3	66	17	21	45	5	12	5	1.0	0.5605555555555556	0.35	0.3833333333333333	-0.27774602993176545
11	combined_all	4	67	16	21	46	5	11	50	1.0	0.6627777777777777	0.32727272727272727	0.2181818181818182	-0.32277655457716287
11	combined_all	5	67	16	21	46	5	11	50	0.1	0.5916666666666666	0.6090909090909091	0.5818181818181819	0.23354968324845687
11	combined_all	6	66	17	20	46	6	11	50	10.0	0.586111111111111	0.44696969696969696	0.5909090909090909	-0.1194880298498108
11	combined_all	7	66	17	21	45	5	12	20	1.0	0.5411111111111111	0.45	0.2833333333333333	-0.09128709291752769
11	combined_all	8	66	17	21	45	5	12	20	0.1	0.571111111111111	0.4916666666666667	0.4333333333333333	-0.015430334996209192
11	combined_all	9	67	16	21	46	5	11	20	10.0	0.5172222222222222	0.4727272727272727	0.5454545454545455	-0.050964719143762556
11	combined_all	10	67	16	21	46	5	11	10	100.0	0.6372222222222221	0.42727272727272725	0.32727272727272727	-0.13483997249264842
11	combined_all	11	66	17	20	46	6	11	50	0.01	0.5916666666666666	0.43939393939393934	0.4393939393939394	-0.11769797726729993
11	combined_all	12	66	17	21	45	5	12	50	10.0	0.5449999999999999	0.45	0.5333333333333334	-0.09128709291752769
11	combined_all	13	66	17	21	45	5	12	50	0.01	0.6055555555555555	0.325	0.2833333333333333	-0.3337119062359573
11	combined_all	14	67	16	21	46	5	11	20	100.0	0.4133333333333334	0.5727272727272728	0.5818181818181818	0.13483997249264842
11	combined_all	15	67	16	21	46	5	11	20	10.0	0.6661111111111111	0.4636363636363636	0.5272727272727273	-0.0778498944161523
11	combined_all	16	66	17	20	46	6	11	5	10.0	0.5022222222222222	0.38636363636363635	0.4393939393939394	-0.22727272727272727
11	combined_all	17	66	17	21	45	5	12	50	0.1	0.5711111111111112	0.625	0.48333333333333334	0.29880715233359845
11	combined_all	18	66	17	21	45	5	12	5	0.1	0.6183333333333332	0.4916666666666667	0.5666666666666667	-0.015430334996209192
11	combined_all	19	67	16	21	46	5	11	20	0.01	0.5933333333333332	0.42727272727272725	0.4727272727272727	-0.13483997249264842
11	combined_all	20	67	16	21	46	5	11	50	10.0	0.6588888888888889	0.5636363636363637	0.5818181818181818	0.12727272727272726
11	combined_all	21	66	17	20	46	6	11	20	10.0	0.5672222222222222	0.45454545454545453	0.6060606060606061	-0.1846372364689991
11	combined_all	22	66	17	21	45	5	12	20	10.0	0.6083333333333332	0.45	0.5	-0.09128709291752769
11	combined_all	23	66	17	21	45	5	12	20	100.0	0.5399999999999999	0.475	0.5666666666666667	-0.053708615552957466
11	combined_all	24	67	16	21	46	5	11	50	0.01	0.47000000000000003	0.5727272727272728	0.5636363636363637	0.13483997249264842
11	combined_all	25	67	16	21	46	5	11	50	100.0	0.5372222222222222	0.4181818181818182	0.4363636363636364	-0.16363636363636364
12	residue_ligand	1	66	17	21	45	5	12	all	1.0	0.6533333333333333	0.25	0.11666666666666667	-0.4767312946227961
12	residue_ligand	2	66	17	21	45	5	12	4	100.0	0.5155555555555555	0.3666666666666667	0.39999999999999997	-0.24688535993934707
12	residue_ligand	3	66	17	20	46	6	11	all	10.0	0.5516666666666665	0.5681818181818181	0.6212121212121212	0.13241022442571243
12	residue_ligand	4	67	16	21	46	5	11	8	0.01	0.4983333333333334	0.5636363636363637	0.5818181818181818	0.12727272727272726
12	residue_ligand	5	67	16	21	46	5	11	all	10.0	0.5305555555555556	0.42727272727272725	0.4	-0.13483997249264842
12	residue_ligand	6	66	17	21	45	5	12	4	0.01	0.64	0.4083333333333333	0.31666666666666665	-0.16735967034880075
12	residue_ligand	7	66	17	21	45	5	12	all	0.1	0.5038888888888888	0.3916666666666667	0.5333333333333333	-0.20658356100321165
12	residue_ligand	8	66	17	20	46	6	11	8	0.1	0.5705555555555556	0.4772727272727273	0.5303030303030303	-0.04351941398892446
12	residue_ligand	9	67	16	21	46	5	11	all	100.0	0.5705555555555555	0.5181818181818182	0.43636363636363634	0.034815531191139566
12	residue_ligand	10	67	16	21	46	5	11	12	0.01	0.5822222222222223	0.33636363636363636	0.38181818181818183	-0.3133397807202561
12	residue_ligand	11	66	17	21	45	5	12	12	100.0	0.5583333333333333	0.3916666666666667	0.39999999999999997	-0.20658356100321165
12	residue_ligand	12	66	17	21	45	5	12	12	10.0	0.48944444444444446	0.25	0.050000000000000024	-0.4767312946227961
12	residue_ligand	13	66	17	20	46	6	11	all	10.0	0.5155555555555555	0.356060606060606	0.3181818181818182	-0.2878787878787879
12	residue_ligand	14	67	16	21	46	5	11	all	10.0	0.6127777777777778	0.32727272727272727	0.4181818181818182	-0.32277655457716287
12	residue_ligand	15	67	16	21	46	5	11	all	1.0	0.6605555555555556	0.3727272727272727	0.2545454545454545	-0.24370871833797697
12	residue_ligand	16	66	17	21	45	5	12	all	100.0	0.5399999999999999	0.575	0.43333333333333335	0.15
12	residue_ligand	17	66	17	21	45	5	12	all	100.0	0.5038888888888888	0.6333333333333333	0.6333333333333333	0.24688535993934707
12	residue_ligand	18	66	17	20	46	6	11	8	1.0	0.5722222222222222	0.5227272727272727	0.4393939393939394	0.04351941398892446
12	residue_ligand	19	67	16	21	46	5	11	4	0.01	0.6433333333333333	0.32727272727272727	0.2	-0.32277655457716287
12	residue_ligand	20	67	16	21	46	5	11	all	100.0	0.5383333333333333	0.32727272727272727	0.38181818181818183	-0.32277655457716287
12	residue_ligand	21	66	17	21	45	5	12	all	10.0	0.5622222222222222	0.5916666666666667	0.6333333333333333	0.16735967034880075
12	residue_ligand	22	66	17	21	45	5	12	all	0.01	0.5205555555555555	0.5916666666666667	0.55	0.16735967034880075
12	residue_ligand	23	66	17	20	46	6	11	8	0.1	0.575	0.4318181818181818	0.5757575757575758	-0.13241022442571243
12	residue_ligand	24	67	16	21	46	5	11	all	100.0	0.4644444444444444	0.49090909090909096	0.3454545454545455	-0.021591675854376522
12	residue_ligand	25	67	16	21	46	5	11	12	0.01	0.495	0.5090909090909091	0.490909090909091	0.021591675854376522
12	residue_cofactor	1	66	17	21	45	5	12	5	0.01	0.5538888888888889	0.7916666666666667	0.8000000000000002	0.5400617248673217
12	residue_cofactor	2	66	17	21	45	5	12	10	0.01	0.5705555555555555	0.5916666666666667	0.5166666666666666	0.16735967034880075
12	residue_cofactor	3	66	17	20	46	6	11	10	10.0	0.6311111111111111	0.356060606060606	0.5303030303030303	-0.2878787878787879
12	residue_cofactor	4	67	16	21	46	5	11	5	0.01	0.6683333333333333	0.38181818181818183	0.41818181818181827	-0.22084711628963774
12	residue_cofactor	5	67	16	21	46	5	11	5	0.01	0.47888888888888886	0.6727272727272727	0.7090909090909091	0.32277655457716287
12	residue_cofactor	6	66	17	21	45	5	12	10	1.0	0.6372222222222222	0.3916666666666667	0.3	-0.20658356100321165
12	residue_cofactor	7	66	17	21	45	5	12	10	0.01	0.6322222222222221	0.55	0.6166666666666667	0.09128709291752769
12	residue_cofactor	8	66	17	20	46	6	11	10	0.1	0.5777777777777777	0.43939393939393934	0.36363636363636365	-0.11769797726729993
12	residue_cofactor	9	67	16	21	46	5	11	40	100.0	0.5816666666666667	0.5090909090909091	0.5636363636363637	0.021591675854376522
12	residue_cofactor	10	67	16	21	46	5	11	10	0.1	0.6227777777777778	0.4727272727272727	0.4909090909090909	-0.050964719143762556
12	residue_cofactor	11	66	17	21	45	5	12	10	0.1	0.5916666666666666	0.30833333333333335	0.30000000000000004	-0.34993385618385614
12	residue_cofactor	12	66	17	21	45	5	12	5	0.01	0.6461111111111111	0.3666666666666667	0.4166666666666667	-0.24688535993934707
12	residue_cofactor	13	66	17	20	46	6	11	10	0.1	0.5533333333333333	0.6893939393939394	0.696969696969697	0.36780617896031226
12	residue_cofactor	14	67	16	21	46	5	11	20	10.0	0.47555555555555556	0.6090909090909091	0.47272727272727266	0.23354968324845687
12	residue_cofactor	15	67	16	21	46	5	11	5	0.01	0.6916666666666667	0.4636363636363636	0.4545454545454546	-0.0778498944161523
12	residue_cofactor	16	66	17	21	45	5	12	5	0.01	0.5733333333333333	0.475	0.5166666666666667	-0.053708615552957466
12	residue_cofactor	17	66	17	21	45	5	12	5	0.01	0.5988888888888889	0.5666666666666667	0.5833333333333334	0.13333333333333333
12	residue_cofactor	18	66	17	20	46	6	11	20	0.01	0.6466666666666667	0.48484848484848486	0.36363636363636365	-0.030303030303030304
12	residue_cofactor	19	67	16	21	46	5	11	20	0.01	0.5805555555555555	0.4818181818181818	0.509090909090909	-0.034815531191139566
12	residue_cofactor	20	67	16	21	46	5	11	10	10.0	0.53	0.4727272727272727	0.6545454545454545	-0.050964719143762556
12	residue_cofactor	21	66	17	21	45	5	12	5	1.0	0.5144444444444444	0.4916666666666667	0.5166666666666667	-0.015430334996209192
12	residue_cofactor	22	66	17	21	45	5	12	5	1.0	0.5761111111111111	0.8166666666666667	0.8166666666666667	0.6038596398555418
12	residue_cofactor	23	66	17	20	46	6	11	10	0.01	0.5449999999999999	0.5303030303030303	0.5	0.06356417261637282
12	residue_cofactor	24	67	16	21	46	5	11	5	1.0	0.6344444444444444	0.42727272727272725	0.34545454545454546	-0.13483997249264842
12	residue_cofactor	25	67	16	21	46	5	11	10	0.1	0.6555555555555556	0.3727272727272727	0.34545454545454546	-0.24370871833797697
12	residue_residue	1	66	17	21	45	5	12	50	1.0	0.5344444444444445	0.575	0.6166666666666666	0.15
12	residue_residue	2	66	17	21	45	5	12	10	1.0	0.6299999999999999	0.5083333333333333	0.5166666666666666	0.015430334996209192
12	residue_residue	3	66	17	20	46	6	11	10	10.0	0.7061111111111111	0.6136363636363636	0.6515151515151515	0.22727272727272727
12	residue_residue	4	67	16	21	46	5	11	50	10.0	0.5477777777777778	0.5090909090909091	0.5272727272727273	0.021591675854376522
12	residue_residue	5	67	16	21	46	5	11	50	10.0	0.6277777777777778	0.5636363636363637	0.5454545454545454	0.12727272727272726
12	residue_residue	6	66	17	21	45	5	12	10	10.0	0.6166666666666666	0.5916666666666667	0.6333333333333333	0.16735967034880075
12	residue_residue	7	66	17	21	45	5	12	20	0.1	0.6866666666666666	0.4583333333333333	0.48333333333333334	-0.1613743060919757
12	residue_residue	8	66	17	20	46	6	11	10	0.1	0.6055555555555555	0.4318181818181818	0.5303030303030303	-0.13241022442571243
12	residue_residue	9	67	16	21	46	5	11	50	10.0	0.5894444444444444	0.5090909090909091	0.5454545454545454	0.021591675854376522
12	residue_residue	10	67	16	21	46	5	11	10	0.01	0.46611111111111114	0.5727272727272728	0.690909090909091	0.13483997249264842
12	residue_residue	11	66	17	21	45	5	12	5	10.0	0.6266666666666667	0.4666666666666667	0.3833333333333333	-0.06356417261637282
12	residue_residue	12	66	17	21	45	5	12	20	10.0	0.5283333333333333	0.575	0.5	0.15
12	residue_residue	13	66	17	20	46	6	11	5	1.0	0.7572222222222222	0.3484848484848485	0.30303030303030304	-0.29012942659282975
12	residue_residue	14	67	16	21	46	5	11	10	0.01	0.5583333333333333	0.5727272727272728	0.7454545454545454	0.13483997249264842
12	residue_residue	15	67	16	21	46	5	11	50	0.1	0.5938888888888889	0.3727272727272727	0.38181818181818183	-0.24370871833797697
12	residue_residue	16	66	17	21	45	5	12	5	0.01	0.641111111111111	0.5333333333333333	0.6666666666666666	0.06356417261637282
12	residue_residue	17	66	17	21	45	5	12	20	1.0	0.6461111111111111	0.55	0.5666666666666667	0.09128709291752769
12	residue_residue	18	66	17	20	46	6	11	20	1.0	0.5	0.6136363636363636	0.5909090909090909	0.22727272727272727
12	residue_residue	19	67	16	21	46	5	11	50	0.01	0.5549999999999999	0.43636363636363634	0.49090909090909096	-0.12727272727272726
12	residue_residue	20	67	16	21	46	5	11	50	0.01	0.6133333333333334	0.5272727272727272	0.4545454545454546	0.050964719143762556
12	residue_residue	21	66	17	21	45	5	12	50	100.0	0.5816666666666667	0.7583333333333333	0.8	0.5549890273805606
12	residue_residue	22	66	17	21	45	5	12	10	1.0	0.6116666666666666	0.4916666666666667	0.5833333333333333	-0.015430334996209192
12	residue_residue	23	66	17	20	46	6	11	50	0.1	0.5855555555555555	0.7045454545454546	0.7878787878787878	0.46088240084927024
12	residue_residue	24	67	16	21	46	5	11	20	1.0	0.6716666666666666	0.38181818181818183	0.23636363636363636	-0.22084711628963774
12	residue_residue	25	67	16	21	46	5	11	50	1.0	0.6488888888888888	0.5727272727272728	0.6727272727272727	0.13483997249264842
12	combined_all	1	66	17	21	45	5	12	50	1.0	0.5344444444444445	0.6166666666666667	0.5666666666666667	0.25064020591380154
12	combined_all	2	66	17	21	45	5	12	10	1.0	0.6299999999999999	0.5083333333333333	0.5166666666666666	0.015430334996209192
12	combined_all	3	66	17	20	46	6	11	10	10.0	0.7061111111111111	0.6136363636363636	0.6515151515151515	0.22727272727272727
12	combined_all	4	67	16	21	46	5	11	50	0.01	0.5994444444444446	0.42727272727272725	0.38181818181818183	-0.13483997249264842
12	combined_all	5	67	16	21	46	5	11	50	1.0	0.5866666666666667	0.5636363636363637	0.6000000000000001	0.12727272727272726
12	combined_all	6	66	17	21	45	5	12	10	10.0	0.5944444444444444	0.5916666666666667	0.6333333333333333	0.16735967034880075
12	combined_all	7	66	17	21	45	5	12	20	0.1	0.6866666666666666	0.4583333333333333	0.48333333333333334	-0.1613743060919757
12	combined_all	8	66	17	20	46	6	11	10	0.1	0.6055555555555555	0.4318181818181818	0.5303030303030303	-0.13241022442571243
12	combined_all	9	67	16	21	46	5	11	50	10.0	0.5783333333333334	0.5090909090909091	0.5272727272727273	0.021591675854376522
12	combined_all	10	67	16	21	46	5	11	10	0.01	0.46611111111111114	0.5727272727272728	0.690909090909091	0.13483997249264842
12	combined_all	11	66	17	21	45	5	12	20	0.01	0.5877777777777776	0.5666666666666667	0.49999999999999994	0.13333333333333333
12	combined_all	12	66	17	21	45	5	12	50	0.1	0.4916666666666666	0.45	0.5166666666666666	-0.09128709291752769
12	combined_all	13	66	17	20	46	6	11	5	1.0	0.7572222222222222	0.3484848484848485	0.30303030303030304	-0.29012942659282975
12	combined_all	14	67	16	21	46	5	11	10	0.01	0.5583333333333333	0.5727272727272728	0.7454545454545454	0.13483997249264842
12	combined_all	15	67	16	21	46	5	11	20	0.1	0.5655555555555556	0.5090909090909091	0.29090909090909095	0.021591675854376522
12	combined_all	16	66	17	21	45	5	12	5	0.01	0.641111111111111	0.5333333333333333	0.6666666666666666	0.06356417261637282
12	combined_all	17	66	17	21	45	5	12	10	0.01	0.6377777777777778	0.4666666666666667	0.6166666666666667	-0.06356417261637282
12	combined_all	18	66	17	20	46	6	11	20	1.0	0.5138888888888888	0.6136363636363636	0.5909090909090909	0.22727272727272727
12	combined_all	19	67	16	21	46	5	11	10	1.0	0.5449999999999999	0.4727272727272727	0.509090909090909	-0.050964719143762556
12	combined_all	20	67	16	21	46	5	11	50	0.01	0.6033333333333333	0.5272727272727272	0.4545454545454546	0.050964719143762556
12	combined_all	21	66	17	21	45	5	12	50	10.0	0.5705555555555556	0.7583333333333333	0.8	0.5549890273805606
12	combined_all	22	66	17	21	45	5	12	10	1.0	0.6116666666666666	0.4916666666666667	0.5833333333333333	-0.015430334996209192
12	combined_all	23	66	17	20	46	6	11	50	0.1	0.5855555555555555	0.7045454545454546	0.7727272727272727	0.46088240084927024
12	combined_all	24	67	16	21	46	5	11	20	1.0	0.6605555555555556	0.38181818181818183	0.23636363636363636	-0.22084711628963774
12	combined_all	25	67	16	21	46	5	11	50	1.0	0.6849999999999999	0.5727272727272728	0.6727272727272727	0.13483997249264842
13	residue_ligand	1	66	17	21	45	5	12	12	0.1	0.6188888888888888	0.6916666666666667	0.6333333333333333	0.34993385618385614
13	residue_ligand	2	66	17	21	45	5	12	12	0.1	0.69	0.43333333333333335	0.5	-0.13333333333333333
13	residue_ligand	3	66	17	20	46	6	11	all	100.0	0.6066666666666667	0.3106060606060606	0.3939393939393939	-0.36780617896031226
13	residue_ligand	4	67	16	21	46	5	11	4	10.0	0.5877777777777778	0.5727272727272728	0.6181818181818183	0.13483997249264842
13	residue_ligand	5	67	16	21	46	5	11	12	0.01	0.5927777777777778	0.5181818181818182	0.6909090909090909	0.034815531191139566
13	residue_ligand	6	66	17	21	45	5	12	all	0.1	0.6249999999999999	0.55	0.6	0.09128709291752769
13	residue_ligand	7	66	17	21	45	5	12	4	0.01	0.6333333333333333	0.6166666666666667	0.43333333333333335	0.25064020591380154
13	residue_ligand	8	66	17	20	46	6	11	12	0.01	0.5972222222222222	0.6439393939393939	0.6666666666666666	0.2878787878787879
13	residue_ligand	9	67	16	21	46	5	11	8	0.01	0.5727777777777778	0.6090909090909091	0.8363636363636364	0.23354968324845687
13	residue_ligand	10	67	16	21	46	5	11	12	0.01	0.6449999999999999	0.5181818181818182	0.4909090909090909	0.034815531191139566
13	residue_ligand	11	66	17	21	45	5	12	8	0.01	0.6344444444444444	0.475	0.5333333333333334	-0.053708615552957466
13	residue_ligand	12	66	17	21	45	5	12	12	0.1	0.6344444444444444	0.6333333333333333	0.6666666666666666	0.24688535993934707
13	residue_ligand	13	66	17	20	46	6	11	all	0.01	0.5894444444444444	0.4772727272727273	0.48484848484848486	-0.04351941398892446
13	residue_ligand	14	67	16	21	46	5	11	8	1.0	0.4933333333333333	0.6181818181818182	0.5818181818181819	0.22084711628963774
13	residue_ligand	15	67	16	21	46	5	11	all	0.01	0.6783333333333332	0.38181818181818183	0.4	-0.22084711628963774
13	residue_ligand	16	66	17	21	45	5	12	4	100.0	0.581111111111111	0.4916666666666667	0.4666666666666667	-0.015430334996209192
13	residue_ligand	17	66	17	21	45	5	12	12	10.0	0.6766666666666665	0.3916666666666667	0.35	-0.20658356100321165
13	residue_ligand	18	66	17	20	46	6	11	12	0.01	0.5894444444444444	0.696969696969697	0.8181818181818181	0.3825184261187248
13	residue_ligand	19	67	16	21	46	5	11	12	0.1	0.6427777777777779	0.4818181818181818	0.6	-0.034815531191139566
13	residue_ligand	20	67	16	21	46	5	11	all	0.1	0.6711111111111111	0.5727272727272728	0.5818181818181818	0.13483997249264842
13	residue_ligand	21	66	17	21	45	5	12	12	1.0	0.6411111111111112	0.5083333333333333	0.49999999999999994	0.015430334996209192
13	residue_ligand	22	66	17	21	45	5	12	12	0.1	0.5483333333333332	0.675	0.8666666666666666	0.3337119062359573
13	residue_ligand	23	66	17	20	46	6	11	all	0.1	0.6055555555555555	0.6136363636363636	0.6818181818181818	0.22727272727272727
13	residue_ligand	24	67	16	21	46	5	11	4	0.01	0.5366666666666667	0.6090909090909091	0.6	0.23354968324845687
13	residue_ligand	25	67	16	21	46	5	11	12	10.0	0.6155555555555555	0.32727272727272727	0.38181818181818183	-0.32277655457716287
13	residue_cofactor	1	66	17	21	45	5	12	5	1.0	0.5094444444444444	0.475	0.6666666666666667	-0.053708615552957466
13	residue_cofactor	2	66	17	21	45	5	12	40	100.0	0.6127777777777778	0.5166666666666667	0.39999999999999997	0.03984095364447979
13	residue_cofactor	3	66	17	20	46	6	11	10	100.0	0.5733333333333333	0.5227272727272727	0.4090909090909091	0.04351941398892446
13	residue_cofactor	4	67	16	21	46	5	11	10	0.01	0.6294444444444445	0.33636363636363636	0.4727272727272728	-0.3133397807202561
13	residue_cofactor	5	67	16	21	46	5	11	5	0.01	0.43500000000000005	0.5181818181818182	0.5818181818181818	0.034815531191139566
13	residue_cofactor	6	66	17	21	45	5	12	20	1.0	0.5633333333333332	0.6916666666666667	0.65	0.34993385618385614
13	residue_cofactor	7	66	17	21	45	5	12	20	100.0	0.485	0.575	0.65	0.15
13	residue_cofactor	8	66	17	20	46	6	11	10	1.0	0.5955555555555556	0.48484848484848486	0.3939393939393939	-0.030303030303030304
13	residue_cofactor	9	67	16	21	46	5	11	5	0.1	0.5877777777777777	0.5181818181818182	0.5818181818181818	0.034815531191139566
13	residue_cofactor	10	67	16	21	46	5	11	20	0.1	0.515	0.5636363636363637	0.6181818181818182	0.12727272727272726
13	residue_cofactor	11	66	17	21	45	5	12	40	100.0	0.6494444444444445	0.3916666666666667	0.35	-0.20658356100321165
13	residue_cofactor	12	66	17	21	45	5	12	5	1.0	0.6433333333333333	0.5916666666666667	0.5333333333333333	0.16735967034880075
13	residue_cofactor	13	66	17	20	46	6	11	40	1.0	0.5583333333333333	0.44696969696969696	0.4545454545454546	-0.1194880298498108
13	residue_cofactor	14	67	16	21	46	5	11	all	100.0	0.47444444444444445	0.3727272727272727	0.4727272727272727	-0.24370871833797697
13	residue_cofactor	15	67	16	21	46	5	11	40	100.0	0.49722222222222223	0.5636363636363637	0.47272727272727266	0.12727272727272726
13	residue_cofactor	16	66	17	21	45	5	12	40	10.0	0.5333333333333333	0.43333333333333335	0.5166666666666666	-0.13333333333333333
13	residue_cofactor	17	66	17	21	45	5	12	40	10.0	0.5322222222222222	0.45	0.5666666666666667	-0.09128709291752769
13	residue_cofactor	18	66	17	20	46	6	11	all	0.1	0.6283333333333333	0.6439393939393939	0.6363636363636364	0.2878787878787879
13	residue_cofactor	19	67	16	21	46	5	11	5	100.0	0.5833333333333333	0.5727272727272728	0.5636363636363636	0.13483997249264842
13	residue_cofactor	20	67	16	21	46	5	11	all	100.0	0.5927777777777778	0.42727272727272725	0.5818181818181818	-0.13483997249264842
13	residue_cofactor	21	66	17	21	45	5	12	5	0.1	0.6594444444444444	0.4083333333333333	0.3833333333333333	-0.16735967034880075
13	residue_cofactor	22	66	17	21	45	5	12	40	0.1	0.5733333333333333	0.4083333333333333	0.5	-0.16735967034880075
13	residue_cofactor	23	66	17	20	46	6	11	40	0.1	0.5211111111111111	0.356060606060606	0.28787878787878785	-0.2878787878787879
13	residue_cofactor	24	67	16	21	46	5	11	20	0.1	0.638888888888889	0.4181818181818182	0.3090909090909091	-0.16363636363636364
13	residue_cofactor	25	67	16	21	46	5	11	20	0.1	0.5288888888888887	0.5181818181818182	0.6909090909090909	0.034815531191139566
13	residue_residue	1	66	17	21	45	5	12	5	1.0	0.5149999999999999	0.3916666666666667	0.35	-0.20658356100321165
13	residue_residue	2	66	17	21	45	5	12	10	0.01	0.5322222222222223	0.325	0.18333333333333335	-0.3337119062359573
13	residue_residue	3	66	17	20	46	6	11	20	10.0	0.5494444444444444	0.356060606060606	0.2878787878787879	-0.2878787878787879
13	residue_residue	4	67	16	21	46	5	11	10	0.01	0.47055555555555556	0.42727272727272725	0.4	-0.13483997249264842
13	residue_residue	5	67	16	21	46	5	11	20	1.0	0.4255555555555556	0.42727272727272725	0.4181818181818182	-0.13483997249264842
13	residue_residue	6	66	17	21	45	5	12	10	10.0	0.37777777777777777	0.5916666666666667	0.6000000000000001	0.16735967034880075
13	residue_residue	7	66	17	21	45	5	12	20	0.1	0.4011111111111111	0.35	0.4833333333333334	-0.27774602993176545
13	residue_residue	8	66	17	20	46	6	11	5	0.1	0.46277777777777784	0.303030303030303	0.34848484848484845	-0.3825184261187248
13	residue_residue	9	67	16	21	46	5	11	5	0.01	0.49722222222222223	0.4818181818181818	0.41818181818181815	-0.034815531191139566
13	residue_residue	10	67	16	21	46	5	11	10	0.1	0.545	0.18181818181818182	0.2181818181818182	-0.5945883900105632
13	residue_residue	11	66	17	21	45	5	12	5	1.0	0.5894444444444444	0.5083333333333333	0.3666666666666667	0.015430334996209192
13	residue_residue	12	66	17	21	45	5	12	50	0.01	0.5516666666666665	0.325	0.3666666666666667	-0.3337119062359573
13	residue_residue	13	66	17	20	46	6	11	50	10.0	0.518888888888889	0.44696969696969696	0.3939393939393939	-0.1194880298498108
13	residue_residue	14	67	16	21	46	5	11	10	1.0	0.44333333333333325	0.5818181818181818	0.49090909090909096	0.16363636363636364
13	residue_residue	15	67	16	21	46	5	11	10	10.0	0.49222222222222217	0.3181818181818182	0.36363636363636365	-0.3892494720807615
13	residue_residue	16	66	17	21	45	5	12	5	0.1	0.5594444444444443	0.26666666666666666	0.2666666666666667	-0.42600643361512924
13	residue_residue	17	66	17	21	45	5	12	10	100.0	0.4905555555555555	0.20833333333333334	0.3333333333333333	-0.5400617248673217
13	residue_residue	18	66	17	20	46	6	11	50	0.1	0.4338888888888889	0.5606060606060606	0.46969696969696967	0.11769797726729993
13	residue_residue	19	67	16	21	46	5	11	5	0.01	0.4933333333333333	0.38181818181818183	0.3090909090909091	-0.22084711628963774
13	residue_residue	20	67	16	21	46	5	11	50	0.1	0.5561111111111112	0.36363636363636365	0.32727272727272727	-0.32387513781564786
13	residue_residue	21	66	17	21	45	5	12	50	0.01	0.5444444444444445	0.325	0.15	-0.3337119062359573
13	residue_residue	22	66	17	21	45	5	12	20	100.0	0.5205555555555555	0.4166666666666667	0.5666666666666667	-0.23570226039551584
13	residue_residue	23	66	17	20	46	6	11	10	0.1	0.6494444444444445	0.44696969696969696	0.1818181818181818	-0.1194880298498108
13	residue_residue	24	67	16	21	46	5	11	50	100.0	0.4927777777777777	0.4090909090909091	0.3090909090909091	-0.2548235957188128
13	residue_residue	25	67	16	21	46	5	11	5	0.01	0.5038888888888888	0.4818181818181818	0.43636363636363634	-0.034815531191139566
13	combined_all	1	66	17	21	45	5	12	5	1.0	0.5149999999999999	0.3916666666666667	0.35	-0.20658356100321165
13	combined_all	2	66	17	21	45	5	12	10	10.0	0.515	0.26666666666666666	0.2	-0.42600643361512924
13	combined_all	3	66	17	20	46	6	11	20	10.0	0.5633333333333332	0.356060606060606	0.2878787878787879	-0.2878787878787879
13	combined_all	4	67	16	21	46	5	11	20	0.01	0.4805555555555556	0.32727272727272727	0.4	-0.32277655457716287
13	combined_all	5	67	16	21	46	5	11	10	10.0	0.40555555555555556	0.13636363636363635	0.2	-0.674199862463242
13	combined_all	6	66	17	21	45	5	12	50	100.0	0.38111111111111107	0.475	0.36666666666666664	-0.053708615552957466
13	combined_all	7	66	17	21	45	5	12	20	1.0	0.4427777777777778	0.5333333333333333	0.5833333333333333	0.06356417261637282
13	combined_all	8	66	17	20	46	6	11	20	1.0	0.48944444444444446	0.4318181818181818	0.2727272727272727	-0.13241022442571243
13	combined_all	9	67	16	21	46	5	11	5	0.01	0.49722222222222223	0.4818181818181818	0.41818181818181815	-0.034815531191139566
13	combined_all	10	67	16	21	46	5	11	10	0.01	0.5427777777777777	0.18181818181818182	0.2727272727272727	-0.5945883900105632
13	combined_all	11	66	17	21	45	5	12	5	1.0	0.5894444444444444	0.5083333333333333	0.3666666666666667	0.015430334996209192
13	combined_all	12	66	17	21	45	5	12	50	0.01	0.5766666666666665	0.325	0.4	-0.3337119062359573
13	combined_all	13	66	17	20	46	6	11	10	100.0	0.5022222222222222	0.5757575757575758	0.6212121212121212	0.1706971854997297
13	combined_all	14	67	16	21	46	5	11	10	1.0	0.44333333333333325	0.5818181818181818	0.49090909090909096	0.16363636363636364
13	combined_all	15	67	16	21	46	5	11	10	10.0	0.49222222222222217	0.3181818181818182	0.36363636363636365	-0.3892494720807615
13	combined_all	16	66	17	21	45	5	12	5	0.1	0.5594444444444443	0.26666666666666666	0.2666666666666667	-0.42600643361512924
13	combined_all	17	66	17	21	45	5	12	20	10.0	0.48611111111111105	0.20833333333333334	0.25	-0.5400617248673217
13	combined_all	18	66	17	20	46	6	11	50	0.1	0.40888888888888886	0.5606060606060606	0.46969696969696967	0.11769797726729993
13	combined_all	19	67	16	21	46	5	11	50	100.0	0.5277777777777777	0.3181818181818182	0.21818181818181817	-0.3892494720807615
13	combined_all	20	67	16	21	46	5	11	50	0.1	0.5561111111111111	0.36363636363636365	0.32727272727272727	-0.32387513781564786
13	combined_all	21	66	17	21	45	5	12	10	0.01	0.5205555555555555	0.325	0.33333333333333337	-0.3337119062359573
13	combined_all	22	66	17	21	45	5	12	10	10.0	0.5394444444444444	0.475	0.4	-0.053708615552957466
13	combined_all	23	66	17	20	46	6	11	10	0.01	0.5755555555555556	0.44696969696969696	0.16666666666666666	-0.1194880298498108
13	combined_all	24	67	16	21	46	5	11	10	0.1	0.47944444444444445	0.4181818181818182	0.2545454545454545	-0.16363636363636364
13	combined_all	25	67	16	21	46	5	11	5	0.01	0.5511111111111111	0.4818181818181818	0.43636363636363634	-0.034815531191139566
14	residue_ligand	1	66	17	21	45	5	12	8	1.0	0.7444444444444445	0.3666666666666667	0.30000000000000004	-0.24688535993934707
14	residue_ligand	2	66	17	21	45	5	12	4	100.0	0.5211111111111111	0.5083333333333333	0.6666666666666666	0.015430334996209192
14	residue_ligand	3	66	17	20	46	6	11	8	10.0	0.6133333333333333	0.6515151515151515	0.48484848484848486	0.29012942659282975
14	residue_ligand	4	67	16	21	46	5	11	4	10.0	0.5411111111111111	0.6181818181818182	0.7272727272727272	0.22084711628963774
14	residue_ligand	5	67	16	21	46	5	11	8	1.0	0.5355555555555556	0.5181818181818182	0.6363636363636364	0.034815531191139566
14	residue_ligand	6	66	17	21	45	5	12	all	100.0	0.54	0.4916666666666667	0.5833333333333333	-0.015430334996209192
14	residue_ligand	7	66	17	21	45	5	12	8	1.0	0.5738888888888889	0.8166666666666667	0.8	0.6038596398555418
14	residue_ligand	8	66	17	20	46	6	11	4	100.0	0.6555555555555556	0.6439393939393939	0.6515151515151515	0.2878787878787879
14	residue_ligand	9	67	16	21	46	5	11	8	10.0	0.6755555555555555	0.5181818181818182	0.43636363636363634	0.034815531191139566
14	residue_ligand	10	67	16	21	46	5	11	8	1.0	0.5683333333333334	0.6727272727272727	0.7272727272727273	0.32277655457716287
14	residue_ligand	11	66	17	21	45	5	12	8	100.0	0.7355555555555554	0.6916666666666667	0.7	0.34993385618385614
14	residue_ligand	12	66	17	21	45	5	12	8	0.01	0.6722222222222222	0.4666666666666667	0.4	-0.06356417261637282
14	residue_ligand	13	66	17	20	46	6	11	8	0.01	0.5455555555555556	0.7348484848484849	0.712121212121212	0.4497006112188861
14	residue_ligand	14	67	16	21	46	5	11	4	10.0	0.5788888888888888	0.5181818181818182	0.6545454545454545	0.034815531191139566
14	residue_ligand	15	67	16	21	46	5	11	12	100.0	0.6183333333333332	0.6181818181818182	0.7636363636363637	0.22084711628963774
14	residue_ligand	16	66	17	21	45	5	12	12	0.01	0.6277777777777778	0.4666666666666667	0.38333333333333325	-0.06356417261637282
14	residue_ligand	17	66	17	21	45	5	12	all	100.0	0.6133333333333333	0.5916666666666667	0.6166666666666667	0.16735967034880075
14	residue_ligand	18	66	17	20	46	6	11	8	100.0	0.6394444444444444	0.6136363636363636	0.6060606060606061	0.22727272727272727
14	residue_ligand	19	67	16	21	46	5	11	12	1.0	0.6283333333333333	0.7181818181818183	0.6727272727272727	0.40451991747794525
14	residue_ligand	20	67	16	21	46	5	11	8	100.0	0.5255555555555556	0.6272727272727273	0.5818181818181818	0.24370871833797697
14	residue_ligand	21	66	17	21	45	5	12	12	10.0	0.6605555555555556	0.45	0.5333333333333333	-0.09128709291752769
14	residue_ligand	22	66	17	21	45	5	12	4	1.0	0.6183333333333334	0.55	0.3833333333333333	0.09128709291752769
14	residue_ligand	23	66	17	20	46	6	11	8	10.0	0.6433333333333333	0.6515151515151515	0.7272727272727273	0.29012942659282975
14	residue_ligand	24	67	16	21	46	5	11	all	10.0	0.542222222222222	0.5636363636363637	0.4545454545454546	0.12727272727272726
14	residue_ligand	25	67	16	21	46	5	11	8	100.0	0.5044444444444444	0.6727272727272727	0.7999999999999999	0.32277655457716287
14	residue_cofactor	1	66	17	21	45	5	12	5	1.0	0.485	0.5333333333333333	0.6166666666666667	0.06356417261637282
14	residue_cofactor	2	66	17	21	45	5	12	5	10.0	0.5316666666666666	0.8166666666666667	0.9	0.6038596398555418
14	residue_cofactor	3	66	17	20	46	6	11	20	100.0	0.5549999999999999	0.3939393939393939	0.3787878787878788	-0.2030905986149808
14	residue_cofactor	4	67	16	21	46	5	11	5	0.01	0.5783333333333334	0.42727272727272725	0.4	-0.13483997249264842
14	residue_cofactor	5	67	16	21	46	5	11	10	100.0	0.6255555555555554	0.5727272727272728	0.49090909090909096	0.13483997249264842
14	residue_cofactor	6	66	17	21	45	5	12	10	0.1	0.565	0.6333333333333333	0.6833333333333333	0.24688535993934707
14	residue_cofactor	7	66	17	21	45	5	12	5	0.01	0.6377777777777778	0.55	0.4666666666666667	0.09128709291752769
14	residue_cofactor	8	66	17	20	46	6	11	10	100.0	0.7238888888888889	0.4015151515151515	0.4545454545454546	-0.20658356100321165
14	residue_cofactor	9	67	16	21	46	5	11	10	0.1	0.5972222222222221	0.4181818181818182	0.27272727272727276	-0.16363636363636364
14	residue_cofactor	10	67	16	21	46	5	11	10	0.01	0.5622222222222223	0.6727272727272727	0.6545454545454545	0.32277655457716287
14	residue_cofactor	11	66	17	21	45	5	12	10	0.1	0.6622222222222222	0.575	0.5	0.15
14	residue_cofactor	12	66	17	21	45	5	12	all	10.0	0.5372222222222222	0.6166666666666667	0.75	0.25064020591380154
14	residue_cofactor	13	66	17	20	46	6	11	5	0.01	0.6883333333333332	0.3106060606060606	0.25757575757575757	-0.36780617896031226
14	residue_cofactor	14	67	16	21	46	5	11	5	10.0	0.6355555555555554	0.42727272727272725	0.5818181818181818	-0.13483997249264842
14	residue_cofactor	15	67	16	21	46	5	11	all	0.1	0.638888888888889	0.28181818181818186	0.2909090909090909	-0.40451991747794525
14	residue_cofactor	16	66	17	21	45	5	12	40	0.01	0.6177777777777778	0.45	0.4666666666666667	-0.09128709291752769
14	residue_cofactor	17	66	17	21	45	5	12	40	0.01	0.5577777777777777	0.45	0.3666666666666667	-0.09128709291752769
14	residue_cofactor	18	66	17	20	46	6	11	10	1.0	0.6127777777777778	0.43939393939393934	0.3181818181818182	-0.11769797726729993
14	residue_cofactor	19	67	16	21	46	5	11	10	1.0	0.691111111111111	0.4636363636363636	0.5636363636363636	-0.0778498944161523
14	residue_cofactor	20	67	16	21	46	5	11	5	0.01	0.5444444444444445	0.7727272727272727	0.8363636363636363	0.5222329678670935
14	residue_cofactor	21	66	17	21	45	5	12	10	10.0	0.6427777777777778	0.4916666666666667	0.5333333333333334	-0.015430334996209192
14	residue_cofactor	22	66	17	21	45	5	12	5	0.01	0.6177777777777778	0.7333333333333334	0.8333333333333334	0.42600643361512924
14	residue_cofactor	23	66	17	20	46	6	11	20	100.0	0.5549999999999999	0.5681818181818181	0.6363636363636364	0.13241022442571243
14	residue_cofactor	24	67	16	21	46	5	11	5	1.0	0.5938888888888889	0.6636363636363636	0.7272727272727273	0.3133397807202561
14	residue_cofactor	25	67	16	21	46	5	11	40	0.1	0.711111111111111	0.4181818181818182	0.4	-0.16363636363636364
14	residue_residue	1	66	17	21	45	5	12	50	0.01	0.6238888888888888	0.4083333333333333	0.38333333333333336	-0.16735967034880075
14	residue_residue	2	66	17	21	45	5	12	20	1.0	0.42777777777777776	0.375	0.5333333333333333	-0.29880715233359845
14	residue_residue	3	66	17	20	46	6	11	50	100.0	0.5072222222222222	0.4015151515151515	0.34848484848484845	-0.20658356100321165
14	residue_residue	4	67	16	21	46	5	11	20	1.0	0.6799999999999999	0.5090909090909091	0.5272727272727273	0.021591675854376522
14	residue_residue	5	67	16	21	46	5	11	5	1.0	0.5738888888888889	0.6181818181818182	0.509090909090909	0.22084711628963774
14	residue_residue	6	66	17	21	45	5	12	20	10.0	0.6327777777777779	0.5916666666666667	0.5166666666666666	0.16735967034880075
14	residue_residue	7	66	17	21	45	5	12	20	0.1	0.6211111111111111	0.4916666666666667	0.5666666666666667	-0.015430334996209192
14	residue_residue	8	66	17	20	46	6	11	10	100.0	0.5833333333333334	0.356060606060606	0.4696969696969697	-0.2878787878787879
14	residue_residue	9	67	16	21	46	5	11	20	100.0	0.5738888888888888	0.5545454545454546	0.3272727272727273	0.15289415743128767
14	residue_residue	10	67	16	21	46	5	11	5	10.0	0.6027777777777776	0.22727272727272727	0.23636363636363636	-0.5222329678670935
14	residue_residue	11	66	17	21	45	5	12	50	10.0	0.6294444444444445	0.4916666666666667	0.5166666666666666	-0.015430334996209192
14	residue_residue	12	66	17	21	45	5	12	50	1.0	0.58	0.6333333333333333	0.6666666666666667	0.24688535993934707
14	residue_residue	13	66	17	20	46	6	11	5	1.0	0.6527777777777779	0.4772727272727273	0.5151515151515151	-0.04351941398892446
14	residue_residue	14	67	16	21	46	5	11	50	0.01	0.5272222222222223	0.6636363636363636	0.5636363636363637	0.3133397807202561
14	residue_residue	15	67	16	21	46	5	11	50	1.0	0.5983333333333334	0.5181818181818182	0.43636363636363634	0.034815531191139566
14	residue_residue	16	66	17	21	45	5	12	50	0.01	0.6261111111111111	0.35	0.25	-0.27774602993176545
14	residue_residue	17	66	17	21	45	5	12	10	100.0	0.5894444444444444	0.45	0.4	-0.09128709291752769
14	residue_residue	18	66	17	20	46	6	11	5	0.01	0.5633333333333332	0.5151515151515151	0.4242424242424242	0.030303030303030304
14	residue_residue	19	67	16	21	46	5	11	50	0.01	0.6244444444444445	0.4636363636363636	0.2727272727272727	-0.0778498944161523
14	residue_residue	20	67	16	21	46	5	11	5	10.0	0.4061111111111111	0.5727272727272728	0.6363636363636364	0.13483997249264842
14	residue_residue	21	66	17	21	45	5	12	10	1.0	0.5599999999999999	0.6333333333333333	0.7833333333333332	0.24688535993934707
14	residue_residue	22	66	17	21	45	5	12	50	100.0	0.5333333333333333	0.35	0.3500000000000001	-0.27774602993176545
14	residue_residue	23	66	17	20	46	6	11	10	1.0	0.47777777777777775	0.606060606060606	0.6515151515151516	0.2030905986149808
14	residue_residue	24	67	16	21	46	5	11	5	100.0	0.5155555555555555	0.6636363636363636	0.6545454545454547	0.3133397807202561
14	residue_residue	25	67	16	21	46	5	11	5	10.0	0.6033333333333333	0.5636363636363637	0.6	0.12727272727272726
14	combined_all	1	66	17	21	45	5	12	50	0.01	0.635	0.4083333333333333	0.43333333333333335	-0.16735967034880075
14	combined_all	2	66	17	21	45	5	12	5	0.01	0.4188888888888888	0.45	0.4666666666666667	-0.09128709291752769
14	combined_all	3	66	17	20	46	6	11	5	10.0	0.5022222222222222	0.48484848484848486	0.6060606060606061	-0.030303030303030304
14	combined_all	4	67	16	21	46	5	11	20	0.01	0.6866666666666668	0.5181818181818182	0.4363636363636364	0.034815531191139566
14	combined_all	5	67	16	21	46	5	11	20	1.0	0.5788888888888889	0.4181818181818182	0.509090909090909	-0.16363636363636364
14	combined_all	6	66	17	21	45	5	12	20	10.0	0.6127777777777778	0.5916666666666667	0.5166666666666666	0.16735967034880075
14	combined_all	7	66	17	21	45	5	12	20	0.1	0.6411111111111111	0.5916666666666667	0.5833333333333334	0.16735967034880075
14	combined_all	8	66	17	20	46	6	11	10	0.1	0.5927777777777778	0.5303030303030303	0.6212121212121212	0.06356417261637282
14	combined_all	9	67	16	21	46	5	11	20	100.0	0.5638888888888889	0.6	0.4181818181818182	0.38297084310253526
14	combined_all	10	67	16	21	46	5	11	5	10.0	0.6027777777777776	0.22727272727272727	0.23636363636363636	-0.5222329678670935
14	combined_all	11	66	17	21	45	5	12	50	10.0	0.6544444444444444	0.3916666666666667	0.4666666666666667	-0.20658356100321165
14	combined_all	12	66	17	21	45	5	12	50	10.0	0.58	0.675	0.7166666666666667	0.3337119062359573
14	combined_all	13	66	17	20	46	6	11	5	1.0	0.6305555555555555	0.4772727272727273	0.5151515151515151	-0.04351941398892446
14	combined_all	14	67	16	21	46	5	11	50	0.01	0.5272222222222223	0.6636363636363636	0.5636363636363637	0.3133397807202561
14	combined_all	15	67	16	21	46	5	11	50	0.1	0.6094444444444445	0.6181818181818182	0.45454545454545453	0.22084711628963774
14	combined_all	16	66	17	21	45	5	12	50	0.1	0.6794444444444443	0.35	0.26666666666666666	-0.27774602993176545
14	combined_all	17	66	17	21	45	5	12	10	100.0	0.5672222222222223	0.45	0.4	-0.09128709291752769
14	combined_all	18	66	17	20	46	6	11	5	0.01	0.5633333333333332	0.5151515151515151	0.4242424242424242	0.030303030303030304
14	combined_all	19	67	16	21	46	5	11	50	0.01	0.6355555555555555	0.4636363636363636	0.32727272727272727	-0.0778498944161523
14	combined_all	20	67	16	21	46	5	11	10	0.01	0.40777777777777774	0.7181818181818183	0.6727272727272727	0.40451991747794525
14	combined_all	21	66	17	21	45	5	12	10	1.0	0.5711111111111111	0.6333333333333333	0.7833333333333332	0.24688535993934707
14	combined_all	22	66	17	21	45	5	12	50	0.1	0.5388888888888889	0.4083333333333333	0.3333333333333333	-0.16735967034880075
14	combined_all	23	66	17	20	46	6	11	10	1.0	0.47777777777777775	0.606060606060606	0.6515151515151516	0.2030905986149808
14	combined_all	24	67	16	21	46	5	11	5	100.0	0.5155555555555555	0.6636363636363636	0.6545454545454547	0.3133397807202561
14	combined_all	25	67	16	21	46	5	11	5	10.0	0.5644444444444445	0.5636363636363637	0.6	0.12727272727272726
15	residue_ligand	1	66	17	21	45	5	12	all	10.0	0.5983333333333333	0.6333333333333333	0.55	0.24688535993934707
15	residue_ligand	2	66	17	21	45	5	12	8	100.0	0.5927777777777777	0.45	0.5333333333333333	-0.09128709291752769
15	residue_ligand	3	66	17	20	46	6	11	all	0.01	0.5266666666666666	0.3939393939393939	0.3787878787878788	-0.2030905986149808
15	residue_ligand	4	67	16	21	46	5	11	12	1.0	0.48722222222222217	0.5272727272727272	0.5818181818181818	0.050964719143762556
15	residue_ligand	5	67	16	21	46	5	11	all	1.0	0.5233333333333332	0.4181818181818182	0.4545454545454546	-0.16363636363636364
15	residue_ligand	6	66	17	21	45	5	12	8	10.0	0.47055555555555556	0.6333333333333333	0.5833333333333334	0.24688535993934707
15	residue_ligand	7	66	17	21	45	5	12	all	10.0	0.538888888888889	0.425	0.30000000000000004	-0.15
15	residue_ligand	8	66	17	20	46	6	11	all	10.0	0.5505555555555555	0.4772727272727273	0.36363636363636365	-0.04351941398892446
15	residue_ligand	9	67	16	21	46	5	11	8	10.0	0.5288888888888889	0.4181818181818182	0.3818181818181818	-0.16363636363636364
15	residue_ligand	10	67	16	21	46	5	11	8	100.0	0.6433333333333333	0.6090909090909091	0.5272727272727273	0.23354968324845687
15	residue_ligand	11	66	17	21	45	5	12	all	10.0	0.525	0.45	0.4	-0.09128709291752769
15	residue_ligand	12	66	17	21	45	5	12	4	0.1	0.5888888888888888	0.5333333333333333	0.5333333333333333	0.06356417261637282
15	residue_ligand	13	66	17	20	46	6	11	all	100.0	0.5216666666666666	0.606060606060606	0.5303030303030303	0.2030905986149808
15	residue_ligand	14	67	16	21	46	5	11	12	10.0	0.5144444444444445	0.5727272727272728	0.5818181818181818	0.13483997249264842
15	residue_ligand	15	67	16	21	46	5	11	8	0.01	0.5572222222222223	0.5727272727272728	0.6	0.13483997249264842
15	residue_ligand	16	66	17	21	45	5	12	8	10.0	0.5894444444444444	0.5083333333333333	0.48333333333333334	0.015430334996209192
15	residue_ligand	17	66	17	21	45	5	12	all	10.0	0.4488888888888889	0.5916666666666667	0.6166666666666667	0.16735967034880075
15	residue_ligand	18	66	17	20	46	6	11	8	10.0	0.5166666666666667	0.26515151515151514	0.28787878787878785	-0.4497006112188861
15	residue_ligand	19	67	16	21	46	5	11	8	100.0	0.5655555555555555	0.7181818181818183	0.5636363636363637	0.40451991747794525
15	residue_ligand	20	67	16	21	46	5	11	all	10.0	0.6338888888888888	0.4636363636363636	0.4363636363636364	-0.0778498944161523
15	residue_ligand	21	66	17	21	45	5	12	8	10.0	0.6222222222222221	0.3916666666666667	0.45	-0.20658356100321165
15	residue_ligand	22	66	17	21	45	5	12	all	100.0	0.4455555555555555	0.6916666666666667	0.75	0.34993385618385614
15	residue_ligand	23	66	17	20	46	6	11	all	1.0	0.5794444444444444	0.6136363636363636	0.5606060606060606	0.22727272727272727
15	residue_ligand	24	67	16	21	46	5	11	all	100.0	0.5444444444444445	0.4636363636363636	0.3636363636363636	-0.0778498944161523
15	residue_ligand	25	67	16	21	46	5	11	12	1.0	0.5622222222222222	0.4818181818181818	0.5454545454545454	-0.034815531191139566
15	residue_cofactor	1	66	17	21	45	5	12	20	1.0	0.5594444444444445	0.45	0.35	-0.09128709291752769
15	residue_cofactor	2	66	17	21	45	5	12	20	0.1	0.5205555555555555	0.43333333333333335	0.39999999999999997	-0.13333333333333333
15	residue_cofactor	3	66	17	20	46	6	11	all	10.0	0.5538888888888889	0.43939393939393934	0.5151515151515151	-0.11769797726729993
15	residue_cofactor	4	67	16	21	46	5	11	10	0.1	0.5383333333333333	0.5636363636363637	0.5454545454545455	0.12727272727272726
15	residue_cofactor	5	67	16	21	46	5	11	all	100.0	0.5188888888888888	0.4727272727272727	0.5272727272727273	-0.050964719143762556
15	residue_cofactor	6	66	17	21	45	5	12	40	0.1	0.5549999999999999	0.5166666666666667	0.48333333333333334	0.03984095364447979
15	residue_cofactor	7	66	17	21	45	5	12	all	10.0	0.5877777777777778	0.2916666666666667	0.18333333333333332	-0.4166666666666667
15	residue_cofactor	8	66	17	20	46	6	11	5	0.01	0.5672222222222222	0.356060606060606	0.2727272727272727	-0.2878787878787879
15	residue_cofactor	9	67	16	21	46	5	11	20	0.1	0.4938888888888888	0.7545454545454545	0.9090909090909091	0.5449492609130661
15	residue_cofactor	10	67	16	21	46	5	11	10	0.01	0.5894444444444444	0.5272727272727272	0.41818181818181815	0.050964719143762556
15	residue_cofactor	11	66	17	21	45	5	12	20	10.0	0.5927777777777777	0.6916666666666667	0.6666666666666666	0.34993385618385614
15	residue_cofactor	12	66	17	21	45	5	12	40	10.0	0.5349999999999999	0.5166666666666667	0.5666666666666667	0.03984095364447979
15	residue_cofactor	13	66	17	20	46	6	11	all	0.1	0.5894444444444444	0.5303030303030303	0.40909090909090906	0.06356417261637282
15	residue_cofactor	14	67	16	21	46	5	11	5	10.0	0.631111111111111	0.4636363636363636	0.29090909090909095	-0.0778498944161523
15	residue_cofactor	15	67	16	21	46	5	11	20	1.0	0.5594444444444444	0.6181818181818182	0.6727272727272727	0.22084711628963774
15	residue_cofactor	16	66	17	21	45	5	12	40	100.0	0.6316666666666666	0.375	0.4	-0.29880715233359845
15	residue_cofactor	17	66	17	21	45	5	12	40	0.01	0.5755555555555555	0.45	0.5166666666666667	-0.09128709291752769
15	residue_cofactor	18	66	17	20	46	6	11	40	10.0	0.5577777777777777	0.7878787878787878	0.6515151515151514	0.6038596398555418
15	residue_cofactor	19	67	16	21	46	5	11	20	10.0	0.6444444444444444	0.6181818181818182	0.5454545454545454	0.22084711628963774
15	residue_cofactor	20	67	16	21	46	5	11	20	1.0	0.6394444444444444	0.2727272727272727	0.23636363636363641	-0.45454545454545453
15	residue_cofactor	21	66	17	21	45	5	12	10	1.0	0.6211111111111111	0.3916666666666667	0.35000000000000003	-0.20658356100321165
15	residue_cofactor	22	66	17	21	45	5	12	20	10.0	0.5094444444444444	0.5916666666666667	0.6333333333333333	0.16735967034880075
15	residue_cofactor	23	66	17	20	46	6	11	40	10.0	0.6527777777777777	0.5303030303030303	0.5757575757575758	0.06356417261637282
15	residue_cofactor	24	67	16	21	46	5	11	40	0.1	0.505	0.4727272727272727	0.4545454545454545	-0.050964719143762556
15	residue_cofactor	25	67	16	21	46	5	11	10	0.01	0.45777777777777773	0.6090909090909091	0.5454545454545454	0.23354968324845687
15	residue_residue	1	66	17	21	45	5	12	20	0.01	0.4405555555555555	0.35	0.1	-0.27774602993176545
15	residue_residue	2	66	17	21	45	5	12	50	0.01	0.5683333333333334	0.3666666666666667	0.30000000000000004	-0.24688535993934707
15	residue_residue	3	66	17	20	46	6	11	5	10.0	0.4655555555555555	0.5227272727272727	0.6060606060606061	0.04351941398892446
15	residue_residue	4	67	16	21	46	5	11	20	10.0	0.48611111111111105	0.28181818181818186	0.16363636363636366	-0.40451991747794525
15	residue_residue	5	67	16	21	46	5	11	20	0.01	0.5783333333333334	0.3727272727272727	0.4	-0.24370871833797697
15	residue_residue	6	66	17	21	45	5	12	50	1.0	0.4111111111111111	0.43333333333333335	0.3833333333333333	-0.13333333333333333
15	residue_residue	7	66	17	21	45	5	12	10	100.0	0.5433333333333333	0.3916666666666667	0.35000000000000003	-0.20658356100321165
15	residue_residue	8	66	17	20	46	6	11	20	100.0	0.5027777777777778	0.48484848484848486	0.5454545454545454	-0.030303030303030304
15	residue_residue	9	67	16	21	46	5	11	10	100.0	0.5277777777777778	0.42727272727272725	0.43636363636363645	-0.13483997249264842
15	residue_residue	10	67	16	21	46	5	11	20	100.0	0.5022222222222222	0.36363636363636365	0.38181818181818183	-0.32387513781564786
15	residue_residue	11	66	17	21	45	5	12	10	100.0	0.5149999999999999	0.43333333333333335	0.3666666666666667	-0.13333333333333333
15	residue_residue	12	66	17	21	45	5	12	20	100.0	0.4916666666666667	0.475	0.5333333333333332	-0.053708615552957466
15	residue_residue	13	66	17	20	46	6	11	10	100.0	0.6138888888888888	0.3939393939393939	0.3181818181818182	-0.2030905986149808
15	residue_residue	14	67	16	21	46	5	11	10	0.1	0.4833333333333333	0.3727272727272727	0.4181818181818182	-0.24370871833797697
15	residue_residue	15	67	16	21	46	5	11	5	1.0	0.3977777777777778	0.5181818181818182	0.6545454545454545	0.034815531191139566
15	residue_residue	16	66	17	21	45	5	12	10	0.01	0.6272222222222222	0.45	0.48333333333333334	-0.09128709291752769
15	residue_residue	17	66	17	21	45	5	12	10	1.0	0.4811111111111111	0.35	0.31666666666666665	-0.27774602993176545
15	residue_residue	18	66	17	20	46	6	11	10	10.0	0.4866666666666667	0.36363636363636365	0.3484848484848485	-0.34188172937891387
15	residue_residue	19	67	16	21	46	5	11	50	10.0	0.5655555555555556	0.36363636363636365	0.32727272727272727	-0.32387513781564786
15	residue_residue	20	67	16	21	46	5	11	50	0.1	0.5322222222222222	0.43636363636363634	0.38181818181818183	-0.12727272727272726
15	residue_residue	21	66	17	21	45	5	12	20	0.01	0.5855555555555556	0.4083333333333333	0.4	-0.16735967034880075
15	residue_residue	22	66	17	21	45	5	12	5	0.1	0.5261111111111111	0.43333333333333335	0.30000000000000004	-0.13333333333333333
15	residue_residue	23	66	17	20	46	6	11	10	100.0	0.46388888888888885	0.5681818181818181	0.6363636363636364	0.13241022442571243
15	residue_residue	24	67	16	21	46	5	11	5	10.0	0.4572222222222222	0.5727272727272728	0.5818181818181818	0.13483997249264842
15	residue_residue	25	67	16	21	46	5	11	10	10.0	0.5149999999999999	0.5636363636363637	0.6181818181818183	0.12727272727272726
15	combined_all	1	66	17	21	45	5	12	20	0.01	0.4405555555555555	0.35	0.1	-0.27774602993176545
15	combined_all	2	66	17	21	45	5	12	50	0.01	0.5683333333333334	0.3666666666666667	0.30000000000000004	-0.24688535993934707
15	combined_all	3	66	17	20	46	6	11	5	10.0	0.4655555555555555	0.5227272727272727	0.6060606060606061	0.04351941398892446
15	combined_all	4	67	16	21	46	5	11	20	10.0	0.48611111111111105	0.28181818181818186	0.16363636363636366	-0.40451991747794525
15	combined_all	5	67	16	21	46	5	11	20	0.01	0.5783333333333334	0.3727272727272727	0.4	-0.24370871833797697
15	combined_all	6	66	17	21	45	5	12	50	1.0	0.4111111111111111	0.43333333333333335	0.3833333333333333	-0.13333333333333333
15	combined_all	7	66	17	21	45	5	12	10	100.0	0.5433333333333333	0.3916666666666667	0.35000000000000003	-0.20658356100321165
15	combined_all	8	66	17	20	46	6	11	20	100.0	0.5027777777777778	0.5303030303030303	0.5303030303030303	0.06356417261637282
15	combined_all	9	67	16	21	46	5	11	10	100.0	0.55	0.42727272727272725	0.43636363636363645	-0.13483997249264842
15	combined_all	10	67	16	21	46	5	11	50	0.1	0.5072222222222222	0.3181818181818182	0.3090909090909091	-0.3892494720807615
15	combined_all	11	66	17	21	45	5	12	10	100.0	0.5149999999999999	0.43333333333333335	0.3666666666666667	-0.13333333333333333
15	combined_all	12	66	17	21	45	5	12	20	100.0	0.4916666666666667	0.475	0.5333333333333332	-0.053708615552957466
15	combined_all	13	66	17	20	46	6	11	10	100.0	0.6138888888888888	0.3939393939393939	0.3181818181818182	-0.2030905986149808
15	combined_all	14	67	16	21	46	5	11	10	0.1	0.4722222222222222	0.3727272727272727	0.4181818181818182	-0.24370871833797697
15	combined_all	15	67	16	21	46	5	11	5	1.0	0.3977777777777778	0.5181818181818182	0.6545454545454545	0.034815531191139566
15	combined_all	16	66	17	21	45	5	12	10	0.01	0.6272222222222222	0.45	0.48333333333333334	-0.09128709291752769
15	combined_all	17	66	17	21	45	5	12	10	1.0	0.4811111111111111	0.35	0.31666666666666665	-0.27774602993176545
15	combined_all	18	66	17	20	46	6	11	10	10.0	0.4866666666666667	0.36363636363636365	0.3484848484848485	-0.34188172937891387
15	combined_all	19	67	16	21	46	5	11	50	100.0	0.5766666666666668	0.36363636363636365	0.36363636363636365	-0.32387513781564786
15	combined_all	20	67	16	21	46	5	11	50	0.1	0.5244444444444445	0.43636363636363634	0.38181818181818183	-0.12727272727272726
15	combined_all	21	66	17	21	45	5	12	20	0.01	0.5855555555555556	0.4083333333333333	0.4	-0.16735967034880075
15	combined_all	22	66	17	21	45	5	12	5	0.1	0.5261111111111111	0.43333333333333335	0.30000000000000004	-0.13333333333333333
15	combined_all	23	66	17	20	46	6	11	10	100.0	0.45277777777777767	0.5681818181818181	0.6363636363636364	0.13241022442571243
15	combined_all	24	67	16	21	46	5	11	5	10.0	0.4572222222222222	0.5727272727272728	0.5818181818181818	0.13483997249264842
15	combined_all	25	67	16	21	46	5	11	10	10.0	0.5149999999999999	0.5636363636363637	0.6181818181818183	0.12727272727272726
16	residue_ligand	1	66	17	21	45	5	12	all	0.01	0.5683333333333331	0.5166666666666667	0.6333333333333333	0.03984095364447979
16	residue_ligand	2	66	17	21	45	5	12	12	100.0	0.5911111111111111	0.2916666666666667	0.4	-0.4166666666666667
16	residue_ligand	3	66	17	20	46	6	11	4	0.1	0.5966666666666666	0.6136363636363636	0.696969696969697	0.22727272727272727
16	residue_ligand	4	67	16	21	46	5	11	12	0.01	0.6044444444444445	0.4181818181818182	0.4363636363636364	-0.16363636363636364
16	residue_ligand	5	67	16	21	46	5	11	4	0.01	0.6483333333333333	0.6727272727272727	0.6363636363636364	0.32277655457716287
16	residue_ligand	6	66	17	21	45	5	12	4	0.01	0.615	0.5916666666666667	0.5833333333333334	0.16735967034880075
16	residue_ligand	7	66	17	21	45	5	12	12	1.0	0.6377777777777777	0.6916666666666667	0.7	0.34993385618385614
16	residue_ligand	8	66	17	20	46	6	11	8	0.01	0.6405555555555555	0.6439393939393939	0.7727272727272727	0.2878787878787879
16	residue_ligand	9	67	16	21	46	5	11	all	0.01	0.6127777777777779	0.7636363636363637	0.6181818181818182	0.49265895172303803
16	residue_ligand	10	67	16	21	46	5	11	8	1.0	0.5994444444444444	0.5636363636363637	0.49090909090909096	0.12727272727272726
16	residue_ligand	11	66	17	21	45	5	12	4	0.1	0.6827777777777777	0.475	0.6333333333333333	-0.053708615552957466
16	residue_ligand	12	66	17	21	45	5	12	12	10.0	0.5772222222222221	0.65	0.6666666666666666	0.27774602993176545
16	residue_ligand	13	66	17	20	46	6	11	8	10.0	0.5455555555555556	0.5227272727272727	0.5606060606060606	0.04351941398892446
16	residue_ligand	14	67	16	21	46	5	11	12	100.0	0.6616666666666666	0.4727272727272727	0.41818181818181815	-0.050964719143762556
16	residue_ligand	15	67	16	21	46	5	11	4	0.1	0.6794444444444444	0.5636363636363637	0.6545454545454545	0.12727272727272726
16	residue_ligand	16	66	17	21	45	5	12	12	1.0	0.546111111111111	0.575	0.6833333333333333	0.15
16	residue_ligand	17	66	17	21	45	5	12	4	0.01	0.5999999999999999	0.7333333333333334	0.7	0.42600643361512924
16	residue_ligand	18	66	17	20	46	6	11	8	1.0	0.6477777777777776	0.696969696969697	0.7575757575757576	0.3825184261187248
16	residue_ligand	19	67	16	21	46	5	11	8	0.01	0.586111111111111	0.6181818181818182	0.6909090909090909	0.22084711628963774
16	residue_ligand	20	67	16	21	46	5	11	all	1.0	0.5894444444444444	0.42727272727272725	0.34545454545454546	-0.13483997249264842
16	residue_ligand	21	66	17	21	45	5	12	4	0.1	0.6627777777777777	0.55	0.6	0.09128709291752769
16	residue_ligand	22	66	17	21	45	5	12	4	0.01	0.6261111111111111	0.7083333333333334	0.7999999999999999	0.4166666666666667
16	residue_ligand	23	66	17	20	46	6	11	4	0.01	0.5794444444444444	0.6136363636363636	0.606060606060606	0.22727272727272727
16	residue_ligand	24	67	16	21	46	5	11	all	0.1	0.65	0.6090909090909091	0.6727272727272728	0.23354968324845687
16	residue_ligand	25	67	16	21	46	5	11	all	1.0	0.6322222222222222	0.3727272727272727	0.4727272727272728	-0.24370871833797697
16	residue_cofactor	1	66	17	21	45	5	12	5	100.0	0.6272222222222222	0.35	0.16666666666666669	-0.27774602993176545
16	residue_cofactor	2	66	17	21	45	5	12	20	10.0	0.5944444444444444	0.43333333333333335	0.36666666666666664	-0.13333333333333333
16	residue_cofactor	3	66	17	20	46	6	11	5	1.0	0.5561111111111111	0.5681818181818181	0.4545454545454546	0.13241022442571243
16	residue_cofactor	4	67	16	21	46	5	11	5	0.01	0.49444444444444446	0.33636363636363636	0.3090909090909091	-0.3133397807202561
16	residue_cofactor	5	67	16	21	46	5	11	40	100.0	0.48111111111111116	0.4727272727272727	0.32727272727272727	-0.050964719143762556
16	residue_cofactor	6	66	17	21	45	5	12	20	0.1	0.5166666666666666	0.30833333333333335	0.4	-0.34993385618385614
16	residue_cofactor	7	66	17	21	45	5	12	20	0.01	0.4955555555555556	0.425	0.33333333333333337	-0.15
16	residue_cofactor	8	66	17	20	46	6	11	40	1.0	0.5666666666666667	0.48484848484848486	0.46969696969696967	-0.030303030303030304
16	residue_cofactor	9	67	16	21	46	5	11	all	1.0	0.5538888888888889	0.3727272727272727	0.29090909090909095	-0.24370871833797697
16	residue_cofactor	10	67	16	21	46	5	11	40	10.0	0.6038888888888889	0.5818181818181818	0.45454545454545464	0.16363636363636364
16	residue_cofactor	11	66	17	21	45	5	12	20	10.0	0.5255555555555556	0.5333333333333333	0.5333333333333333	0.06356417261637282
16	residue_cofactor	12	66	17	21	45	5	12	20	100.0	0.4255555555555556	0.55	0.39999999999999997	0.09128709291752769
16	residue_cofactor	13	66	17	20	46	6	11	40	10.0	0.48666666666666664	0.3484848484848485	0.40909090909090906	-0.29012942659282975
16	residue_cofactor	14	67	16	21	46	5	11	5	0.01	0.4572222222222222	0.5727272727272728	0.6181818181818183	0.13483997249264842
16	residue_cofactor	15	67	16	21	46	5	11	5	100.0	0.5905555555555555	0.3727272727272727	0.2181818181818182	-0.24370871833797697
16	residue_cofactor	16	66	17	21	45	5	12	20	100.0	0.5622222222222221	0.5333333333333333	0.6000000000000001	0.06356417261637282
16	residue_cofactor	17	66	17	21	45	5	12	40	100.0	0.5016666666666667	0.525	0.5333333333333333	0.053708615552957466
16	residue_cofactor	18	66	17	20	46	6	11	20	100.0	0.5055555555555555	0.356060606060606	0.2121212121212121	-0.2878787878787879
16	residue_cofactor	19	67	16	21	46	5	11	all	10.0	0.5566666666666666	0.4181818181818182	0.2363636363636364	-0.16363636363636364
16	residue_cofactor	20	67	16	21	46	5	11	40	100.0	0.4666666666666667	0.5181818181818182	0.509090909090909	0.034815531191139566
16	residue_cofactor	21	66	17	21	45	5	12	20	100.0	0.5233333333333333	0.375	0.18333333333333332	-0.29880715233359845
16	residue_cofactor	22	66	17	21	45	5	12	5	0.1	0.5044444444444445	0.6333333333333333	0.6000000000000001	0.24688535993934707
16	residue_cofactor	23	66	17	20	46	6	11	10	0.1	0.43111111111111117	0.43939393939393934	0.5606060606060607	-0.11769797726729993
16	residue_cofactor	24	67	16	21	46	5	11	20	1.0	0.5927777777777778	0.5636363636363637	0.3272727272727273	0.12727272727272726
16	residue_cofactor	25	67	16	21	46	5	11	40	100.0	0.5094444444444444	0.4636363636363636	0.4	-0.0778498944161523
16	residue_residue	1	66	17	21	45	5	12	50	0.1	0.4477777777777778	0.2916666666666667	0.35	-0.4166666666666667
16	residue_residue	2	66	17	21	45	5	12	20	0.1	0.49833333333333335	0.25	0.36666666666666664	-0.4767312946227961
16	residue_residue	3	66	17	20	46	6	11	50	0.01	0.6033333333333333	0.6136363636363636	0.5454545454545454	0.22727272727272727
16	residue_residue	4	67	16	21	46	5	11	20	10.0	0.5027777777777777	0.28181818181818186	0.2727272727272727	-0.40451991747794525
16	residue_residue	5	67	16	21	46	5	11	5	1.0	0.616111111111111	0.38181818181818183	0.38181818181818183	-0.22084711628963774
16	residue_residue	6	66	17	21	45	5	12	5	0.01	0.5111111111111111	0.5083333333333333	0.4333333333333333	0.015430334996209192
16	residue_residue	7	66	17	21	45	5	12	10	10.0	0.55	0.225	0.16666666666666669	-0.5092010548749033
16	residue_residue	8	66	17	20	46	6	11	10	10.0	0.5405555555555555	0.5681818181818181	0.4696969696969697	0.13241022442571243
16	residue_residue	9	67	16	21	46	5	11	20	1.0	0.6950000000000001	0.42727272727272725	0.32727272727272727	-0.13483997249264842
16	residue_residue	10	67	16	21	46	5	11	50	0.01	0.6333333333333332	0.38181818181818183	0.3090909090909091	-0.22084711628963774
16	residue_residue	11	66	17	21	45	5	12	50	10.0	0.42833333333333334	0.2916666666666667	0.31666666666666665	-0.4166666666666667
16	residue_residue	12	66	17	21	45	5	12	10	1.0	0.4922222222222222	0.4916666666666667	0.44999999999999996	-0.015430334996209192
16	residue_residue	13	66	17	20	46	6	11	50	0.01	0.5916666666666666	0.3939393939393939	0.2727272727272727	-0.2030905986149808
16	residue_residue	14	67	16	21	46	5	11	50	1.0	0.5605555555555555	0.6272727272727273	0.4545454545454546	0.24370871833797697
16	residue_residue	15	67	16	21	46	5	11	20	0.1	0.5644444444444445	0.5727272727272728	0.509090909090909	0.13483997249264842
16	residue_residue	16	66	17	21	45	5	12	10	10.0	0.4822222222222222	0.675	0.5333333333333333	0.3337119062359573
16	residue_residue	17	66	17	21	45	5	12	20	100.0	0.5227777777777778	0.30833333333333335	0.3	-0.34993385618385614
16	residue_residue	18	66	17	20	46	6	11	10	1.0	0.5044444444444445	0.2727272727272727	0.3787878787878788	-0.4767312946227961
16	residue_residue	19	67	16	21	46	5	11	10	100.0	0.4372222222222223	0.2727272727272727	0.34545454545454546	-0.45454545454545453
16	residue_residue	20	67	16	21	46	5	11	5	1.0	0.5544444444444444	0.6090909090909091	0.5818181818181818	0.23354968324845687
16	residue_residue	21	66	17	21	45	5	12	20	10.0	0.5811111111111111	0.575	0.6166666666666667	0.15
16	residue_residue	22	66	17	21	45	5	12	5	10.0	0.47888888888888886	0.35	0.2	-0.27774602993176545
16	residue_residue	23	66	17	20	46	6	11	20	0.1	0.47444444444444434	0.6515151515151515	0.6666666666666666	0.29012942659282975
16	residue_residue	24	67	16	21	46	5	11	5	0.01	0.49111111111111105	0.3727272727272727	0.4363636363636364	-0.24370871833797697
16	residue_residue	25	67	16	21	46	5	11	5	0.01	0.6616666666666666	0.4818181818181818	0.21818181818181817	-0.034815531191139566
16	combined_all	1	66	17	21	45	5	12	50	0.01	0.4394444444444444	0.3916666666666667	0.4666666666666667	-0.20658356100321165
16	combined_all	2	66	17	21	45	5	12	10	0.01	0.4883333333333333	0.35	0.38333333333333336	-0.27774602993176545
16	combined_all	3	66	17	20	46	6	11	50	0.01	0.6033333333333333	0.5681818181818181	0.5151515151515151	0.13241022442571243
16	combined_all	4	67	16	21	46	5	11	20	10.0	0.48277777777777775	0.28181818181818186	0.2727272727272727	-0.40451991747794525
16	combined_all	5	67	16	21	46	5	11	5	1.0	0.616111111111111	0.38181818181818183	0.38181818181818183	-0.22084711628963774
16	combined_all	6	66	17	21	45	5	12	50	1.0	0.5066666666666666	0.5083333333333333	0.4666666666666667	0.015430334996209192
16	combined_all	7	66	17	21	45	5	12	10	10.0	0.55	0.225	0.16666666666666669	-0.5092010548749033
16	combined_all	8	66	17	20	46	6	11	50	0.01	0.5388888888888889	0.3939393939393939	0.46969696969696967	-0.2030905986149808
16	combined_all	9	67	16	21	46	5	11	20	1.0	0.6950000000000001	0.42727272727272725	0.32727272727272727	-0.13483997249264842
16	combined_all	10	67	16	21	46	5	11	10	0.01	0.6422222222222221	0.2909090909090909	0.2545454545454546	-0.41818181818181815
16	combined_all	11	66	17	21	45	5	12	50	1.0	0.4311111111111111	0.2916666666666667	0.2833333333333333	-0.4166666666666667
16	combined_all	12	66	17	21	45	5	12	10	1.0	0.4922222222222222	0.4916666666666667	0.44999999999999996	-0.015430334996209192
16	combined_all	13	66	17	20	46	6	11	50	0.01	0.5916666666666666	0.3939393939393939	0.2727272727272727	-0.2030905986149808
16	combined_all	14	67	16	21	46	5	11	50	10.0	0.5655555555555555	0.5272727272727272	0.4727272727272728	0.050964719143762556
16	combined_all	15	67	16	21	46	5	11	20	100.0	0.5427777777777778	0.4636363636363636	0.4727272727272727	-0.0778498944161523
16	combined_all	16	66	17	21	45	5	12	10	10.0	0.47111111111111104	0.675	0.5333333333333333	0.3337119062359573
16	combined_all	17	66	17	21	45	5	12	20	100.0	0.5227777777777778	0.30833333333333335	0.3	-0.34993385618385614
16	combined_all	18	66	17	20	46	6	11	10	1.0	0.5044444444444445	0.2727272727272727	0.3787878787878788	-0.4767312946227961
16	combined_all	19	67	16	21	46	5	11	10	10.0	0.4722222222222222	0.2909090909090909	0.1636363636363636	-0.41818181818181815
16	combined_all	20	67	16	21	46	5	11	5	1.0	0.5655555555555556	0.6090909090909091	0.5818181818181818	0.23354968324845687
16	combined_all	21	66	17	21	45	5	12	20	10.0	0.57	0.575	0.6166666666666667	0.15
16	combined_all	22	66	17	21	45	5	12	5	10.0	0.47888888888888886	0.35	0.2	-0.27774602993176545
16	combined_all	23	66	17	20	46	6	11	20	0.1	0.47444444444444434	0.6515151515151515	0.6666666666666666	0.29012942659282975
16	combined_all	24	67	16	21	46	5	11	50	0.01	0.5027777777777779	0.5636363636363637	0.6545454545454545	0.12727272727272726
16	combined_all	25	67	16	21	46	5	11	5	0.01	0.6616666666666666	0.4818181818181818	0.21818181818181817	-0.034815531191139566
17	residue_ligand	1	66	17	20	46	6	11	all	100.0	0.5338888888888889	0.6590909090909092	0.6515151515151516	0.3337119062359573
17	residue_ligand	2	66	17	21	45	5	12	all	1.0	0.5177777777777777	0.475	0.6166666666666666	-0.053708615552957466
17	residue_ligand	3	66	17	21	45	5	12	all	0.1	0.5155555555555555	0.525	0.43333333333333335	0.053708615552957466
17	residue_ligand	4	67	16	21	46	5	11	4	100.0	0.5516666666666666	0.5727272727272728	0.5636363636363637	0.13483997249264842
17	residue_ligand	5	67	16	21	46	5	11	4	1.0	0.6261111111111111	0.5272727272727272	0.5636363636363637	0.050964719143762556
17	residue_ligand	6	66	17	20	46	6	11	12	100.0	0.6611111111111111	0.48484848484848486	0.4545454545454545	-0.030303030303030304
17	residue_ligand	7	66	17	21	45	5	12	all	100.0	0.5861111111111111	0.6583333333333333	0.65	0.378489059622558
17	residue_ligand	8	66	17	21	45	5	12	8	10.0	0.6133333333333333	0.575	0.55	0.15
17	residue_ligand	9	67	16	21	46	5	11	all	1.0	0.5477777777777778	0.6818181818181819	0.7454545454545455	0.3892494720807615
17	residue_ligand	10	67	16	21	46	5	11	12	10.0	0.6044444444444445	0.5181818181818182	0.4727272727272727	0.034815531191139566
17	residue_ligand	11	66	17	20	46	6	11	4	0.1	0.4883333333333333	0.38636363636363635	0.43939393939393934	-0.22727272727272727
17	residue_ligand	12	66	17	21	45	5	12	4	0.01	0.5511111111111111	0.6083333333333334	0.5	0.20658356100321165
17	residue_ligand	13	66	17	21	45	5	12	all	100.0	0.6805555555555556	0.575	0.4666666666666667	0.15
17	residue_ligand	14	67	16	21	46	5	11	all	100.0	0.5583333333333333	0.4636363636363636	0.509090909090909	-0.0778498944161523
17	residue_ligand	15	67	16	21	46	5	11	12	10.0	0.5633333333333332	0.5636363636363637	0.6181818181818183	0.12727272727272726
17	residue_ligand	16	66	17	20	46	6	11	all	100.0	0.5366666666666665	0.5757575757575758	0.5606060606060607	0.1706971854997297
17	residue_ligand	17	66	17	21	45	5	12	8	100.0	0.5883333333333334	0.6333333333333333	0.5	0.24688535993934707
17	residue_ligand	18	66	17	21	45	5	12	all	1.0	0.6083333333333332	0.55	0.5666666666666667	0.09128709291752769
17	residue_ligand	19	67	16	21	46	5	11	8	10.0	0.4722222222222222	0.5181818181818182	0.5818181818181818	0.034815531191139566
17	residue_ligand	20	67	16	21	46	5	11	all	1.0	0.6277777777777778	0.7181818181818183	0.6727272727272727	0.40451991747794525
17	residue_ligand	21	66	17	20	46	6	11	12	10.0	0.6033333333333333	0.5303030303030303	0.6060606060606061	0.06356417261637282
17	residue_ligand	22	66	17	21	45	5	12	8	10.0	0.5650000000000001	0.6333333333333333	0.6333333333333333	0.24688535993934707
17	residue_ligand	23	66	17	21	45	5	12	all	100.0	0.5738888888888889	0.55	0.6000000000000001	0.09128709291752769
17	residue_ligand	24	67	16	21	46	5	11	8	10.0	0.6516666666666666	0.3727272727272727	0.4181818181818182	-0.24370871833797697
17	residue_ligand	25	67	16	21	46	5	11	12	100.0	0.6066666666666667	0.3727272727272727	0.49090909090909096	-0.24370871833797697
17	residue_cofactor	1	66	17	20	46	6	11	all	0.1	0.6077777777777778	0.46969696969696967	0.6515151515151515	-0.06356417261637282
17	residue_cofactor	2	66	17	21	45	5	12	40	0.01	0.5633333333333334	0.5083333333333333	0.49999999999999994	0.015430334996209192
17	residue_cofactor	3	66	17	21	45	5	12	40	10.0	0.6883333333333332	0.5166666666666667	0.6333333333333333	0.03984095364447979
17	residue_cofactor	4	67	16	21	46	5	11	all	0.01	0.5272222222222223	0.6181818181818182	0.6363636363636364	0.22084711628963774
17	residue_cofactor	5	67	16	21	46	5	11	all	1.0	0.725	0.28181818181818186	0.16363636363636364	-0.40451991747794525
17	residue_cofactor	6	66	17	20	46	6	11	all	100.0	0.6377777777777778	0.3939393939393939	0.3939393939393939	-0.2030905986149808
17	residue_cofactor	7	66	17	21	45	5	12	10	10.0	0.7105555555555555	0.35	0.4333333333333333	-0.27774602993176545
17	residue_cofactor	8	66	17	21	45	5	12	all	0.1	0.5783333333333333	0.7166666666666667	0.6333333333333334	0.43333333333333335
17	residue_cofactor	9	67	16	21	46	5	11	all	0.1	0.735	0.28181818181818186	0.4181818181818182	-0.40451991747794525
17	residue_cofactor	10	67	16	21	46	5	11	40	0.01	0.5983333333333333	0.8090909090909091	0.781818181818182	0.5918640302493726
17	residue_cofactor	11	66	17	20	46	6	11	40	0.01	0.5161111111111112	0.6363636363636364	0.8636363636363635	0.34188172937891387
17	residue_cofactor	12	66	17	21	45	5	12	40	0.01	0.6661111111111111	0.6166666666666667	0.5166666666666666	0.25064020591380154
17	residue_cofactor	13	66	17	21	45	5	12	all	0.01	0.5455555555555555	0.5916666666666667	0.6833333333333333	0.16735967034880075
17	residue_cofactor	14	67	16	21	46	5	11	all	10.0	0.7038888888888889	0.42727272727272725	0.5636363636363636	-0.13483997249264842
17	residue_cofactor	15	67	16	21	46	5	11	all	10.0	0.6355555555555555	0.3181818181818182	0.4	-0.3892494720807615
17	residue_cofactor	16	66	17	20	46	6	11	40	100.0	0.5894444444444444	0.3484848484848485	0.4242424242424242	-0.29012942659282975
17	residue_cofactor	17	66	17	21	45	5	12	20	100.0	0.7405555555555555	0.43333333333333335	0.33333333333333337	-0.13333333333333333
17	residue_cofactor	18	66	17	21	45	5	12	5	0.01	0.5155555555555555	0.6083333333333334	0.6833333333333333	0.20658356100321165
17	residue_cofactor	19	67	16	21	46	5	11	20	0.01	0.5744444444444443	0.6727272727272727	0.6909090909090909	0.32277655457716287
17	residue_cofactor	20	67	16	21	46	5	11	40	10.0	0.6366666666666667	0.7090909090909091	0.7454545454545455	0.41818181818181815
17	residue_cofactor	21	66	17	20	46	6	11	10	10.0	0.5994444444444443	0.6515151515151515	0.7272727272727272	0.29012942659282975
17	residue_cofactor	22	66	17	21	45	5	12	40	1.0	0.6944444444444444	0.5583333333333333	0.43333333333333335	0.1649915822768611
17	residue_cofactor	23	66	17	21	45	5	12	20	0.01	0.6738888888888889	0.55	0.3833333333333333	0.09128709291752769
17	residue_cofactor	24	67	16	21	46	5	11	all	0.01	0.5844444444444444	0.6727272727272727	0.7454545454545455	0.32277655457716287
17	residue_cofactor	25	67	16	21	46	5	11	40	0.1	0.6572222222222222	0.6727272727272727	0.7454545454545454	0.32277655457716287
17	residue_residue	1	66	17	20	46	6	11	20	1.0	0.6205555555555555	0.5681818181818181	0.5909090909090909	0.13241022442571243
17	residue_residue	2	66	17	21	45	5	12	5	0.1	0.5733333333333333	0.3916666666666667	0.5	-0.20658356100321165
17	residue_residue	3	66	17	21	45	5	12	50	1.0	0.5766666666666667	0.6	0.6333333333333333	0.3872983346207417
17	residue_residue	4	67	16	21	46	5	11	5	0.01	0.6322222222222222	0.7181818181818183	0.8	0.40451991747794525
17	residue_residue	5	67	16	21	46	5	11	10	10.0	0.6255555555555556	0.5181818181818182	0.5636363636363637	0.034815531191139566
17	residue_residue	6	66	17	20	46	6	11	5	0.01	0.5538888888888888	0.4772727272727273	0.606060606060606	-0.04351941398892446
17	residue_residue	7	66	17	21	45	5	12	50	0.1	0.7766666666666666	0.43333333333333335	0.4333333333333333	-0.13333333333333333
17	residue_residue	8	66	17	21	45	5	12	5	0.1	0.6516666666666666	0.7333333333333334	0.6666666666666667	0.42600643361512924
17	residue_residue	9	67	16	21	46	5	11	10	0.01	0.7233333333333334	0.5272727272727272	0.4727272727272727	0.050964719143762556
17	residue_residue	10	67	16	21	46	5	11	5	10.0	0.5716666666666667	0.8181818181818181	0.8	0.5945883900105632
17	residue_residue	11	66	17	20	46	6	11	10	100.0	0.5733333333333333	0.696969696969697	0.6666666666666666	0.3825184261187248
17	residue_residue	12	66	17	21	45	5	12	50	0.1	0.5616666666666666	0.35	0.3666666666666667	-0.27774602993176545
17	residue_residue	13	66	17	21	45	5	12	50	100.0	0.5905555555555555	0.5333333333333333	0.41666666666666663	0.06356417261637282
17	residue_residue	14	67	16	21	46	5	11	10	10.0	0.6216666666666666	0.5636363636363637	0.6	0.12727272727272726
17	residue_residue	15	67	16	21	46	5	11	20	100.0	0.64	0.6727272727272727	0.6181818181818182	0.32277655457716287
17	residue_residue	16	66	17	20	46	6	11	20	0.01	0.6366666666666666	0.46969696969696967	0.6363636363636364	-0.06356417261637282
17	residue_residue	17	66	17	21	45	5	12	10	10.0	0.5572222222222221	0.5083333333333333	0.5	0.015430334996209192
17	residue_residue	18	66	17	21	45	5	12	5	0.01	0.7044444444444444	0.5916666666666667	0.6166666666666666	0.16735967034880075
17	residue_residue	19	67	16	21	46	5	11	5	10.0	0.736111111111111	0.3727272727272727	0.3818181818181819	-0.24370871833797697
17	residue_residue	20	67	16	21	46	5	11	5	100.0	0.5216666666666666	0.5090909090909091	0.7090909090909091	0.021591675854376522
17	residue_residue	21	66	17	20	46	6	11	10	10.0	0.6838888888888888	0.44696969696969696	0.48484848484848486	-0.1194880298498108
17	residue_residue	22	66	17	21	45	5	12	50	10.0	0.5199999999999999	0.475	0.43333333333333335	-0.053708615552957466
17	residue_residue	23	66	17	21	45	5	12	10	1.0	0.5733333333333334	0.65	0.7833333333333333	0.27774602993176545
17	residue_residue	24	67	16	21	46	5	11	20	0.01	0.735	0.4636363636363636	0.5818181818181818	-0.0778498944161523
17	residue_residue	25	67	16	21	46	5	11	5	0.1	0.6183333333333333	0.5727272727272728	0.6181818181818182	0.13483997249264842
17	combined_all	1	66	17	20	46	6	11	20	10.0	0.6538888888888889	0.6136363636363636	0.6363636363636364	0.22727272727272727
17	combined_all	2	66	17	21	45	5	12	5	0.1	0.5844444444444443	0.3916666666666667	0.5	-0.20658356100321165
17	combined_all	3	66	17	21	45	5	12	50	1.0	0.5655555555555555	0.5583333333333333	0.6666666666666666	0.1649915822768611
17	combined_all	4	67	16	21	46	5	11	5	0.01	0.6322222222222222	0.7181818181818183	0.8	0.40451991747794525
17	combined_all	5	67	16	21	46	5	11	10	10.0	0.6605555555555556	0.5181818181818182	0.5636363636363637	0.034815531191139566
17	combined_all	6	66	17	20	46	6	11	5	0.01	0.5538888888888888	0.4772727272727273	0.606060606060606	-0.04351941398892446
17	combined_all	7	66	17	21	45	5	12	50	0.1	0.7655555555555555	0.43333333333333335	0.4333333333333333	-0.13333333333333333
17	combined_all	8	66	17	21	45	5	12	5	0.1	0.6516666666666666	0.7333333333333334	0.6666666666666667	0.42600643361512924
17	combined_all	9	67	16	21	46	5	11	10	0.01	0.7233333333333334	0.5272727272727272	0.4727272727272727	0.050964719143762556
17	combined_all	10	67	16	21	46	5	11	5	10.0	0.5716666666666667	0.8181818181818181	0.8	0.5945883900105632
17	combined_all	11	66	17	20	46	6	11	10	100.0	0.5733333333333333	0.696969696969697	0.6666666666666666	0.3825184261187248
17	combined_all	12	66	17	21	45	5	12	50	0.1	0.5755555555555556	0.3916666666666667	0.3833333333333333	-0.20658356100321165
17	combined_all	13	66	17	21	45	5	12	10	0.01	0.5738888888888889	0.55	0.6333333333333334	0.09128709291752769
17	combined_all	14	67	16	21	46	5	11	10	10.0	0.6216666666666666	0.5636363636363637	0.6	0.12727272727272726
17	combined_all	15	67	16	21	46	5	11	20	1.0	0.6205555555555555	0.6727272727272727	0.6727272727272727	0.32277655457716287
17	combined_all	16	66	17	20	46	6	11	20	0.01	0.6366666666666666	0.46969696969696967	0.6363636363636364	-0.06356417261637282
17	combined_all	17	66	17	21	45	5	12	10	10.0	0.5572222222222221	0.5083333333333333	0.5	0.015430334996209192
17	combined_all	18	66	17	21	45	5	12	5	0.01	0.7044444444444444	0.5916666666666667	0.6166666666666666	0.16735967034880075
17	combined_all	19	67	16	21	46	5	11	5	10.0	0.736111111111111	0.3727272727272727	0.3818181818181819	-0.24370871833797697
17	combined_all	20	67	16	21	46	5	11	5	100.0	0.5216666666666666	0.5090909090909091	0.7090909090909091	0.021591675854376522
17	combined_all	21	66	17	20	46	6	11	10	10.0	0.6838888888888888	0.44696969696969696	0.48484848484848486	-0.1194880298498108
17	combined_all	22	66	17	21	45	5	12	50	10.0	0.5088888888888888	0.475	0.43333333333333335	-0.053708615552957466
17	combined_all	23	66	17	21	45	5	12	10	1.0	0.5733333333333334	0.65	0.7833333333333333	0.27774602993176545
17	combined_all	24	67	16	21	46	5	11	20	0.01	0.735	0.4636363636363636	0.5818181818181818	-0.0778498944161523
17	combined_all	25	67	16	21	46	5	11	5	0.1	0.6183333333333333	0.5727272727272728	0.6181818181818182	0.13483997249264842
18	residue_ligand	1	66	17	20	46	6	11	12	100.0	0.6755555555555555	0.696969696969697	0.7727272727272727	0.3825184261187248
18	residue_ligand	2	66	17	21	45	5	12	8	1.0	0.6794444444444444	0.6916666666666667	0.7333333333333334	0.34993385618385614
18	residue_ligand	3	66	17	21	45	5	12	12	10.0	0.6544444444444444	0.7333333333333334	0.7333333333333334	0.42600643361512924
18	residue_ligand	4	67	16	21	46	5	11	4	1.0	0.76	0.6090909090909091	0.3818181818181818	0.23354968324845687
18	residue_ligand	5	67	16	21	46	5	11	all	100.0	0.6266666666666667	0.7272727272727273	0.6545454545454545	0.45454545454545453
18	residue_ligand	6	66	17	20	46	6	11	all	100.0	0.5722222222222222	0.5606060606060606	0.5454545454545454	0.11769797726729993
18	residue_ligand	7	66	17	21	45	5	12	all	1.0	0.5088888888888888	0.6333333333333333	0.7333333333333334	0.24688535993934707
18	residue_ligand	8	66	17	21	45	5	12	12	100.0	0.6872222222222223	0.6333333333333333	0.7333333333333333	0.24688535993934707
18	residue_ligand	9	67	16	21	46	5	11	8	10.0	0.7772222222222223	0.5181818181818182	0.6181818181818182	0.034815531191139566
18	residue_ligand	10	67	16	21	46	5	11	4	0.01	0.7	0.3909090909090909	0.36363636363636365	-0.23354968324845687
18	residue_ligand	11	66	17	20	46	6	11	all	0.1	0.6716666666666665	0.6515151515151515	0.6363636363636364	0.29012942659282975
18	residue_ligand	12	66	17	21	45	5	12	all	10.0	0.5822222222222221	0.775	0.8166666666666667	0.5092010548749033
18	residue_ligand	13	66	17	21	45	5	12	12	0.1	0.7133333333333333	0.3666666666666667	0.4166666666666667	-0.24688535993934707
18	residue_ligand	14	67	16	21	46	5	11	12	10.0	0.6327777777777778	0.7545454545454545	0.7636363636363636	0.5449492609130661
18	residue_ligand	15	67	16	21	46	5	11	all	10.0	0.6922222222222223	0.8	0.8727272727272728	0.7125253031944253
18	residue_ligand	16	66	17	20	46	6	11	all	0.01	0.585	0.5984848484848485	0.5151515151515151	0.20658356100321165
18	residue_ligand	17	66	17	21	45	5	12	12	0.1	0.7	0.3916666666666667	0.36666666666666664	-0.20658356100321165
18	residue_ligand	18	66	17	21	45	5	12	12	10.0	0.6338888888888888	0.7333333333333334	0.75	0.42600643361512924
18	residue_ligand	19	67	16	21	46	5	11	12	10.0	0.6799999999999999	0.5636363636363637	0.6363636363636364	0.12727272727272726
18	residue_ligand	20	67	16	21	46	5	11	4	0.1	0.6655555555555555	0.5272727272727272	0.7636363636363637	0.050964719143762556
18	residue_ligand	21	66	17	20	46	6	11	8	10.0	0.6716666666666666	0.7803030303030303	0.7727272727272727	0.5367394391967351
18	residue_ligand	22	66	17	21	45	5	12	4	0.1	0.6622222222222222	0.6083333333333334	0.65	0.20658356100321165
18	residue_ligand	23	66	17	21	45	5	12	4	1.0	0.6888888888888889	0.5916666666666667	0.55	0.16735967034880075
18	residue_ligand	24	67	16	21	46	5	11	all	0.01	0.6038888888888889	0.5727272727272728	0.5818181818181818	0.13483997249264842
18	residue_ligand	25	67	16	21	46	5	11	4	0.01	0.6472222222222223	0.6727272727272727	0.6545454545454547	0.32277655457716287
18	residue_cofactor	1	66	17	20	46	6	11	20	10.0	0.5505555555555555	0.44696969696969696	0.5606060606060606	-0.1194880298498108
18	residue_cofactor	2	66	17	21	45	5	12	40	1.0	0.4833333333333334	0.45	0.5	-0.09128709291752769
18	residue_cofactor	3	66	17	21	45	5	12	5	10.0	0.6133333333333333	0.35	0.3666666666666667	-0.27774602993176545
18	residue_cofactor	4	67	16	21	46	5	11	40	100.0	0.5722222222222222	0.7181818181818183	0.5454545454545455	0.40451991747794525
18	residue_cofactor	5	67	16	21	46	5	11	20	10.0	0.6205555555555555	0.5181818181818182	0.49090909090909085	0.034815531191139566
18	residue_cofactor	6	66	17	20	46	6	11	5	0.01	0.5838888888888889	0.3484848484848485	0.46969696969696967	-0.29012942659282975
18	residue_cofactor	7	66	17	21	45	5	12	all	1.0	0.4927777777777777	0.6916666666666667	0.6000000000000001	0.34993385618385614
18	residue_cofactor	8	66	17	21	45	5	12	10	1.0	0.5094444444444444	0.43333333333333335	0.5333333333333333	-0.13333333333333333
18	residue_cofactor	9	67	16	21	46	5	11	all	10.0	0.4311111111111111	0.4636363636363636	0.7454545454545455	-0.0778498944161523
18	residue_cofactor	10	67	16	21	46	5	11	all	100.0	0.5916666666666666	0.2727272727272727	0.23636363636363636	-0.45454545454545453
18	residue_cofactor	11	66	17	20	46	6	11	20	10.0	0.571111111111111	0.3106060606060606	0.2727272727272727	-0.36780617896031226
18	residue_cofactor	12	66	17	21	45	5	12	all	10.0	0.6072222222222223	0.575	0.5166666666666666	0.15
18	residue_cofactor	13	66	17	21	45	5	12	20	10.0	0.5072222222222222	0.4916666666666667	0.33333333333333337	-0.015430334996209192
18	residue_cofactor	14	67	16	21	46	5	11	20	10.0	0.5838888888888889	0.6090909090909091	0.49090909090909096	0.23354968324845687
18	residue_cofactor	15	67	16	21	46	5	11	5	0.01	0.5883333333333333	0.36363636363636365	0.2727272727272727	-0.32387513781564786
18	residue_cofactor	16	66	17	20	46	6	11	all	0.1	0.5283333333333333	0.26515151515151514	0.30303030303030304	-0.4497006112188861
18	residue_cofactor	17	66	17	21	45	5	12	10	100.0	0.54	0.775	0.6833333333333335	0.5092010548749033
18	residue_cofactor	18	66	17	21	45	5	12	40	100.0	0.5372222222222222	0.43333333333333335	0.3833333333333333	-0.13333333333333333
18	residue_cofactor	19	67	16	21	46	5	11	all	0.1	0.5094444444444445	0.5636363636363637	0.4909090909090909	0.12727272727272726
18	residue_cofactor	20	67	16	21	46	5	11	40	10.0	0.47055555555555556	0.5636363636363637	0.509090909090909	0.12727272727272726
18	residue_cofactor	21	66	17	20	46	6	11	20	0.1	0.5427777777777777	0.5227272727272727	0.5454545454545454	0.04351941398892446
18	residue_cofactor	22	66	17	21	45	5	12	40	0.01	0.4572222222222222	0.5916666666666667	0.6499999999999999	0.16735967034880075
18	residue_cofactor	23	66	17	21	45	5	12	40	0.01	0.5927777777777777	0.35	0.3333333333333333	-0.27774602993176545
18	residue_cofactor	24	67	16	21	46	5	11	all	0.01	0.5772222222222222	0.32727272727272727	0.2909090909090909	-0.32277655457716287
18	residue_cofactor	25	67	16	21	46	5	11	40	100.0	0.49111111111111105	0.6090909090909091	0.6727272727272727	0.23354968324845687
18	residue_residue	1	66	17	20	46	6	11	20	1.0	0.6249999999999999	0.3939393939393939	0.2727272727272727	-0.2030905986149808
18	residue_residue	2	66	17	21	45	5	12	20	0.1	0.5488888888888888	0.4916666666666667	0.3833333333333333	-0.015430334996209192
18	residue_residue	3	66	17	21	45	5	12	10	10.0	0.6599999999999999	0.3916666666666667	0.43333333333333335	-0.20658356100321165
18	residue_residue	4	67	16	21	46	5	11	20	0.01	0.6172222222222222	0.42727272727272725	0.4181818181818182	-0.13483997249264842
18	residue_residue	5	67	16	21	46	5	11	10	10.0	0.5605555555555555	0.6636363636363636	0.6363636363636364	0.3133397807202561
18	residue_residue	6	66	17	20	46	6	11	5	1.0	0.48	0.5227272727272727	0.5	0.04351941398892446
18	residue_residue	7	66	17	21	45	5	12	10	10.0	0.4927777777777778	0.4916666666666667	0.4	-0.015430334996209192
18	residue_residue	8	66	17	21	45	5	12	10	1.0	0.6622222222222222	0.43333333333333335	0.26666666666666666	-0.13333333333333333
18	residue_residue	9	67	16	21	46	5	11	50	0.01	0.5594444444444445	0.42727272727272725	0.34545454545454546	-0.13483997249264842
18	residue_residue	10	67	16	21	46	5	11	50	100.0	0.5727777777777777	0.5	0.4545454545454546	0.0
18	residue_residue	11	66	17	20	46	6	11	50	10.0	0.6383333333333333	0.5681818181818181	0.5454545454545454	0.13241022442571243
18	residue_residue	12	66	17	21	45	5	12	5	0.01	0.5622222222222222	0.5916666666666667	0.5833333333333334	0.16735967034880075
18	residue_residue	13	66	17	21	45	5	12	10	0.01	0.6605555555555556	0.2916666666666667	0.26666666666666666	-0.4166666666666667
18	residue_residue	14	67	16	21	46	5	11	5	0.01	0.5233333333333333	0.5363636363636364	0.5636363636363636	0.0778498944161523
18	residue_residue	15	67	16	21	46	5	11	10	0.1	0.6411111111111111	0.3727272727272727	0.27272727272727276	-0.24370871833797697
18	residue_residue	16	66	17	20	46	6	11	5	1.0	0.5722222222222222	0.5227272727272727	0.6515151515151515	0.04351941398892446
18	residue_residue	17	66	17	21	45	5	12	20	10.0	0.6183333333333334	0.4166666666666667	0.2333333333333333	-0.23570226039551584
18	residue_residue	18	66	17	21	45	5	12	20	0.1	0.5483333333333333	0.4083333333333333	0.4666666666666667	-0.16735967034880075
18	residue_residue	19	67	16	21	46	5	11	10	0.01	0.5572222222222222	0.5181818181818182	0.5818181818181818	0.034815531191139566
18	residue_residue	20	67	16	21	46	5	11	50	10.0	0.5238888888888888	0.4636363636363636	0.38181818181818183	-0.0778498944161523
18	residue_residue	21	66	17	20	46	6	11	20	0.1	0.49777777777777776	0.3939393939393939	0.48484848484848486	-0.2030905986149808
18	residue_residue	22	66	17	21	45	5	12	20	1.0	0.5761111111111109	0.4916666666666667	0.5833333333333334	-0.015430334996209192
18	residue_residue	23	66	17	21	45	5	12	50	100.0	0.6138888888888889	0.2916666666666667	0.1	-0.4166666666666667
18	residue_residue	24	67	16	21	46	5	11	50	10.0	0.6266666666666667	0.4636363636363636	0.4727272727272728	-0.0778498944161523
18	residue_residue	25	67	16	21	46	5	11	50	0.1	0.5361111111111111	0.5636363636363637	0.49090909090909096	0.12727272727272726
18	combined_all	1	66	17	20	46	6	11	20	1.0	0.6249999999999999	0.3939393939393939	0.2727272727272727	-0.2030905986149808
18	combined_all	2	66	17	21	45	5	12	20	10.0	0.5544444444444444	0.575	0.44999999999999996	0.15
18	combined_all	3	66	17	21	45	5	12	10	10.0	0.6599999999999999	0.3916666666666667	0.43333333333333335	-0.20658356100321165
18	combined_all	4	67	16	21	46	5	11	10	100.0	0.615	0.42727272727272725	0.39999999999999997	-0.13483997249264842
18	combined_all	5	67	16	21	46	5	11	20	100.0	0.5572222222222222	0.5181818181818182	0.5454545454545454	0.034815531191139566
18	combined_all	6	66	17	20	46	6	11	5	1.0	0.48	0.5227272727272727	0.5	0.04351941398892446
18	combined_all	7	66	17	21	45	5	12	10	10.0	0.4927777777777778	0.4916666666666667	0.4	-0.015430334996209192
18	combined_all	8	66	17	21	45	5	12	10	1.0	0.651111111111111	0.43333333333333335	0.26666666666666666	-0.13333333333333333
18	combined_all	9	67	16	21	46	5	11	50	1.0	0.5961111111111111	0.5545454545454546	0.38181818181818183	0.15289415743128767
18	combined_all	10	67	16	21	46	5	11	50	1.0	0.5927777777777778	0.45454545454545453	0.36363636363636365	-0.17407765595569785
18	combined_all	11	66	17	20	46	6	11	5	0.01	0.6194444444444445	0.43939393939393934	0.5454545454545454	-0.11769797726729993
18	combined_all	12	66	17	21	45	5	12	5	0.01	0.5622222222222222	0.5916666666666667	0.5833333333333334	0.16735967034880075
18	combined_all	13	66	17	21	45	5	12	20	0.01	0.6572222222222222	0.35	0.33333333333333337	-0.27774602993176545
18	combined_all	14	67	16	21	46	5	11	5	0.01	0.5233333333333333	0.5363636363636364	0.5636363636363636	0.0778498944161523
18	combined_all	15	67	16	21	46	5	11	10	0.1	0.6411111111111111	0.3727272727272727	0.27272727272727276	-0.24370871833797697
18	combined_all	16	66	17	20	46	6	11	5	1.0	0.5722222222222222	0.5227272727272727	0.6515151515151515	0.04351941398892446
18	combined_all	17	66	17	21	45	5	12	50	10.0	0.6244444444444445	0.5	0.5166666666666666	0.0
18	combined_all	18	66	17	21	45	5	12	20	0.1	0.5483333333333333	0.4083333333333333	0.4666666666666667	-0.16735967034880075
18	combined_all	19	67	16	21	46	5	11	10	0.01	0.5572222222222222	0.5181818181818182	0.5818181818181818	0.034815531191139566
18	combined_all	20	67	16	21	46	5	11	50	10.0	0.5238888888888888	0.4636363636363636	0.38181818181818183	-0.0778498944161523
18	combined_all	21	66	17	20	46	6	11	20	0.1	0.49777777777777776	0.3939393939393939	0.48484848484848486	-0.2030905986149808
18	combined_all	22	66	17	21	45	5	12	20	1.0	0.5761111111111109	0.4916666666666667	0.5833333333333334	-0.015430334996209192
18	combined_all	23	66	17	21	45	5	12	10	0.01	0.6127777777777778	0.20833333333333334	0.11666666666666665	-0.5400617248673217
18	combined_all	24	67	16	21	46	5	11	50	10.0	0.6266666666666667	0.4636363636363636	0.4727272727272728	-0.0778498944161523
18	combined_all	25	67	16	21	46	5	11	50	0.1	0.5583333333333333	0.5636363636363637	0.49090909090909096	0.12727272727272726
19	residue_ligand	1	66	17	21	45	5	12	all	100.0	0.5544444444444444	0.55	0.4666666666666667	0.09128709291752769
19	residue_ligand	2	66	17	21	45	5	12	all	1.0	0.42055555555555557	0.30833333333333335	0.16666666666666669	-0.34993385618385614
19	residue_ligand	3	66	17	20	46	6	11	4	10.0	0.4894444444444444	0.48484848484848486	0.3787878787878788	-0.030303030303030304
19	residue_ligand	4	67	16	21	46	5	11	all	0.01	0.5283333333333333	0.4090909090909091	0.2363636363636364	-0.2548235957188128
19	residue_ligand	5	67	16	21	46	5	11	12	1.0	0.5933333333333334	0.23636363636363636	0.2	-0.49265895172303803
19	residue_ligand	6	66	17	21	45	5	12	8	1.0	0.46499999999999997	0.35	0.5166666666666666	-0.27774602993176545
19	residue_ligand	7	66	17	21	45	5	12	all	100.0	0.5172222222222222	0.3916666666666667	0.2666666666666667	-0.20658356100321165
19	residue_ligand	8	66	17	20	46	6	11	12	0.1	0.5488888888888889	0.4015151515151515	0.30303030303030304	-0.20658356100321165
19	residue_ligand	9	67	16	21	46	5	11	all	100.0	0.5466666666666666	0.4727272727272727	0.4545454545454546	-0.050964719143762556
19	residue_ligand	10	67	16	21	46	5	11	4	1.0	0.5288888888888889	0.36363636363636365	0.14545454545454545	-0.32387513781564786
19	residue_ligand	11	66	17	21	45	5	12	8	0.01	0.48611111111111105	0.45	0.38333333333333336	-0.09128709291752769
19	residue_ligand	12	66	17	21	45	5	12	8	10.0	0.5772222222222222	0.325	0.5	-0.3337119062359573
19	residue_ligand	13	66	17	20	46	6	11	all	0.1	0.595	0.2727272727272727	0.25757575757575757	-0.4767312946227961
19	residue_ligand	14	67	16	21	46	5	11	12	10.0	0.5111111111111111	0.33636363636363636	0.21818181818181817	-0.3133397807202561
19	residue_ligand	15	67	16	21	46	5	11	4	0.01	0.5972222222222223	0.2727272727272727	0.2909090909090909	-0.45454545454545453
19	residue_ligand	16	66	17	21	45	5	12	all	100.0	0.4727777777777778	0.6583333333333333	0.5666666666666667	0.378489059622558
19	residue_ligand	17	66	17	21	45	5	12	12	0.1	0.5955555555555555	0.475	0.5	-0.053708615552957466
19	residue_ligand	18	66	17	20	46	6	11	12	0.01	0.4905555555555555	0.49242424242424243	0.3181818181818182	-0.018993429409939658
19	residue_ligand	19	67	16	21	46	5	11	8	0.01	0.5005555555555555	0.42727272727272725	0.3454545454545455	-0.13483997249264842
19	residue_ligand	20	67	16	21	46	5	11	12	100.0	0.45999999999999996	0.4818181818181818	0.49090909090909096	-0.034815531191139566
19	residue_ligand	21	66	17	21	45	5	12	8	0.01	0.5788888888888888	0.375	0.45000000000000007	-0.29880715233359845
19	residue_ligand	22	66	17	21	45	5	12	4	0.01	0.5666666666666667	0.43333333333333335	0.3166666666666667	-0.13333333333333333
19	residue_ligand	23	66	17	20	46	6	11	4	0.01	0.47833333333333333	0.3939393939393939	0.36363636363636365	-0.2030905986149808
19	residue_ligand	24	67	16	21	46	5	11	8	0.01	0.4372222222222222	0.5181818181818182	0.3636363636363637	0.034815531191139566
19	residue_ligand	25	67	16	21	46	5	11	12	100.0	0.5561111111111112	0.42727272727272725	0.3272727272727273	-0.13483997249264842
19	residue_cofactor	1	66	17	21	45	5	12	10	0.1	0.6322222222222222	0.30833333333333335	0.21666666666666667	-0.34993385618385614
19	residue_cofactor	2	66	17	21	45	5	12	all	0.1	0.5138888888888888	0.325	0.3166666666666667	-0.3337119062359573
19	residue_cofactor	3	66	17	20	46	6	11	20	0.01	0.6022222222222222	0.48484848484848486	0.4393939393939394	-0.030303030303030304
19	residue_cofactor	4	67	16	21	46	5	11	5	1.0	0.6438888888888888	0.5727272727272728	0.5818181818181818	0.13483997249264842
19	residue_cofactor	5	67	16	21	46	5	11	5	1.0	0.5677777777777778	0.6727272727272727	0.6000000000000001	0.32277655457716287
19	residue_cofactor	6	66	17	21	45	5	12	5	0.01	0.5294444444444444	0.4666666666666667	0.38333333333333336	-0.06356417261637282
19	residue_cofactor	7	66	17	21	45	5	12	10	0.01	0.5705555555555556	0.55	0.5666666666666667	0.09128709291752769
19	residue_cofactor	8	66	17	20	46	6	11	20	100.0	0.5788888888888888	0.4090909090909091	0.30303030303030304	-0.26967994498529685
19	residue_cofactor	9	67	16	21	46	5	11	10	10.0	0.4933333333333333	0.6727272727272727	0.7454545454545455	0.32277655457716287
19	residue_cofactor	10	67	16	21	46	5	11	5	0.01	0.6172222222222222	0.5363636363636364	0.38181818181818183	0.0778498944161523
19	residue_cofactor	11	66	17	21	45	5	12	5	0.1	0.5266666666666666	0.65	0.6666666666666667	0.27774602993176545
19	residue_cofactor	12	66	17	21	45	5	12	5	10.0	0.6605555555555556	0.35	0.30000000000000004	-0.27774602993176545
19	residue_cofactor	13	66	17	20	46	6	11	5	0.01	0.5805555555555555	0.4772727272727273	0.5303030303030303	-0.04351941398892446
19	residue_cofactor	14	67	16	21	46	5	11	10	10.0	0.4916666666666667	0.6636363636363636	0.7454545454545455	0.3133397807202561
19	residue_cofactor	15	67	16	21	46	5	11	20	0.01	0.48777777777777775	0.4727272727272727	0.38181818181818183	-0.050964719143762556
19	residue_cofactor	16	66	17	21	45	5	12	10	1.0	0.5288888888888889	0.7333333333333334	0.6000000000000002	0.42600643361512924
19	residue_cofactor	17	66	17	21	45	5	12	10	0.01	0.5205555555555554	0.55	0.55	0.09128709291752769
19	residue_cofactor	18	66	17	20	46	6	11	all	0.01	0.5322222222222223	0.4772727272727273	0.42424242424242425	-0.04351941398892446
19	residue_cofactor	19	67	16	21	46	5	11	20	1.0	0.6188888888888889	0.38181818181818183	0.509090909090909	-0.22084711628963774
19	residue_cofactor	20	67	16	21	46	5	11	5	0.01	0.6300000000000001	0.5727272727272728	0.5454545454545454	0.13483997249264842
19	residue_cofactor	21	66	17	21	45	5	12	5	1.0	0.5511111111111111	0.575	0.4	0.15
19	residue_cofactor	22	66	17	21	45	5	12	all	100.0	0.5811111111111111	0.30833333333333335	0.23333333333333334	-0.34993385618385614
19	residue_cofactor	23	66	17	20	46	6	11	5	10.0	0.5505555555555556	0.6893939393939394	0.5606060606060607	0.36780617896031226
19	residue_cofactor	24	67	16	21	46	5	11	10	10.0	0.6527777777777777	0.6090909090909091	0.4727272727272727	0.23354968324845687
19	residue_cofactor	25	67	16	21	46	5	11	all	100.0	0.5805555555555555	0.22727272727272727	0.18181818181818182	-0.5222329678670935
19	residue_residue	1	66	17	21	45	5	12	20	0.1	0.6294444444444445	0.5916666666666667	0.5666666666666667	0.16735967034880075
19	residue_residue	2	66	17	21	45	5	12	10	0.01	0.4033333333333333	0.45	0.4166666666666667	-0.09128709291752769
19	residue_residue	3	66	17	20	46	6	11	50	100.0	0.481111111111111	0.36363636363636365	0.5606060606060606	-0.34188172937891387
19	residue_residue	4	67	16	21	46	5	11	10	1.0	0.47222222222222215	0.42727272727272725	0.36363636363636365	-0.13483997249264842
19	residue_residue	5	67	16	21	46	5	11	20	100.0	0.49777777777777776	0.4181818181818182	0.34545454545454546	-0.16363636363636364
19	residue_residue	6	66	17	21	45	5	12	5	0.01	0.5038888888888888	0.3333333333333333	0.3333333333333333	-0.35805743701971643
19	residue_residue	7	66	17	21	45	5	12	10	0.1	0.49777777777777776	0.43333333333333335	0.48333333333333334	-0.13333333333333333
19	residue_residue	8	66	17	20	46	6	11	5	0.1	0.5672222222222223	0.3181818181818182	0.24242424242424243	-0.40967324519935133
19	residue_residue	9	67	16	21	46	5	11	10	0.01	0.6527777777777778	0.23636363636363636	0.32727272727272727	-0.49265895172303803
19	residue_residue	10	67	16	21	46	5	11	50	10.0	0.39222222222222214	0.32727272727272727	0.2363636363636364	-0.32277655457716287
19	residue_residue	11	66	17	21	45	5	12	20	0.01	0.5527777777777778	0.4083333333333333	0.4666666666666667	-0.16735967034880075
19	residue_residue	12	66	17	21	45	5	12	20	1.0	0.48944444444444446	0.575	0.41666666666666663	0.15
19	residue_residue	13	66	17	20	46	6	11	20	100.0	0.52	0.3939393939393939	0.3484848484848485	-0.2030905986149808
19	residue_residue	14	67	16	21	46	5	11	20	0.01	0.5083333333333333	0.3727272727272727	0.2545454545454546	-0.24370871833797697
19	residue_residue	15	67	16	21	46	5	11	50	1.0	0.5133333333333333	0.4636363636363636	0.4363636363636364	-0.0778498944161523
19	residue_residue	16	66	17	21	45	5	12	20	100.0	0.5144444444444444	0.3916666666666667	0.5166666666666667	-0.20658356100321165
19	residue_residue	17	66	17	21	45	5	12	50	10.0	0.5133333333333333	0.575	0.49999999999999994	0.15
19	residue_residue	18	66	17	20	46	6	11	20	10.0	0.4322222222222222	0.48484848484848486	0.45454545454545453	-0.030303030303030304
19	residue_residue	19	67	16	21	46	5	11	10	10.0	0.5094444444444445	0.5636363636363637	0.5636363636363636	0.12727272727272726
19	residue_residue	20	67	16	21	46	5	11	20	10.0	0.5988888888888889	0.4636363636363636	0.4363636363636364	-0.0778498944161523
19	residue_residue	21	66	17	21	45	5	12	10	100.0	0.5422222222222222	0.35	0.25	-0.27774602993176545
19	residue_residue	22	66	17	21	45	5	12	5	0.01	0.46499999999999997	0.4666666666666667	0.48333333333333334	-0.06356417261637282
19	residue_residue	23	66	17	20	46	6	11	20	10.0	0.5405555555555555	0.4015151515151515	0.3484848484848485	-0.20658356100321165
19	residue_residue	24	67	16	21	46	5	11	10	0.01	0.47444444444444445	0.5636363636363637	0.49090909090909096	0.12727272727272726
19	residue_residue	25	67	16	21	46	5	11	5	1.0	0.49833333333333335	0.5636363636363637	0.6363636363636364	0.12727272727272726
19	combined_all	1	66	17	21	45	5	12	10	0.01	0.6222222222222221	0.45	0.39999999999999997	-0.09128709291752769
19	combined_all	2	66	17	21	45	5	12	10	0.01	0.4033333333333333	0.45	0.4166666666666667	-0.09128709291752769
19	combined_all	3	66	17	20	46	6	11	50	100.0	0.45888888888888885	0.36363636363636365	0.5454545454545455	-0.34188172937891387
19	combined_all	4	67	16	21	46	5	11	10	1.0	0.47222222222222215	0.42727272727272725	0.36363636363636365	-0.13483997249264842
19	combined_all	5	67	16	21	46	5	11	20	100.0	0.48777777777777775	0.4181818181818182	0.34545454545454546	-0.16363636363636364
19	combined_all	6	66	17	21	45	5	12	5	0.01	0.5038888888888888	0.3333333333333333	0.3333333333333333	-0.35805743701971643
19	combined_all	7	66	17	21	45	5	12	10	0.1	0.49777777777777776	0.43333333333333335	0.48333333333333334	-0.13333333333333333
19	combined_all	8	66	17	20	46	6	11	5	0.1	0.5672222222222223	0.3181818181818182	0.24242424242424243	-0.40967324519935133
19	combined_all	9	67	16	21	46	5	11	10	0.01	0.6527777777777778	0.23636363636363636	0.32727272727272727	-0.49265895172303803
19	combined_all	10	67	16	21	46	5	11	50	10.0	0.39222222222222214	0.28181818181818186	0.2727272727272727	-0.40451991747794525
19	combined_all	11	66	17	21	45	5	12	20	0.01	0.5527777777777778	0.4083333333333333	0.4666666666666667	-0.16735967034880075
19	combined_all	12	66	17	21	45	5	12	20	100.0	0.48944444444444446	0.475	0.38333333333333336	-0.053708615552957466
19	combined_all	13	66	17	20	46	6	11	20	100.0	0.52	0.3939393939393939	0.3484848484848485	-0.2030905986149808
19	combined_all	14	67	16	21	46	5	11	20	0.01	0.5083333333333333	0.3727272727272727	0.2545454545454546	-0.24370871833797697
19	combined_all	15	67	16	21	46	5	11	50	10.0	0.5827777777777777	0.3181818181818182	0.32727272727272727	-0.3892494720807615
19	combined_all	16	66	17	21	45	5	12	20	100.0	0.4894444444444444	0.3916666666666667	0.5166666666666667	-0.20658356100321165
19	combined_all	17	66	17	21	45	5	12	50	10.0	0.5022222222222222	0.6166666666666667	0.48333333333333334	0.25064020591380154
19	combined_all	18	66	17	20	46	6	11	20	10.0	0.4222222222222222	0.48484848484848486	0.45454545454545453	-0.030303030303030304
19	combined_all	19	67	16	21	46	5	11	5	0.01	0.5377777777777778	0.42727272727272725	0.4545454545454546	-0.13483997249264842
19	combined_all	20	67	16	21	46	5	11	20	10.0	0.5988888888888889	0.4636363636363636	0.4363636363636364	-0.0778498944161523
19	combined_all	21	66	17	21	45	5	12	10	100.0	0.5311111111111111	0.4916666666666667	0.41666666666666663	-0.015430334996209192
19	combined_all	22	66	17	21	45	5	12	5	0.01	0.46499999999999997	0.4666666666666667	0.48333333333333334	-0.06356417261637282
19	combined_all	23	66	17	20	46	6	11	50	1.0	0.5422222222222223	0.43939393939393934	0.36363636363636365	-0.11769797726729993
19	combined_all	24	67	16	21	46	5	11	10	0.01	0.47444444444444445	0.5636363636363637	0.49090909090909096	0.12727272727272726
19	combined_all	25	67	16	21	46	5	11	5	1.0	0.49833333333333335	0.5636363636363637	0.6363636363636364	0.12727272727272726
20	residue_ligand	1	66	17	21	45	5	12	all	100.0	0.5238888888888888	0.43333333333333335	0.45	-0.13333333333333333
20	residue_ligand	2	66	17	21	45	5	12	4	0.1	0.6327777777777778	0.3666666666666667	0.3	-0.24688535993934707
20	residue_ligand	3	66	17	20	46	6	11	8	0.1	0.6166666666666666	0.5303030303030303	0.6212121212121212	0.06356417261637282
20	residue_ligand	4	67	16	21	46	5	11	4	10.0	0.6477777777777778	0.3727272727272727	0.2545454545454546	-0.24370871833797697
20	residue_ligand	5	67	16	21	46	5	11	all	0.1	0.5933333333333334	0.7090909090909091	0.5454545454545454	0.41818181818181815
20	residue_ligand	6	66	17	21	45	5	12	8	1.0	0.5622222222222222	0.5333333333333333	0.4666666666666666	0.06356417261637282
20	residue_ligand	7	66	17	21	45	5	12	all	0.1	0.6161111111111112	0.5083333333333333	0.5333333333333333	0.015430334996209192
20	residue_ligand	8	66	17	20	46	6	11	12	10.0	0.6188888888888889	0.5227272727272727	0.45454545454545453	0.04351941398892446
20	residue_ligand	9	67	16	21	46	5	11	all	0.01	0.6216666666666666	0.5636363636363637	0.6363636363636365	0.12727272727272726
20	residue_ligand	10	67	16	21	46	5	11	12	0.01	0.5655555555555555	0.4818181818181818	0.6000000000000001	-0.034815531191139566
20	residue_ligand	11	66	17	21	45	5	12	4	0.01	0.5594444444444444	0.6666666666666666	0.75	0.35805743701971643
20	residue_ligand	12	66	17	21	45	5	12	8	0.1	0.6177777777777778	0.6916666666666667	0.6666666666666667	0.34993385618385614
20	residue_ligand	13	66	17	20	46	6	11	4	10.0	0.5422222222222222	0.696969696969697	0.696969696969697	0.3825184261187248
20	residue_ligand	14	67	16	21	46	5	11	12	100.0	0.7183333333333334	0.2727272727272727	0.18181818181818182	-0.45454545454545453
20	residue_ligand	15	67	16	21	46	5	11	all	0.01	0.6483333333333334	0.6181818181818182	0.6181818181818182	0.22084711628963774
20	residue_ligand	16	66	17	21	45	5	12	12	0.1	0.6372222222222221	0.45	0.5333333333333333	-0.09128709291752769
20	residue_ligand	17	66	17	21	45	5	12	all	10.0	0.6227777777777778	0.5333333333333333	0.5	0.06356417261637282
20	residue_ligand	18	66	17	20	46	6	11	all	1.0	0.6027777777777777	0.356060606060606	0.28787878787878785	-0.2878787878787879
20	residue_ligand	19	67	16	21	46	5	11	12	10.0	0.5833333333333334	0.5181818181818182	0.4363636363636364	0.034815531191139566
20	residue_ligand	20	67	16	21	46	5	11	12	10.0	0.5549999999999999	0.38181818181818183	0.4727272727272728	-0.22084711628963774
20	residue_ligand	21	66	17	21	45	5	12	all	0.01	0.6177777777777778	0.55	0.5	0.09128709291752769
20	residue_ligand	22	66	17	21	45	5	12	12	0.01	0.48	0.65	0.6333333333333333	0.27774602993176545
20	residue_ligand	23	66	17	20	46	6	11	all	0.1	0.6783333333333333	0.5681818181818181	0.5909090909090909	0.13241022442571243
20	residue_ligand	24	67	16	21	46	5	11	all	1.0	0.4922222222222222	0.5727272727272728	0.7090909090909091	0.13483997249264842
20	residue_ligand	25	67	16	21	46	5	11	all	0.1	0.6338888888888888	0.4636363636363636	0.5272727272727273	-0.0778498944161523
20	residue_cofactor	1	66	17	21	45	5	12	all	1.0	0.6744444444444444	0.375	0.25	-0.29880715233359845
20	residue_cofactor	2	66	17	21	45	5	12	40	100.0	0.6133333333333333	0.7333333333333334	0.7000000000000001	0.42600643361512924
20	residue_cofactor	3	66	17	20	46	6	11	all	0.1	0.6316666666666666	0.6439393939393939	0.6515151515151515	0.2878787878787879
20	residue_cofactor	4	67	16	21	46	5	11	40	1.0	0.6594444444444444	0.4727272727272727	0.43636363636363634	-0.050964719143762556
20	residue_cofactor	5	67	16	21	46	5	11	40	1.0	0.5844444444444444	0.5090909090909091	0.4545454545454546	0.021591675854376522
20	residue_cofactor	6	66	17	21	45	5	12	40	10.0	0.5733333333333333	0.4916666666666667	0.55	-0.015430334996209192
20	residue_cofactor	7	66	17	21	45	5	12	40	1.0	0.6688888888888889	0.4916666666666667	0.6	-0.015430334996209192
20	residue_cofactor	8	66	17	20	46	6	11	20	10.0	0.595	0.6590909090909092	0.48484848484848486	0.3337119062359573
20	residue_cofactor	9	67	16	21	46	5	11	all	0.1	0.6372222222222222	0.18181818181818182	0.1818181818181818	-0.5945883900105632
20	residue_cofactor	10	67	16	21	46	5	11	20	0.01	0.515	0.6272727272727273	0.7272727272727273	0.24370871833797697
20	residue_cofactor	11	66	17	21	45	5	12	40	10.0	0.6288888888888888	0.5333333333333333	0.4666666666666667	0.06356417261637282
20	residue_cofactor	12	66	17	21	45	5	12	20	1.0	0.6727777777777778	0.35	0.33333333333333326	-0.27774602993176545
20	residue_cofactor	13	66	17	20	46	6	11	40	1.0	0.5505555555555557	0.6439393939393939	0.7575757575757576	0.2878787878787879
20	residue_cofactor	14	67	16	21	46	5	11	40	0.1	0.586111111111111	0.6181818181818182	0.5454545454545454	0.22084711628963774
20	residue_cofactor	15	67	16	21	46	5	11	40	0.1	0.6533333333333333	0.6181818181818182	0.6181818181818182	0.22084711628963774
20	residue_cofactor	16	66	17	21	45	5	12	40	0.1	0.5205555555555554	0.4916666666666667	0.65	-0.015430334996209192
20	residue_cofactor	17	66	17	21	45	5	12	10	100.0	0.611111111111111	0.43333333333333335	0.5166666666666666	-0.13333333333333333
20	residue_cofactor	18	66	17	20	46	6	11	all	0.1	0.6155555555555555	0.5606060606060606	0.6666666666666667	0.11769797726729993
20	residue_cofactor	19	67	16	21	46	5	11	20	1.0	0.7200000000000001	0.36363636363636365	0.36363636363636365	-0.32387513781564786
20	residue_cofactor	20	67	16	21	46	5	11	40	10.0	0.7138888888888888	0.5272727272727272	0.49090909090909096	0.050964719143762556
20	residue_cofactor	21	66	17	21	45	5	12	20	100.0	0.5572222222222221	0.775	0.85	0.5092010548749033
20	residue_cofactor	22	66	17	21	45	5	12	40	1.0	0.6572222222222222	0.675	0.7000000000000001	0.3337119062359573
20	residue_cofactor	23	66	17	20	46	6	11	40	1.0	0.5977777777777777	0.5681818181818181	0.6515151515151515	0.13241022442571243
20	residue_cofactor	24	67	16	21	46	5	11	all	0.1	0.5233333333333332	0.7636363636363637	0.7454545454545455	0.49265895172303803
20	residue_cofactor	25	67	16	21	46	5	11	40	10.0	0.7222222222222221	0.5545454545454546	0.4181818181818182	0.15289415743128767
20	residue_residue	1	66	17	21	45	5	12	10	1.0	0.7372222222222222	0.4916666666666667	0.5333333333333333	-0.015430334996209192
20	residue_residue	2	66	17	21	45	5	12	20	0.01	0.5822222222222222	0.7166666666666667	0.7	0.43333333333333335
20	residue_residue	3	66	17	20	46	6	11	5	100.0	0.6455555555555555	0.38636363636363635	0.3181818181818182	-0.22727272727272727
20	residue_residue	4	67	16	21	46	5	11	20	0.01	0.5738888888888889	0.5181818181818182	0.6363636363636365	0.034815531191139566
20	residue_residue	5	67	16	21	46	5	11	5	1.0	0.6127777777777779	0.5090909090909091	0.4545454545454546	0.021591675854376522
20	residue_residue	6	66	17	21	45	5	12	5	0.01	0.5988888888888889	0.6333333333333333	0.65	0.24688535993934707
20	residue_residue	7	66	17	21	45	5	12	50	100.0	0.6555555555555556	0.575	0.45	0.15
20	residue_residue	8	66	17	20	46	6	11	50	10.0	0.6	0.6590909090909092	0.6818181818181818	0.3337119062359573
20	residue_residue	9	67	16	21	46	5	11	20	0.01	0.6444444444444444	0.43636363636363634	0.4727272727272727	-0.12727272727272726
20	residue_residue	10	67	16	21	46	5	11	10	100.0	0.5183333333333333	0.6181818181818182	0.7818181818181819	0.22084711628963774
20	residue_residue	11	66	17	21	45	5	12	20	0.1	0.6605555555555556	0.3916666666666667	0.41666666666666674	-0.20658356100321165
20	residue_residue	12	66	17	21	45	5	12	20	0.01	0.5811111111111111	0.55	0.5166666666666666	0.09128709291752769
20	residue_residue	13	66	17	20	46	6	11	20	100.0	0.45944444444444443	0.5757575757575758	0.5	0.1706971854997297
20	residue_residue	14	67	16	21	46	5	11	10	0.1	0.6833333333333333	0.6636363636363636	0.7090909090909091	0.3133397807202561
20	residue_residue	15	67	16	21	46	5	11	50	0.01	0.5672222222222223	0.7272727272727273	0.9272727272727272	0.45454545454545453
20	residue_residue	16	66	17	21	45	5	12	5	1.0	0.6655555555555555	0.65	0.65	0.27774602993176545
20	residue_residue	17	66	17	21	45	5	12	50	0.01	0.5072222222222221	0.9166666666666667	0.8333333333333334	0.7715167498104596
20	residue_residue	18	66	17	20	46	6	11	50	100.0	0.606111111111111	0.48484848484848486	0.5606060606060606	-0.030303030303030304
20	residue_residue	19	67	16	21	46	5	11	10	0.01	0.6716666666666666	0.5727272727272728	0.5818181818181818	0.13483997249264842
20	residue_residue	20	67	16	21	46	5	11	5	0.1	0.586111111111111	0.4818181818181818	0.29090909090909095	-0.034815531191139566
20	residue_residue	21	66	17	21	45	5	12	20	100.0	0.5316666666666667	0.25	0.4	-0.4767312946227961
20	residue_residue	22	66	17	21	45	5	12	5	10.0	0.5705555555555556	0.5916666666666667	0.7	0.16735967034880075
20	residue_residue	23	66	17	20	46	6	11	20	10.0	0.7261111111111112	0.75	0.5606060606060606	0.6267831705280087
20	residue_residue	24	67	16	21	46	5	11	5	0.01	0.5911111111111111	0.5272727272727272	0.5454545454545454	0.050964719143762556
20	residue_residue	25	67	16	21	46	5	11	5	1.0	0.5588888888888889	0.5636363636363637	0.509090909090909	0.12727272727272726
20	combined_all	1	66	17	21	45	5	12	10	1.0	0.7372222222222222	0.4916666666666667	0.5333333333333333	-0.015430334996209192
20	combined_all	2	66	17	21	45	5	12	20	0.01	0.5511111111111111	0.7333333333333334	0.6666666666666666	0.42600643361512924
20	combined_all	3	66	17	20	46	6	11	5	100.0	0.6455555555555555	0.38636363636363635	0.3181818181818182	-0.22727272727272727
20	combined_all	4	67	16	21	46	5	11	10	0.01	0.565	0.42727272727272725	0.5818181818181818	-0.13483997249264842
20	combined_all	5	67	16	21	46	5	11	5	1.0	0.6127777777777779	0.5090909090909091	0.4545454545454546	0.021591675854376522
20	combined_all	6	66	17	21	45	5	12	5	0.01	0.5988888888888889	0.6333333333333333	0.65	0.24688535993934707
20	combined_all	7	66	17	21	45	5	12	50	100.0	0.6444444444444444	0.575	0.45	0.15
20	combined_all	8	66	17	20	46	6	11	20	0.01	0.5866666666666667	0.6439393939393939	0.696969696969697	0.2878787878787879
20	combined_all	9	67	16	21	46	5	11	50	10.0	0.6666666666666666	0.32727272727272727	0.34545454545454546	-0.32277655457716287
20	combined_all	10	67	16	21	46	5	11	10	100.0	0.5183333333333333	0.6181818181818182	0.7818181818181819	0.22084711628963774
20	combined_all	11	66	17	21	45	5	12	20	0.01	0.6522222222222223	0.45	0.44999999999999996	-0.09128709291752769
20	combined_all	12	66	17	21	45	5	12	20	0.1	0.5783333333333334	0.4916666666666667	0.43333333333333335	-0.015430334996209192
20	combined_all	13	66	17	20	46	6	11	20	100.0	0.47055555555555556	0.5757575757575758	0.5	0.1706971854997297
20	combined_all	14	67	16	21	46	5	11	50	0.1	0.6866666666666668	0.42727272727272725	0.4545454545454546	-0.13483997249264842
20	combined_all	15	67	16	21	46	5	11	50	0.01	0.5672222222222223	0.7727272727272727	0.9090909090909091	0.5222329678670935
20	combined_all	16	66	17	21	45	5	12	5	1.0	0.6655555555555555	0.65	0.65	0.27774602993176545
20	combined_all	17	66	17	21	45	5	12	50	0.01	0.5572222222222221	0.8166666666666667	0.8	0.6038596398555418
20	combined_all	18	66	17	20	46	6	11	20	0.1	0.6022222222222222	0.606060606060606	0.5606060606060606	0.2030905986149808
20	combined_all	19	67	16	21	46	5	11	10	0.01	0.6716666666666666	0.5727272727272728	0.5818181818181818	0.13483997249264842
20	combined_all	20	67	16	21	46	5	11	5	0.1	0.586111111111111	0.4818181818181818	0.29090909090909095	-0.034815531191139566
20	combined_all	21	66	17	21	45	5	12	5	0.01	0.5183333333333333	0.4666666666666667	0.5666666666666667	-0.06356417261637282
20	combined_all	22	66	17	21	45	5	12	5	10.0	0.5705555555555556	0.5916666666666667	0.6000000000000001	0.16735967034880075
20	combined_all	23	66	17	20	46	6	11	20	10.0	0.7261111111111112	0.75	0.5606060606060606	0.6267831705280087
20	combined_all	24	67	16	21	46	5	11	5	0.01	0.5911111111111111	0.5272727272727272	0.5454545454545454	0.050964719143762556
20	combined_all	25	67	16	21	46	5	11	5	1.0	0.5588888888888889	0.5636363636363637	0.509090909090909	0.12727272727272726
21	residue_ligand	1	66	17	20	46	6	11	12	0.1	0.6066666666666667	0.2727272727272727	0.15151515151515152	-0.4767312946227961
21	residue_ligand	2	66	17	21	45	5	12	8	10.0	0.535	0.43333333333333335	0.5	-0.13333333333333333
21	residue_ligand	3	66	17	21	45	5	12	8	100.0	0.47888888888888886	0.35	0.3666666666666667	-0.27774602993176545
21	residue_ligand	4	67	16	21	46	5	11	all	100.0	0.4855555555555555	0.4727272727272727	0.4363636363636364	-0.050964719143762556
21	residue_ligand	5	67	16	21	46	5	11	all	0.1	0.6366666666666666	0.38181818181818183	0.2545454545454546	-0.22084711628963774
21	residue_ligand	6	66	17	20	46	6	11	8	100.0	0.5744444444444444	0.3181818181818182	0.303030303030303	-0.40967324519935133
21	residue_ligand	7	66	17	21	45	5	12	8	1.0	0.4622222222222222	0.6333333333333333	0.5333333333333333	0.24688535993934707
21	residue_ligand	8	66	17	21	45	5	12	all	0.1	0.5016666666666667	0.425	0.4	-0.15
21	residue_ligand	9	67	16	21	46	5	11	12	10.0	0.5744444444444443	0.5181818181818182	0.4181818181818182	0.034815531191139566
21	residue_ligand	10	67	16	21	46	5	11	all	100.0	0.6138888888888889	0.5727272727272728	0.6181818181818182	0.13483997249264842
21	residue_ligand	11	66	17	20	46	6	11	8	100.0	0.5	0.48484848484848486	0.45454545454545453	-0.030303030303030304
21	residue_ligand	12	66	17	21	45	5	12	all	10.0	0.551111111111111	0.525	0.6166666666666667	0.053708615552957466
21	residue_ligand	13	66	17	21	45	5	12	8	100.0	0.5605555555555555	0.2916666666666667	0.13333333333333333	-0.4166666666666667
21	residue_ligand	14	67	16	21	46	5	11	all	100.0	0.46111111111111114	0.4727272727272727	0.5454545454545455	-0.050964719143762556
21	residue_ligand	15	67	16	21	46	5	11	12	10.0	0.6794444444444444	0.42727272727272725	0.5454545454545454	-0.13483997249264842
21	residue_ligand	16	66	17	20	46	6	11	4	10.0	0.5455555555555556	0.356060606060606	0.4393939393939394	-0.2878787878787879
21	residue_ligand	17	66	17	21	45	5	12	8	0.1	0.6844444444444443	0.30833333333333335	0.33333333333333337	-0.34993385618385614
21	residue_ligand	18	66	17	21	45	5	12	12	10.0	0.47666666666666657	0.5916666666666667	0.5	0.16735967034880075
21	residue_ligand	19	67	16	21	46	5	11	12	10.0	0.6444444444444445	0.4181818181818182	0.38181818181818183	-0.16363636363636364
21	residue_ligand	20	67	16	21	46	5	11	12	0.01	0.55	0.5090909090909091	0.6545454545454545	0.021591675854376522
21	residue_ligand	21	66	17	20	46	6	11	all	0.1	0.5627777777777777	0.356060606060606	0.28787878787878785	-0.2878787878787879
21	residue_ligand	22	66	17	21	45	5	12	4	0.01	0.5711111111111111	0.45	0.4	-0.09128709291752769
21	residue_ligand	23	66	17	21	45	5	12	4	0.01	0.5255555555555556	0.5083333333333333	0.4166666666666667	0.015430334996209192
21	residue_ligand	24	67	16	21	46	5	11	8	100.0	0.5972222222222221	0.3727272727272727	0.4	-0.24370871833797697
21	residue_ligand	25	67	16	21	46	5	11	all	1.0	0.6177777777777778	0.3727272727272727	0.3272727272727273	-0.24370871833797697
21	residue_cofactor	1	66	17	20	46	6	11	10	0.01	0.4855555555555555	0.5984848484848485	0.5454545454545454	0.20658356100321165
21	residue_cofactor	2	66	17	21	45	5	12	10	10.0	0.5683333333333334	0.55	0.65	0.09128709291752769
21	residue_cofactor	3	66	17	21	45	5	12	10	1.0	0.57	0.35	0.31666666666666665	-0.27774602993176545
21	residue_cofactor	4	67	16	21	46	5	11	all	10.0	0.5816666666666667	0.6090909090909091	0.5818181818181818	0.23354968324845687
21	residue_cofactor	5	67	16	21	46	5	11	5	0.01	0.6516666666666666	0.38181818181818183	0.34545454545454546	-0.22084711628963774
21	residue_cofactor	6	66	17	20	46	6	11	10	10.0	0.5283333333333333	0.3106060606060606	0.36363636363636365	-0.36780617896031226
21	residue_cofactor	7	66	17	21	45	5	12	10	0.01	0.6305555555555555	0.475	0.5333333333333333	-0.053708615552957466
21	residue_cofactor	8	66	17	21	45	5	12	5	0.01	0.5988888888888889	0.6083333333333334	0.5333333333333333	0.20658356100321165
21	residue_cofactor	9	67	16	21	46	5	11	5	1.0	0.525	0.3727272727272727	0.49090909090909096	-0.24370871833797697
21	residue_cofactor	10	67	16	21	46	5	11	5	0.1	0.6016666666666666	0.3181818181818182	0.27272727272727276	-0.3892494720807615
21	residue_cofactor	11	66	17	20	46	6	11	all	1.0	0.5655555555555555	0.44696969696969696	0.4696969696969697	-0.1194880298498108
21	residue_cofactor	12	66	17	21	45	5	12	20	0.1	0.6677777777777777	0.2916666666666667	0.35	-0.4166666666666667
21	residue_cofactor	13	66	17	21	45	5	12	20	10.0	0.506111111111111	0.775	0.7333333333333334	0.5092010548749033
21	residue_cofactor	14	67	16	21	46	5	11	10	0.01	0.6422222222222221	0.3909090909090909	0.2	-0.23354968324845687
21	residue_cofactor	15	67	16	21	46	5	11	40	10.0	0.5522222222222222	0.4727272727272727	0.5454545454545454	-0.050964719143762556
21	residue_cofactor	16	66	17	20	46	6	11	5	0.1	0.6766666666666666	0.4318181818181818	0.4090909090909091	-0.13241022442571243
21	residue_cofactor	17	66	17	21	45	5	12	40	100.0	0.513888888888889	0.675	0.7666666666666666	0.3337119062359573
21	residue_cofactor	18	66	17	21	45	5	12	20	0.1	0.5405555555555555	0.5333333333333333	0.46666666666666673	0.06356417261637282
21	residue_cofactor	19	67	16	21	46	5	11	all	10.0	0.5511111111111111	0.36363636363636365	0.34545454545454546	-0.32387513781564786
21	residue_cofactor	20	67	16	21	46	5	11	5	0.1	0.5983333333333334	0.32727272727272727	0.21818181818181823	-0.32277655457716287
21	residue_cofactor	21	66	17	20	46	6	11	20	1.0	0.5605555555555555	0.4318181818181818	0.33333333333333337	-0.13241022442571243
21	residue_cofactor	22	66	17	21	45	5	12	20	100.0	0.5633333333333332	0.45	0.4	-0.09128709291752769
21	residue_cofactor	23	66	17	21	45	5	12	all	0.01	0.4833333333333334	0.675	0.5333333333333333	0.3337119062359573
21	residue_cofactor	24	67	16	21	46	5	11	10	1.0	0.5477777777777778	0.4727272727272727	0.45454545454545453	-0.050964719143762556
21	residue_cofactor	25	67	16	21	46	5	11	40	100.0	0.5216666666666667	0.3727272727272727	0.4727272727272728	-0.24370871833797697
21	residue_residue	1	66	17	20	46	6	11	50	10.0	0.5572222222222221	0.5303030303030303	0.6060606060606061	0.06356417261637282
21	residue_residue	2	66	17	21	45	5	12	50	0.1	0.4883333333333333	0.5083333333333333	0.6333333333333333	0.015430334996209192
21	residue_residue	3	66	17	21	45	5	12	5	10.0	0.47333333333333333	0.35	0.25	-0.27774602993176545
21	residue_residue	4	67	16	21	46	5	11	5	0.01	0.6233333333333333	0.32727272727272727	0.3090909090909091	-0.32277655457716287
21	residue_residue	5	67	16	21	46	5	11	50	1.0	0.5811111111111111	0.4181818181818182	0.2727272727272727	-0.16363636363636364
21	residue_residue	6	66	17	20	46	6	11	10	1.0	0.43888888888888883	0.48484848484848486	0.5	-0.030303030303030304
21	residue_residue	7	66	17	21	45	5	12	10	100.0	0.5677777777777777	0.3916666666666667	0.39999999999999997	-0.20658356100321165
21	residue_residue	8	66	17	21	45	5	12	10	0.01	0.5516666666666666	0.5083333333333333	0.4833333333333333	0.015430334996209192
21	residue_residue	9	67	16	21	46	5	11	20	10.0	0.65	0.5090909090909091	0.4545454545454546	0.021591675854376522
21	residue_residue	10	67	16	21	46	5	11	10	100.0	0.6038888888888889	0.42727272727272725	0.4	-0.13483997249264842
21	residue_residue	11	66	17	20	46	6	11	50	100.0	0.705	0.3106060606060606	0.3939393939393939	-0.36780617896031226
21	residue_residue	12	66	17	21	45	5	12	50	0.1	0.5688888888888889	0.475	0.39999999999999997	-0.053708615552957466
21	residue_residue	13	66	17	21	45	5	12	20	0.01	0.5366666666666666	0.55	0.5833333333333334	0.09128709291752769
21	residue_residue	14	67	16	21	46	5	11	10	1.0	0.485	0.32727272727272727	0.4909090909090909	-0.32277655457716287
21	residue_residue	15	67	16	21	46	5	11	20	0.1	0.5788888888888888	0.22727272727272727	0.16363636363636364	-0.5222329678670935
21	residue_residue	16	66	17	20	46	6	11	20	1.0	0.5838888888888889	0.26515151515151514	0.16666666666666669	-0.4497006112188861
21	residue_residue	17	66	17	21	45	5	12	20	100.0	0.4972222222222221	0.375	0.35	-0.29880715233359845
21	residue_residue	18	66	17	21	45	5	12	10	1.0	0.5677777777777777	0.3333333333333333	0.35000000000000003	-0.35805743701971643
21	residue_residue	19	67	16	21	46	5	11	50	0.01	0.6188888888888889	0.42727272727272725	0.45454545454545453	-0.13483997249264842
21	residue_residue	20	67	16	21	46	5	11	20	0.1	0.665	0.3727272727272727	0.20000000000000004	-0.24370871833797697
21	residue_residue	21	66	17	20	46	6	11	50	10.0	0.5105555555555557	0.49242424242424243	0.3636363636363636	-0.018993429409939658
21	residue_residue	22	66	17	21	45	5	12	50	0.01	0.4855555555555555	0.4083333333333333	0.3666666666666667	-0.16735967034880075
21	residue_residue	23	66	17	21	45	5	12	50	10.0	0.45111111111111113	0.5166666666666667	0.35000000000000003	0.03984095364447979
21	residue_residue	24	67	16	21	46	5	11	50	100.0	0.575	0.6545454545454545	0.49090909090909085	0.3670584895244009
21	residue_residue	25	67	16	21	46	5	11	10	0.01	0.6116666666666667	0.5090909090909091	0.5454545454545455	0.021591675854376522
21	combined_all	1	66	17	20	46	6	11	50	10.0	0.5433333333333333	0.5303030303030303	0.6060606060606061	0.06356417261637282
21	combined_all	2	66	17	21	45	5	12	50	0.1	0.4883333333333333	0.5083333333333333	0.6333333333333333	0.015430334996209192
21	combined_all	3	66	17	21	45	5	12	5	10.0	0.47333333333333333	0.35	0.25	-0.27774602993176545
21	combined_all	4	67	16	21	46	5	11	5	0.01	0.6233333333333333	0.32727272727272727	0.3090909090909091	-0.32277655457716287
21	combined_all	5	67	16	21	46	5	11	50	0.01	0.5722222222222222	0.3727272727272727	0.32727272727272727	-0.24370871833797697
21	combined_all	6	66	17	20	46	6	11	10	1.0	0.43888888888888883	0.48484848484848486	0.5	-0.030303030303030304
21	combined_all	7	66	17	21	45	5	12	10	100.0	0.5677777777777777	0.3916666666666667	0.39999999999999997	-0.20658356100321165
21	combined_all	8	66	17	21	45	5	12	10	0.01	0.5516666666666666	0.5083333333333333	0.4833333333333333	0.015430334996209192
21	combined_all	9	67	16	21	46	5	11	20	10.0	0.65	0.5090909090909091	0.4545454545454546	0.021591675854376522
21	combined_all	10	67	16	21	46	5	11	10	100.0	0.6038888888888889	0.42727272727272725	0.4	-0.13483997249264842
21	combined_all	11	66	17	20	46	6	11	50	100.0	0.705	0.356060606060606	0.3939393939393939	-0.2878787878787879
21	combined_all	12	66	17	21	45	5	12	50	0.1	0.5688888888888889	0.475	0.39999999999999997	-0.053708615552957466
21	combined_all	13	66	17	21	45	5	12	20	0.01	0.5366666666666666	0.55	0.5833333333333334	0.09128709291752769
21	combined_all	14	67	16	21	46	5	11	10	1.0	0.51	0.43636363636363634	0.38181818181818183	-0.12727272727272726
21	combined_all	15	67	16	21	46	5	11	20	0.1	0.5788888888888888	0.22727272727272727	0.16363636363636364	-0.5222329678670935
21	combined_all	16	66	17	20	46	6	11	20	10.0	0.5838888888888889	0.3484848484848485	0.15151515151515152	-0.29012942659282975
21	combined_all	17	66	17	21	45	5	12	50	10.0	0.4922222222222222	0.375	0.26666666666666666	-0.29880715233359845
21	combined_all	18	66	17	21	45	5	12	10	1.0	0.5677777777777777	0.3333333333333333	0.35000000000000003	-0.35805743701971643
21	combined_all	19	67	16	21	46	5	11	50	0.01	0.6188888888888889	0.42727272727272725	0.45454545454545453	-0.13483997249264842
21	combined_all	20	67	16	21	46	5	11	50	0.01	0.6633333333333333	0.23636363636363636	0.16363636363636364	-0.49265895172303803
21	combined_all	21	66	17	20	46	6	11	50	10.0	0.5105555555555557	0.49242424242424243	0.3636363636363636	-0.018993429409939658
21	combined_all	22	66	17	21	45	5	12	10	10.0	0.4833333333333334	0.55	0.44999999999999996	0.09128709291752769
21	combined_all	23	66	17	21	45	5	12	50	10.0	0.45111111111111113	0.5166666666666667	0.35000000000000003	0.03984095364447979
21	combined_all	24	67	16	21	46	5	11	50	100.0	0.575	0.6545454545454545	0.5818181818181818	0.3670584895244009
21	combined_all	25	67	16	21	46	5	11	10	0.01	0.6116666666666667	0.5090909090909091	0.5454545454545455	0.021591675854376522
22	residue_ligand	1	66	17	21	45	5	12	8	10.0	0.4961111111111111	0.5333333333333333	0.6333333333333333	0.06356417261637282
22	residue_ligand	2	66	17	21	45	5	12	8	10.0	0.5994444444444443	0.6916666666666667	0.6333333333333333	0.34993385618385614
22	residue_ligand	3	66	17	20	46	6	11	4	0.01	0.6322222222222222	0.3181818181818182	0.27272727272727276	-0.40967324519935133
22	residue_ligand	4	67	16	21	46	5	11	all	1.0	0.6216666666666667	0.42727272727272725	0.5454545454545455	-0.13483997249264842
22	residue_ligand	5	67	16	21	46	5	11	4	10.0	0.5444444444444444	0.5090909090909091	0.2545454545454546	0.021591675854376522
22	residue_ligand	6	66	17	21	45	5	12	8	100.0	0.5894444444444444	0.55	0.5	0.09128709291752769
22	residue_ligand	7	66	17	21	45	5	12	all	1.0	0.5511111111111111	0.5083333333333333	0.41666666666666663	0.015430334996209192
22	residue_ligand	8	66	17	20	46	6	11	all	0.01	0.5555555555555556	0.5303030303030303	0.4545454545454546	0.06356417261637282
22	residue_ligand	9	67	16	21	46	5	11	8	100.0	0.5622222222222222	0.5727272727272728	0.5818181818181819	0.13483997249264842
22	residue_ligand	10	67	16	21	46	5	11	all	0.01	0.5894444444444444	0.6181818181818182	0.5818181818181818	0.22084711628963774
22	residue_ligand	11	66	17	21	45	5	12	4	0.1	0.546111111111111	0.3333333333333333	0.1	-0.35805743701971643
22	residue_ligand	12	66	17	21	45	5	12	8	10.0	0.47555555555555556	0.6166666666666667	0.6333333333333333	0.25064020591380154
22	residue_ligand	13	66	17	20	46	6	11	8	100.0	0.54	0.6136363636363636	0.7424242424242424	0.22727272727272727
22	residue_ligand	14	67	16	21	46	5	11	12	0.01	0.5966666666666667	0.28181818181818186	0.3090909090909091	-0.40451991747794525
22	residue_ligand	15	67	16	21	46	5	11	all	100.0	0.48166666666666663	0.7181818181818183	0.7636363636363637	0.40451991747794525
22	residue_ligand	16	66	17	21	45	5	12	8	1.0	0.5788888888888888	0.5166666666666667	0.3	0.03984095364447979
22	residue_ligand	17	66	17	21	45	5	12	12	10.0	0.5650000000000001	0.4083333333333333	0.35000000000000003	-0.16735967034880075
22	residue_ligand	18	66	17	20	46	6	11	4	10.0	0.5533333333333333	0.606060606060606	0.5909090909090908	0.2030905986149808
22	residue_ligand	19	67	16	21	46	5	11	all	10.0	0.5155555555555555	0.4181818181818182	0.3090909090909091	-0.16363636363636364
22	residue_ligand	20	67	16	21	46	5	11	12	1.0	0.4605555555555555	0.7727272727272727	0.7272727272727273	0.5222329678670935
22	residue_ligand	21	66	17	21	45	5	12	12	100.0	0.6627777777777777	0.3916666666666667	0.4	-0.20658356100321165
22	residue_ligand	22	66	17	21	45	5	12	12	100.0	0.47888888888888886	0.4916666666666667	0.6333333333333333	-0.015430334996209192
22	residue_ligand	23	66	17	20	46	6	11	all	0.01	0.5294444444444444	0.4015151515151515	0.3484848484848485	-0.20658356100321165
22	residue_ligand	24	67	16	21	46	5	11	all	1.0	0.5905555555555555	0.5181818181818182	0.6363636363636365	0.034815531191139566
22	residue_ligand	25	67	16	21	46	5	11	12	100.0	0.5933333333333334	0.6727272727272727	0.6363636363636365	0.32277655457716287
22	residue_cofactor	1	66	17	21	45	5	12	10	1.0	0.45666666666666667	0.6333333333333333	0.6666666666666666	0.24688535993934707
22	residue_cofactor	2	66	17	21	45	5	12	5	0.01	0.5127777777777777	0.6166666666666667	0.7166666666666667	0.25064020591380154
22	residue_cofactor	3	66	17	20	46	6	11	all	0.01	0.6622222222222222	0.4772727272727273	0.30303030303030304	-0.04351941398892446
22	residue_cofactor	4	67	16	21	46	5	11	40	0.1	0.531111111111111	0.4727272727272727	0.5272727272727273	-0.050964719143762556
22	residue_cofactor	5	67	16	21	46	5	11	10	1.0	0.58	0.28181818181818186	0.2727272727272727	-0.40451991747794525
22	residue_cofactor	6	66	17	21	45	5	12	5	0.01	0.6261111111111111	0.4083333333333333	0.3833333333333333	-0.16735967034880075
22	residue_cofactor	7	66	17	21	45	5	12	10	0.01	0.4905555555555555	0.6166666666666667	0.5499999999999999	0.25064020591380154
22	residue_cofactor	8	66	17	20	46	6	11	5	1.0	0.6227777777777777	0.4772727272727273	0.5757575757575757	-0.04351941398892446
22	residue_cofactor	9	67	16	21	46	5	11	40	100.0	0.5783333333333334	0.32727272727272727	0.21818181818181817	-0.32277655457716287
22	residue_cofactor	10	67	16	21	46	5	11	20	100.0	0.5761111111111111	0.6181818181818182	0.5818181818181818	0.22084711628963774
22	residue_cofactor	11	66	17	21	45	5	12	10	0.01	0.6594444444444443	0.35	0.2666666666666667	-0.27774602993176545
22	residue_cofactor	12	66	17	21	45	5	12	all	0.1	0.5133333333333333	0.5083333333333333	0.5666666666666667	0.015430334996209192
22	residue_cofactor	13	66	17	20	46	6	11	40	1.0	0.5844444444444444	0.44696969696969696	0.4696969696969697	-0.1194880298498108
22	residue_cofactor	14	67	16	21	46	5	11	5	1.0	0.5877777777777778	0.3727272727272727	0.4181818181818182	-0.24370871833797697
22	residue_cofactor	15	67	16	21	46	5	11	20	1.0	0.5	0.5181818181818182	0.7090909090909091	0.034815531191139566
22	residue_cofactor	16	66	17	21	45	5	12	40	0.01	0.5677777777777777	0.3916666666666667	0.36666666666666664	-0.20658356100321165
22	residue_cofactor	17	66	17	21	45	5	12	5	0.01	0.635	0.4083333333333333	0.31666666666666665	-0.16735967034880075
22	residue_cofactor	18	66	17	20	46	6	11	20	100.0	0.5094444444444444	0.48484848484848486	0.6515151515151515	-0.030303030303030304
22	residue_cofactor	19	67	16	21	46	5	11	20	0.1	0.7072222222222222	0.4727272727272727	0.41818181818181815	-0.050964719143762556
22	residue_cofactor	20	67	16	21	46	5	11	5	0.1	0.5422222222222223	0.42727272727272725	0.3090909090909091	-0.13483997249264842
22	residue_cofactor	21	66	17	21	45	5	12	10	1.0	0.5733333333333333	0.6333333333333333	0.5499999999999999	0.24688535993934707
22	residue_cofactor	22	66	17	21	45	5	12	40	1.0	0.6333333333333332	0.3333333333333333	0.16666666666666669	-0.35805743701971643
22	residue_cofactor	23	66	17	20	46	6	11	40	10.0	0.4416666666666666	0.48484848484848486	0.3787878787878788	-0.030303030303030304
22	residue_cofactor	24	67	16	21	46	5	11	5	10.0	0.5411111111111111	0.5181818181818182	0.6181818181818182	0.034815531191139566
22	residue_cofactor	25	67	16	21	46	5	11	all	0.01	0.505	0.5181818181818182	0.4181818181818182	0.034815531191139566
22	residue_residue	1	66	17	21	45	5	12	20	1.0	0.5433333333333333	0.7583333333333333	0.7666666666666668	0.5549890273805606
22	residue_residue	2	66	17	21	45	5	12	50	10.0	0.513888888888889	0.45	0.3666666666666667	-0.09128709291752769
22	residue_residue	3	66	17	20	46	6	11	50	100.0	0.5166666666666666	0.43939393939393934	0.4242424242424242	-0.11769797726729993
22	residue_residue	4	67	16	21	46	5	11	20	1.0	0.5022222222222222	0.19090909090909092	0.14545454545454545	-0.5918640302493726
22	residue_residue	5	67	16	21	46	5	11	20	10.0	0.5322222222222222	0.5272727272727272	0.509090909090909	0.050964719143762556
22	residue_residue	6	66	17	21	45	5	12	50	1.0	0.5705555555555556	0.3666666666666667	0.4166666666666667	-0.24688535993934707
22	residue_residue	7	66	17	21	45	5	12	10	0.01	0.5183333333333333	0.575	0.35	0.15
22	residue_residue	8	66	17	20	46	6	11	20	1.0	0.5561111111111112	0.6212121212121212	0.6363636363636364	0.3038948705590345
22	residue_residue	9	67	16	21	46	5	11	10	1.0	0.6227777777777777	0.33636363636363636	0.32727272727272727	-0.3133397807202561
22	residue_residue	10	67	16	21	46	5	11	20	10.0	0.5116666666666667	0.23636363636363636	0.2363636363636364	-0.49265895172303803
22	residue_residue	11	66	17	21	45	5	12	50	0.1	0.5422222222222223	0.5166666666666667	0.7	0.03984095364447979
22	residue_residue	12	66	17	21	45	5	12	10	100.0	0.6133333333333333	0.6333333333333333	0.7	0.24688535993934707
22	residue_residue	13	66	17	20	46	6	11	50	10.0	0.5261111111111111	0.6590909090909092	0.5909090909090909	0.3337119062359573
22	residue_residue	14	67	16	21	46	5	11	5	1.0	0.5055555555555555	0.42727272727272725	0.4	-0.13483997249264842
22	residue_residue	15	67	16	21	46	5	11	10	1.0	0.5827777777777777	0.6090909090909091	0.7272727272727272	0.23354968324845687
22	residue_residue	16	66	17	21	45	5	12	5	1.0	0.5427777777777778	0.4166666666666667	0.4	-0.23570226039551584
22	residue_residue	17	66	17	21	45	5	12	20	100.0	0.4027777777777778	0.4166666666666667	0.21666666666666667	-0.23570226039551584
22	residue_residue	18	66	17	20	46	6	11	5	0.01	0.46777777777777774	0.5227272727272727	0.5303030303030303	0.04351941398892446
22	residue_residue	19	67	16	21	46	5	11	50	0.1	0.6005555555555555	0.6636363636363636	0.6727272727272727	0.3133397807202561
22	residue_residue	20	67	16	21	46	5	11	50	100.0	0.5277777777777778	0.28181818181818186	0.2545454545454546	-0.40451991747794525
22	residue_residue	21	66	17	21	45	5	12	5	0.01	0.5488888888888889	0.45	0.5	-0.09128709291752769
22	residue_residue	22	66	17	21	45	5	12	5	0.01	0.5433333333333333	0.5083333333333333	0.41666666666666663	0.015430334996209192
22	residue_residue	23	66	17	20	46	6	11	50	0.01	0.5633333333333334	0.5606060606060606	0.5303030303030303	0.11769797726729993
22	residue_residue	24	67	16	21	46	5	11	10	10.0	0.4955555555555556	0.6636363636363636	0.709090909090909	0.3133397807202561
22	residue_residue	25	67	16	21	46	5	11	10	0.1	0.643888888888889	0.6727272727272727	0.6363636363636364	0.32277655457716287
22	combined_all	1	66	17	21	45	5	12	20	1.0	0.5433333333333333	0.7583333333333333	0.7666666666666668	0.5549890273805606
22	combined_all	2	66	17	21	45	5	12	50	10.0	0.513888888888889	0.45	0.3666666666666667	-0.09128709291752769
22	combined_all	3	66	17	20	46	6	11	50	100.0	0.49944444444444447	0.43939393939393934	0.4545454545454545	-0.11769797726729993
22	combined_all	4	67	16	21	46	5	11	20	1.0	0.5022222222222222	0.19090909090909092	0.14545454545454545	-0.5918640302493726
22	combined_all	5	67	16	21	46	5	11	50	1.0	0.5227777777777778	0.42727272727272725	0.4909090909090909	-0.13483997249264842
22	combined_all	6	66	17	21	45	5	12	50	1.0	0.5705555555555556	0.4083333333333333	0.43333333333333335	-0.16735967034880075
22	combined_all	7	66	17	21	45	5	12	20	0.01	0.5205555555555555	0.35	0.3833333333333333	-0.27774602993176545
22	combined_all	8	66	17	20	46	6	11	20	1.0	0.5449999999999999	0.6212121212121212	0.6363636363636364	0.3038948705590345
22	combined_all	9	67	16	21	46	5	11	10	1.0	0.6227777777777777	0.33636363636363636	0.32727272727272727	-0.3133397807202561
22	combined_all	10	67	16	21	46	5	11	20	10.0	0.5116666666666667	0.23636363636363636	0.2363636363636364	-0.49265895172303803
22	combined_all	11	66	17	21	45	5	12	50	1.0	0.5394444444444444	0.5583333333333333	0.7666666666666666	0.1649915822768611
22	combined_all	12	66	17	21	45	5	12	10	100.0	0.6133333333333333	0.6333333333333333	0.7	0.24688535993934707
22	combined_all	13	66	17	20	46	6	11	50	100.0	0.525	0.6590909090909092	0.5909090909090909	0.3337119062359573
22	combined_all	14	67	16	21	46	5	11	50	0.01	0.5155555555555555	0.5818181818181818	0.4727272727272728	0.16363636363636364
22	combined_all	15	67	16	21	46	5	11	10	1.0	0.5827777777777777	0.6090909090909091	0.7272727272727272	0.23354968324845687
22	combined_all	16	66	17	21	45	5	12	5	1.0	0.5288888888888889	0.4166666666666667	0.4	-0.23570226039551584
22	combined_all	17	66	17	21	45	5	12	20	1.0	0.4027777777777778	0.375	0.18333333333333335	-0.29880715233359845
22	combined_all	18	66	17	20	46	6	11	5	0.01	0.4788888888888888	0.5227272727272727	0.5303030303030303	0.04351941398892446
22	combined_all	19	67	16	21	46	5	11	50	10.0	0.5966666666666666	0.7090909090909091	0.7090909090909091	0.41818181818181815
22	combined_all	20	67	16	21	46	5	11	50	100.0	0.5388888888888889	0.28181818181818186	0.2545454545454546	-0.40451991747794525
22	combined_all	21	66	17	21	45	5	12	5	0.01	0.5488888888888889	0.45	0.5	-0.09128709291752769
22	combined_all	22	66	17	21	45	5	12	5	0.01	0.5433333333333333	0.5083333333333333	0.41666666666666663	0.015430334996209192
22	combined_all	23	66	17	20	46	6	11	50	0.01	0.5633333333333334	0.4772727272727273	0.5	-0.04351941398892446
22	combined_all	24	67	16	21	46	5	11	10	10.0	0.4955555555555556	0.6636363636363636	0.709090909090909	0.3133397807202561
22	combined_all	25	67	16	21	46	5	11	10	0.1	0.643888888888889	0.6727272727272727	0.6363636363636364	0.32277655457716287
23	residue_ligand	1	66	17	20	46	6	11	8	10.0	0.6127777777777779	0.4318181818181818	0.4242424242424242	-0.13241022442571243
23	residue_ligand	2	66	17	21	45	5	12	8	0.01	0.4955555555555556	0.3666666666666667	0.45000000000000007	-0.24688535993934707
23	residue_ligand	3	66	17	21	45	5	12	8	10.0	0.5599999999999999	0.3916666666666667	0.3	-0.20658356100321165
23	residue_ligand	4	67	16	21	46	5	11	all	100.0	0.4622222222222222	0.32727272727272727	0.5636363636363637	-0.32277655457716287
23	residue_ligand	5	67	16	21	46	5	11	all	1.0	0.55	0.32727272727272727	0.38181818181818183	-0.32277655457716287
23	residue_ligand	6	66	17	20	46	6	11	12	100.0	0.5866666666666667	0.6515151515151515	0.712121212121212	0.29012942659282975
23	residue_ligand	7	66	17	21	45	5	12	all	100.0	0.6094444444444445	0.6083333333333334	0.6	0.20658356100321165
23	residue_ligand	8	66	17	21	45	5	12	12	10.0	0.5477777777777778	0.4916666666666667	0.5	-0.015430334996209192
23	residue_ligand	9	67	16	21	46	5	11	4	10.0	0.5338888888888889	0.22727272727272727	0.34545454545454546	-0.5222329678670935
23	residue_ligand	10	67	16	21	46	5	11	4	1.0	0.4333333333333333	0.43636363636363634	0.4727272727272727	-0.12727272727272726
23	residue_ligand	11	66	17	20	46	6	11	all	1.0	0.5383333333333333	0.4772727272727273	0.5454545454545454	-0.04351941398892446
23	residue_ligand	12	66	17	21	45	5	12	12	1.0	0.5377777777777778	0.5916666666666667	0.5333333333333333	0.16735967034880075
23	residue_ligand	13	66	17	21	45	5	12	all	10.0	0.5744444444444445	0.30833333333333335	0.3833333333333333	-0.34993385618385614
23	residue_ligand	14	67	16	21	46	5	11	12	10.0	0.5555555555555556	0.42727272727272725	0.4000000000000001	-0.13483997249264842
23	residue_ligand	15	67	16	21	46	5	11	all	100.0	0.5194444444444444	0.4727272727272727	0.6181818181818182	-0.050964719143762556
23	residue_ligand	16	66	17	20	46	6	11	all	10.0	0.61	0.4015151515151515	0.28787878787878785	-0.20658356100321165
23	residue_ligand	17	66	17	21	45	5	12	all	100.0	0.5894444444444444	0.20833333333333334	0.2	-0.5400617248673217
23	residue_ligand	18	66	17	21	45	5	12	8	10.0	0.5199999999999999	0.775	0.7666666666666667	0.5092010548749033
23	residue_ligand	19	67	16	21	46	5	11	12	1.0	0.4488888888888889	0.6636363636363636	0.6181818181818182	0.3133397807202561
23	residue_ligand	20	67	16	21	46	5	11	12	10.0	0.5966666666666666	0.4636363636363636	0.5454545454545454	-0.0778498944161523
23	residue_ligand	21	66	17	20	46	6	11	8	1.0	0.681111111111111	0.3939393939393939	0.3181818181818182	-0.2030905986149808
23	residue_ligand	22	66	17	21	45	5	12	all	100.0	0.6466666666666667	0.35	0.2666666666666667	-0.27774602993176545
23	residue_ligand	23	66	17	21	45	5	12	8	100.0	0.47666666666666657	0.35	0.4	-0.27774602993176545
23	residue_ligand	24	67	16	21	46	5	11	all	1.0	0.49333333333333335	0.5090909090909091	0.6363636363636364	0.021591675854376522
23	residue_ligand	25	67	16	21	46	5	11	8	0.01	0.6138888888888889	0.4727272727272727	0.21818181818181817	-0.050964719143762556
23	residue_cofactor	1	66	17	20	46	6	11	5	1.0	0.49111111111111116	0.5681818181818181	0.6060606060606061	0.13241022442571243
23	residue_cofactor	2	66	17	21	45	5	12	all	10.0	0.6288888888888889	0.4916666666666667	0.4666666666666667	-0.015430334996209192
23	residue_cofactor	3	66	17	21	45	5	12	40	0.1	0.6199999999999999	0.45	0.45	-0.09128709291752769
23	residue_cofactor	4	67	16	21	46	5	11	5	0.1	0.5894444444444444	0.42727272727272725	0.4363636363636364	-0.13483997249264842
23	residue_cofactor	5	67	16	21	46	5	11	all	0.1	0.5022222222222222	0.3727272727272727	0.5454545454545455	-0.24370871833797697
23	residue_cofactor	6	66	17	20	46	6	11	20	100.0	0.4377777777777777	0.606060606060606	0.5151515151515151	0.2030905986149808
23	residue_cofactor	7	66	17	21	45	5	12	5	0.01	0.6072222222222223	0.5083333333333333	0.4833333333333333	0.015430334996209192
23	residue_cofactor	8	66	17	21	45	5	12	all	1.0	0.6283333333333333	0.65	0.6166666666666667	0.27774602993176545
23	residue_cofactor	9	67	16	21	46	5	11	all	1.0	0.5977777777777777	0.2727272727272727	0.2181818181818182	-0.45454545454545453
23	residue_cofactor	10	67	16	21	46	5	11	40	10.0	0.5244444444444444	0.6090909090909091	0.6181818181818182	0.23354968324845687
23	residue_cofactor	11	66	17	20	46	6	11	10	1.0	0.6461111111111111	0.43939393939393934	0.5	-0.11769797726729993
23	residue_cofactor	12	66	17	21	45	5	12	40	100.0	0.5938888888888889	0.5166666666666667	0.5666666666666667	0.03984095364447979
23	residue_cofactor	13	66	17	21	45	5	12	all	10.0	0.5933333333333334	0.5166666666666667	0.30000000000000004	0.03984095364447979
23	residue_cofactor	14	67	16	21	46	5	11	10	10.0	0.5816666666666667	0.5181818181818182	0.4727272727272728	0.034815531191139566
23	residue_cofactor	15	67	16	21	46	5	11	all	10.0	0.5777777777777777	0.42727272727272725	0.4545454545454546	-0.13483997249264842
23	residue_cofactor	16	66	17	20	46	6	11	40	0.1	0.6016666666666667	0.303030303030303	0.28787878787878785	-0.3825184261187248
23	residue_cofactor	17	66	17	21	45	5	12	20	1.0	0.6144444444444443	0.3916666666666667	0.30000000000000004	-0.20658356100321165
23	residue_cofactor	18	66	17	21	45	5	12	all	0.01	0.5438888888888889	0.475	0.5166666666666666	-0.053708615552957466
23	residue_cofactor	19	67	16	21	46	5	11	all	100.0	0.63	0.6181818181818182	0.6727272727272727	0.22084711628963774
23	residue_cofactor	20	67	16	21	46	5	11	all	0.1	0.4927777777777778	0.3727272727272727	0.4545454545454546	-0.24370871833797697
23	residue_cofactor	21	66	17	20	46	6	11	10	100.0	0.6138888888888888	0.4015151515151515	0.3333333333333333	-0.20658356100321165
23	residue_cofactor	22	66	17	21	45	5	12	all	10.0	0.5094444444444444	0.475	0.6000000000000001	-0.053708615552957466
23	residue_cofactor	23	66	17	21	45	5	12	5	0.01	0.5827777777777777	0.4916666666666667	0.5166666666666666	-0.015430334996209192
23	residue_cofactor	24	67	16	21	46	5	11	5	10.0	0.6183333333333334	0.6727272727272727	0.5272727272727272	0.32277655457716287
23	residue_cofactor	25	67	16	21	46	5	11	all	0.1	0.5488888888888889	0.43636363636363634	0.5454545454545454	-0.12727272727272726
23	residue_residue	1	66	17	20	46	6	11	50	1.0	0.5627777777777778	0.5303030303030303	0.5757575757575758	0.06356417261637282
23	residue_residue	2	66	17	21	45	5	12	50	10.0	0.6538888888888889	0.5583333333333333	0.4666666666666667	0.1649915822768611
23	residue_residue	3	66	17	21	45	5	12	50	100.0	0.5816666666666667	0.325	0.16666666666666669	-0.3337119062359573
23	residue_residue	4	67	16	21	46	5	11	50	10.0	0.5305555555555556	0.5727272727272728	0.509090909090909	0.13483997249264842
23	residue_residue	5	67	16	21	46	5	11	20	0.01	0.5905555555555555	0.3181818181818182	0.3090909090909091	-0.3892494720807615
23	residue_residue	6	66	17	20	46	6	11	10	0.01	0.6549999999999999	0.43939393939393934	0.4545454545454546	-0.11769797726729993
23	residue_residue	7	66	17	21	45	5	12	20	10.0	0.6172222222222221	0.4083333333333333	0.45	-0.16735967034880075
23	residue_residue	8	66	17	21	45	5	12	50	10.0	0.61	0.65	0.5833333333333334	0.27774602993176545
23	residue_residue	9	67	16	21	46	5	11	10	100.0	0.4733333333333333	0.5545454545454546	0.709090909090909	0.15289415743128767
23	residue_residue	10	67	16	21	46	5	11	20	100.0	0.5	0.5545454545454546	0.36363636363636365	0.15289415743128767
23	residue_residue	11	66	17	20	46	6	11	50	0.1	0.5294444444444444	0.606060606060606	0.5454545454545454	0.2030905986149808
23	residue_residue	12	66	17	21	45	5	12	10	100.0	0.5983333333333333	0.3333333333333333	0.33333333333333337	-0.35805743701971643
23	residue_residue	13	66	17	21	45	5	12	20	1.0	0.5433333333333332	0.675	0.6	0.3337119062359573
23	residue_residue	14	67	16	21	46	5	11	50	100.0	0.5888888888888889	0.6545454545454545	0.7272727272727273	0.3670584895244009
23	residue_residue	15	67	16	21	46	5	11	50	0.1	0.5527777777777778	0.32727272727272727	0.2363636363636364	-0.32277655457716287
23	residue_residue	16	66	17	20	46	6	11	5	100.0	0.5133333333333333	0.6893939393939394	0.6515151515151515	0.36780617896031226
23	residue_residue	17	66	17	21	45	5	12	10	0.1	0.6299999999999999	0.35	0.3	-0.27774602993176545
23	residue_residue	18	66	17	21	45	5	12	50	0.01	0.5438888888888889	0.5166666666666667	0.4833333333333334	0.03984095364447979
23	residue_residue	19	67	16	21	46	5	11	50	1.0	0.5694444444444444	0.6727272727272727	0.6181818181818183	0.32277655457716287
23	residue_residue	20	67	16	21	46	5	11	20	100.0	0.6	0.8	0.7818181818181819	0.7125253031944253
23	residue_residue	21	66	17	20	46	6	11	20	10.0	0.5877777777777777	0.44696969696969696	0.33333333333333337	-0.1194880298498108
23	residue_residue	22	66	17	21	45	5	12	10	0.01	0.6299999999999999	0.4916666666666667	0.5166666666666667	-0.015430334996209192
23	residue_residue	23	66	17	21	45	5	12	20	1.0	0.6377777777777778	0.43333333333333335	0.23333333333333334	-0.13333333333333333
23	residue_residue	24	67	16	21	46	5	11	20	1.0	0.5661111111111111	0.4727272727272727	0.5454545454545454	-0.050964719143762556
23	residue_residue	25	67	16	21	46	5	11	5	0.01	0.5544444444444444	0.4818181818181818	0.4909090909090909	-0.034815531191139566
23	combined_all	1	66	17	20	46	6	11	50	1.0	0.5516666666666666	0.5303030303030303	0.5757575757575758	0.06356417261637282
23	combined_all	2	66	17	21	45	5	12	50	10.0	0.6538888888888889	0.5583333333333333	0.4666666666666667	0.1649915822768611
23	combined_all	3	66	17	21	45	5	12	50	100.0	0.5594444444444443	0.325	0.16666666666666669	-0.3337119062359573
23	combined_all	4	67	16	21	46	5	11	50	100.0	0.5416666666666666	0.5272727272727272	0.5454545454545454	0.050964719143762556
23	combined_all	5	67	16	21	46	5	11	20	0.01	0.5794444444444444	0.3181818181818182	0.3090909090909091	-0.3892494720807615
23	combined_all	6	66	17	20	46	6	11	10	0.01	0.6549999999999999	0.43939393939393934	0.4545454545454546	-0.11769797726729993
23	combined_all	7	66	17	21	45	5	12	20	10.0	0.6172222222222221	0.4083333333333333	0.45	-0.16735967034880075
23	combined_all	8	66	17	21	45	5	12	50	0.01	0.6016666666666667	0.4666666666666667	0.41666666666666663	-0.06356417261637282
23	combined_all	9	67	16	21	46	5	11	10	100.0	0.4733333333333333	0.5545454545454546	0.709090909090909	0.15289415743128767
23	combined_all	10	67	16	21	46	5	11	20	100.0	0.5	0.5545454545454546	0.36363636363636365	0.15289415743128767
23	combined_all	11	66	17	20	46	6	11	50	0.01	0.5533333333333332	0.4772727272727273	0.5151515151515151	-0.04351941398892446
23	combined_all	12	66	17	21	45	5	12	10	100.0	0.5983333333333333	0.3333333333333333	0.33333333333333337	-0.35805743701971643
23	combined_all	13	66	17	21	45	5	12	20	1.0	0.5433333333333332	0.675	0.6	0.3337119062359573
23	combined_all	14	67	16	21	46	5	11	50	100.0	0.5888888888888889	0.7545454545454545	0.7454545454545454	0.5449492609130661
23	combined_all	15	67	16	21	46	5	11	50	0.1	0.5527777777777778	0.32727272727272727	0.2363636363636364	-0.32277655457716287
23	combined_all	16	66	17	20	46	6	11	50	10.0	0.4844444444444444	0.5227272727272727	0.5303030303030303	0.04351941398892446
23	combined_all	17	66	17	21	45	5	12	10	0.1	0.6411111111111112	0.4916666666666667	0.31666666666666665	-0.015430334996209192
23	combined_all	18	66	17	21	45	5	12	50	100.0	0.5633333333333334	0.575	0.43333333333333335	0.15
23	combined_all	19	67	16	21	46	5	11	50	1.0	0.5694444444444444	0.6727272727272727	0.6181818181818183	0.32277655457716287
23	combined_all	20	67	16	21	46	5	11	20	100.0	0.615	0.8	0.7818181818181819	0.7125253031944253
23	combined_all	21	66	17	20	46	6	11	20	10.0	0.5877777777777777	0.44696969696969696	0.33333333333333337	-0.1194880298498108
23	combined_all	22	66	17	21	45	5	12	10	0.01	0.6299999999999999	0.4916666666666667	0.5166666666666667	-0.015430334996209192
23	combined_all	23	66	17	21	45	5	12	20	1.0	0.6377777777777778	0.43333333333333335	0.23333333333333334	-0.13333333333333333
23	combined_all	24	67	16	21	46	5	11	50	0.1	0.5605555555555556	0.5727272727272728	0.5818181818181819	0.13483997249264842
23	combined_all	25	67	16	21	46	5	11	5	0.01	0.5544444444444444	0.4818181818181818	0.4909090909090909	-0.034815531191139566
24	residue_ligand	1	66	17	20	46	6	11	4	0.01	0.6572222222222223	0.3484848484848485	0.5151515151515151	-0.29012942659282975
24	residue_ligand	2	66	17	21	45	5	12	12	0.01	0.5538888888888889	0.5083333333333333	0.5166666666666666	0.015430334996209192
24	residue_ligand	3	66	17	21	45	5	12	8	0.01	0.5211111111111111	0.5083333333333333	0.6	0.015430334996209192
24	residue_ligand	4	67	16	21	46	5	11	all	100.0	0.6566666666666666	0.5727272727272728	0.6	0.13483997249264842
24	residue_ligand	5	67	16	21	46	5	11	4	1.0	0.6022222222222222	0.4727272727272727	0.4181818181818182	-0.050964719143762556
24	residue_ligand	6	66	17	20	46	6	11	8	0.01	0.6233333333333333	0.4318181818181818	0.4696969696969696	-0.13241022442571243
24	residue_ligand	7	66	17	21	45	5	12	8	0.1	0.6305555555555554	0.4083333333333333	0.3833333333333333	-0.16735967034880075
24	residue_ligand	8	66	17	21	45	5	12	4	0.01	0.5183333333333333	0.775	0.8833333333333333	0.5092010548749033
24	residue_ligand	9	67	16	21	46	5	11	4	10.0	0.45666666666666667	0.7181818181818183	0.6181818181818182	0.40451991747794525
24	residue_ligand	10	67	16	21	46	5	11	all	0.01	0.6444444444444444	0.38181818181818183	0.2545454545454545	-0.22084711628963774
24	residue_ligand	11	66	17	20	46	6	11	12	0.1	0.5488888888888889	0.6893939393939394	0.7878787878787878	0.36780617896031226
24	residue_ligand	12	66	17	21	45	5	12	8	10.0	0.6183333333333333	0.45	0.33333333333333337	-0.09128709291752769
24	residue_ligand	13	66	17	21	45	5	12	all	0.01	0.6205555555555555	0.3333333333333333	0.31666666666666665	-0.35805743701971643
24	residue_ligand	14	67	16	21	46	5	11	8	0.01	0.6833333333333333	0.28181818181818186	0.23636363636363636	-0.40451991747794525
24	residue_ligand	15	67	16	21	46	5	11	4	1.0	0.48666666666666664	0.6272727272727273	0.5818181818181818	0.24370871833797697
24	residue_ligand	16	66	17	20	46	6	11	4	10.0	0.6155555555555556	0.4772727272727273	0.40909090909090906	-0.04351941398892446
24	residue_ligand	17	66	17	21	45	5	12	8	0.01	0.5794444444444444	0.5666666666666667	0.5666666666666667	0.13333333333333333
24	residue_ligand	18	66	17	21	45	5	12	4	0.1	0.5794444444444444	0.6916666666666667	0.55	0.34993385618385614
24	residue_ligand	19	67	16	21	46	5	11	all	100.0	0.5283333333333333	0.3727272727272727	0.43636363636363645	-0.24370871833797697
24	residue_ligand	20	67	16	21	46	5	11	8	0.01	0.5611111111111111	0.5272727272727272	0.6545454545454545	0.050964719143762556
24	residue_ligand	21	66	17	20	46	6	11	12	0.01	0.5772222222222222	0.4772727272727273	0.46969696969696967	-0.04351941398892446
24	residue_ligand	22	66	17	21	45	5	12	12	0.01	0.5405555555555556	0.7083333333333334	0.41666666666666663	0.4166666666666667
24	residue_ligand	23	66	17	21	45	5	12	8	0.1	0.5822222222222222	0.4083333333333333	0.4	-0.16735967034880075
24	residue_ligand	24	67	16	21	46	5	11	4	10.0	0.48	0.7272727272727273	0.6000000000000001	0.45454545454545453
24	residue_ligand	25	67	16	21	46	5	11	12	1.0	0.5738888888888889	0.5090909090909091	0.509090909090909	0.021591675854376522
24	residue_cofactor	1	66	17	20	46	6	11	5	0.01	0.5983333333333333	0.46969696969696967	0.5909090909090909	-0.06356417261637282
24	residue_cofactor	2	66	17	21	45	5	12	10	0.1	0.5322222222222222	0.5916666666666667	0.5833333333333334	0.16735967034880075
24	residue_cofactor	3	66	17	21	45	5	12	all	0.1	0.5238888888888888	0.3916666666666667	0.33333333333333337	-0.20658356100321165
24	residue_cofactor	4	67	16	21	46	5	11	5	1.0	0.6516666666666666	0.36363636363636365	0.43636363636363634	-0.32387513781564786
24	residue_cofactor	5	67	16	21	46	5	11	5	0.1	0.5416666666666666	0.5181818181818182	0.5818181818181818	0.034815531191139566
24	residue_cofactor	6	66	17	20	46	6	11	5	1.0	0.5194444444444444	0.5681818181818181	0.5151515151515151	0.13241022442571243
24	residue_cofactor	7	66	17	21	45	5	12	10	0.1	0.5038888888888888	0.4916666666666667	0.4666666666666667	-0.015430334996209192
24	residue_cofactor	8	66	17	21	45	5	12	20	100.0	0.5838888888888889	0.475	0.4333333333333333	-0.053708615552957466
24	residue_cofactor	9	67	16	21	46	5	11	20	100.0	0.5727777777777778	0.33636363636363636	0.38181818181818183	-0.3133397807202561
24	residue_cofactor	10	67	16	21	46	5	11	5	0.01	0.5855555555555556	0.5181818181818182	0.5454545454545454	0.034815531191139566
24	residue_cofactor	11	66	17	20	46	6	11	5	100.0	0.5744444444444443	0.49242424242424243	0.5454545454545454	-0.018993429409939658
24	residue_cofactor	12	66	17	21	45	5	12	5	0.01	0.6211111111111112	0.26666666666666666	0.25000000000000006	-0.42600643361512924
24	residue_cofactor	13	66	17	21	45	5	12	40	1.0	0.4505555555555555	0.6916666666666667	0.7333333333333334	0.34993385618385614
24	residue_cofactor	14	67	16	21	46	5	11	5	0.1	0.6233333333333333	0.38181818181818183	0.38181818181818183	-0.22084711628963774
24	residue_cofactor	15	67	16	21	46	5	11	10	0.01	0.5772222222222222	0.28181818181818186	0.2	-0.40451991747794525
24	residue_cofactor	16	66	17	20	46	6	11	20	10.0	0.5994444444444444	0.43939393939393934	0.3484848484848485	-0.11769797726729993
24	residue_cofactor	17	66	17	21	45	5	12	5	0.01	0.5988888888888889	0.4083333333333333	0.35	-0.16735967034880075
24	residue_cofactor	18	66	17	21	45	5	12	5	0.1	0.5455555555555556	0.6916666666666667	0.6333333333333333	0.34993385618385614
24	residue_cofactor	19	67	16	21	46	5	11	20	1.0	0.6388888888888887	0.3181818181818182	0.21818181818181817	-0.3892494720807615
24	residue_cofactor	20	67	16	21	46	5	11	20	10.0	0.4894444444444444	0.5272727272727272	0.6363636363636364	0.050964719143762556
24	residue_cofactor	21	66	17	20	46	6	11	5	10.0	0.5305555555555556	0.5151515151515151	0.5606060606060606	0.030303030303030304
24	residue_cofactor	22	66	17	21	45	5	12	40	10.0	0.6605555555555556	0.43333333333333335	0.4833333333333333	-0.13333333333333333
24	residue_cofactor	23	66	17	21	45	5	12	5	0.1	0.5988888888888889	0.4916666666666667	0.65	-0.015430334996209192
24	residue_cofactor	24	67	16	21	46	5	11	5	10.0	0.5927777777777777	0.4636363636363636	0.41818181818181815	-0.0778498944161523
24	residue_cofactor	25	67	16	21	46	5	11	40	100.0	0.5255555555555554	0.5727272727272728	0.6000000000000001	0.13483997249264842
24	residue_residue	1	66	17	20	46	6	11	5	0.01	0.5283333333333333	0.6439393939393939	0.6818181818181819	0.2878787878787879
24	residue_residue	2	66	17	21	45	5	12	5	10.0	0.6877777777777778	0.3916666666666667	0.4666666666666667	-0.20658356100321165
24	residue_residue	3	66	17	21	45	5	12	20	1.0	0.6805555555555556	0.25	0.3166666666666667	-0.4767312946227961
24	residue_residue	4	67	16	21	46	5	11	50	0.01	0.6533333333333332	0.2727272727272727	0.32727272727272727	-0.45454545454545453
24	residue_residue	5	67	16	21	46	5	11	50	100.0	0.6461111111111111	0.5181818181818182	0.6363636363636365	0.034815531191139566
24	residue_residue	6	66	17	20	46	6	11	10	1.0	0.595	0.5681818181818181	0.6666666666666667	0.13241022442571243
24	residue_residue	7	66	17	21	45	5	12	20	0.01	0.5566666666666666	0.45	0.6	-0.09128709291752769
24	residue_residue	8	66	17	21	45	5	12	50	0.1	0.5733333333333333	0.65	0.6833333333333333	0.27774602993176545
24	residue_residue	9	67	16	21	46	5	11	50	0.01	0.5888888888888889	0.5636363636363637	0.5454545454545454	0.12727272727272726
24	residue_residue	10	67	16	21	46	5	11	10	0.01	0.6305555555555556	0.3727272727272727	0.34545454545454546	-0.24370871833797697
24	residue_residue	11	66	17	20	46	6	11	50	0.01	0.5711111111111111	0.48484848484848486	0.4696969696969697	-0.030303030303030304
24	residue_residue	12	66	17	21	45	5	12	20	0.01	0.6016666666666667	0.45	0.45	-0.09128709291752769
24	residue_residue	13	66	17	21	45	5	12	20	10.0	0.5983333333333333	0.65	0.7166666666666667	0.27774602993176545
24	residue_residue	14	67	16	21	46	5	11	50	10.0	0.6088888888888888	0.36363636363636365	0.4	-0.32387513781564786
24	residue_residue	15	67	16	21	46	5	11	50	100.0	0.5644444444444444	0.2727272727272727	0.10909090909090909	-0.45454545454545453
24	residue_residue	16	66	17	20	46	6	11	5	10.0	0.6155555555555556	0.696969696969697	0.6060606060606061	0.3825184261187248
24	residue_residue	17	66	17	21	45	5	12	20	1.0	0.5677777777777777	0.3333333333333333	0.3666666666666667	-0.35805743701971643
24	residue_residue	18	66	17	21	45	5	12	20	10.0	0.546111111111111	0.3916666666666667	0.5666666666666667	-0.20658356100321165
24	residue_residue	19	67	16	21	46	5	11	20	0.01	0.52	0.42727272727272725	0.5272727272727273	-0.13483997249264842
24	residue_residue	20	67	16	21	46	5	11	5	1.0	0.6766666666666665	0.4727272727272727	0.43636363636363634	-0.050964719143762556
24	residue_residue	21	66	17	20	46	6	11	5	0.01	0.5588888888888888	0.356060606060606	0.40909090909090906	-0.2878787878787879
24	residue_residue	22	66	17	21	45	5	12	5	1.0	0.6627777777777778	0.5166666666666667	0.43333333333333335	0.03984095364447979
24	residue_residue	23	66	17	21	45	5	12	10	0.01	0.5316666666666666	0.6666666666666666	0.6666666666666667	0.35805743701971643
24	residue_residue	24	67	16	21	46	5	11	20	100.0	0.45444444444444443	0.6090909090909091	0.7090909090909091	0.23354968324845687
24	residue_residue	25	67	16	21	46	5	11	10	10.0	0.6488888888888888	0.5727272727272728	0.6545454545454545	0.13483997249264842
24	combined_all	1	66	17	20	46	6	11	5	1.0	0.5344444444444445	0.6515151515151515	0.696969696969697	0.29012942659282975
24	combined_all	2	66	17	21	45	5	12	5	10.0	0.6877777777777778	0.3916666666666667	0.4666666666666667	-0.20658356100321165
24	combined_all	3	66	17	21	45	5	12	20	1.0	0.6805555555555556	0.25	0.3166666666666667	-0.4767312946227961
24	combined_all	4	67	16	21	46	5	11	10	0.1	0.6616666666666667	0.4636363636363636	0.4181818181818182	-0.0778498944161523
24	combined_all	5	67	16	21	46	5	11	50	1.0	0.6377777777777778	0.4727272727272727	0.6545454545454545	-0.050964719143762556
24	combined_all	6	66	17	20	46	6	11	10	1.0	0.595	0.5681818181818181	0.6666666666666667	0.13241022442571243
24	combined_all	7	66	17	21	45	5	12	50	0.01	0.5455555555555556	0.7333333333333334	0.6333333333333334	0.42600643361512924
24	combined_all	8	66	17	21	45	5	12	50	0.1	0.6205555555555555	0.65	0.65	0.27774602993176545
24	combined_all	9	67	16	21	46	5	11	50	0.01	0.5527777777777778	0.5636363636363637	0.5636363636363636	0.12727272727272726
24	combined_all	10	67	16	21	46	5	11	10	0.01	0.6305555555555556	0.3727272727272727	0.34545454545454546	-0.24370871833797697
24	combined_all	11	66	17	20	46	6	11	50	0.01	0.5572222222222222	0.48484848484848486	0.48484848484848486	-0.030303030303030304
24	combined_all	12	66	17	21	45	5	12	20	0.1	0.5961111111111111	0.3916666666666667	0.45	-0.20658356100321165
24	combined_all	13	66	17	21	45	5	12	20	10.0	0.5983333333333333	0.65	0.7166666666666667	0.27774602993176545
24	combined_all	14	67	16	21	46	5	11	50	0.1	0.6249999999999999	0.4181818181818182	0.38181818181818183	-0.16363636363636364
24	combined_all	15	67	16	21	46	5	11	5	0.1	0.5344444444444443	0.4181818181818182	0.36363636363636365	-0.16363636363636364
24	combined_all	16	66	17	20	46	6	11	5	0.1	0.5833333333333333	0.696969696969697	0.5909090909090908	0.3825184261187248
24	combined_all	17	66	17	21	45	5	12	20	1.0	0.5566666666666666	0.375	0.3333333333333333	-0.29880715233359845
24	combined_all	18	66	17	21	45	5	12	20	100.0	0.5683333333333334	0.3916666666666667	0.5666666666666667	-0.20658356100321165
24	combined_all	19	67	16	21	46	5	11	20	0.01	0.5555555555555556	0.32727272727272727	0.4727272727272727	-0.32277655457716287
24	combined_all	20	67	16	21	46	5	11	5	1.0	0.6766666666666665	0.4727272727272727	0.43636363636363634	-0.050964719143762556
24	combined_all	21	66	17	20	46	6	11	50	1.0	0.5688888888888889	0.48484848484848486	0.5	-0.030303030303030304
24	combined_all	22	66	17	21	45	5	12	5	1.0	0.6627777777777778	0.5166666666666667	0.43333333333333335	0.03984095364447979
24	combined_all	23	66	17	21	45	5	12	10	0.01	0.5316666666666666	0.6666666666666666	0.6666666666666667	0.35805743701971643
24	combined_all	24	67	16	21	46	5	11	50	10.0	0.4716666666666667	0.7090909090909091	0.9090909090909091	0.41818181818181815
24	combined_all	25	67	16	21	46	5	11	10	0.1	0.6627777777777777	0.5272727272727272	0.6	0.050964719143762556
25	residue_ligand	1	66	17	21	45	5	12	8	1.0	0.5816666666666667	0.65	0.7166666666666667	0.27774602993176545
25	residue_ligand	2	66	17	21	45	5	12	12	0.01	0.6244444444444445	0.4666666666666667	0.55	-0.06356417261637282
25	residue_ligand	3	66	17	20	46	6	11	12	0.01	0.675	0.4242424242424242	0.4848484848484848	-0.1706971854997297
25	residue_ligand	4	67	16	21	46	5	11	4	10.0	0.555	0.7272727272727273	0.8727272727272728	0.45454545454545453
25	residue_ligand	5	67	16	21	46	5	11	12	1.0	0.6155555555555555	0.4181818181818182	0.5636363636363636	-0.16363636363636364
25	residue_ligand	6	66	17	21	45	5	12	12	1.0	0.6077777777777778	0.7333333333333334	0.7	0.42600643361512924
25	residue_ligand	7	66	17	21	45	5	12	all	0.01	0.6333333333333333	0.4666666666666667	0.5166666666666667	-0.06356417261637282
25	residue_ligand	8	66	17	20	46	6	11	12	1.0	0.6488888888888888	0.6515151515151515	0.5757575757575757	0.29012942659282975
25	residue_ligand	9	67	16	21	46	5	11	all	0.01	0.6133333333333333	0.5909090909090909	0.5636363636363636	0.2548235957188128
25	residue_ligand	10	67	16	21	46	5	11	12	100.0	0.6655555555555555	0.4636363636363636	0.5454545454545454	-0.0778498944161523
25	residue_ligand	11	66	17	21	45	5	12	8	0.01	0.616111111111111	0.7083333333333334	0.7333333333333333	0.4166666666666667
25	residue_ligand	12	66	17	21	45	5	12	12	0.1	0.6011111111111112	0.5666666666666667	0.55	0.13333333333333333
25	residue_ligand	13	66	17	20	46	6	11	all	0.01	0.6166666666666666	0.6439393939393939	0.7575757575757576	0.2878787878787879
25	residue_ligand	14	67	16	21	46	5	11	12	1.0	0.6783333333333333	0.5727272727272728	0.5818181818181818	0.13483997249264842
25	residue_ligand	15	67	16	21	46	5	11	12	1.0	0.6844444444444444	0.6545454545454545	0.6181818181818182	0.3670584895244009
25	residue_ligand	16	66	17	21	45	5	12	8	0.01	0.6388888888888888	0.425	0.5166666666666666	-0.15
25	residue_ligand	17	66	17	21	45	5	12	4	1.0	0.5611111111111111	0.7083333333333334	0.6166666666666667	0.4166666666666667
25	residue_ligand	18	66	17	20	46	6	11	4	0.01	0.5783333333333334	0.5984848484848485	0.4393939393939394	0.20658356100321165
25	residue_ligand	19	67	16	21	46	5	11	4	0.01	0.6277777777777777	0.5363636363636364	0.5454545454545455	0.0778498944161523
25	residue_ligand	20	67	16	21	46	5	11	8	1.0	0.6661111111111111	0.42727272727272725	0.5636363636363637	-0.13483997249264842
25	residue_ligand	21	66	17	21	45	5	12	12	10.0	0.6438888888888888	0.45	0.5166666666666666	-0.09128709291752769
25	residue_ligand	22	66	17	21	45	5	12	all	0.01	0.6138888888888889	0.6083333333333334	0.65	0.20658356100321165
25	residue_ligand	23	66	17	20	46	6	11	4	10.0	0.6216666666666667	0.6136363636363636	0.696969696969697	0.22727272727272727
25	residue_ligand	24	67	16	21	46	5	11	12	0.1	0.5477777777777778	0.7636363636363637	0.7818181818181817	0.49265895172303803
25	residue_ligand	25	67	16	21	46	5	11	4	0.01	0.6294444444444445	0.5909090909090909	0.5636363636363636	0.2548235957188128
25	residue_cofactor	1	66	17	21	45	5	12	40	1.0	0.5983333333333334	0.35	0.35	-0.27774602993176545
25	residue_cofactor	2	66	17	21	45	5	12	5	0.01	0.6361111111111111	0.5083333333333333	0.43333333333333335	0.015430334996209192
25	residue_cofactor	3	66	17	20	46	6	11	5	0.01	0.5533333333333333	0.43939393939393934	0.5606060606060606	-0.11769797726729993
25	residue_cofactor	4	67	16	21	46	5	11	5	0.01	0.6238888888888889	0.4181818181818182	0.5272727272727273	-0.16363636363636364
25	residue_cofactor	5	67	16	21	46	5	11	20	0.01	0.6716666666666666	0.5181818181818182	0.4727272727272727	0.034815531191139566
25	residue_cofactor	6	66	17	21	45	5	12	5	1.0	0.5711111111111111	0.6166666666666667	0.6833333333333333	0.25064020591380154
25	residue_cofactor	7	66	17	21	45	5	12	40	1.0	0.6616666666666666	0.3916666666666667	0.25	-0.20658356100321165
25	residue_cofactor	8	66	17	20	46	6	11	20	0.1	0.5883333333333334	0.46969696969696967	0.5606060606060606	-0.06356417261637282
25	residue_cofactor	9	67	16	21	46	5	11	all	1.0	0.6116666666666667	0.32727272727272727	0.2909090909090909	-0.32277655457716287
25	residue_cofactor	10	67	16	21	46	5	11	all	0.01	0.5333333333333333	0.6181818181818182	0.6363636363636364	0.22084711628963774
25	residue_cofactor	11	66	17	21	45	5	12	all	1.0	0.6216666666666666	0.475	0.4666666666666666	-0.053708615552957466
25	residue_cofactor	12	66	17	21	45	5	12	20	0.1	0.5983333333333334	0.45	0.26666666666666666	-0.09128709291752769
25	residue_cofactor	13	66	17	20	46	6	11	20	0.1	0.5905555555555555	0.4318181818181818	0.2878787878787879	-0.13241022442571243
25	residue_cofactor	14	67	16	21	46	5	11	20	0.01	0.5783333333333334	0.3909090909090909	0.5090909090909091	-0.23354968324845687
25	residue_cofactor	15	67	16	21	46	5	11	5	0.01	0.58	0.6272727272727273	0.6181818181818182	0.24370871833797697
25	residue_cofactor	16	66	17	21	45	5	12	all	0.1	0.6211111111111112	0.45	0.39999999999999997	-0.09128709291752769
25	residue_cofactor	17	66	17	21	45	5	12	all	0.01	0.585	0.5916666666666667	0.5666666666666667	0.16735967034880075
25	residue_cofactor	18	66	17	20	46	6	11	5	10.0	0.5677777777777777	0.6515151515151515	0.5151515151515151	0.29012942659282975
25	residue_cofactor	19	67	16	21	46	5	11	5	0.01	0.6383333333333333	0.7727272727272727	0.6181818181818182	0.5222329678670935
25	residue_cofactor	20	67	16	21	46	5	11	10	0.1	0.6177777777777778	0.3727272727272727	0.4727272727272728	-0.24370871833797697
25	residue_cofactor	21	66	17	21	45	5	12	10	0.01	0.5766666666666667	0.3666666666666667	0.4	-0.24688535993934707
25	residue_cofactor	22	66	17	21	45	5	12	40	0.01	0.5677777777777778	0.4916666666666667	0.5333333333333333	-0.015430334996209192
25	residue_cofactor	23	66	17	20	46	6	11	all	0.1	0.536111111111111	0.4318181818181818	0.42424242424242425	-0.13241022442571243
25	residue_cofactor	24	67	16	21	46	5	11	5	0.01	0.6011111111111112	0.5272727272727272	0.5636363636363637	0.050964719143762556
25	residue_cofactor	25	67	16	21	46	5	11	20	10.0	0.5111111111111111	0.4181818181818182	0.43636363636363634	-0.16363636363636364
25	residue_residue	1	66	17	21	45	5	12	20	1.0	0.5794444444444444	0.4916666666666667	0.55	-0.015430334996209192
25	residue_residue	2	66	17	21	45	5	12	50	0.01	0.5238888888888888	0.30833333333333335	0.35	-0.34993385618385614
25	residue_residue	3	66	17	20	46	6	11	5	0.1	0.675	0.5151515151515151	0.5303030303030303	0.030303030303030304
25	residue_residue	4	67	16	21	46	5	11	5	100.0	0.5700000000000001	0.4636363636363636	0.509090909090909	-0.0778498944161523
25	residue_residue	5	67	16	21	46	5	11	50	0.01	0.5161111111111111	0.4727272727272727	0.5090909090909091	-0.050964719143762556
25	residue_residue	6	66	17	21	45	5	12	50	10.0	0.6094444444444443	0.575	0.6166666666666667	0.15
25	residue_residue	7	66	17	21	45	5	12	50	0.01	0.58	0.3666666666666667	0.33333333333333337	-0.24688535993934707
25	residue_residue	8	66	17	20	46	6	11	20	1.0	0.4883333333333333	0.4772727272727273	0.48484848484848486	-0.04351941398892446
25	residue_residue	9	67	16	21	46	5	11	10	100.0	0.5261111111111111	0.4181818181818182	0.4727272727272728	-0.16363636363636364
25	residue_residue	10	67	16	21	46	5	11	50	0.01	0.4833333333333333	0.6181818181818182	0.7272727272727273	0.22084711628963774
25	residue_residue	11	66	17	21	45	5	12	20	100.0	0.5866666666666667	0.575	0.5166666666666666	0.15
25	residue_residue	12	66	17	21	45	5	12	10	0.01	0.5927777777777777	0.6333333333333333	0.5833333333333334	0.24688535993934707
25	residue_residue	13	66	17	20	46	6	11	5	0.1	0.5466666666666666	0.26515151515151514	0.2878787878787879	-0.4497006112188861
25	residue_residue	14	67	16	21	46	5	11	50	100.0	0.5327777777777778	0.5727272727272728	0.6363636363636365	0.13483997249264842
25	residue_residue	15	67	16	21	46	5	11	5	0.01	0.5505555555555557	0.6181818181818182	0.6000000000000001	0.22084711628963774
25	residue_residue	16	66	17	21	45	5	12	10	100.0	0.5533333333333333	0.4916666666666667	0.48333333333333334	-0.015430334996209192
25	residue_residue	17	66	17	21	45	5	12	20	0.01	0.58	0.5333333333333333	0.5833333333333334	0.06356417261637282
25	residue_residue	18	66	17	20	46	6	11	20	10.0	0.5922222222222222	0.5227272727272727	0.4393939393939394	0.04351941398892446
25	residue_residue	19	67	16	21	46	5	11	50	1.0	0.6244444444444445	0.6272727272727273	0.7090909090909091	0.24370871833797697
25	residue_residue	20	67	16	21	46	5	11	20	1.0	0.571111111111111	0.5636363636363637	0.6545454545454545	0.12727272727272726
25	residue_residue	21	66	17	21	45	5	12	10	1.0	0.6511111111111111	0.3916666666666667	0.55	-0.20658356100321165
25	residue_residue	22	66	17	21	45	5	12	5	1.0	0.5333333333333333	0.675	0.6666666666666667	0.3337119062359573
25	residue_residue	23	66	17	20	46	6	11	10	0.01	0.5405555555555555	0.48484848484848486	0.40909090909090906	-0.030303030303030304
25	residue_residue	24	67	16	21	46	5	11	50	0.01	0.5800000000000001	0.5181818181818182	0.5454545454545455	0.034815531191139566
25	residue_residue	25	67	16	21	46	5	11	20	10.0	0.4955555555555556	0.8090909090909091	0.8909090909090909	0.5918640302493726
25	combined_all	1	66	17	21	45	5	12	20	1.0	0.5683333333333334	0.4916666666666667	0.55	-0.015430334996209192
25	combined_all	2	66	17	21	45	5	12	50	0.01	0.5349999999999999	0.45	0.35	-0.09128709291752769
25	combined_all	3	66	17	20	46	6	11	5	10.0	0.6238888888888889	0.5606060606060606	0.606060606060606	0.11769797726729993
25	combined_all	4	67	16	21	46	5	11	5	100.0	0.5700000000000001	0.4636363636363636	0.509090909090909	-0.0778498944161523
25	combined_all	5	67	16	21	46	5	11	50	0.01	0.5161111111111111	0.5181818181818182	0.49090909090909096	0.034815531191139566
25	combined_all	6	66	17	21	45	5	12	50	1.0	0.5983333333333333	0.575	0.6333333333333333	0.15
25	combined_all	7	66	17	21	45	5	12	50	0.01	0.58	0.3666666666666667	0.33333333333333337	-0.24688535993934707
25	combined_all	8	66	17	20	46	6	11	20	0.01	0.49777777777777776	0.38636363636363635	0.5	-0.22727272727272727
25	combined_all	9	67	16	21	46	5	11	20	0.1	0.5266666666666666	0.6090909090909091	0.6	0.23354968324845687
25	combined_all	10	67	16	21	46	5	11	20	0.1	0.4716666666666667	0.6090909090909091	0.6909090909090909	0.23354968324845687
25	combined_all	11	66	17	21	45	5	12	20	100.0	0.5866666666666667	0.575	0.5166666666666666	0.15
25	combined_all	12	66	17	21	45	5	12	10	0.01	0.5927777777777777	0.6333333333333333	0.5833333333333334	0.24688535993934707
25	combined_all	13	66	17	20	46	6	11	5	0.1	0.5466666666666666	0.26515151515151514	0.2878787878787879	-0.4497006112188861
25	combined_all	14	67	16	21	46	5	11	50	100.0	0.5338888888888889	0.5727272727272728	0.5818181818181818	0.13483997249264842
25	combined_all	15	67	16	21	46	5	11	5	0.01	0.5505555555555557	0.6181818181818182	0.6000000000000001	0.22084711628963774
25	combined_all	16	66	17	21	45	5	12	5	10.0	0.573888888888889	0.43333333333333335	0.35	-0.13333333333333333
25	combined_all	17	66	17	21	45	5	12	20	0.01	0.58	0.5333333333333333	0.5833333333333334	0.06356417261637282
25	combined_all	18	66	17	20	46	6	11	20	100.0	0.5922222222222222	0.48484848484848486	0.4696969696969697	-0.030303030303030304
25	combined_all	19	67	16	21	46	5	11	50	1.0	0.6244444444444445	0.7272727272727273	0.7272727272727273	0.45454545454545453
25	combined_all	20	67	16	21	46	5	11	5	0.01	0.5822222222222222	0.6181818181818182	0.6363636363636364	0.22084711628963774
25	combined_all	21	66	17	21	45	5	12	10	1.0	0.6511111111111111	0.3916666666666667	0.55	-0.20658356100321165
25	combined_all	22	66	17	21	45	5	12	5	1.0	0.5694444444444444	0.675	0.6666666666666667	0.3337119062359573
25	combined_all	23	66	17	20	46	6	11	10	0.01	0.5405555555555555	0.48484848484848486	0.40909090909090906	-0.030303030303030304
25	combined_all	24	67	16	21	46	5	11	50	0.01	0.5911111111111111	0.4727272727272727	0.509090909090909	-0.050964719143762556
25	combined_all	25	67	16	21	46	5	11	20	10.0	0.4805555555555555	0.8090909090909091	0.8545454545454545	0.5918640302493726
26	residue_ligand	1	66	17	21	45	5	12	12	0.1	0.591111111111111	0.675	0.6	0.3337119062359573
26	residue_ligand	2	66	17	21	45	5	12	4	10.0	0.6433333333333333	0.6083333333333334	0.6166666666666667	0.20658356100321165
26	residue_ligand	3	66	17	20	46	6	11	4	1.0	0.5633333333333332	0.606060606060606	0.7575757575757576	0.2030905986149808
26	residue_ligand	4	67	16	21	46	5	11	12	1.0	0.7016666666666667	0.5181818181818182	0.509090909090909	0.034815531191139566
26	residue_ligand	5	67	16	21	46	5	11	8	1.0	0.5566666666666666	0.5636363636363637	0.7272727272727273	0.12727272727272726
26	residue_ligand	6	66	17	21	45	5	12	8	10.0	0.6766666666666665	0.6083333333333334	0.6	0.20658356100321165
26	residue_ligand	7	66	17	21	45	5	12	12	100.0	0.6644444444444444	0.5916666666666667	0.6166666666666667	0.16735967034880075
26	residue_ligand	8	66	17	20	46	6	11	8	10.0	0.6638888888888889	0.5681818181818181	0.5909090909090909	0.13241022442571243
26	residue_ligand	9	67	16	21	46	5	11	4	0.1	0.6483333333333332	0.5090909090909091	0.7636363636363636	0.021591675854376522
26	residue_ligand	10	67	16	21	46	5	11	12	1.0	0.6694444444444445	0.6727272727272727	0.7818181818181819	0.32277655457716287
26	residue_ligand	11	66	17	21	45	5	12	4	10.0	0.6077777777777778	0.3666666666666667	0.5166666666666667	-0.24688535993934707
26	residue_ligand	12	66	17	21	45	5	12	4	0.01	0.7038888888888889	0.43333333333333335	0.3	-0.13333333333333333
26	residue_ligand	13	66	17	20	46	6	11	12	0.1	0.595	0.6515151515151515	0.7727272727272727	0.29012942659282975
26	residue_ligand	14	67	16	21	46	5	11	12	1.0	0.6327777777777778	0.6181818181818182	0.6000000000000001	0.22084711628963774
26	residue_ligand	15	67	16	21	46	5	11	all	0.1	0.6366666666666665	0.7090909090909091	0.8181818181818182	0.41818181818181815
26	residue_ligand	16	66	17	21	45	5	12	12	1.0	0.6383333333333333	0.65	0.8333333333333334	0.27774602993176545
26	residue_ligand	17	66	17	21	45	5	12	4	0.01	0.66	0.6333333333333333	0.6666666666666667	0.24688535993934707
26	residue_ligand	18	66	17	20	46	6	11	all	10.0	0.6316666666666666	0.49242424242424243	0.6515151515151515	-0.018993429409939658
26	residue_ligand	19	67	16	21	46	5	11	12	1.0	0.5944444444444444	0.7090909090909091	0.7999999999999999	0.41818181818181815
26	residue_ligand	20	67	16	21	46	5	11	12	1.0	0.6977777777777777	0.8090909090909091	0.7272727272727273	0.5918640302493726
26	residue_ligand	21	66	17	21	45	5	12	8	1.0	0.6461111111111111	0.5083333333333333	0.55	0.015430334996209192
26	residue_ligand	22	66	17	21	45	5	12	8	0.01	0.6327777777777778	0.7333333333333334	0.6833333333333333	0.42600643361512924
26	residue_ligand	23	66	17	20	46	6	11	12	10.0	0.6505555555555556	0.6515151515151515	0.6363636363636362	0.29012942659282975
26	residue_ligand	24	67	16	21	46	5	11	12	100.0	0.6005555555555555	0.3727272727272727	0.4727272727272728	-0.24370871833797697
26	residue_ligand	25	67	16	21	46	5	11	8	1.0	0.6627777777777777	0.6818181818181819	0.6727272727272727	0.3892494720807615
26	residue_cofactor	1	66	17	21	45	5	12	5	100.0	0.5594444444444445	0.7166666666666667	0.6333333333333334	0.43333333333333335
26	residue_cofactor	2	66	17	21	45	5	12	20	0.1	0.5572222222222223	0.525	0.4666666666666667	0.053708615552957466
26	residue_cofactor	3	66	17	20	46	6	11	40	10.0	0.5327777777777778	0.48484848484848486	0.6515151515151515	-0.030303030303030304
26	residue_cofactor	4	67	16	21	46	5	11	5	0.01	0.49611111111111106	0.6181818181818182	0.6363636363636364	0.22084711628963774
26	residue_cofactor	5	67	16	21	46	5	11	20	10.0	0.5211111111111111	0.8	0.709090909090909	0.7125253031944253
26	residue_cofactor	6	66	17	21	45	5	12	20	10.0	0.6088888888888888	0.3916666666666667	0.4	-0.20658356100321165
26	residue_cofactor	7	66	17	21	45	5	12	10	100.0	0.5805555555555555	0.5916666666666667	0.5166666666666666	0.16735967034880075
26	residue_cofactor	8	66	17	20	46	6	11	10	0.01	0.5833333333333333	0.356060606060606	0.3787878787878788	-0.2878787878787879
26	residue_cofactor	9	67	16	21	46	5	11	5	0.1	0.566111111111111	0.7181818181818183	0.5636363636363637	0.40451991747794525
26	residue_cofactor	10	67	16	21	46	5	11	10	0.1	0.5305555555555556	0.4727272727272727	0.4181818181818181	-0.050964719143762556
26	residue_cofactor	11	66	17	21	45	5	12	40	0.01	0.6033333333333334	0.475	0.31666666666666665	-0.053708615552957466
26	residue_cofactor	12	66	17	21	45	5	12	5	10.0	0.6877777777777778	0.35	0.38333333333333336	-0.27774602993176545
26	residue_cofactor	13	66	17	20	46	6	11	20	0.01	0.6194444444444445	0.356060606060606	0.43939393939393934	-0.2878787878787879
26	residue_cofactor	14	67	16	21	46	5	11	10	100.0	0.6155555555555556	0.3727272727272727	0.32727272727272727	-0.24370871833797697
26	residue_cofactor	15	67	16	21	46	5	11	20	100.0	0.5272222222222223	0.7636363636363637	0.7818181818181819	0.49265895172303803
26	residue_cofactor	16	66	17	21	45	5	12	40	1.0	0.6455555555555554	0.35	0.31666666666666665	-0.27774602993176545
26	residue_cofactor	17	66	17	21	45	5	12	10	1.0	0.5311111111111111	0.2916666666666667	0.25	-0.4166666666666667
26	residue_cofactor	18	66	17	20	46	6	11	5	0.1	0.5449999999999999	0.4772727272727273	0.5303030303030303	-0.04351941398892446
26	residue_cofactor	19	67	16	21	46	5	11	10	100.0	0.49111111111111105	0.3727272727272727	0.23636363636363636	-0.24370871833797697
26	residue_cofactor	20	67	16	21	46	5	11	5	0.01	0.5255555555555556	0.4818181818181818	0.5454545454545455	-0.034815531191139566
26	residue_cofactor	21	66	17	21	45	5	12	5	0.01	0.6433333333333333	0.4916666666666667	0.5	-0.015430334996209192
26	residue_cofactor	22	66	17	21	45	5	12	40	10.0	0.5172222222222222	0.4083333333333333	0.38333333333333336	-0.16735967034880075
26	residue_cofactor	23	66	17	20	46	6	11	20	10.0	0.6216666666666667	0.5227272727272727	0.7121212121212122	0.04351941398892446
26	residue_cofactor	24	67	16	21	46	5	11	10	0.01	0.5161111111111112	0.5181818181818182	0.4727272727272728	0.034815531191139566
26	residue_cofactor	25	67	16	21	46	5	11	5	100.0	0.5461111111111111	0.5636363636363637	0.4363636363636364	0.12727272727272726
26	residue_residue	1	66	17	21	45	5	12	5	10.0	0.44722222222222224	0.675	0.7000000000000001	0.3337119062359573
26	residue_residue	2	66	17	21	45	5	12	10	10.0	0.5972222222222221	0.4083333333333333	0.33333333333333337	-0.16735967034880075
26	residue_residue	3	66	17	20	46	6	11	20	1.0	0.3561111111111111	0.3181818181818182	0.5151515151515151	-0.40967324519935133
26	residue_residue	4	67	16	21	46	5	11	10	0.01	0.6383333333333333	0.43636363636363634	0.32727272727272727	-0.12727272727272726
26	residue_residue	5	67	16	21	46	5	11	5	10.0	0.5677777777777777	0.2909090909090909	0.38181818181818183	-0.41818181818181815
26	residue_residue	6	66	17	21	45	5	12	5	1.0	0.5266666666666666	0.45	0.5166666666666666	-0.09128709291752769
26	residue_residue	7	66	17	21	45	5	12	10	1.0	0.5594444444444444	0.4083333333333333	0.45	-0.16735967034880075
26	residue_residue	8	66	17	20	46	6	11	10	0.1	0.6305555555555555	0.6136363636363636	0.5454545454545454	0.22727272727272727
26	residue_residue	9	67	16	21	46	5	11	10	100.0	0.5416666666666667	0.4636363636363636	0.43636363636363634	-0.0778498944161523
26	residue_residue	10	67	16	21	46	5	11	5	1.0	0.39555555555555555	0.6272727272727273	0.5454545454545455	0.24370871833797697
26	residue_residue	11	66	17	21	45	5	12	5	10.0	0.5361111111111111	0.35	0.4333333333333333	-0.27774602993176545
26	residue_residue	12	66	17	21	45	5	12	50	100.0	0.528888888888889	0.2916666666666667	0.16666666666666669	-0.4166666666666667
26	residue_residue	13	66	17	20	46	6	11	20	0.01	0.5444444444444445	0.5681818181818181	0.5454545454545454	0.13241022442571243
26	residue_residue	14	67	16	21	46	5	11	5	10.0	0.5394444444444444	0.4181818181818182	0.2727272727272727	-0.16363636363636364
26	residue_residue	15	67	16	21	46	5	11	10	100.0	0.5977777777777777	0.5090909090909091	0.36363636363636365	0.021591675854376522
26	residue_residue	16	66	17	21	45	5	12	10	0.01	0.6122222222222222	0.325	0.31666666666666665	-0.3337119062359573
26	residue_residue	17	66	17	21	45	5	12	5	100.0	0.5216666666666667	0.5916666666666667	0.5833333333333334	0.16735967034880075
26	residue_residue	18	66	17	20	46	6	11	10	100.0	0.5516666666666665	0.356060606060606	0.30303030303030304	-0.2878787878787879
26	residue_residue	19	67	16	21	46	5	11	50	100.0	0.49000000000000005	0.5181818181818182	0.27272727272727276	0.034815531191139566
26	residue_residue	20	67	16	21	46	5	11	10	10.0	0.5144444444444445	0.4090909090909091	0.6727272727272727	-0.2548235957188128
26	residue_residue	21	66	17	21	45	5	12	5	10.0	0.5577777777777777	0.3916666666666667	0.5166666666666667	-0.20658356100321165
26	residue_residue	22	66	17	21	45	5	12	5	10.0	0.6522222222222221	0.30833333333333335	0.23333333333333334	-0.34993385618385614
26	residue_residue	23	66	17	20	46	6	11	5	0.01	0.4927777777777778	0.5681818181818181	0.4393939393939394	0.13241022442571243
26	residue_residue	24	67	16	21	46	5	11	20	100.0	0.4605555555555556	0.3181818181818182	0.4727272727272727	-0.3892494720807615
26	residue_residue	25	67	16	21	46	5	11	20	0.1	0.45444444444444443	0.42727272727272725	0.3090909090909091	-0.13483997249264842
26	combined_all	1	66	17	21	45	5	12	5	10.0	0.4722222222222222	0.675	0.7000000000000001	0.3337119062359573
26	combined_all	2	66	17	21	45	5	12	10	10.0	0.5811111111111111	0.4083333333333333	0.33333333333333337	-0.16735967034880075
26	combined_all	3	66	17	20	46	6	11	10	100.0	0.3483333333333333	0.44696969696969696	0.5151515151515151	-0.1194880298498108
26	combined_all	4	67	16	21	46	5	11	10	0.01	0.6494444444444444	0.43636363636363634	0.32727272727272727	-0.12727272727272726
26	combined_all	5	67	16	21	46	5	11	5	10.0	0.5677777777777777	0.2909090909090909	0.38181818181818183	-0.41818181818181815
26	combined_all	6	66	17	21	45	5	12	5	1.0	0.5044444444444444	0.45	0.5166666666666666	-0.09128709291752769
26	combined_all	7	66	17	21	45	5	12	10	10.0	0.6427777777777778	0.65	0.6333333333333333	0.27774602993176545
26	combined_all	8	66	17	20	46	6	11	5	0.01	0.615	0.5227272727272727	0.45454545454545453	0.04351941398892446
26	combined_all	9	67	16	21	46	5	11	10	100.0	0.5166666666666666	0.5636363636363637	0.5636363636363637	0.12727272727272726
26	combined_all	10	67	16	21	46	5	11	5	1.0	0.39555555555555555	0.6272727272727273	0.5454545454545455	0.24370871833797697
26	combined_all	11	66	17	21	45	5	12	5	10.0	0.5361111111111111	0.35	0.4333333333333333	-0.27774602993176545
26	combined_all	12	66	17	21	45	5	12	50	10.0	0.5211111111111111	0.2916666666666667	0.36666666666666664	-0.4166666666666667
26	combined_all	13	66	17	20	46	6	11	20	0.01	0.5444444444444445	0.5681818181818181	0.5454545454545454	0.13241022442571243
26	combined_all	14	67	16	21	46	5	11	20	10.0	0.5427777777777777	0.3181818181818182	0.27272727272727276	-0.3892494720807615
26	combined_all	15	67	16	21	46	5	11	10	100.0	0.5977777777777777	0.5090909090909091	0.36363636363636365	0.021591675854376522
26	combined_all	16	66	17	21	45	5	12	50	0.01	0.6372222222222221	0.4083333333333333	0.2	-0.16735967034880075
26	combined_all	17	66	17	21	45	5	12	5	100.0	0.5216666666666667	0.5916666666666667	0.5833333333333334	0.16735967034880075
26	combined_all	18	66	17	20	46	6	11	10	100.0	0.4666666666666667	0.356060606060606	0.30303030303030304	-0.2878787878787879
26	combined_all	19	67	16	21	46	5	11	50	100.0	0.5	0.5181818181818182	0.27272727272727276	0.034815531191139566
26	combined_all	20	67	16	21	46	5	11	10	10.0	0.5144444444444445	0.4090909090909091	0.6727272727272727	-0.2548235957188128
26	combined_all	21	66	17	21	45	5	12	5	10.0	0.5577777777777777	0.3916666666666667	0.5166666666666667	-0.20658356100321165
26	combined_all	22	66	17	21	45	5	12	5	10.0	0.6522222222222221	0.30833333333333335	0.23333333333333334	-0.34993385618385614
26	combined_all	23	66	17	20	46	6	11	5	0.01	0.4927777777777778	0.5681818181818181	0.4393939393939394	0.13241022442571243
26	combined_all	24	67	16	21	46	5	11	20	100.0	0.4605555555555556	0.4181818181818182	0.4363636363636364	-0.16363636363636364
26	combined_all	25	67	16	21	46	5	11	10	0.1	0.44722222222222224	0.4727272727272727	0.34545454545454546	-0.050964719143762556
27	residue_ligand	1	66	17	21	45	5	12	12	100.0	0.5877777777777777	0.3916666666666667	0.5833333333333334	-0.20658356100321165
27	residue_ligand	2	66	17	21	45	5	12	8	100.0	0.5438888888888889	0.5333333333333333	0.44999999999999996	0.06356417261637282
27	residue_ligand	3	66	17	20	46	6	11	12	10.0	0.5027777777777778	0.6136363636363636	0.8484848484848485	0.22727272727272727
27	residue_ligand	4	67	16	21	46	5	11	all	10.0	0.6438888888888888	0.4727272727272727	0.509090909090909	-0.050964719143762556
27	residue_ligand	5	67	16	21	46	5	11	all	100.0	0.5155555555555555	0.4818181818181818	0.6	-0.034815531191139566
27	residue_ligand	6	66	17	21	45	5	12	8	0.01	0.49333333333333335	0.4083333333333333	0.39999999999999997	-0.16735967034880075
27	residue_ligand	7	66	17	21	45	5	12	all	100.0	0.5494444444444444	0.45	0.4166666666666667	-0.09128709291752769
27	residue_ligand	8	66	17	20	46	6	11	all	100.0	0.5783333333333334	0.44696969696969696	0.5757575757575757	-0.1194880298498108
27	residue_ligand	9	67	16	21	46	5	11	all	100.0	0.6088888888888888	0.38181818181818183	0.3272727272727273	-0.22084711628963774
27	residue_ligand	10	67	16	21	46	5	11	12	0.1	0.5816666666666667	0.4181818181818182	0.39999999999999997	-0.16363636363636364
27	residue_ligand	11	66	17	21	45	5	12	all	10.0	0.6683333333333333	0.35	0.38333333333333336	-0.27774602993176545
27	residue_ligand	12	66	17	21	45	5	12	all	100.0	0.5738888888888889	0.65	0.6333333333333333	0.27774602993176545
27	residue_ligand	13	66	17	20	46	6	11	12	1.0	0.5294444444444444	0.43939393939393934	0.5151515151515151	-0.11769797726729993
27	residue_ligand	14	67	16	21	46	5	11	all	1.0	0.5666666666666667	0.38181818181818183	0.41818181818181815	-0.22084711628963774
27	residue_ligand	15	67	16	21	46	5	11	all	100.0	0.5205555555555555	0.3727272727272727	0.27272727272727276	-0.24370871833797697
27	residue_ligand	16	66	17	21	45	5	12	all	100.0	0.5572222222222222	0.525	0.45000000000000007	0.053708615552957466
27	residue_ligand	17	66	17	21	45	5	12	all	1.0	0.6461111111111111	0.25	0.2	-0.4767312946227961
27	residue_ligand	18	66	17	20	46	6	11	all	10.0	0.5016666666666667	0.606060606060606	0.5909090909090908	0.2030905986149808
27	residue_ligand	19	67	16	21	46	5	11	all	100.0	0.6127777777777776	0.5636363636363637	0.5090909090909091	0.12727272727272726
27	residue_ligand	20	67	16	21	46	5	11	all	10.0	0.5511111111111111	0.3181818181818182	0.36363636363636365	-0.3892494720807615
27	residue_ligand	21	66	17	21	45	5	12	8	10.0	0.5650000000000001	0.6333333333333333	0.5833333333333333	0.24688535993934707
27	residue_ligand	22	66	17	21	45	5	12	all	10.0	0.5788888888888888	0.4916666666666667	0.5666666666666667	-0.015430334996209192
27	residue_ligand	23	66	17	20	46	6	11	all	1.0	0.5261111111111111	0.5681818181818181	0.6212121212121212	0.13241022442571243
27	residue_ligand	24	67	16	21	46	5	11	all	10.0	0.5488888888888889	0.6272727272727273	0.7636363636363637	0.24370871833797697
27	residue_ligand	25	67	16	21	46	5	11	all	10.0	0.6277777777777778	0.2727272727272727	0.2545454545454545	-0.45454545454545453
27	residue_cofactor	1	66	17	21	45	5	12	40	1.0	0.6127777777777778	0.5083333333333333	0.4666666666666667	0.015430334996209192
27	residue_cofactor	2	66	17	21	45	5	12	20	10.0	0.5172222222222222	0.5166666666666667	0.43333333333333335	0.03984095364447979
27	residue_cofactor	3	66	17	20	46	6	11	5	0.1	0.7077777777777777	0.6590909090909092	0.8181818181818182	0.3337119062359573
27	residue_cofactor	4	67	16	21	46	5	11	5	1.0	0.6761111111111111	0.6636363636363636	0.6545454545454545	0.3133397807202561
27	residue_cofactor	5	67	16	21	46	5	11	5	1.0	0.7572222222222221	0.5636363636363637	0.5454545454545454	0.12727272727272726
27	residue_cofactor	6	66	17	21	45	5	12	5	0.1	0.6994444444444445	0.5916666666666667	0.5499999999999999	0.16735967034880075
27	residue_cofactor	7	66	17	21	45	5	12	10	10.0	0.5927777777777778	0.7583333333333333	0.6	0.5549890273805606
27	residue_cofactor	8	66	17	20	46	6	11	5	1.0	0.5783333333333334	0.6515151515151515	0.606060606060606	0.29012942659282975
27	residue_cofactor	9	67	16	21	46	5	11	5	0.01	0.7727777777777778	0.4818181818181818	0.4181818181818182	-0.034815531191139566
27	residue_cofactor	10	67	16	21	46	5	11	20	10.0	0.5788888888888889	0.3727272727272727	0.2545454545454545	-0.24370871833797697
27	residue_cofactor	11	66	17	21	45	5	12	40	0.1	0.5822222222222222	0.4083333333333333	0.3166666666666667	-0.16735967034880075
27	residue_cofactor	12	66	17	21	45	5	12	10	0.01	0.6188888888888888	0.7333333333333334	0.75	0.42600643361512924
27	residue_cofactor	13	66	17	20	46	6	11	all	10.0	0.651111111111111	0.5681818181818181	0.5606060606060606	0.13241022442571243
27	residue_cofactor	14	67	16	21	46	5	11	10	1.0	0.7127777777777777	0.6636363636363636	0.7090909090909091	0.3133397807202561
27	residue_cofactor	15	67	16	21	46	5	11	10	10.0	0.513888888888889	0.8090909090909091	0.7454545454545455	0.5918640302493726
27	residue_cofactor	16	66	17	21	45	5	12	5	1.0	0.6933333333333334	0.5083333333333333	0.48333333333333334	0.015430334996209192
27	residue_cofactor	17	66	17	21	45	5	12	5	0.1	0.6455555555555555	0.6333333333333333	0.6000000000000001	0.24688535993934707
27	residue_cofactor	18	66	17	20	46	6	11	all	0.01	0.6611111111111111	0.5227272727272727	0.4090909090909091	0.04351941398892446
27	residue_cofactor	19	67	16	21	46	5	11	all	1.0	0.5877777777777777	0.5727272727272728	0.6	0.13483997249264842
27	residue_cofactor	20	67	16	21	46	5	11	10	10.0	0.656111111111111	0.32727272727272727	0.2909090909090909	-0.32277655457716287
27	residue_cofactor	21	66	17	21	45	5	12	5	0.1	0.6211111111111111	0.775	0.8333333333333334	0.5092010548749033
27	residue_cofactor	22	66	17	21	45	5	12	all	1.0	0.6849999999999999	0.35	0.3666666666666667	-0.27774602993176545
27	residue_cofactor	23	66	17	20	46	6	11	5	0.01	0.6366666666666666	0.5227272727272727	0.6060606060606061	0.04351941398892446
27	residue_cofactor	24	67	16	21	46	5	11	5	1.0	0.6183333333333334	0.6727272727272727	0.6545454545454545	0.32277655457716287
27	residue_cofactor	25	67	16	21	46	5	11	10	1.0	0.5333333333333333	0.7181818181818183	0.6727272727272728	0.40451991747794525
27	residue_residue	1	66	17	21	45	5	12	20	100.0	0.44833333333333336	0.3916666666666667	0.4	-0.20658356100321165
27	residue_residue	2	66	17	21	45	5	12	5	0.1	0.5805555555555556	0.20833333333333334	0.2833333333333334	-0.5400617248673217
27	residue_residue	3	66	17	20	46	6	11	5	0.01	0.5672222222222222	0.44696969696969696	0.393939393939394	-0.1194880298498108
27	residue_residue	4	67	16	21	46	5	11	5	10.0	0.46833333333333327	0.4727272727272727	0.5454545454545454	-0.050964719143762556
27	residue_residue	5	67	16	21	46	5	11	5	1.0	0.4894444444444444	0.38181818181818183	0.5636363636363636	-0.22084711628963774
27	residue_residue	6	66	17	21	45	5	12	20	0.01	0.5938888888888888	0.325	0.31666666666666665	-0.3337119062359573
27	residue_residue	7	66	17	21	45	5	12	20	0.1	0.47833333333333333	0.35	0.35000000000000003	-0.27774602993176545
27	residue_residue	8	66	17	20	46	6	11	10	10.0	0.7138888888888889	0.4015151515151515	0.37878787878787884	-0.20658356100321165
27	residue_residue	9	67	16	21	46	5	11	50	100.0	0.5438888888888889	0.4181818181818182	0.4363636363636364	-0.16363636363636364
27	residue_residue	10	67	16	21	46	5	11	10	1.0	0.6477777777777778	0.3727272727272727	0.27272727272727276	-0.24370871833797697
27	residue_residue	11	66	17	21	45	5	12	5	0.1	0.49499999999999994	0.26666666666666666	0.23333333333333334	-0.42600643361512924
27	residue_residue	12	66	17	21	45	5	12	50	0.01	0.5655555555555556	0.425	0.3999999999999999	-0.15
27	residue_residue	13	66	17	20	46	6	11	10	0.01	0.5938888888888889	0.3484848484848485	0.30303030303030304	-0.29012942659282975
27	residue_residue	14	67	16	21	46	5	11	20	10.0	0.6611111111111111	0.4181818181818182	0.34545454545454546	-0.16363636363636364
27	residue_residue	15	67	16	21	46	5	11	50	0.01	0.5794444444444444	0.4636363636363636	0.23636363636363633	-0.0778498944161523
27	residue_residue	16	66	17	21	45	5	12	10	0.01	0.61	0.35	0.2	-0.27774602993176545
27	residue_residue	17	66	17	21	45	5	12	5	0.01	0.5244444444444444	0.3916666666666667	0.3833333333333333	-0.20658356100321165
27	residue_residue	18	66	17	20	46	6	11	10	1.0	0.4561111111111112	0.4772727272727273	0.5454545454545454	-0.04351941398892446
27	residue_residue	19	67	16	21	46	5	11	5	100.0	0.48166666666666663	0.4636363636363636	0.5272727272727273	-0.0778498944161523
27	residue_residue	20	67	16	21	46	5	11	5	0.1	0.39222222222222225	0.32727272727272727	0.2727272727272727	-0.32277655457716287
27	residue_residue	21	66	17	21	45	5	12	50	10.0	0.4561111111111111	0.4583333333333333	0.35	-0.1613743060919757
27	residue_residue	22	66	17	21	45	5	12	10	0.01	0.5466666666666666	0.26666666666666666	0.33333333333333337	-0.42600643361512924
27	residue_residue	23	66	17	20	46	6	11	10	10.0	0.5616666666666666	0.3181818181818182	0.46969696969696967	-0.40967324519935133
27	residue_residue	24	67	16	21	46	5	11	10	0.01	0.4761111111111111	0.5818181818181818	0.5272727272727273	0.16363636363636364
27	residue_residue	25	67	16	21	46	5	11	50	10.0	0.5666666666666667	0.33636363636363636	0.36363636363636365	-0.3133397807202561
27	combined_all	1	66	17	21	45	5	12	20	0.01	0.535	0.3833333333333333	0.2833333333333333	-0.25064020591380154
27	combined_all	2	66	17	21	45	5	12	5	0.1	0.5805555555555556	0.20833333333333334	0.2833333333333334	-0.5400617248673217
27	combined_all	3	66	17	20	46	6	11	5	0.01	0.5561111111111111	0.44696969696969696	0.393939393939394	-0.1194880298498108
27	combined_all	4	67	16	21	46	5	11	5	10.0	0.47833333333333333	0.4727272727272727	0.5454545454545454	-0.050964719143762556
27	combined_all	5	67	16	21	46	5	11	5	1.0	0.49944444444444447	0.6636363636363636	0.6363636363636365	0.3133397807202561
27	combined_all	6	66	17	21	45	5	12	10	0.01	0.5355555555555556	0.325	0.35	-0.3337119062359573
27	combined_all	7	66	17	21	45	5	12	20	0.1	0.4533333333333333	0.35	0.33333333333333337	-0.27774602993176545
27	combined_all	8	66	17	20	46	6	11	10	100.0	0.7277777777777779	0.356060606060606	0.37878787878787884	-0.2878787878787879
27	combined_all	9	67	16	21	46	5	11	50	1.0	0.5255555555555554	0.5181818181818182	0.38181818181818183	0.034815531191139566
27	combined_all	10	67	16	21	46	5	11	10	1.0	0.6477777777777778	0.3727272727272727	0.27272727272727276	-0.24370871833797697
27	combined_all	11	66	17	21	45	5	12	10	0.01	0.5005555555555555	0.35	0.38333333333333336	-0.27774602993176545
27	combined_all	12	66	17	21	45	5	12	20	10.0	0.5644444444444444	0.35	0.3666666666666667	-0.27774602993176545
27	combined_all	13	66	17	20	46	6	11	10	0.01	0.5688888888888889	0.3484848484848485	0.3181818181818182	-0.29012942659282975
27	combined_all	14	67	16	21	46	5	11	20	100.0	0.681111111111111	0.4636363636363636	0.2727272727272727	-0.0778498944161523
27	combined_all	15	67	16	21	46	5	11	50	0.01	0.5544444444444444	0.4636363636363636	0.2909090909090909	-0.0778498944161523
27	combined_all	16	66	17	21	45	5	12	10	0.01	0.5988888888888889	0.3333333333333333	0.26666666666666666	-0.35805743701971643
27	combined_all	17	66	17	21	45	5	12	5	0.01	0.5244444444444444	0.3916666666666667	0.3833333333333333	-0.20658356100321165
27	combined_all	18	66	17	20	46	6	11	50	0.01	0.45166666666666666	0.5681818181818181	0.4696969696969697	0.13241022442571243
27	combined_all	19	67	16	21	46	5	11	5	100.0	0.47055555555555556	0.4636363636363636	0.5272727272727273	-0.0778498944161523
27	combined_all	20	67	16	21	46	5	11	5	1.0	0.4605555555555556	0.32727272727272727	0.2727272727272727	-0.32277655457716287
27	combined_all	21	66	17	21	45	5	12	50	100.0	0.44222222222222224	0.4583333333333333	0.35	-0.1613743060919757
27	combined_all	22	66	17	21	45	5	12	10	0.01	0.5716666666666665	0.30833333333333335	0.23333333333333334	-0.34993385618385614
27	combined_all	23	66	17	20	46	6	11	10	10.0	0.6116666666666666	0.4090909090909091	0.5151515151515151	-0.26967994498529685
27	combined_all	24	67	16	21	46	5	11	10	0.01	0.48722222222222217	0.5818181818181818	0.6181818181818182	0.16363636363636364
27	combined_all	25	67	16	21	46	5	11	50	10.0	0.5666666666666667	0.33636363636363636	0.38181818181818183	-0.3133397807202561
28	residue_ligand	1	66	17	21	45	5	12	8	10.0	0.42555555555555546	0.4083333333333333	0.39999999999999997	-0.16735967034880075
28	residue_ligand	2	66	17	21	45	5	12	all	0.1	0.5799999999999998	0.3666666666666667	0.24999999999999997	-0.24688535993934707
28	residue_ligand	3	66	17	20	46	6	11	all	1.0	0.4811111111111111	0.6515151515151515	0.6212121212121212	0.29012942659282975
28	residue_ligand	4	67	16	21	46	5	11	all	100.0	0.5644444444444445	0.32727272727272727	0.2363636363636364	-0.32277655457716287
28	residue_ligand	5	67	16	21	46	5	11	12	100.0	0.5283333333333333	0.3181818181818182	0.07272727272727271	-0.3892494720807615
28	residue_ligand	6	66	17	21	45	5	12	12	100.0	0.5094444444444445	0.5083333333333333	0.45	0.015430334996209192
28	residue_ligand	7	66	17	21	45	5	12	4	100.0	0.4766666666666667	0.26666666666666666	0.13333333333333333	-0.42600643361512924
28	residue_ligand	8	66	17	20	46	6	11	all	100.0	0.5333333333333333	0.49242424242424243	0.48484848484848486	-0.018993429409939658
28	residue_ligand	9	67	16	21	46	5	11	4	10.0	0.625	0.09090909090909091	0.07272727272727272	-0.7644707871564383
28	residue_ligand	10	67	16	21	46	5	11	all	0.1	0.5222222222222224	0.2727272727272727	0.38181818181818183	-0.45454545454545453
28	residue_ligand	11	66	17	21	45	5	12	4	10.0	0.601111111111111	0.43333333333333335	0.23333333333333334	-0.13333333333333333
28	residue_ligand	12	66	17	21	45	5	12	all	100.0	0.5122222222222221	0.26666666666666666	0.3666666666666667	-0.42600643361512924
28	residue_ligand	13	66	17	20	46	6	11	4	1.0	0.5366666666666667	0.3106060606060606	0.36363636363636365	-0.36780617896031226
28	residue_ligand	14	67	16	21	46	5	11	12	10.0	0.42000000000000004	0.4727272727272727	0.4363636363636364	-0.050964719143762556
28	residue_ligand	15	67	16	21	46	5	11	8	100.0	0.46944444444444444	0.4727272727272727	0.509090909090909	-0.050964719143762556
28	residue_ligand	16	66	17	21	45	5	12	8	100.0	0.4927777777777778	0.3916666666666667	0.33333333333333337	-0.20658356100321165
28	residue_ligand	17	66	17	21	45	5	12	4	0.01	0.4422222222222222	0.3333333333333333	0.3666666666666667	-0.35805743701971643
28	residue_ligand	18	66	17	20	46	6	11	12	100.0	0.4922222222222222	0.5227272727272727	0.48484848484848475	0.04351941398892446
28	residue_ligand	19	67	16	21	46	5	11	all	10.0	0.5094444444444444	0.3727272727272727	0.3090909090909091	-0.24370871833797697
28	residue_ligand	20	67	16	21	46	5	11	12	100.0	0.5905555555555555	0.42727272727272725	0.5272727272727273	-0.13483997249264842
28	residue_ligand	21	66	17	21	45	5	12	12	10.0	0.4305555555555555	0.55	0.45	0.09128709291752769
28	residue_ligand	22	66	17	21	45	5	12	4	1.0	0.48777777777777775	0.20833333333333334	0.15	-0.5400617248673217
28	residue_ligand	23	66	17	20	46	6	11	all	100.0	0.49111111111111105	0.43939393939393934	0.45454545454545453	-0.11769797726729993
28	residue_ligand	24	67	16	21	46	5	11	all	100.0	0.5061111111111111	0.32727272727272727	0.2545454545454545	-0.32277655457716287
28	residue_ligand	25	67	16	21	46	5	11	all	100.0	0.5394444444444444	0.5090909090909091	0.34545454545454546	0.021591675854376522
28	residue_cofactor	1	66	17	21	45	5	12	5	0.1	0.4927777777777778	0.5083333333333333	0.6	0.015430334996209192
28	residue_cofactor	2	66	17	21	45	5	12	5	0.01	0.505	0.7333333333333334	0.7333333333333334	0.42600643361512924
28	residue_cofactor	3	66	17	20	46	6	11	all	0.01	0.6133333333333333	0.606060606060606	0.5909090909090908	0.2030905986149808
28	residue_cofactor	4	67	16	21	46	5	11	10	100.0	0.6166666666666666	0.32727272727272727	0.2727272727272727	-0.32277655457716287
28	residue_cofactor	5	67	16	21	46	5	11	10	0.01	0.5072222222222222	0.5636363636363637	0.6181818181818183	0.12727272727272726
28	residue_cofactor	6	66	17	21	45	5	12	5	0.01	0.5144444444444444	0.65	0.48333333333333334	0.27774602993176545
28	residue_cofactor	7	66	17	21	45	5	12	5	0.01	0.663888888888889	0.675	0.5333333333333333	0.3337119062359573
28	residue_cofactor	8	66	17	20	46	6	11	20	1.0	0.5705555555555556	0.5681818181818181	0.4393939393939394	0.13241022442571243
28	residue_cofactor	9	67	16	21	46	5	11	5	0.01	0.5588888888888889	0.6272727272727273	0.6363636363636364	0.24370871833797697
28	residue_cofactor	10	67	16	21	46	5	11	40	100.0	0.5977777777777777	0.5272727272727272	0.5454545454545454	0.050964719143762556
28	residue_cofactor	11	66	17	21	45	5	12	10	0.01	0.6716666666666666	0.45	0.45	-0.09128709291752769
28	residue_cofactor	12	66	17	21	45	5	12	5	10.0	0.5727777777777778	0.6333333333333333	0.6333333333333334	0.24688535993934707
28	residue_cofactor	13	66	17	20	46	6	11	5	100.0	0.5927777777777778	0.5606060606060606	0.4545454545454546	0.11769797726729993
28	residue_cofactor	14	67	16	21	46	5	11	5	0.01	0.5711111111111111	0.6545454545454545	0.7999999999999999	0.3670584895244009
28	residue_cofactor	15	67	16	21	46	5	11	5	0.01	0.6644444444444444	0.5727272727272728	0.49090909090909096	0.13483997249264842
28	residue_cofactor	16	66	17	21	45	5	12	5	10.0	0.6655555555555555	0.45	0.5833333333333334	-0.09128709291752769
28	residue_cofactor	17	66	17	21	45	5	12	5	1.0	0.6316666666666666	0.3916666666666667	0.5	-0.20658356100321165
28	residue_cofactor	18	66	17	20	46	6	11	5	1.0	0.5588888888888889	0.6136363636363636	0.6818181818181818	0.22727272727272727
28	residue_cofactor	19	67	16	21	46	5	11	5	0.01	0.6216666666666667	0.28181818181818186	0.4181818181818182	-0.40451991747794525
28	residue_cofactor	20	67	16	21	46	5	11	10	0.1	0.5755555555555555	0.4818181818181818	0.4181818181818182	-0.034815531191139566
28	residue_cofactor	21	66	17	21	45	5	12	10	1.0	0.6322222222222222	0.4083333333333333	0.33333333333333337	-0.16735967034880075
28	residue_cofactor	22	66	17	21	45	5	12	5	0.01	0.5505555555555555	0.5333333333333333	0.55	0.06356417261637282
28	residue_cofactor	23	66	17	20	46	6	11	5	10.0	0.5338888888888889	0.48484848484848486	0.42424242424242425	-0.030303030303030304
28	residue_cofactor	24	67	16	21	46	5	11	20	0.01	0.5027777777777778	0.38181818181818183	0.4181818181818182	-0.22084711628963774
28	residue_cofactor	25	67	16	21	46	5	11	10	0.01	0.6794444444444444	0.4727272727272727	0.49090909090909096	-0.050964719143762556
28	residue_residue	1	66	17	21	45	5	12	20	1.0	0.6627777777777777	0.425	0.4666666666666667	-0.15
28	residue_residue	2	66	17	21	45	5	12	50	1.0	0.6516666666666666	0.4916666666666667	0.4666666666666667	-0.015430334996209192
28	residue_residue	3	66	17	20	46	6	11	5	0.1	0.5516666666666666	0.5681818181818181	0.4393939393939394	0.13241022442571243
28	residue_residue	4	67	16	21	46	5	11	20	0.01	0.5488888888888889	0.4727272727272727	0.4	-0.050964719143762556
28	residue_residue	5	67	16	21	46	5	11	50	10.0	0.45777777777777773	0.3727272727272727	0.4000000000000001	-0.24370871833797697
28	residue_residue	6	66	17	21	45	5	12	5	10.0	0.5144444444444444	0.3666666666666667	0.41666666666666674	-0.24688535993934707
28	residue_residue	7	66	17	21	45	5	12	50	10.0	0.6316666666666666	0.5583333333333333	0.48333333333333334	0.1649915822768611
28	residue_residue	8	66	17	20	46	6	11	50	100.0	0.5422222222222223	0.48484848484848486	0.6515151515151515	-0.030303030303030304
28	residue_residue	9	67	16	21	46	5	11	50	10.0	0.5966666666666667	0.4181818181818182	0.3090909090909091	-0.16363636363636364
28	residue_residue	10	67	16	21	46	5	11	50	0.01	0.6527777777777778	0.6272727272727273	0.6909090909090909	0.24370871833797697
28	residue_residue	11	66	17	21	45	5	12	20	0.01	0.6022222222222222	0.3916666666666667	0.31666666666666665	-0.20658356100321165
28	residue_residue	12	66	17	21	45	5	12	10	0.1	0.7266666666666666	0.3916666666666667	0.3833333333333333	-0.20658356100321165
28	residue_residue	13	66	17	20	46	6	11	50	100.0	0.5622222222222222	0.48484848484848486	0.393939393939394	-0.030303030303030304
28	residue_residue	14	67	16	21	46	5	11	10	0.1	0.5733333333333334	0.5181818181818182	0.6181818181818183	0.034815531191139566
28	residue_residue	15	67	16	21	46	5	11	20	0.01	0.5816666666666666	0.4818181818181818	0.4181818181818182	-0.034815531191139566
28	residue_residue	16	66	17	21	45	5	12	50	10.0	0.5933333333333334	0.5916666666666667	0.5	0.16735967034880075
28	residue_residue	17	66	17	21	45	5	12	5	0.01	0.5905555555555556	0.3916666666666667	0.5	-0.20658356100321165
28	residue_residue	18	66	17	20	46	6	11	20	0.01	0.7005555555555556	0.3484848484848485	0.48484848484848486	-0.29012942659282975
28	residue_residue	19	67	16	21	46	5	11	50	10.0	0.5005555555555555	0.4636363636363636	0.5636363636363636	-0.0778498944161523
28	residue_residue	20	67	16	21	46	5	11	10	10.0	0.49944444444444436	0.4636363636363636	0.6727272727272727	-0.0778498944161523
28	residue_residue	21	66	17	21	45	5	12	20	100.0	0.6038888888888889	0.575	0.5666666666666668	0.15
28	residue_residue	22	66	17	21	45	5	12	20	0.1	0.5455555555555556	0.3333333333333333	0.4166666666666667	-0.35805743701971643
28	residue_residue	23	66	17	20	46	6	11	50	100.0	0.5522222222222222	0.5681818181818181	0.6212121212121212	0.13241022442571243
28	residue_residue	24	67	16	21	46	5	11	50	0.1	0.6127777777777779	0.42727272727272725	0.27272727272727276	-0.13483997249264842
28	residue_residue	25	67	16	21	46	5	11	20	0.1	0.6761111111111111	0.5636363636363637	0.6	0.12727272727272726
28	combined_all	1	66	17	21	45	5	12	20	0.1	0.6494444444444445	0.4666666666666667	0.45000000000000007	-0.06356417261637282
28	combined_all	2	66	17	21	45	5	12	5	10.0	0.6288888888888888	0.3916666666666667	0.23333333333333334	-0.20658356100321165
28	combined_all	3	66	17	20	46	6	11	5	0.1	0.5516666666666666	0.5681818181818181	0.4393939393939394	0.13241022442571243
28	combined_all	4	67	16	21	46	5	11	20	0.01	0.5488888888888889	0.4727272727272727	0.4	-0.050964719143762556
28	combined_all	5	67	16	21	46	5	11	50	10.0	0.44666666666666666	0.4181818181818182	0.4	-0.16363636363636364
28	combined_all	6	66	17	21	45	5	12	5	0.01	0.5594444444444444	0.5666666666666667	0.3666666666666667	0.13333333333333333
28	combined_all	7	66	17	21	45	5	12	50	1.0	0.6455555555555554	0.5166666666666667	0.5166666666666666	0.03984095364447979
28	combined_all	8	66	17	20	46	6	11	50	100.0	0.5322222222222223	0.48484848484848486	0.6515151515151515	-0.030303030303030304
28	combined_all	9	67	16	21	46	5	11	50	10.0	0.5966666666666667	0.4181818181818182	0.3090909090909091	-0.16363636363636364
28	combined_all	10	67	16	21	46	5	11	50	0.01	0.6888888888888889	0.6727272727272727	0.6909090909090909	0.32277655457716287
28	combined_all	11	66	17	21	45	5	12	20	0.1	0.6605555555555556	0.43333333333333335	0.26666666666666666	-0.13333333333333333
28	combined_all	12	66	17	21	45	5	12	10	0.1	0.7266666666666666	0.3916666666666667	0.3833333333333333	-0.20658356100321165
28	combined_all	13	66	17	20	46	6	11	50	100.0	0.5611111111111111	0.48484848484848486	0.4393939393939394	-0.030303030303030304
28	combined_all	14	67	16	21	46	5	11	10	0.1	0.5733333333333334	0.5181818181818182	0.6181818181818183	0.034815531191139566
28	combined_all	15	67	16	21	46	5	11	10	1.0	0.6138888888888889	0.4727272727272727	0.49090909090909096	-0.050964719143762556
28	combined_all	16	66	17	21	45	5	12	5	10.0	0.5827777777777777	0.5333333333333333	0.4666666666666667	0.06356417261637282
28	combined_all	17	66	17	21	45	5	12	5	0.01	0.5905555555555556	0.3916666666666667	0.5	-0.20658356100321165
28	combined_all	18	66	17	20	46	6	11	20	0.01	0.7005555555555556	0.3484848484848485	0.48484848484848486	-0.29012942659282975
28	combined_all	19	67	16	21	46	5	11	50	1.0	0.5116666666666667	0.4636363636363636	0.5636363636363637	-0.0778498944161523
28	combined_all	20	67	16	21	46	5	11	20	0.1	0.4761111111111111	0.7636363636363637	0.7818181818181819	0.49265895172303803
28	combined_all	21	66	17	21	45	5	12	20	100.0	0.5788888888888889	0.575	0.5666666666666668	0.15
28	combined_all	22	66	17	21	45	5	12	50	10.0	0.5177777777777777	0.6	0.4666666666666667	0.3872983346207417
28	combined_all	23	66	17	20	46	6	11	10	10.0	0.5266666666666666	0.6893939393939394	0.6666666666666666	0.36780617896031226
28	combined_all	24	67	16	21	46	5	11	50	0.1	0.6155555555555555	0.42727272727272725	0.27272727272727276	-0.13483997249264842
28	combined_all	25	67	16	21	46	5	11	20	0.1	0.6872222222222223	0.42727272727272725	0.4545454545454546	-0.13483997249264842
29	residue_ligand	1	66	17	21	45	5	12	all	0.1	0.655	0.675	0.65	0.3337119062359573
29	residue_ligand	2	66	17	21	45	5	12	4	1.0	0.6905555555555555	0.43333333333333335	0.48333333333333334	-0.13333333333333333
29	residue_ligand	3	66	17	20	46	6	11	all	0.1	0.5988888888888889	0.4242424242424242	0.5454545454545454	-0.1706971854997297
29	residue_ligand	4	67	16	21	46	5	11	12	1.0	0.6216666666666666	0.5181818181818182	0.36363636363636365	0.034815531191139566
29	residue_ligand	5	67	16	21	46	5	11	12	10.0	0.5927777777777777	0.6181818181818182	0.7090909090909091	0.22084711628963774
29	residue_ligand	6	66	17	21	45	5	12	all	0.1	0.5394444444444444	0.775	0.85	0.5092010548749033
29	residue_ligand	7	66	17	21	45	5	12	all	1.0	0.601111111111111	0.75	0.6	0.4767312946227961
29	residue_ligand	8	66	17	20	46	6	11	all	0.01	0.6638888888888888	0.5984848484848485	0.5606060606060606	0.20658356100321165
29	residue_ligand	9	67	16	21	46	5	11	8	10.0	0.6005555555555555	0.45454545454545453	0.6545454545454545	-0.17407765595569785
29	residue_ligand	10	67	16	21	46	5	11	all	10.0	0.6577777777777778	0.4636363636363636	0.45454545454545453	-0.0778498944161523
29	residue_ligand	11	66	17	21	45	5	12	all	1.0	0.6272222222222222	0.55	0.3999999999999999	0.09128709291752769
29	residue_ligand	12	66	17	21	45	5	12	12	0.01	0.6555555555555554	0.45	0.4666666666666667	-0.09128709291752769
29	residue_ligand	13	66	17	20	46	6	11	12	1.0	0.6038888888888888	0.6515151515151515	0.5303030303030303	0.29012942659282975
29	residue_ligand	14	67	16	21	46	5	11	4	0.1	0.5533333333333333	0.5727272727272728	0.5090909090909091	0.13483997249264842
29	residue_ligand	15	67	16	21	46	5	11	12	0.01	0.6016666666666668	0.6272727272727273	0.8	0.24370871833797697
29	residue_ligand	16	66	17	21	45	5	12	all	0.01	0.6716666666666666	0.5916666666666667	0.5833333333333334	0.16735967034880075
29	residue_ligand	17	66	17	21	45	5	12	4	100.0	0.6438888888888888	0.5083333333333333	0.45000000000000007	0.015430334996209192
29	residue_ligand	18	66	17	20	46	6	11	all	1.0	0.6372222222222221	0.5227272727272727	0.5454545454545454	0.04351941398892446
29	residue_ligand	19	67	16	21	46	5	11	all	0.1	0.6816666666666666	0.6181818181818182	0.7454545454545455	0.22084711628963774
29	residue_ligand	20	67	16	21	46	5	11	8	1.0	0.6738888888888889	0.4727272727272727	0.5272727272727273	-0.050964719143762556
29	residue_ligand	21	66	17	21	45	5	12	12	0.01	0.6022222222222222	0.425	0.5333333333333333	-0.15
29	residue_ligand	22	66	17	21	45	5	12	8	0.01	0.5994444444444444	0.4083333333333333	0.48333333333333334	-0.16735967034880075
29	residue_ligand	23	66	17	20	46	6	11	all	1.0	0.6483333333333333	0.48484848484848486	0.5606060606060606	-0.030303030303030304
29	residue_ligand	24	67	16	21	46	5	11	8	0.01	0.6033333333333333	0.6090909090909091	0.6909090909090909	0.23354968324845687
29	residue_ligand	25	67	16	21	46	5	11	all	0.01	0.6194444444444444	0.6363636363636364	0.6363636363636364	0.32387513781564786
29	residue_cofactor	1	66	17	21	45	5	12	10	100.0	0.6272222222222222	0.3916666666666667	0.31666666666666665	-0.20658356100321165
29	residue_cofactor	2	66	17	21	45	5	12	10	10.0	0.5872222222222222	0.225	0.23333333333333334	-0.5092010548749033
29	residue_cofactor	3	66	17	20	46	6	11	10	10.0	0.5627777777777778	0.5303030303030303	0.4393939393939394	0.06356417261637282
29	residue_cofactor	4	67	16	21	46	5	11	40	0.1	0.6044444444444445	0.6272727272727273	0.5636363636363637	0.24370871833797697
29	residue_cofactor	5	67	16	21	46	5	11	40	100.0	0.6088888888888888	0.3727272727272727	0.36363636363636365	-0.24370871833797697
29	residue_cofactor	6	66	17	21	45	5	12	40	100.0	0.6799999999999999	0.2916666666666667	0.31666666666666665	-0.4166666666666667
29	residue_cofactor	7	66	17	21	45	5	12	5	0.01	0.4422222222222222	0.65	0.5166666666666667	0.27774602993176545
29	residue_cofactor	8	66	17	20	46	6	11	40	1.0	0.5727777777777778	0.5606060606060606	0.49999999999999994	0.11769797726729993
29	residue_cofactor	9	67	16	21	46	5	11	all	100.0	0.45111111111111113	0.7181818181818183	0.8363636363636364	0.40451991747794525
29	residue_cofactor	10	67	16	21	46	5	11	20	1.0	0.5511111111111111	0.42727272727272725	0.45454545454545453	-0.13483997249264842
29	residue_cofactor	11	66	17	21	45	5	12	20	10.0	0.51	0.35	0.5	-0.27774602993176545
29	residue_cofactor	12	66	17	21	45	5	12	20	1.0	0.5511111111111111	0.25	0.33333333333333337	-0.4767312946227961
29	residue_cofactor	13	66	17	20	46	6	11	40	100.0	0.6188888888888888	0.3939393939393939	0.40909090909090906	-0.2030905986149808
29	residue_cofactor	14	67	16	21	46	5	11	all	10.0	0.635	0.5636363636363637	0.509090909090909	0.12727272727272726
29	residue_cofactor	15	67	16	21	46	5	11	20	1.0	0.5477777777777778	0.6636363636363636	0.5454545454545454	0.3133397807202561
29	residue_cofactor	16	66	17	21	45	5	12	all	100.0	0.5272222222222223	0.375	0.48333333333333334	-0.29880715233359845
29	residue_cofactor	17	66	17	21	45	5	12	20	0.01	0.5988888888888887	0.4083333333333333	0.4666666666666667	-0.16735967034880075
29	residue_cofactor	18	66	17	20	46	6	11	all	10.0	0.5866666666666667	0.5681818181818181	0.5454545454545454	0.13241022442571243
29	residue_cofactor	19	67	16	21	46	5	11	20	100.0	0.5261111111111111	0.4727272727272727	0.6181818181818182	-0.050964719143762556
29	residue_cofactor	20	67	16	21	46	5	11	5	1.0	0.6333333333333333	0.3909090909090909	0.4363636363636364	-0.23354968324845687
29	residue_cofactor	21	66	17	21	45	5	12	all	1.0	0.6488888888888888	0.3666666666666667	0.33333333333333337	-0.24688535993934707
29	residue_cofactor	22	66	17	21	45	5	12	all	10.0	0.545	0.3916666666666667	0.45	-0.20658356100321165
29	residue_cofactor	23	66	17	20	46	6	11	all	1.0	0.5211111111111111	0.5757575757575758	0.6060606060606061	0.1706971854997297
29	residue_cofactor	24	67	16	21	46	5	11	all	10.0	0.5988888888888889	0.4818181818181818	0.5636363636363636	-0.034815531191139566
29	residue_cofactor	25	67	16	21	46	5	11	all	1.0	0.6138888888888888	0.5181818181818182	0.4363636363636364	0.034815531191139566
29	residue_residue	1	66	17	21	45	5	12	50	100.0	0.5544444444444444	0.43333333333333335	0.4	-0.13333333333333333
29	residue_residue	2	66	17	21	45	5	12	20	0.1	0.6183333333333333	0.3666666666666667	0.35	-0.24688535993934707
29	residue_residue	3	66	17	20	46	6	11	20	0.1	0.4961111111111111	0.356060606060606	0.4545454545454546	-0.2878787878787879
29	residue_residue	4	67	16	21	46	5	11	10	0.01	0.5822222222222222	0.6727272727272727	0.6545454545454545	0.32277655457716287
29	residue_residue	5	67	16	21	46	5	11	10	0.01	0.676111111111111	0.23636363636363636	0.16363636363636364	-0.49265895172303803
29	residue_residue	6	66	17	21	45	5	12	50	100.0	0.5866666666666667	0.43333333333333335	0.23333333333333336	-0.13333333333333333
29	residue_residue	7	66	17	21	45	5	12	10	1.0	0.6594444444444443	0.4916666666666667	0.5666666666666667	-0.015430334996209192
29	residue_residue	8	66	17	20	46	6	11	5	100.0	0.61	0.48484848484848486	0.48484848484848486	-0.030303030303030304
29	residue_residue	9	67	16	21	46	5	11	50	1.0	0.5094444444444444	0.4727272727272727	0.6363636363636365	-0.050964719143762556
29	residue_residue	10	67	16	21	46	5	11	50	10.0	0.5472222222222223	0.7090909090909091	0.6909090909090909	0.41818181818181815
29	residue_residue	11	66	17	21	45	5	12	20	10.0	0.5183333333333333	0.475	0.6166666666666667	-0.053708615552957466
29	residue_residue	12	66	17	21	45	5	12	10	10.0	0.5727777777777778	0.3916666666666667	0.33333333333333337	-0.20658356100321165
29	residue_residue	13	66	17	20	46	6	11	20	100.0	0.6516666666666667	0.22727272727272727	0.25757575757575757	-0.5454545454545454
29	residue_residue	14	67	16	21	46	5	11	5	1.0	0.5972222222222221	0.4727272727272727	0.4363636363636364	-0.050964719143762556
29	residue_residue	15	67	16	21	46	5	11	20	0.01	0.5283333333333333	0.5818181818181818	0.5636363636363636	0.16363636363636364
29	residue_residue	16	66	17	21	45	5	12	5	0.01	0.6461111111111111	0.675	0.4666666666666666	0.3337119062359573
29	residue_residue	17	66	17	21	45	5	12	10	0.1	0.5877777777777777	0.2916666666666667	0.5	-0.4166666666666667
29	residue_residue	18	66	17	20	46	6	11	5	0.01	0.5238888888888888	0.3484848484848485	0.4393939393939394	-0.29012942659282975
29	residue_residue	19	67	16	21	46	5	11	5	0.1	0.5044444444444445	0.22727272727272727	0.1090909090909091	-0.5222329678670935
29	residue_residue	20	67	16	21	46	5	11	20	100.0	0.5294444444444444	0.5636363636363637	0.4727272727272728	0.12727272727272726
29	residue_residue	21	66	17	21	45	5	12	5	0.01	0.6772222222222222	0.4083333333333333	0.4	-0.16735967034880075
29	residue_residue	22	66	17	21	45	5	12	10	10.0	0.5955555555555555	0.3666666666666667	0.30000000000000004	-0.24688535993934707
29	residue_residue	23	66	17	20	46	6	11	10	0.01	0.6050000000000001	0.6590909090909092	0.6818181818181819	0.3337119062359573
29	residue_residue	24	67	16	21	46	5	11	5	0.1	0.6166666666666667	0.5727272727272728	0.5090909090909091	0.13483997249264842
29	residue_residue	25	67	16	21	46	5	11	10	0.01	0.5238888888888888	0.5727272727272728	0.6545454545454545	0.13483997249264842
29	combined_all	1	66	17	21	45	5	12	50	1.0	0.5461111111111111	0.5333333333333333	0.41666666666666663	0.06356417261637282
29	combined_all	2	66	17	21	45	5	12	20	1.0	0.6266666666666666	0.30833333333333335	0.35000000000000003	-0.34993385618385614
29	combined_all	3	66	17	20	46	6	11	20	0.1	0.5211111111111111	0.356060606060606	0.4545454545454546	-0.2878787878787879
29	combined_all	4	67	16	21	46	5	11	10	0.01	0.5822222222222222	0.6727272727272727	0.6545454545454545	0.32277655457716287
29	combined_all	5	67	16	21	46	5	11	10	0.01	0.676111111111111	0.23636363636363636	0.16363636363636364	-0.49265895172303803
29	combined_all	6	66	17	21	45	5	12	50	100.0	0.5283333333333333	0.3333333333333333	0.25000000000000006	-0.35805743701971643
29	combined_all	7	66	17	21	45	5	12	10	1.0	0.6594444444444443	0.4916666666666667	0.5666666666666667	-0.015430334996209192
29	combined_all	8	66	17	20	46	6	11	5	100.0	0.61	0.48484848484848486	0.48484848484848486	-0.030303030303030304
29	combined_all	9	67	16	21	46	5	11	50	1.0	0.49833333333333335	0.4727272727272727	0.6363636363636365	-0.050964719143762556
29	combined_all	10	67	16	21	46	5	11	50	10.0	0.5472222222222223	0.7090909090909091	0.6909090909090909	0.41818181818181815
29	combined_all	11	66	17	21	45	5	12	20	1.0	0.5272222222222223	0.5333333333333333	0.5833333333333334	0.06356417261637282
29	combined_all	12	66	17	21	45	5	12	10	10.0	0.5727777777777778	0.3916666666666667	0.33333333333333337	-0.20658356100321165
29	combined_all	13	66	17	20	46	6	11	20	100.0	0.6599999999999999	0.22727272727272727	0.2727272727272727	-0.5454545454545454
29	combined_all	14	67	16	21	46	5	11	5	1.0	0.5972222222222221	0.4727272727272727	0.4363636363636364	-0.050964719143762556
29	combined_all	15	67	16	21	46	5	11	20	100.0	0.5044444444444445	0.6090909090909091	0.4909090909090909	0.23354968324845687
29	combined_all	16	66	17	21	45	5	12	5	0.01	0.6461111111111111	0.675	0.4666666666666666	0.3337119062359573
29	combined_all	17	66	17	21	45	5	12	10	0.1	0.5877777777777777	0.2916666666666667	0.5	-0.4166666666666667
29	combined_all	18	66	17	20	46	6	11	5	0.01	0.5238888888888888	0.3484848484848485	0.4393939393939394	-0.29012942659282975
29	combined_all	19	67	16	21	46	5	11	5	0.1	0.5044444444444445	0.22727272727272727	0.1090909090909091	-0.5222329678670935
29	combined_all	20	67	16	21	46	5	11	20	100.0	0.5294444444444444	0.5636363636363637	0.4727272727272728	0.12727272727272726
29	combined_all	21	66	17	21	45	5	12	5	0.01	0.6772222222222222	0.4083333333333333	0.4	-0.16735967034880075
29	combined_all	22	66	17	21	45	5	12	20	100.0	0.5955555555555556	0.43333333333333335	0.31666666666666665	-0.13333333333333333
29	combined_all	23	66	17	20	46	6	11	10	0.01	0.6050000000000001	0.6590909090909092	0.6818181818181819	0.3337119062359573
29	combined_all	24	67	16	21	46	5	11	5	0.1	0.6166666666666667	0.5727272727272728	0.5090909090909091	0.13483997249264842
29	combined_all	25	67	16	21	46	5	11	10	0.01	0.5238888888888888	0.5727272727272728	0.6545454545454545	0.13483997249264842
30	residue_ligand	1	66	17	21	45	5	12	all	10.0	0.5394444444444444	0.3666666666666667	0.3666666666666667	-0.24688535993934707
30	residue_ligand	2	66	17	21	45	5	12	12	0.01	0.5127777777777778	0.4916666666666667	0.43333333333333335	-0.015430334996209192
30	residue_ligand	3	66	17	20	46	6	11	8	1.0	0.4933333333333333	0.44696969696969696	0.4393939393939394	-0.1194880298498108
30	residue_ligand	4	67	16	21	46	5	11	all	1.0	0.5372222222222222	0.43636363636363634	0.4181818181818182	-0.12727272727272726
30	residue_ligand	5	67	16	21	46	5	11	8	0.01	0.4722222222222222	0.42727272727272725	0.4727272727272728	-0.13483997249264842
30	residue_ligand	6	66	17	21	45	5	12	4	10.0	0.5411111111111111	0.5333333333333333	0.4833333333333333	0.06356417261637282
30	residue_ligand	7	66	17	21	45	5	12	4	1.0	0.5511111111111111	0.3666666666666667	0.4666666666666667	-0.24688535993934707
30	residue_ligand	8	66	17	20	46	6	11	4	0.01	0.5049999999999999	0.5606060606060606	0.5151515151515151	0.11769797726729993
30	residue_ligand	9	67	16	21	46	5	11	8	0.1	0.5272222222222223	0.45454545454545453	0.4909090909090909	-0.17407765595569785
30	residue_ligand	10	67	16	21	46	5	11	4	10.0	0.5544444444444444	0.4818181818181818	0.4363636363636363	-0.034815531191139566
30	residue_ligand	11	66	17	21	45	5	12	4	1.0	0.5344444444444444	0.4916666666666667	0.31666666666666665	-0.015430334996209192
30	residue_ligand	12	66	17	21	45	5	12	all	100.0	0.5844444444444444	0.4083333333333333	0.26666666666666666	-0.16735967034880075
30	residue_ligand	13	66	17	20	46	6	11	4	1.0	0.5744444444444444	0.4772727272727273	0.31818181818181823	-0.04351941398892446
30	residue_ligand	14	67	16	21	46	5	11	4	0.01	0.5316666666666665	0.4727272727272727	0.4727272727272727	-0.050964719143762556
30	residue_ligand	15	67	16	21	46	5	11	all	10.0	0.42055555555555557	0.6272727272727273	0.6363636363636364	0.24370871833797697
30	residue_ligand	16	66	17	21	45	5	12	12	10.0	0.5505555555555556	0.55	0.45	0.09128709291752769
30	residue_ligand	17	66	17	21	45	5	12	all	100.0	0.6266666666666666	0.43333333333333335	0.24999999999999997	-0.13333333333333333
30	residue_ligand	18	66	17	20	46	6	11	4	1.0	0.5516666666666666	0.44696969696969696	0.30303030303030304	-0.1194880298498108
30	residue_ligand	19	67	16	21	46	5	11	12	100.0	0.43666666666666665	0.42727272727272725	0.45454545454545453	-0.13483997249264842
30	residue_ligand	20	67	16	21	46	5	11	12	1.0	0.5322222222222223	0.42727272727272725	0.4	-0.13483997249264842
30	residue_ligand	21	66	17	21	45	5	12	4	0.01	0.5044444444444444	0.45	0.39999999999999997	-0.09128709291752769
30	residue_ligand	22	66	17	21	45	5	12	all	1.0	0.5372222222222223	0.2916666666666667	0.06666666666666668	-0.4166666666666667
30	residue_ligand	23	66	17	20	46	6	11	4	0.1	0.5044444444444445	0.48484848484848486	0.6060606060606061	-0.030303030303030304
30	residue_ligand	24	67	16	21	46	5	11	8	100.0	0.5705555555555555	0.32727272727272727	0.2545454545454545	-0.32277655457716287
30	residue_ligand	25	67	16	21	46	5	11	12	10.0	0.5211111111111111	0.5272727272727272	0.49090909090909096	0.050964719143762556
30	residue_cofactor	1	66	17	21	45	5	12	5	10.0	0.5983333333333334	0.35	0.35	-0.27774602993176545
30	residue_cofactor	2	66	17	21	45	5	12	5	100.0	0.5755555555555555	0.35	0.4	-0.27774602993176545
30	residue_cofactor	3	66	17	20	46	6	11	5	10.0	0.5672222222222222	0.44696969696969696	0.37878787878787873	-0.1194880298498108
30	residue_cofactor	4	67	16	21	46	5	11	40	1.0	0.5866666666666667	0.5727272727272728	0.4181818181818182	0.13483997249264842
30	residue_cofactor	5	67	16	21	46	5	11	40	100.0	0.5444444444444445	0.5181818181818182	0.4727272727272727	0.034815531191139566
30	residue_cofactor	6	66	17	21	45	5	12	40	0.1	0.4616666666666666	0.5916666666666667	0.6166666666666667	0.16735967034880075
30	residue_cofactor	7	66	17	21	45	5	12	all	100.0	0.6094444444444445	0.575	0.5166666666666667	0.15
30	residue_cofactor	8	66	17	20	46	6	11	all	1.0	0.5916666666666666	0.48484848484848486	0.5303030303030303	-0.030303030303030304
30	residue_cofactor	9	67	16	21	46	5	11	10	100.0	0.6316666666666666	0.5181818181818182	0.34545454545454546	0.034815531191139566
30	residue_cofactor	10	67	16	21	46	5	11	5	100.0	0.5244444444444444	0.5272727272727272	0.3090909090909091	0.050964719143762556
30	residue_cofactor	11	66	17	21	45	5	12	5	0.1	0.4927777777777778	0.3333333333333333	0.5833333333333334	-0.35805743701971643
30	residue_cofactor	12	66	17	21	45	5	12	20	0.1	0.5227777777777778	0.425	0.35	-0.15
30	residue_cofactor	13	66	17	20	46	6	11	all	1.0	0.5744444444444444	0.5303030303030303	0.5757575757575758	0.06356417261637282
30	residue_cofactor	14	67	16	21	46	5	11	40	1.0	0.643888888888889	0.32727272727272727	0.27272727272727276	-0.32277655457716287
30	residue_cofactor	15	67	16	21	46	5	11	all	0.1	0.5794444444444444	0.32727272727272727	0.3090909090909091	-0.32277655457716287
30	residue_cofactor	16	66	17	21	45	5	12	40	10.0	0.6233333333333333	0.4916666666666667	0.5666666666666667	-0.015430334996209192
30	residue_cofactor	17	66	17	21	45	5	12	5	10.0	0.5877777777777778	0.2916666666666667	0.16666666666666669	-0.4166666666666667
30	residue_cofactor	18	66	17	20	46	6	11	10	10.0	0.5677777777777777	0.13636363636363635	0.10606060606060605	-0.6963106238227914
30	residue_cofactor	19	67	16	21	46	5	11	20	10.0	0.6238888888888889	0.5181818181818182	0.49090909090909096	0.034815531191139566
30	residue_cofactor	20	67	16	21	46	5	11	10	1.0	0.5411111111111111	0.4727272727272727	0.4727272727272728	-0.050964719143762556
30	residue_cofactor	21	66	17	21	45	5	12	20	100.0	0.5866666666666667	0.43333333333333335	0.36666666666666664	-0.13333333333333333
30	residue_cofactor	22	66	17	21	45	5	12	all	10.0	0.5311111111111111	0.5583333333333333	0.6499999999999999	0.1649915822768611
30	residue_cofactor	23	66	17	20	46	6	11	all	0.1	0.5738888888888889	0.3484848484848485	0.46969696969696967	-0.29012942659282975
30	residue_cofactor	24	67	16	21	46	5	11	5	10.0	0.48888888888888893	0.42727272727272725	0.4	-0.13483997249264842
30	residue_cofactor	25	67	16	21	46	5	11	5	1.0	0.5999999999999999	0.38181818181818183	0.4363636363636364	-0.22084711628963774
30	residue_residue	1	66	17	21	45	5	12	10	10.0	0.6233333333333333	0.5083333333333333	0.5166666666666667	0.015430334996209192
30	residue_residue	2	66	17	21	45	5	12	50	1.0	0.6272222222222222	0.43333333333333335	0.6166666666666667	-0.13333333333333333
30	residue_residue	3	66	17	20	46	6	11	5	0.01	0.606111111111111	0.6439393939393939	0.6060606060606061	0.2878787878787879
30	residue_residue	4	67	16	21	46	5	11	10	10.0	0.5488888888888889	0.6181818181818182	0.5818181818181819	0.22084711628963774
30	residue_residue	5	67	16	21	46	5	11	5	0.01	0.7138888888888888	0.5181818181818182	0.4363636363636364	0.034815531191139566
30	residue_residue	6	66	17	21	45	5	12	50	0.01	0.6016666666666666	0.4666666666666667	0.5333333333333333	-0.06356417261637282
30	residue_residue	7	66	17	21	45	5	12	50	1.0	0.5211111111111111	0.43333333333333335	0.5166666666666666	-0.13333333333333333
30	residue_residue	8	66	17	20	46	6	11	5	1.0	0.6799999999999999	0.5227272727272727	0.5151515151515151	0.04351941398892446
30	residue_residue	9	67	16	21	46	5	11	10	100.0	0.5888888888888889	0.8181818181818181	0.7454545454545455	0.5945883900105632
30	residue_residue	10	67	16	21	46	5	11	5	0.01	0.5722222222222222	0.7181818181818183	0.7272727272727273	0.40451991747794525
30	residue_residue	11	66	17	21	45	5	12	10	0.1	0.6844444444444443	0.2916666666666667	0.31666666666666665	-0.4166666666666667
30	residue_residue	12	66	17	21	45	5	12	10	0.01	0.6733333333333332	0.6333333333333333	0.65	0.24688535993934707
30	residue_residue	13	66	17	20	46	6	11	5	10.0	0.5533333333333333	0.5681818181818181	0.5151515151515151	0.13241022442571243
30	residue_residue	14	67	16	21	46	5	11	10	10.0	0.6849999999999999	0.4636363636363636	0.4	-0.0778498944161523
30	residue_residue	15	67	16	21	46	5	11	50	0.1	0.7077777777777778	0.2727272727272727	0.38181818181818183	-0.45454545454545453
30	residue_residue	16	66	17	21	45	5	12	5	0.01	0.6127777777777779	0.5083333333333333	0.39999999999999997	0.015430334996209192
30	residue_residue	17	66	17	21	45	5	12	50	0.01	0.6088888888888888	0.5916666666666667	0.48333333333333334	0.16735967034880075
30	residue_residue	18	66	17	20	46	6	11	10	10.0	0.5127777777777778	0.5303030303030303	0.3939393939393939	0.06356417261637282
30	residue_residue	19	67	16	21	46	5	11	50	0.01	0.5683333333333332	0.43636363636363634	0.6727272727272726	-0.12727272727272726
30	residue_residue	20	67	16	21	46	5	11	20	10.0	0.6549999999999999	0.3727272727272727	0.36363636363636365	-0.24370871833797697
30	residue_residue	21	66	17	21	45	5	12	50	100.0	0.5477777777777778	0.475	0.36666666666666664	-0.053708615552957466
30	residue_residue	22	66	17	21	45	5	12	5	0.01	0.655	0.5333333333333333	0.5666666666666667	0.06356417261637282
30	residue_residue	23	66	17	20	46	6	11	10	0.01	0.5994444444444443	0.5606060606060606	0.4848484848484848	0.11769797726729993
30	residue_residue	24	67	16	21	46	5	11	50	0.01	0.6222222222222222	0.3909090909090909	0.32727272727272727	-0.23354968324845687
30	residue_residue	25	67	16	21	46	5	11	50	0.01	0.606111111111111	0.6727272727272727	0.6727272727272726	0.32277655457716287
30	combined_all	1	66	17	21	45	5	12	10	10.0	0.6233333333333333	0.5083333333333333	0.5166666666666667	0.015430334996209192
30	combined_all	2	66	17	21	45	5	12	20	0.01	0.6127777777777778	0.5166666666666667	0.75	0.03984095364447979
30	combined_all	3	66	17	20	46	6	11	5	0.01	0.606111111111111	0.6439393939393939	0.6060606060606061	0.2878787878787879
30	combined_all	4	67	16	21	46	5	11	10	10.0	0.5488888888888889	0.6181818181818182	0.5818181818181819	0.22084711628963774
30	combined_all	5	67	16	21	46	5	11	5	0.01	0.7138888888888888	0.5181818181818182	0.4363636363636364	0.034815531191139566
30	combined_all	6	66	17	21	45	5	12	50	0.01	0.6016666666666666	0.4666666666666667	0.5333333333333333	-0.06356417261637282
30	combined_all	7	66	17	21	45	5	12	50	1.0	0.5211111111111111	0.43333333333333335	0.5166666666666666	-0.13333333333333333
30	combined_all	8	66	17	20	46	6	11	5	1.0	0.6799999999999999	0.5227272727272727	0.5151515151515151	0.04351941398892446
30	combined_all	9	67	16	21	46	5	11	10	100.0	0.5888888888888889	0.8181818181818181	0.7454545454545455	0.5945883900105632
30	combined_all	10	67	16	21	46	5	11	5	0.01	0.5722222222222222	0.7181818181818183	0.7272727272727273	0.40451991747794525
30	combined_all	11	66	17	21	45	5	12	10	0.1	0.6844444444444443	0.2916666666666667	0.31666666666666665	-0.4166666666666667
30	combined_all	12	66	17	21	45	5	12	10	0.01	0.6733333333333332	0.6333333333333333	0.65	0.24688535993934707
30	combined_all	13	66	17	20	46	6	11	5	10.0	0.5533333333333333	0.5681818181818181	0.5151515151515151	0.13241022442571243
30	combined_all	14	67	16	21	46	5	11	10	10.0	0.6849999999999999	0.4636363636363636	0.4	-0.0778498944161523
30	combined_all	15	67	16	21	46	5	11	50	0.1	0.7077777777777778	0.2727272727272727	0.38181818181818183	-0.45454545454545453
30	combined_all	16	66	17	21	45	5	12	5	0.01	0.6127777777777779	0.5083333333333333	0.39999999999999997	0.015430334996209192
30	combined_all	17	66	17	21	45	5	12	50	0.01	0.6088888888888888	0.5916666666666667	0.49999999999999994	0.16735967034880075
30	combined_all	18	66	17	20	46	6	11	10	10.0	0.5127777777777778	0.5303030303030303	0.3939393939393939	0.06356417261637282
30	combined_all	19	67	16	21	46	5	11	50	0.01	0.5683333333333332	0.43636363636363634	0.6727272727272726	-0.12727272727272726
30	combined_all	20	67	16	21	46	5	11	20	10.0	0.6549999999999999	0.3727272727272727	0.36363636363636365	-0.24370871833797697
30	combined_all	21	66	17	21	45	5	12	50	100.0	0.5477777777777778	0.475	0.36666666666666664	-0.053708615552957466
30	combined_all	22	66	17	21	45	5	12	5	0.01	0.655	0.5333333333333333	0.5666666666666667	0.06356417261637282
30	combined_all	23	66	17	20	46	6	11	10	0.01	0.5994444444444443	0.5606060606060606	0.4848484848484848	0.11769797726729993
30	combined_all	24	67	16	21	46	5	11	50	0.01	0.6222222222222222	0.3909090909090909	0.32727272727272727	-0.23354968324845687
30	combined_all	25	67	16	21	46	5	11	50	0.01	0.606111111111111	0.6727272727272727	0.6727272727272726	0.32277655457716287
